OFF
12000 23563 0
0 0 251 
0 1 250 
0 2 250 
0 3 252 
0 4 252 
0 5 249 
0 6 253 
0 7 253 
0 8 244 
0 9 239 
0 10 251 
0 11 253 
0 12 250 
0 13 247 
0 14 251 
0 15 251 
0 16 251 
0 17 252 
0 18 253 
0 19 243 
0 20 253 
0 21 204 
0 22 197 
0 23 234 
0 24 250 
0 25 244 
0 26 247 
0 27 251 
0 28 154 
0 29 113 
0 30 84 
0 31 92 
0 32 105 
0 33 103 
0 34 100 
0 35 106 
0 36 100 
0 37 100 
0 38 100 
0 39 100 
0 40 100 
0 41 100 
0 42 100 
0 43 100 
0 44 100 
0 45 100 
0 46 99 
0 47 99 
0 48 99 
0 49 98 
0 50 98 
0 51 98 
0 52 99 
0 53 99 
0 54 98 
0 55 98 
0 56 98 
0 57 97 
0 58 97 
0 59 97 
0 60 97 
0 61 97 
0 62 97 
0 63 97 
0 64 97 
0 65 97 
0 66 97 
0 67 97 
0 68 99 
0 69 99 
0 70 99 
0 71 99 
0 72 99 
0 73 99 
0 74 99 
0 75 99 
0 76 98 
0 77 98 
0 78 98 
0 79 98 
0 80 98 
0 81 98 
0 82 98 
0 83 98 
0 84 98 
0 85 98 
0 86 98 
0 87 98 
0 88 98 
0 89 98 
0 90 98 
0 91 98 
0 92 97 
0 93 97 
0 94 97 
0 95 97 
0 96 97 
0 97 97 
0 98 97 
0 99 97 
0 100 98 
0 101 98 
0 102 98 
0 103 98 
0 104 98 
0 105 98 
0 106 98 
0 107 98 
0 108 98 
0 109 98 
0 110 98 
0 111 98 
0 112 98 
0 113 98 
0 114 98 
0 115 98 
0 116 98 
0 117 98 
0 118 98 
0 119 98 
1 0 251 
1 1 249 
1 2 251 
1 3 252 
1 4 253 
1 5 245 
1 6 248 
1 7 253 
1 8 253 
1 9 253 
1 10 253 
1 11 243 
1 12 253 
1 13 253 
1 14 253 
1 15 253 
1 16 249 
1 17 241 
1 18 219 
1 19 186 
1 20 139 
1 21 127 
1 22 142 
1 23 200 
1 24 246 
1 25 240 
1 26 234 
1 27 252 
1 28 251 
1 29 164 
1 30 96 
1 31 98 
1 32 112 
1 33 101 
1 34 94 
1 35 106 
1 36 100 
1 37 101 
1 38 101 
1 39 100 
1 40 100 
1 41 100 
1 42 100 
1 43 100 
1 44 100 
1 45 100 
1 46 100 
1 47 100 
1 48 99 
1 49 99 
1 50 99 
1 51 99 
1 52 100 
1 53 99 
1 54 99 
1 55 98 
1 56 98 
1 57 98 
1 58 98 
1 59 98 
1 60 97 
1 61 97 
1 62 97 
1 63 97 
1 64 97 
1 65 97 
1 66 97 
1 67 97 
1 68 99 
1 69 99 
1 70 99 
1 71 99 
1 72 99 
1 73 99 
1 74 99 
1 75 99 
1 76 98 
1 77 98 
1 78 98 
1 79 98 
1 80 98 
1 81 98 
1 82 98 
1 83 98 
1 84 98 
1 85 98 
1 86 98 
1 87 98 
1 88 98 
1 89 98 
1 90 98 
1 91 98 
1 92 97 
1 93 97 
1 94 97 
1 95 97 
1 96 97 
1 97 97 
1 98 97 
1 99 97 
1 100 98 
1 101 98 
1 102 98 
1 103 98 
1 104 98 
1 105 98 
1 106 98 
1 107 98 
1 108 98 
1 109 98 
1 110 98 
1 111 98 
1 112 98 
1 113 98 
1 114 98 
1 115 98 
1 116 98 
1 117 98 
1 118 98 
1 119 98 
2 0 249 
2 1 251 
2 2 252 
2 3 252 
2 4 251 
2 5 250 
2 6 248 
2 7 250 
2 8 253 
2 9 253 
2 10 252 
2 11 250 
2 12 253 
2 13 236 
2 14 213 
2 15 193 
2 16 169 
2 17 142 
2 18 121 
2 19 113 
2 20 103 
2 21 111 
2 22 118 
2 23 137 
2 24 188 
2 25 243 
2 26 253 
2 27 247 
2 28 253 
2 29 250 
2 30 181 
2 31 100 
2 32 87 
2 33 106 
2 34 108 
2 35 102 
2 36 101 
2 37 98 
2 38 99 
2 39 106 
2 40 106 
2 41 98 
2 42 95 
2 43 100 
2 44 98 
2 45 98 
2 46 98 
2 47 99 
2 48 99 
2 49 100 
2 50 100 
2 51 100 
2 52 99 
2 53 100 
2 54 99 
2 55 99 
2 56 100 
2 57 99 
2 58 99 
2 59 99 
2 60 100 
2 61 99 
2 62 99 
2 63 99 
2 64 99 
2 65 99 
2 66 99 
2 67 99 
2 68 99 
2 69 99 
2 70 99 
2 71 99 
2 72 99 
2 73 99 
2 74 99 
2 75 99 
2 76 99 
2 77 99 
2 78 99 
2 79 99 
2 80 99 
2 81 99 
2 82 99 
2 83 99 
2 84 99 
2 85 99 
2 86 99 
2 87 99 
2 88 99 
2 89 99 
2 90 99 
2 91 99 
2 92 99 
2 93 99 
2 94 99 
2 95 99 
2 96 99 
2 97 99 
2 98 99 
2 99 99 
2 100 98 
2 101 98 
2 102 98 
2 103 98 
2 104 98 
2 105 98 
2 106 98 
2 107 98 
2 108 94 
2 109 96 
2 110 97 
2 111 98 
2 112 99 
2 113 98 
2 114 97 
2 115 96 
2 116 98 
2 117 99 
2 118 100 
2 119 100 
3 0 251 
3 1 249 
3 2 247 
3 3 245 
3 4 250 
3 5 251 
3 6 253 
3 7 253 
3 8 252 
3 9 230 
3 10 199 
3 11 176 
3 12 166 
3 13 152 
3 14 136 
3 15 127 
3 16 119 
3 17 113 
3 18 114 
3 19 119 
3 20 119 
3 21 128 
3 22 124 
3 23 114 
3 24 134 
3 25 187 
3 26 237 
3 27 253 
3 28 244 
3 29 253 
3 30 252 
3 31 181 
3 32 92 
3 33 90 
3 34 117 
3 35 99 
3 36 96 
3 37 97 
3 38 109 
3 39 103 
3 40 86 
3 41 98 
3 42 111 
3 43 96 
3 44 98 
3 45 98 
3 46 97 
3 47 99 
3 48 99 
3 49 100 
3 50 100 
3 51 100 
3 52 99 
3 53 99 
3 54 99 
3 55 99 
3 56 100 
3 57 99 
3 58 99 
3 59 99 
3 60 100 
3 61 99 
3 62 99 
3 63 99 
3 64 99 
3 65 99 
3 66 99 
3 67 99 
3 68 99 
3 69 99 
3 70 99 
3 71 99 
3 72 99 
3 73 99 
3 74 99 
3 75 99 
3 76 99 
3 77 99 
3 78 99 
3 79 99 
3 80 99 
3 81 99 
3 82 99 
3 83 99 
3 84 99 
3 85 99 
3 86 99 
3 87 99 
3 88 99 
3 89 99 
3 90 99 
3 91 99 
3 92 99 
3 93 99 
3 94 99 
3 95 99 
3 96 99 
3 97 99 
3 98 99 
3 99 99 
3 100 98 
3 101 98 
3 102 98 
3 103 98 
3 104 98 
3 105 98 
3 106 98 
3 107 98 
3 108 100 
3 109 100 
3 110 100 
3 111 100 
3 112 99 
3 113 98 
3 114 97 
3 115 98 
3 116 102 
3 117 102 
3 118 100 
3 119 99 
4 0 253 
4 1 253 
4 2 253 
4 3 252 
4 4 245 
4 5 219 
4 6 184 
4 7 160 
4 8 149 
4 9 146 
4 10 142 
4 11 137 
4 12 122 
4 13 121 
4 14 125 
4 15 132 
4 16 137 
4 17 141 
4 18 148 
4 19 156 
4 20 184 
4 21 146 
4 22 124 
4 23 130 
4 24 127 
4 25 128 
4 26 167 
4 27 220 
4 28 253 
4 29 240 
4 30 247 
4 31 253 
4 32 205 
4 33 108 
4 34 74 
4 35 108 
4 36 109 
4 37 103 
4 38 95 
4 39 97 
4 40 103 
4 41 102 
4 42 99 
4 43 101 
4 44 99 
4 45 99 
4 46 99 
4 47 99 
4 48 100 
4 49 100 
4 50 100 
4 51 101 
4 52 100 
4 53 100 
4 54 99 
4 55 99 
4 56 100 
4 57 100 
4 58 99 
4 59 99 
4 60 100 
4 61 99 
4 62 99 
4 63 99 
4 64 99 
4 65 99 
4 66 99 
4 67 99 
4 68 99 
4 69 99 
4 70 99 
4 71 99 
4 72 99 
4 73 99 
4 74 99 
4 75 99 
4 76 99 
4 77 99 
4 78 99 
4 79 99 
4 80 99 
4 81 99 
4 82 99 
4 83 99 
4 84 99 
4 85 99 
4 86 99 
4 87 99 
4 88 99 
4 89 99 
4 90 99 
4 91 99 
4 92 99 
4 93 99 
4 94 99 
4 95 99 
4 96 99 
4 97 99 
4 98 99 
4 99 99 
4 100 98 
4 101 98 
4 102 98 
4 103 98 
4 104 98 
4 105 98 
4 106 98 
4 107 98 
4 108 101 
4 109 100 
4 110 100 
4 111 99 
4 112 97 
4 113 97 
4 114 97 
4 115 97 
4 116 97 
4 117 96 
4 118 96 
4 119 95 
5 0 244 
5 1 217 
5 2 183 
5 3 159 
5 4 152 
5 5 145 
5 6 136 
5 7 133 
5 8 134 
5 9 133 
5 10 128 
5 11 123 
5 12 129 
5 13 133 
5 14 142 
5 15 156 
5 16 176 
5 17 203 
5 18 231 
5 19 251 
5 20 250 
5 21 185 
5 22 140 
5 23 143 
5 24 143 
5 25 123 
5 26 126 
5 27 153 
5 28 200 
5 29 240 
5 30 249 
5 31 251 
5 32 253 
5 33 213 
5 34 127 
5 35 80 
5 36 95 
5 37 119 
5 38 99 
5 39 91 
5 40 117 
5 41 105 
5 42 85 
5 43 108 
5 44 99 
5 45 100 
5 46 100 
5 47 100 
5 48 100 
5 49 101 
5 50 101 
5 51 101 
5 52 100 
5 53 99 
5 54 99 
5 55 99 
5 56 100 
5 57 100 
5 58 100 
5 59 100 
5 60 99 
5 61 99 
5 62 99 
5 63 99 
5 64 99 
5 65 99 
5 66 99 
5 67 99 
5 68 99 
5 69 99 
5 70 99 
5 71 99 
5 72 99 
5 73 99 
5 74 99 
5 75 99 
5 76 99 
5 77 99 
5 78 99 
5 79 99 
5 80 99 
5 81 99 
5 82 99 
5 83 99 
5 84 99 
5 85 99 
5 86 99 
5 87 99 
5 88 99 
5 89 99 
5 90 99 
5 91 99 
5 92 99 
5 93 99 
5 94 99 
5 95 99 
5 96 99 
5 97 99 
5 98 99 
5 99 99 
5 100 99 
5 101 99 
5 102 99 
5 103 99 
5 104 99 
5 105 99 
5 106 99 
5 107 99 
5 108 99 
5 109 98 
5 110 98 
5 111 96 
5 112 96 
5 113 97 
5 114 98 
5 115 99 
5 116 99 
5 117 99 
5 118 99 
5 119 99 
6 0 153 
6 1 146 
6 2 143 
6 3 141 
6 4 129 
6 5 129 
6 6 128 
6 7 128 
6 8 130 
6 9 137 
6 10 147 
6 11 154 
6 12 146 
6 13 174 
6 14 214 
6 15 246 
6 16 253 
6 17 253 
6 18 246 
6 19 237 
6 20 253 
6 21 238 
6 22 187 
6 23 139 
6 24 129 
6 25 146 
6 26 144 
6 27 123 
6 28 141 
6 29 194 
6 30 248 
6 31 250 
6 32 242 
6 33 253 
6 34 228 
6 35 128 
6 36 81 
6 37 108 
6 38 112 
6 39 97 
6 40 95 
6 41 101 
6 42 102 
6 43 104 
6 44 101 
6 45 100 
6 46 100 
6 47 100 
6 48 100 
6 49 100 
6 50 100 
6 51 100 
6 52 99 
6 53 100 
6 54 100 
6 55 100 
6 56 99 
6 57 99 
6 58 99 
6 59 99 
6 60 99 
6 61 99 
6 62 99 
6 63 99 
6 64 99 
6 65 99 
6 66 99 
6 67 99 
6 68 99 
6 69 99 
6 70 99 
6 71 99 
6 72 99 
6 73 99 
6 74 99 
6 75 99 
6 76 99 
6 77 99 
6 78 99 
6 79 99 
6 80 99 
6 81 99 
6 82 99 
6 83 99 
6 84 99 
6 85 99 
6 86 99 
6 87 99 
6 88 99 
6 89 99 
6 90 99 
6 91 99 
6 92 99 
6 93 99 
6 94 99 
6 95 99 
6 96 99 
6 97 99 
6 98 99 
6 99 99 
6 100 99 
6 101 99 
6 102 99 
6 103 99 
6 104 99 
6 105 99 
6 106 99 
6 107 99 
6 108 99 
6 109 98 
6 110 98 
6 111 97 
6 112 97 
6 113 99 
6 114 101 
6 115 102 
6 116 102 
6 117 103 
6 118 104 
6 119 103 
7 0 132 
7 1 129 
7 2 124 
7 3 120 
7 4 144 
7 5 139 
7 6 131 
7 7 127 
7 8 137 
7 9 164 
7 10 201 
7 11 228 
7 12 249 
7 13 252 
7 14 253 
7 15 252 
7 16 251 
7 17 251 
7 18 249 
7 19 245 
7 20 244 
7 21 253 
7 22 234 
7 23 183 
7 24 149 
7 25 147 
7 26 146 
7 27 133 
7 28 137 
7 29 143 
7 30 184 
7 31 236 
7 32 253 
7 33 244 
7 34 243 
7 35 249 
7 36 151 
7 37 77 
7 38 82 
7 39 115 
7 40 96 
7 41 99 
7 42 117 
7 43 95 
7 44 101 
7 45 101 
7 46 101 
7 47 101 
7 48 100 
7 49 100 
7 50 100 
7 51 101 
7 52 100 
7 53 100 
7 54 100 
7 55 100 
7 56 99 
7 57 99 
7 58 99 
7 59 99 
7 60 99 
7 61 99 
7 62 99 
7 63 99 
7 64 99 
7 65 99 
7 66 99 
7 67 99 
7 68 99 
7 69 99 
7 70 99 
7 71 99 
7 72 99 
7 73 99 
7 74 99 
7 75 99 
7 76 99 
7 77 99 
7 78 99 
7 79 99 
7 80 99 
7 81 99 
7 82 99 
7 83 99 
7 84 99 
7 85 99 
7 86 99 
7 87 99 
7 88 99 
7 89 99 
7 90 99 
7 91 99 
7 92 99 
7 93 99 
7 94 99 
7 95 99 
7 96 99 
7 97 99 
7 98 99 
7 99 99 
7 100 100 
7 101 100 
7 102 100 
7 103 100 
7 104 100 
7 105 100 
7 106 100 
7 107 100 
7 108 101 
7 109 100 
7 110 100 
7 111 100 
7 112 100 
7 113 101 
7 114 102 
7 115 102 
7 116 89 
7 117 90 
7 118 93 
7 119 96 
8 0 117 
8 1 127 
8 2 139 
8 3 147 
8 4 137 
8 5 158 
8 6 189 
8 7 216 
8 8 236 
8 9 247 
8 10 252 
8 11 253 
8 12 247 
8 13 251 
8 14 250 
8 15 247 
8 16 248 
8 17 252 
8 18 249 
8 19 243 
8 20 245 
8 21 246 
8 22 250 
8 23 242 
8 24 209 
8 25 166 
8 26 143 
8 27 143 
8 28 131 
8 29 150 
8 30 144 
8 31 165 
8 32 223 
8 33 244 
8 34 244 
8 35 253 
8 36 239 
8 37 133 
8 38 86 
8 39 108 
8 40 109 
8 41 103 
8 42 105 
8 43 97 
8 44 102 
8 45 102 
8 46 102 
8 47 101 
8 48 101 
8 49 100 
8 50 100 
8 51 101 
8 52 100 
8 53 99 
8 54 100 
8 55 100 
8 56 99 
8 57 100 
8 58 99 
8 59 99 
8 60 99 
8 61 99 
8 62 99 
8 63 99 
8 64 99 
8 65 99 
8 66 99 
8 67 99 
8 68 99 
8 69 99 
8 70 99 
8 71 99 
8 72 99 
8 73 99 
8 74 99 
8 75 99 
8 76 99 
8 77 99 
8 78 99 
8 79 99 
8 80 99 
8 81 99 
8 82 99 
8 83 99 
8 84 99 
8 85 99 
8 86 99 
8 87 99 
8 88 99 
8 89 99 
8 90 99 
8 91 99 
8 92 99 
8 93 99 
8 94 99 
8 95 99 
8 96 99 
8 97 99 
8 98 99 
8 99 99 
8 100 100 
8 101 100 
8 102 100 
8 103 100 
8 104 100 
8 105 100 
8 106 100 
8 107 100 
8 108 101 
8 109 101 
8 110 101 
8 111 100 
8 112 99 
8 113 97 
8 114 96 
8 115 95 
8 116 95 
8 117 95 
8 118 95 
8 119 95 
9 0 162 
9 1 184 
9 2 206 
9 3 222 
9 4 250 
9 5 249 
9 6 248 
9 7 245 
9 8 244 
9 9 246 
9 10 248 
9 11 249 
9 12 251 
9 13 252 
9 14 248 
9 15 244 
9 16 248 
9 17 252 
9 18 252 
9 19 245 
9 20 252 
9 21 249 
9 22 247 
9 23 249 
9 24 242 
9 25 215 
9 26 174 
9 27 143 
9 28 139 
9 29 139 
9 30 140 
9 31 137 
9 32 164 
9 33 231 
9 34 252 
9 35 223 
9 36 253 
9 37 249 
9 38 154 
9 39 77 
9 40 97 
9 41 109 
9 42 93 
9 43 107 
9 44 102 
9 45 102 
9 46 103 
9 47 101 
9 48 101 
9 49 100 
9 50 100 
9 51 101 
9 52 100 
9 53 100 
9 54 100 
9 55 99 
9 56 100 
9 57 100 
9 58 99 
9 59 99 
9 60 100 
9 61 99 
9 62 99 
9 63 99 
9 64 99 
9 65 99 
9 66 99 
9 67 99 
9 68 99 
9 69 99 
9 70 99 
9 71 99 
9 72 99 
9 73 99 
9 74 99 
9 75 99 
9 76 99 
9 77 99 
9 78 99 
9 79 99 
9 80 99 
9 81 99 
9 82 99 
9 83 99 
9 84 99 
9 85 99 
9 86 99 
9 87 99 
9 88 99 
9 89 99 
9 90 99 
9 91 99 
9 92 99 
9 93 99 
9 94 99 
9 95 99 
9 96 99 
9 97 99 
9 98 99 
9 99 99 
9 100 100 
9 101 100 
9 102 100 
9 103 100 
9 104 100 
9 105 100 
9 106 100 
9 107 100 
9 108 99 
9 109 99 
9 110 99 
9 111 98 
9 112 94 
9 113 91 
9 114 89 
9 115 87 
9 116 132 
9 117 127 
9 118 116 
9 119 107 
10 0 244 
10 1 252 
10 2 252 
10 3 251 
10 4 250 
10 5 250 
10 6 250 
10 7 250 
10 8 250 
10 9 250 
10 10 250 
10 11 250 
10 12 252 
10 13 251 
10 14 251 
10 15 252 
10 16 252 
10 17 251 
10 18 249 
10 19 246 
10 20 249 
10 21 252 
10 22 250 
10 23 245 
10 24 248 
10 25 246 
10 26 218 
10 27 183 
10 28 147 
10 29 135 
10 30 139 
10 31 139 
10 32 134 
10 33 163 
10 34 218 
10 35 250 
10 36 223 
10 37 253 
10 38 251 
10 39 175 
10 40 102 
10 41 85 
10 42 100 
10 43 111 
10 44 97 
10 45 106 
10 46 100 
10 47 95 
10 48 104 
10 49 109 
10 50 100 
10 51 95 
10 52 101 
10 53 101 
10 54 101 
10 55 100 
10 56 101 
10 57 101 
10 58 100 
10 59 100 
10 60 100 
10 61 99 
10 62 99 
10 63 99 
10 64 99 
10 65 99 
10 66 99 
10 67 99 
10 68 99 
10 69 99 
10 70 99 
10 71 99 
10 72 99 
10 73 99 
10 74 99 
10 75 99 
10 76 100 
10 77 100 
10 78 100 
10 79 100 
10 80 100 
10 81 100 
10 82 100 
10 83 100 
10 84 100 
10 85 100 
10 86 100 
10 87 100 
10 88 100 
10 89 100 
10 90 100 
10 91 100 
10 92 100 
10 93 100 
10 94 100 
10 95 100 
10 96 100 
10 97 100 
10 98 100 
10 99 100 
10 100 100 
10 101 100 
10 102 100 
10 103 100 
10 104 100 
10 105 100 
10 106 100 
10 107 100 
10 108 97 
10 109 96 
10 110 106 
10 111 102 
10 112 84 
10 113 118 
10 114 194 
10 115 237 
10 116 242 
10 117 250 
10 118 218 
10 119 92 
11 0 252 
11 1 249 
11 2 245 
11 3 242 
11 4 250 
11 5 250 
11 6 250 
11 7 250 
11 8 250 
11 9 250 
11 10 250 
11 11 250 
11 12 252 
11 13 251 
11 14 251 
11 15 252 
11 16 252 
11 17 251 
11 18 250 
11 19 246 
11 20 249 
11 21 251 
11 22 247 
11 23 243 
11 24 247 
11 25 251 
11 26 244 
11 27 230 
11 28 163 
11 29 164 
11 30 139 
11 31 135 
11 32 150 
11 33 138 
11 34 156 
11 35 225 
11 36 249 
11 37 233 
11 38 245 
11 39 253 
11 40 209 
11 41 114 
11 42 74 
11 43 93 
11 44 115 
11 45 94 
11 46 100 
11 47 112 
11 48 99 
11 49 94 
11 50 104 
11 51 106 
11 52 100 
11 53 100 
11 54 100 
11 55 100 
11 56 101 
11 57 100 
11 58 100 
11 59 100 
11 60 100 
11 61 99 
11 62 99 
11 63 99 
11 64 99 
11 65 99 
11 66 99 
11 67 99 
11 68 99 
11 69 99 
11 70 99 
11 71 99 
11 72 99 
11 73 99 
11 74 99 
11 75 99 
11 76 100 
11 77 100 
11 78 100 
11 79 100 
11 80 100 
11 81 100 
11 82 100 
11 83 100 
11 84 100 
11 85 100 
11 86 100 
11 87 100 
11 88 100 
11 89 100 
11 90 100 
11 91 100 
11 92 100 
11 93 100 
11 94 100 
11 95 100 
11 96 100 
11 97 100 
11 98 100 
11 99 100 
11 100 100 
11 101 100 
11 102 100 
11 103 100 
11 104 100 
11 105 100 
11 106 100 
11 107 100 
11 108 109 
11 109 101 
11 110 92 
11 111 94 
11 112 97 
11 113 156 
11 114 239 
11 115 242 
11 116 236 
11 117 246 
11 118 220 
11 119 131 
12 0 245 
12 1 249 
12 2 252 
12 3 252 
12 4 250 
12 5 250 
12 6 250 
12 7 250 
12 8 250 
12 9 251 
12 10 251 
12 11 250 
12 12 252 
12 13 251 
12 14 251 
12 15 252 
12 16 252 
12 17 252 
12 18 249 
12 19 247 
12 20 251 
12 21 249 
12 22 245 
12 23 242 
12 24 241 
12 25 243 
12 26 247 
12 27 250 
12 28 232 
12 29 167 
12 30 150 
12 31 155 
12 32 131 
12 33 132 
12 34 154 
12 35 151 
12 36 232 
12 37 231 
12 38 238 
12 39 253 
12 40 253 
12 41 226 
12 42 153 
12 43 89 
12 44 93 
12 45 98 
12 46 96 
12 47 97 
12 48 106 
12 49 104 
12 50 98 
12 51 103 
12 52 100 
12 53 100 
12 54 100 
12 55 100 
12 56 101 
12 57 100 
12 58 100 
12 59 100 
12 60 100 
12 61 99 
12 62 99 
12 63 99 
12 64 99 
12 65 99 
12 66 99 
12 67 99 
12 68 99 
12 69 99 
12 70 99 
12 71 99 
12 72 99 
12 73 99 
12 74 99 
12 75 99 
12 76 100 
12 77 100 
12 78 100 
12 79 100 
12 80 100 
12 81 100 
12 82 100 
12 83 100 
12 84 100 
12 85 100 
12 86 100 
12 87 100 
12 88 100 
12 89 100 
12 90 100 
12 91 100 
12 92 100 
12 93 100 
12 94 100 
12 95 100 
12 96 100 
12 97 100 
12 98 100 
12 99 100 
12 100 100 
12 101 100 
12 102 100 
12 103 100 
12 104 100 
12 105 100 
12 106 100 
12 107 100 
12 108 97 
12 109 107 
12 110 96 
12 111 97 
12 112 87 
12 113 152 
12 114 253 
12 115 235 
12 116 222 
12 117 241 
12 118 237 
12 119 186 
13 0 249 
13 1 252 
13 2 252 
13 3 252 
13 4 251 
13 5 251 
13 6 251 
13 7 251 
13 8 251 
13 9 251 
13 10 251 
13 11 251 
13 12 252 
13 13 251 
13 14 251 
13 15 252 
13 16 252 
13 17 252 
13 18 249 
13 19 247 
13 20 250 
13 21 245 
13 22 243 
13 23 245 
13 24 241 
13 25 234 
13 26 236 
13 27 244 
13 28 251 
13 29 232 
13 30 183 
13 31 148 
13 32 149 
13 33 147 
13 34 134 
13 35 132 
13 36 148 
13 37 217 
13 38 253 
13 39 237 
13 40 238 
13 41 253 
13 42 241 
13 43 184 
13 44 94 
13 45 102 
13 46 99 
13 47 100 
13 48 109 
13 49 96 
13 50 92 
13 51 110 
13 52 101 
13 53 101 
13 54 101 
13 55 101 
13 56 101 
13 57 101 
13 58 101 
13 59 101 
13 60 101 
13 61 100 
13 62 100 
13 63 100 
13 64 100 
13 65 100 
13 66 100 
13 67 100 
13 68 100 
13 69 100 
13 70 100 
13 71 100 
13 72 100 
13 73 100 
13 74 100 
13 75 100 
13 76 100 
13 77 100 
13 78 100 
13 79 100 
13 80 100 
13 81 100 
13 82 100 
13 83 100 
13 84 100 
13 85 100 
13 86 100 
13 87 100 
13 88 100 
13 89 100 
13 90 100 
13 91 100 
13 92 101 
13 93 101 
13 94 101 
13 95 101 
13 96 101 
13 97 101 
13 98 101 
13 99 101 
13 100 101 
13 101 101 
13 102 101 
13 103 101 
13 104 101 
13 105 101 
13 106 101 
13 107 102 
13 108 88 
13 109 107 
13 110 102 
13 111 108 
13 112 81 
13 113 134 
13 114 253 
13 115 226 
13 116 248 
13 117 229 
13 118 220 
13 119 188 
14 0 252 
14 1 252 
14 2 249 
14 3 247 
14 4 251 
14 5 251 
14 6 251 
14 7 251 
14 8 251 
14 9 251 
14 10 251 
14 11 251 
14 12 252 
14 13 251 
14 14 251 
14 15 252 
14 16 252 
14 17 251 
14 18 249 
14 19 246 
14 20 250 
14 21 241 
14 22 239 
14 23 246 
14 24 247 
14 25 242 
14 26 242 
14 27 248 
14 28 244 
14 29 252 
14 30 235 
14 31 191 
14 32 164 
14 33 142 
14 34 134 
14 35 142 
14 36 128 
14 37 155 
14 38 200 
14 39 239 
14 40 252 
14 41 247 
14 42 246 
14 43 253 
14 44 217 
14 45 114 
14 46 83 
14 47 105 
14 48 100 
14 49 108 
14 50 116 
14 51 87 
14 52 101 
14 53 101 
14 54 101 
14 55 101 
14 56 101 
14 57 101 
14 58 101 
14 59 101 
14 60 101 
14 61 100 
14 62 100 
14 63 100 
14 64 100 
14 65 100 
14 66 100 
14 67 100 
14 68 100 
14 69 100 
14 70 100 
14 71 100 
14 72 100 
14 73 100 
14 74 100 
14 75 100 
14 76 100 
14 77 100 
14 78 100 
14 79 100 
14 80 100 
14 81 100 
14 82 100 
14 83 100 
14 84 100 
14 85 100 
14 86 100 
14 87 100 
14 88 100 
14 89 100 
14 90 100 
14 91 100 
14 92 101 
14 93 101 
14 94 101 
14 95 101 
14 96 101 
14 97 101 
14 98 101 
14 99 101 
14 100 101 
14 101 101 
14 102 101 
14 103 101 
14 104 101 
14 105 101 
14 106 101 
14 107 102 
14 108 103 
14 109 105 
14 110 91 
14 111 111 
14 112 91 
14 113 139 
14 114 252 
14 115 230 
14 116 245 
14 117 225 
14 118 236 
14 119 192 
15 0 249 
15 1 251 
15 2 252 
15 3 252 
15 4 252 
15 5 252 
15 6 252 
15 7 252 
15 8 252 
15 9 252 
15 10 252 
15 11 252 
15 12 251 
15 13 251 
15 14 251 
15 15 252 
15 16 252 
15 17 251 
15 18 249 
15 19 247 
15 20 252 
15 21 244 
15 22 236 
15 23 238 
15 24 242 
15 25 242 
15 26 242 
15 27 246 
15 28 252 
15 29 233 
15 30 250 
15 31 248 
15 32 192 
15 33 161 
15 34 157 
15 35 134 
15 36 143 
15 37 128 
15 38 138 
15 39 184 
15 40 233 
15 41 251 
15 42 247 
15 43 242 
15 44 253 
15 45 240 
15 46 139 
15 47 75 
15 48 111 
15 49 111 
15 50 84 
15 51 110 
15 52 103 
15 53 102 
15 54 102 
15 55 102 
15 56 102 
15 57 102 
15 58 101 
15 59 102 
15 60 102 
15 61 101 
15 62 101 
15 63 101 
15 64 101 
15 65 101 
15 66 101 
15 67 101 
15 68 101 
15 69 101 
15 70 101 
15 71 101 
15 72 101 
15 73 101 
15 74 101 
15 75 101 
15 76 100 
15 77 100 
15 78 100 
15 79 100 
15 80 100 
15 81 100 
15 82 100 
15 83 100 
15 84 100 
15 85 100 
15 86 100 
15 87 100 
15 88 100 
15 89 100 
15 90 100 
15 91 100 
15 92 102 
15 93 102 
15 94 102 
15 95 102 
15 96 102 
15 97 102 
15 98 102 
15 99 102 
15 100 102 
15 101 102 
15 102 102 
15 103 102 
15 104 102 
15 105 102 
15 106 102 
15 107 103 
15 108 109 
15 109 105 
15 110 94 
15 111 106 
15 112 85 
15 113 126 
15 114 235 
15 115 237 
15 116 224 
15 117 222 
15 118 252 
15 119 217 
16 0 252 
16 1 251 
16 2 251 
16 3 252 
16 4 251 
16 5 251 
16 6 252 
16 7 252 
16 8 252 
16 9 252 
16 10 252 
16 11 252 
16 12 251 
16 13 250 
16 14 250 
16 15 251 
16 16 252 
16 17 251 
16 18 249 
16 19 247 
16 20 252 
16 21 248 
16 22 240 
16 23 239 
16 24 239 
16 25 240 
16 26 239 
16 27 239 
16 28 241 
16 29 252 
16 30 236 
16 31 234 
16 32 252 
16 33 218 
16 34 161 
16 35 154 
16 36 130 
16 37 149 
16 38 149 
16 39 137 
16 40 159 
16 41 212 
16 42 245 
16 43 246 
16 44 242 
16 45 244 
16 46 254 
16 47 204 
16 48 90 
16 49 77 
16 50 121 
16 51 110 
16 52 102 
16 53 102 
16 54 102 
16 55 102 
16 56 102 
16 57 102 
16 58 101 
16 59 102 
16 60 102 
16 61 101 
16 62 101 
16 63 101 
16 64 101 
16 65 101 
16 66 101 
16 67 101 
16 68 101 
16 69 101 
16 70 101 
16 71 101 
16 72 101 
16 73 101 
16 74 101 
16 75 101 
16 76 100 
16 77 100 
16 78 100 
16 79 100 
16 80 100 
16 81 100 
16 82 100 
16 83 100 
16 84 100 
16 85 100 
16 86 100 
16 87 100 
16 88 100 
16 89 100 
16 90 100 
16 91 100 
16 92 102 
16 93 102 
16 94 102 
16 95 102 
16 96 102 
16 97 102 
16 98 102 
16 99 102 
16 100 102 
16 101 102 
16 102 102 
16 103 102 
16 104 102 
16 105 102 
16 106 102 
16 107 103 
16 108 103 
16 109 103 
16 110 102 
16 111 103 
16 112 91 
16 113 136 
16 114 220 
16 115 234 
16 116 239 
16 117 222 
16 118 224 
16 119 211 
17 0 252 
17 1 252 
17 2 250 
17 3 249 
17 4 251 
17 5 251 
17 6 252 
17 7 252 
17 8 252 
17 9 252 
17 10 252 
17 11 252 
17 12 251 
17 13 250 
17 14 250 
17 15 251 
17 16 252 
17 17 251 
17 18 249 
17 19 247 
17 20 244 
17 21 246 
17 22 247 
17 23 245 
17 24 246 
17 25 248 
17 26 246 
17 27 243 
17 28 240 
17 29 242 
17 30 250 
17 31 249 
17 32 243 
17 33 245 
17 34 217 
17 35 165 
17 36 162 
17 37 142 
17 38 130 
17 39 136 
17 40 149 
17 41 171 
17 42 211 
17 43 249 
17 44 243 
17 45 242 
17 46 249 
17 47 254 
17 48 230 
17 49 134 
17 50 81 
17 51 107 
17 52 103 
17 53 102 
17 54 103 
17 55 102 
17 56 102 
17 57 102 
17 58 102 
17 59 102 
17 60 102 
17 61 101 
17 62 101 
17 63 101 
17 64 101 
17 65 101 
17 66 101 
17 67 101 
17 68 101 
17 69 101 
17 70 101 
17 71 101 
17 72 101 
17 73 101 
17 74 101 
17 75 101 
17 76 100 
17 77 100 
17 78 100 
17 79 100 
17 80 100 
17 81 100 
17 82 100 
17 83 100 
17 84 100 
17 85 100 
17 86 100 
17 87 100 
17 88 100 
17 89 100 
17 90 100 
17 91 100 
17 92 103 
17 93 102 
17 94 103 
17 95 102 
17 96 102 
17 97 103 
17 98 103 
17 99 103 
17 100 102 
17 101 102 
17 102 102 
17 103 103 
17 104 102 
17 105 103 
17 106 102 
17 107 102 
17 108 105 
17 109 96 
17 110 96 
17 111 104 
17 112 127 
17 113 189 
17 114 237 
17 115 231 
17 116 232 
17 117 237 
17 118 229 
17 119 209 
18 0 252 
18 1 252 
18 2 252 
18 3 252 
18 4 251 
18 5 251 
18 6 251 
18 7 251 
18 8 251 
18 9 251 
18 10 251 
18 11 251 
18 12 252 
18 13 252 
18 14 251 
18 15 252 
18 16 252 
18 17 252 
18 18 249 
18 19 246 
18 20 250 
18 21 247 
18 22 245 
18 23 246 
18 24 245 
18 25 243 
18 26 243 
18 27 246 
18 28 246 
18 29 246 
18 30 246 
18 31 244 
18 32 243 
18 33 243 
18 34 243 
18 35 243 
18 36 178 
18 37 165 
18 38 143 
18 39 129 
18 40 129 
18 41 139 
18 42 171 
18 43 210 
18 44 240 
18 45 248 
18 46 244 
18 47 240 
18 48 254 
18 49 190 
18 50 85 
18 51 112 
18 52 104 
18 53 104 
18 54 104 
18 55 103 
18 56 104 
18 57 102 
18 58 102 
18 59 102 
18 60 101 
18 61 101 
18 62 101 
18 63 101 
18 64 101 
18 65 101 
18 66 101 
18 67 101 
18 68 103 
18 69 102 
18 70 100 
18 71 99 
18 72 99 
18 73 100 
18 74 102 
18 75 103 
18 76 101 
18 77 101 
18 78 101 
18 79 101 
18 80 101 
18 81 101 
18 82 101 
18 83 101 
18 84 101 
18 85 101 
18 86 101 
18 87 101 
18 88 101 
18 89 101 
18 90 101 
18 91 101 
18 92 100 
18 93 100 
18 94 100 
18 95 100 
18 96 101 
18 97 101 
18 98 101 
18 99 100 
18 100 99 
18 101 103 
18 102 98 
18 103 106 
18 104 106 
18 105 105 
18 106 103 
18 107 98 
18 108 107 
18 109 107 
18 110 92 
18 111 118 
18 112 197 
18 113 182 
18 114 229 
18 115 223 
18 116 236 
18 117 219 
18 118 228 
18 119 236 
19 0 252 
19 1 252 
19 2 252 
19 3 252 
19 4 251 
19 5 251 
19 6 251 
19 7 251 
19 8 251 
19 9 251 
19 10 251 
19 11 251 
19 12 252 
19 13 252 
19 14 251 
19 15 252 
19 16 252 
19 17 252 
19 18 249 
19 19 246 
19 20 250 
19 21 247 
19 22 245 
19 23 246 
19 24 244 
19 25 242 
19 26 242 
19 27 246 
19 28 245 
19 29 244 
19 30 243 
19 31 243 
19 32 243 
19 33 243 
19 34 243 
19 35 244 
19 36 246 
19 37 178 
19 38 148 
19 39 157 
19 40 146 
19 41 132 
19 42 143 
19 43 157 
19 44 217 
19 45 252 
19 46 252 
19 47 238 
19 48 251 
19 49 212 
19 50 93 
19 51 93 
19 52 104 
19 53 104 
19 54 104 
19 55 103 
19 56 104 
19 57 102 
19 58 102 
19 59 102 
19 60 101 
19 61 101 
19 62 101 
19 63 101 
19 64 101 
19 65 101 
19 66 101 
19 67 101 
19 68 102 
19 69 101 
19 70 101 
19 71 100 
19 72 100 
19 73 101 
19 74 101 
19 75 102 
19 76 101 
19 77 101 
19 78 101 
19 79 101 
19 80 101 
19 81 101 
19 82 101 
19 83 101 
19 84 101 
19 85 101 
19 86 101 
19 87 101 
19 88 101 
19 89 101 
19 90 101 
19 91 100 
19 92 100 
19 93 100 
19 94 101 
19 95 100 
19 96 101 
19 97 101 
19 98 101 
19 99 101 
19 100 106 
19 101 105 
19 102 97 
19 103 100 
19 104 98 
19 105 98 
19 106 107 
19 107 103 
19 108 85 
19 109 80 
19 110 88 
19 111 139 
19 112 210 
19 113 193 
19 114 224 
19 115 237 
19 116 216 
19 117 243 
19 118 230 
19 119 208 
20 0 252 
20 1 252 
20 2 252 
20 3 252 
20 4 251 
20 5 251 
20 6 251 
20 7 251 
20 8 251 
20 9 251 
20 10 251 
20 11 251 
20 12 252 
20 13 252 
20 14 251 
20 15 252 
20 16 252 
20 17 252 
20 18 249 
20 19 246 
20 20 250 
20 21 247 
20 22 245 
20 23 246 
20 24 244 
20 25 242 
20 26 242 
20 27 246 
20 28 243 
20 29 243 
20 30 242 
20 31 242 
20 32 242 
20 33 243 
20 34 243 
20 35 244 
20 36 245 
20 37 252 
20 38 208 
20 39 153 
20 40 146 
20 41 143 
20 42 130 
20 43 135 
20 44 161 
20 45 202 
20 46 240 
20 47 252 
20 48 254 
20 49 232 
20 50 93 
20 51 98 
20 52 104 
20 53 104 
20 54 104 
20 55 103 
20 56 103 
20 57 102 
20 58 102 
20 59 102 
20 60 101 
20 61 101 
20 62 101 
20 63 101 
20 64 101 
20 65 101 
20 66 101 
20 67 101 
20 68 100 
20 69 101 
20 70 101 
20 71 102 
20 72 102 
20 73 101 
20 74 101 
20 75 100 
20 76 101 
20 77 101 
20 78 101 
20 79 101 
20 80 101 
20 81 101 
20 82 101 
20 83 101 
20 84 101 
20 85 101 
20 86 101 
20 87 101 
20 88 101 
20 89 101 
20 90 101 
20 91 100 
20 92 100 
20 93 100 
20 94 101 
20 95 100 
20 96 101 
20 97 101 
20 98 101 
20 99 100 
20 100 96 
20 101 103 
20 102 106 
20 103 110 
20 104 101 
20 105 88 
20 106 101 
20 107 90 
20 108 109 
20 109 130 
20 110 170 
20 111 213 
20 112 241 
20 113 219 
20 114 217 
20 115 231 
20 116 209 
20 117 238 
20 118 231 
20 119 223 
21 0 252 
21 1 252 
21 2 252 
21 3 252 
21 4 251 
21 5 251 
21 6 251 
21 7 251 
21 8 251 
21 9 251 
21 10 251 
21 11 251 
21 12 252 
21 13 252 
21 14 251 
21 15 252 
21 16 252 
21 17 252 
21 18 249 
21 19 246 
21 20 250 
21 21 247 
21 22 245 
21 23 246 
21 24 244 
21 25 242 
21 26 242 
21 27 247 
21 28 242 
21 29 242 
21 30 242 
21 31 241 
21 32 241 
21 33 242 
21 34 245 
21 35 244 
21 36 252 
21 37 237 
21 38 244 
21 39 227 
21 40 166 
21 41 139 
21 42 144 
21 43 132 
21 44 132 
21 45 143 
21 46 178 
21 47 220 
21 48 249 
21 49 253 
21 50 111 
21 51 102 
21 52 104 
21 53 104 
21 54 104 
21 55 103 
21 56 103 
21 57 102 
21 58 102 
21 59 102 
21 60 102 
21 61 102 
21 62 102 
21 63 102 
21 64 102 
21 65 102 
21 66 102 
21 67 102 
21 68 99 
21 69 100 
21 70 102 
21 71 103 
21 72 103 
21 73 102 
21 74 100 
21 75 99 
21 76 102 
21 77 102 
21 78 102 
21 79 102 
21 80 102 
21 81 102 
21 82 102 
21 83 102 
21 84 102 
21 85 102 
21 86 102 
21 87 102 
21 88 102 
21 89 102 
21 90 102 
21 91 102 
21 92 101 
21 93 101 
21 94 101 
21 95 102 
21 96 102 
21 97 102 
21 98 102 
21 99 101 
21 100 105 
21 101 106 
21 102 100 
21 103 98 
21 104 98 
21 105 111 
21 106 185 
21 107 200 
21 108 219 
21 109 228 
21 110 234 
21 111 221 
21 112 216 
21 113 225 
21 114 215 
21 115 214 
21 116 222 
21 117 220 
21 118 235 
21 119 246 
22 0 252 
22 1 252 
22 2 252 
22 3 252 
22 4 251 
22 5 251 
22 6 251 
22 7 251 
22 8 251 
22 9 251 
22 10 251 
22 11 251 
22 12 252 
22 13 252 
22 14 251 
22 15 252 
22 16 252 
22 17 252 
22 18 249 
22 19 246 
22 20 250 
22 21 247 
22 22 245 
22 23 246 
22 24 244 
22 25 242 
22 26 242 
22 27 247 
22 28 242 
22 29 241 
22 30 241 
22 31 242 
22 32 242 
22 33 242 
22 34 245 
22 35 245 
22 36 236 
22 37 252 
22 38 244 
22 39 238 
22 40 245 
22 41 201 
22 42 145 
22 43 137 
22 44 138 
22 45 135 
22 46 137 
22 47 156 
22 48 194 
22 49 247 
22 50 128 
22 51 87 
22 52 104 
22 53 104 
22 54 104 
22 55 103 
22 56 103 
22 57 103 
22 58 102 
22 59 102 
22 60 102 
22 61 102 
22 62 102 
22 63 102 
22 64 102 
22 65 102 
22 66 102 
22 67 102 
22 68 99 
22 69 100 
22 70 102 
22 71 103 
22 72 103 
22 73 102 
22 74 100 
22 75 99 
22 76 102 
22 77 102 
22 78 102 
22 79 102 
22 80 102 
22 81 102 
22 82 102 
22 83 102 
22 84 102 
22 85 102 
22 86 102 
22 87 102 
22 88 102 
22 89 102 
22 90 102 
22 91 102 
22 92 101 
22 93 101 
22 94 101 
22 95 102 
22 96 102 
22 97 102 
22 98 102 
22 99 101 
22 100 105 
22 101 106 
22 102 102 
22 103 96 
22 104 96 
22 105 117 
22 106 232 
22 107 253 
22 108 236 
22 109 227 
22 110 224 
22 111 214 
22 112 219 
22 113 240 
22 114 230 
22 115 215 
22 116 231 
22 117 237 
22 118 233 
22 119 203 
23 0 252 
23 1 252 
23 2 252 
23 3 252 
23 4 251 
23 5 251 
23 6 251 
23 7 251 
23 8 251 
23 9 251 
23 10 251 
23 11 251 
23 12 252 
23 13 252 
23 14 251 
23 15 252 
23 16 252 
23 17 252 
23 18 249 
23 19 246 
23 20 250 
23 21 247 
23 22 245 
23 23 246 
23 24 244 
23 25 242 
23 26 242 
23 27 247 
23 28 244 
23 29 242 
23 30 242 
23 31 242 
23 32 243 
23 33 244 
23 34 244 
23 35 245 
23 36 244 
23 37 242 
23 38 252 
23 39 250 
23 40 240 
23 41 252 
23 42 235 
23 43 172 
23 44 138 
23 45 130 
23 46 130 
23 47 145 
23 48 145 
23 49 161 
23 50 102 
23 51 98 
23 52 104 
23 53 105 
23 54 105 
23 55 104 
23 56 103 
23 57 102 
23 58 102 
23 59 102 
23 60 104 
23 61 103 
23 62 103 
23 63 103 
23 64 103 
23 65 103 
23 66 103 
23 67 103 
23 68 100 
23 69 101 
23 70 101 
23 71 102 
23 72 102 
23 73 101 
23 74 101 
23 75 100 
23 76 103 
23 77 103 
23 78 103 
23 79 103 
23 80 103 
23 81 103 
23 82 103 
23 83 103 
23 84 103 
23 85 103 
23 86 103 
23 87 103 
23 88 103 
23 89 103 
23 90 103 
23 91 103 
23 92 102 
23 93 103 
23 94 102 
23 95 103 
23 96 103 
23 97 103 
23 98 103 
23 99 102 
23 100 97 
23 101 102 
23 102 110 
23 103 104 
23 104 97 
23 105 100 
23 106 218 
23 107 232 
23 108 224 
23 109 221 
23 110 241 
23 111 249 
23 112 241 
23 113 220 
23 114 229 
23 115 230 
23 116 228 
23 117 240 
23 118 166 
23 119 89 
24 0 252 
24 1 252 
24 2 252 
24 3 252 
24 4 251 
24 5 251 
24 6 251 
24 7 251 
24 8 251 
24 9 251 
24 10 251 
24 11 251 
24 12 252 
24 13 252 
24 14 251 
24 15 252 
24 16 252 
24 17 252 
24 18 249 
24 19 246 
24 20 250 
24 21 247 
24 22 245 
24 23 246 
24 24 244 
24 25 242 
24 26 242 
24 27 247 
24 28 245 
24 29 244 
24 30 243 
24 31 243 
24 32 243 
24 33 243 
24 34 243 
24 35 245 
24 36 252 
24 37 244 
24 38 233 
24 39 248 
24 40 252 
24 41 243 
24 42 237 
24 43 252 
24 44 173 
24 45 135 
24 46 119 
24 47 141 
24 48 121 
24 49 90 
24 50 85 
24 51 114 
24 52 104 
24 53 105 
24 54 105 
24 55 104 
24 56 104 
24 57 102 
24 58 102 
24 59 102 
24 60 104 
24 61 103 
24 62 103 
24 63 103 
24 64 103 
24 65 103 
24 66 103 
24 67 103 
24 68 102 
24 69 101 
24 70 101 
24 71 100 
24 72 100 
24 73 101 
24 74 101 
24 75 102 
24 76 103 
24 77 103 
24 78 103 
24 79 103 
24 80 103 
24 81 103 
24 82 103 
24 83 103 
24 84 103 
24 85 103 
24 86 103 
24 87 103 
24 88 103 
24 89 103 
24 90 103 
24 91 103 
24 92 102 
24 93 102 
24 94 103 
24 95 103 
24 96 103 
24 97 103 
24 98 102 
24 99 102 
24 100 108 
24 101 102 
24 102 100 
24 103 94 
24 104 94 
24 105 102 
24 106 236 
24 107 245 
24 108 248 
24 109 233 
24 110 225 
24 111 202 
24 112 174 
24 113 138 
24 114 209 
24 115 235 
24 116 228 
24 117 248 
24 118 215 
24 119 184 
25 0 252 
25 1 252 
25 2 252 
25 3 252 
25 4 251 
25 5 251 
25 6 251 
25 7 251 
25 8 251 
25 9 251 
25 10 251 
25 11 251 
25 12 252 
25 13 252 
25 14 251 
25 15 252 
25 16 252 
25 17 252 
25 18 249 
25 19 246 
25 20 250 
25 21 247 
25 22 245 
25 23 246 
25 24 244 
25 25 242 
25 26 242 
25 27 247 
25 28 247 
25 29 246 
25 30 245 
25 31 244 
25 32 243 
25 33 243 
25 34 243 
25 35 243 
25 36 244 
25 37 242 
25 38 245 
25 39 245 
25 40 241 
25 41 245 
25 42 248 
25 43 243 
25 44 248 
25 45 174 
25 46 99 
25 47 94 
25 48 101 
25 49 96 
25 50 111 
25 51 100 
25 52 104 
25 53 104 
25 54 104 
25 55 104 
25 56 104 
25 57 102 
25 58 102 
25 59 102 
25 60 104 
25 61 103 
25 62 103 
25 63 103 
25 64 103 
25 65 103 
25 66 103 
25 67 103 
25 68 103 
25 69 102 
25 70 100 
25 71 99 
25 72 99 
25 73 100 
25 74 102 
25 75 103 
25 76 103 
25 77 103 
25 78 103 
25 79 103 
25 80 103 
25 81 103 
25 82 103 
25 83 103 
25 84 103 
25 85 103 
25 86 103 
25 87 103 
25 88 103 
25 89 103 
25 90 103 
25 91 103 
25 92 102 
25 93 102 
25 94 102 
25 95 103 
25 96 103 
25 97 103 
25 98 102 
25 99 102 
25 100 103 
25 101 98 
25 102 101 
25 103 102 
25 104 103 
25 105 99 
25 106 217 
25 107 207 
25 108 173 
25 109 150 
25 110 120 
25 111 93 
25 112 107 
25 113 112 
25 114 218 
25 115 224 
25 116 235 
25 117 231 
25 118 227 
25 119 225 
26 0 252 
26 1 252 
26 2 252 
26 3 252 
26 4 251 
26 5 251 
26 6 251 
26 7 251 
26 8 251 
26 9 251 
26 10 251 
26 11 251 
26 12 251 
26 13 251 
26 14 252 
26 15 252 
26 16 252 
26 17 251 
26 18 250 
26 19 250 
26 20 249 
26 21 246 
26 22 245 
26 23 248 
26 24 247 
26 25 244 
26 26 245 
26 27 249 
26 28 246 
26 29 246 
26 30 246 
26 31 245 
26 32 245 
26 33 244 
26 34 245 
26 35 245 
26 36 243 
26 37 244 
26 38 246 
26 39 247 
26 40 247 
26 41 246 
26 42 244 
26 43 243 
26 44 248 
26 45 237 
26 46 98 
26 47 97 
26 48 104 
26 49 103 
26 50 104 
26 51 105 
26 52 103 
26 53 102 
26 54 102 
26 55 101 
26 56 102 
26 57 102 
26 58 102 
26 59 103 
26 60 103 
26 61 102 
26 62 102 
26 63 102 
26 64 102 
26 65 102 
26 66 102 
26 67 102 
26 68 102 
26 69 102 
26 70 102 
26 71 102 
26 72 102 
26 73 102 
26 74 102 
26 75 102 
26 76 102 
26 77 102 
26 78 102 
26 79 102 
26 80 102 
26 81 102 
26 82 102 
26 83 102 
26 84 103 
26 85 103 
26 86 103 
26 87 103 
26 88 103 
26 89 103 
26 90 103 
26 91 103 
26 92 102 
26 93 102 
26 94 102 
26 95 103 
26 96 103 
26 97 103 
26 98 102 
26 99 102 
26 100 103 
26 101 100 
26 102 98 
26 103 97 
26 104 99 
26 105 104 
26 106 108 
26 107 111 
26 108 107 
26 109 99 
26 110 102 
26 111 113 
26 112 195 
26 113 197 
26 114 218 
26 115 232 
26 116 238 
26 117 238 
26 118 233 
26 119 172 
27 0 252 
27 1 252 
27 2 252 
27 3 252 
27 4 251 
27 5 251 
27 6 251 
27 7 251 
27 8 251 
27 9 251 
27 10 251 
27 11 251 
27 12 251 
27 13 251 
27 14 252 
27 15 252 
27 16 252 
27 17 251 
27 18 250 
27 19 249 
27 20 249 
27 21 246 
27 22 245 
27 23 248 
27 24 247 
27 25 244 
27 26 245 
27 27 249 
27 28 246 
27 29 246 
27 30 246 
27 31 245 
27 32 245 
27 33 244 
27 34 245 
27 35 245 
27 36 244 
27 37 245 
27 38 246 
27 39 246 
27 40 246 
27 41 246 
27 42 245 
27 43 244 
27 44 250 
27 45 238 
27 46 99 
27 47 99 
27 48 104 
27 49 102 
27 50 104 
27 51 104 
27 52 103 
27 53 102 
27 54 102 
27 55 101 
27 56 102 
27 57 103 
27 58 102 
27 59 103 
27 60 103 
27 61 102 
27 62 102 
27 63 102 
27 64 102 
27 65 102 
27 66 102 
27 67 102 
27 68 102 
27 69 102 
27 70 102 
27 71 102 
27 72 102 
27 73 102 
27 74 102 
27 75 102 
27 76 102 
27 77 102 
27 78 102 
27 79 102 
27 80 102 
27 81 102 
27 82 102 
27 83 102 
27 84 103 
27 85 103 
27 86 103 
27 87 103 
27 88 103 
27 89 103 
27 90 103 
27 91 102 
27 92 102 
27 93 102 
27 94 102 
27 95 103 
27 96 103 
27 97 103 
27 98 102 
27 99 102 
27 100 103 
27 101 101 
27 102 99 
27 103 99 
27 104 101 
27 105 103 
27 106 107 
27 107 109 
27 108 99 
27 109 102 
27 110 101 
27 111 94 
27 112 137 
27 113 132 
27 114 201 
27 115 238 
27 116 221 
27 117 234 
27 118 224 
27 119 148 
28 0 252 
28 1 252 
28 2 252 
28 3 252 
28 4 251 
28 5 251 
28 6 251 
28 7 251 
28 8 251 
28 9 251 
28 10 251 
28 11 251 
28 12 251 
28 13 252 
28 14 252 
28 15 252 
28 16 252 
28 17 251 
28 18 250 
28 19 249 
28 20 249 
28 21 246 
28 22 245 
28 23 248 
28 24 247 
28 25 244 
28 26 245 
28 27 249 
28 28 246 
28 29 246 
28 30 245 
28 31 245 
28 32 245 
28 33 245 
28 34 244 
28 35 244 
28 36 245 
28 37 245 
28 38 246 
28 39 246 
28 40 246 
28 41 246 
28 42 245 
28 43 245 
28 44 250 
28 45 241 
28 46 100 
28 47 100 
28 48 104 
28 49 102 
28 50 103 
28 51 103 
28 52 103 
28 53 104 
28 54 102 
28 55 103 
28 56 103 
28 57 102 
28 58 102 
28 59 103 
28 60 103 
28 61 102 
28 62 102 
28 63 102 
28 64 102 
28 65 102 
28 66 102 
28 67 102 
28 68 102 
28 69 102 
28 70 102 
28 71 102 
28 72 102 
28 73 102 
28 74 102 
28 75 102 
28 76 102 
28 77 102 
28 78 102 
28 79 102 
28 80 102 
28 81 102 
28 82 102 
28 83 102 
28 84 103 
28 85 103 
28 86 103 
28 87 103 
28 88 103 
28 89 103 
28 90 103 
28 91 102 
28 92 102 
28 93 102 
28 94 102 
28 95 103 
28 96 102 
28 97 103 
28 98 102 
28 99 102 
28 100 103 
28 101 102 
28 102 101 
28 103 102 
28 104 101 
28 105 103 
28 106 104 
28 107 105 
28 108 102 
28 109 108 
28 110 102 
28 111 92 
28 112 100 
28 113 88 
28 114 202 
28 115 245 
28 116 230 
28 117 243 
28 118 235 
28 119 172 
29 0 252 
29 1 252 
29 2 252 
29 3 252 
29 4 251 
29 5 251 
29 6 251 
29 7 251 
29 8 251 
29 9 251 
29 10 251 
29 11 251 
29 12 252 
29 13 252 
29 14 252 
29 15 252 
29 16 251 
29 17 250 
29 18 249 
29 19 248 
29 20 249 
29 21 246 
29 22 246 
29 23 248 
29 24 247 
29 25 244 
29 26 244 
29 27 248 
29 28 245 
29 29 245 
29 30 245 
29 31 245 
29 32 245 
29 33 245 
29 34 246 
29 35 245 
29 36 245 
29 37 246 
29 38 246 
29 39 246 
29 40 246 
29 41 246 
29 42 246 
29 43 245 
29 44 252 
29 45 242 
29 46 101 
29 47 101 
29 48 106 
29 49 102 
29 50 103 
29 51 102 
29 52 104 
29 53 104 
29 54 102 
29 55 103 
29 56 102 
29 57 102 
29 58 102 
29 59 104 
29 60 104 
29 61 103 
29 62 103 
29 63 103 
29 64 103 
29 65 103 
29 66 103 
29 67 103 
29 68 102 
29 69 102 
29 70 102 
29 71 102 
29 72 102 
29 73 102 
29 74 102 
29 75 102 
29 76 103 
29 77 103 
29 78 103 
29 79 103 
29 80 103 
29 81 103 
29 82 103 
29 83 103 
29 84 103 
29 85 103 
29 86 103 
29 87 103 
29 88 103 
29 89 103 
29 90 103 
29 91 102 
29 92 102 
29 93 102 
29 94 102 
29 95 103 
29 96 102 
29 97 102 
29 98 102 
29 99 103 
29 100 103 
29 101 102 
29 102 102 
29 103 104 
29 104 104 
29 105 103 
29 106 104 
29 107 102 
29 108 110 
29 109 108 
29 110 99 
29 111 104 
29 112 104 
29 113 90 
29 114 216 
29 115 241 
29 116 233 
29 117 235 
29 118 233 
29 119 205 
30 0 252 
30 1 252 
30 2 252 
30 3 252 
30 4 251 
30 5 251 
30 6 251 
30 7 251 
30 8 251 
30 9 251 
30 10 251 
30 11 251 
30 12 252 
30 13 252 
30 14 252 
30 15 252 
30 16 251 
30 17 250 
30 18 249 
30 19 248 
30 20 250 
30 21 247 
30 22 246 
30 23 248 
30 24 246 
30 25 243 
30 26 244 
30 27 247 
30 28 245 
30 29 245 
30 30 245 
30 31 245 
30 32 245 
30 33 245 
30 34 246 
30 35 246 
30 36 247 
30 37 246 
30 38 246 
30 39 246 
30 40 246 
30 41 246 
30 42 246 
30 43 247 
30 44 251 
30 45 242 
30 46 102 
30 47 101 
30 48 106 
30 49 103 
30 50 104 
30 51 103 
30 52 104 
30 53 105 
30 54 103 
30 55 103 
30 56 102 
30 57 103 
30 58 103 
30 59 103 
30 60 104 
30 61 103 
30 62 103 
30 63 103 
30 64 103 
30 65 103 
30 66 103 
30 67 103 
30 68 102 
30 69 102 
30 70 102 
30 71 102 
30 72 102 
30 73 102 
30 74 102 
30 75 102 
30 76 103 
30 77 103 
30 78 103 
30 79 103 
30 80 103 
30 81 103 
30 82 103 
30 83 103 
30 84 103 
30 85 103 
30 86 103 
30 87 103 
30 88 103 
30 89 103 
30 90 103 
30 91 102 
30 92 102 
30 93 102 
30 94 102 
30 95 103 
30 96 102 
30 97 102 
30 98 102 
30 99 102 
30 100 103 
30 101 103 
30 102 104 
30 103 104 
30 104 104 
30 105 103 
30 106 103 
30 107 102 
30 108 105 
30 109 98 
30 110 97 
30 111 109 
30 112 110 
30 113 93 
30 114 218 
30 115 233 
30 116 234 
30 117 234 
30 118 233 
30 119 222 
31 0 252 
31 1 252 
31 2 252 
31 3 252 
31 4 251 
31 5 251 
31 6 251 
31 7 251 
31 8 251 
31 9 251 
31 10 251 
31 11 251 
31 12 252 
31 13 252 
31 14 252 
31 15 252 
31 16 251 
31 17 250 
31 18 248 
31 19 247 
31 20 250 
31 21 247 
31 22 246 
31 23 248 
31 24 246 
31 25 243 
31 26 243 
31 27 246 
31 28 244 
31 29 244 
31 30 245 
31 31 245 
31 32 245 
31 33 245 
31 34 246 
31 35 246 
31 36 247 
31 37 247 
31 38 246 
31 39 246 
31 40 246 
31 41 246 
31 42 247 
31 43 247 
31 44 251 
31 45 243 
31 46 102 
31 47 101 
31 48 107 
31 49 104 
31 50 105 
31 51 104 
31 52 104 
31 53 105 
31 54 103 
31 55 104 
31 56 103 
31 57 103 
31 58 104 
31 59 103 
31 60 105 
31 61 104 
31 62 104 
31 63 104 
31 64 104 
31 65 104 
31 66 104 
31 67 104 
31 68 102 
31 69 102 
31 70 102 
31 71 102 
31 72 102 
31 73 102 
31 74 102 
31 75 102 
31 76 104 
31 77 104 
31 78 104 
31 79 104 
31 80 104 
31 81 104 
31 82 104 
31 83 104 
31 84 103 
31 85 103 
31 86 103 
31 87 103 
31 88 103 
31 89 103 
31 90 103 
31 91 103 
31 92 102 
31 93 102 
31 94 102 
31 95 103 
31 96 102 
31 97 102 
31 98 102 
31 99 102 
31 100 103 
31 101 103 
31 102 104 
31 103 104 
31 104 104 
31 105 104 
31 106 103 
31 107 103 
31 108 102 
31 109 95 
31 110 107 
31 111 109 
31 112 101 
31 113 85 
31 114 205 
31 115 238 
31 116 237 
31 117 242 
31 118 235 
31 119 221 
32 0 252 
32 1 252 
32 2 252 
32 3 252 
32 4 251 
32 5 251 
32 6 251 
32 7 251 
32 8 251 
32 9 251 
32 10 251 
32 11 251 
32 12 252 
32 13 252 
32 14 252 
32 15 252 
32 16 251 
32 17 249 
32 18 248 
32 19 247 
32 20 251 
32 21 248 
32 22 246 
32 23 248 
32 24 246 
32 25 243 
32 26 243 
32 27 246 
32 28 244 
32 29 244 
32 30 244 
32 31 244 
32 32 244 
32 33 245 
32 34 246 
32 35 246 
32 36 247 
32 37 246 
32 38 245 
32 39 245 
32 40 246 
32 41 246 
32 42 247 
32 43 248 
32 44 250 
32 45 242 
32 46 102 
32 47 101 
32 48 107 
32 49 105 
32 50 106 
32 51 105 
32 52 105 
32 53 105 
32 54 104 
32 55 104 
32 56 103 
32 57 104 
32 58 104 
32 59 104 
32 60 105 
32 61 104 
32 62 104 
32 63 104 
32 64 104 
32 65 104 
32 66 104 
32 67 104 
32 68 102 
32 69 102 
32 70 102 
32 71 102 
32 72 102 
32 73 102 
32 74 102 
32 75 102 
32 76 104 
32 77 104 
32 78 104 
32 79 104 
32 80 104 
32 81 104 
32 82 104 
32 83 104 
32 84 103 
32 85 103 
32 86 103 
32 87 103 
32 88 103 
32 89 103 
32 90 103 
32 91 103 
32 92 102 
32 93 102 
32 94 103 
32 95 102 
32 96 102 
32 97 102 
32 98 103 
32 99 102 
32 100 103 
32 101 103 
32 102 103 
32 103 103 
32 104 104 
32 105 104 
32 106 104 
32 107 105 
32 108 107 
32 109 97 
32 110 117 
32 111 106 
32 112 100 
32 113 88 
32 114 193 
32 115 245 
32 116 233 
32 117 233 
32 118 218 
32 119 213 
33 0 252 
33 1 252 
33 2 252 
33 3 252 
33 4 251 
33 5 251 
33 6 251 
33 7 251 
33 8 251 
33 9 251 
33 10 251 
33 11 251 
33 12 252 
33 13 252 
33 14 252 
33 15 252 
33 16 251 
33 17 249 
33 18 248 
33 19 247 
33 20 251 
33 21 248 
33 22 247 
33 23 248 
33 24 246 
33 25 244 
33 26 243 
33 27 246 
33 28 244 
33 29 244 
33 30 244 
33 31 245 
33 32 244 
33 33 246 
33 34 246 
33 35 246 
33 36 248 
33 37 247 
33 38 246 
33 39 244 
33 40 245 
33 41 246 
33 42 248 
33 43 249 
33 44 251 
33 45 241 
33 46 102 
33 47 101 
33 48 109 
33 49 106 
33 50 108 
33 51 108 
33 52 105 
33 53 105 
33 54 104 
33 55 104 
33 56 104 
33 57 104 
33 58 104 
33 59 105 
33 60 105 
33 61 104 
33 62 104 
33 63 104 
33 64 104 
33 65 104 
33 66 104 
33 67 104 
33 68 102 
33 69 102 
33 70 102 
33 71 102 
33 72 102 
33 73 102 
33 74 102 
33 75 102 
33 76 104 
33 77 104 
33 78 103 
33 79 104 
33 80 103 
33 81 104 
33 82 103 
33 83 104 
33 84 103 
33 85 103 
33 86 102 
33 87 102 
33 88 103 
33 89 103 
33 90 103 
33 91 102 
33 92 102 
33 93 102 
33 94 102 
33 95 102 
33 96 102 
33 97 103 
33 98 102 
33 99 102 
33 100 103 
33 101 102 
33 102 102 
33 103 103 
33 104 103 
33 105 103 
33 106 105 
33 107 106 
33 108 108 
33 109 93 
33 110 117 
33 111 102 
33 112 105 
33 113 99 
33 114 186 
33 115 243 
33 116 240 
33 117 225 
33 118 209 
33 119 231 
34 0 250 
34 1 251 
34 2 251 
34 3 252 
34 4 252 
34 5 252 
34 6 252 
34 7 252 
34 8 252 
34 9 252 
34 10 252 
34 11 252 
34 12 252 
34 13 252 
34 14 252 
34 15 251 
34 16 251 
34 17 250 
34 18 250 
34 19 250 
34 20 252 
34 21 250 
34 22 249 
34 23 247 
34 24 246 
34 25 246 
34 26 246 
34 27 247 
34 28 244 
34 29 244 
34 30 244 
34 31 244 
34 32 244 
34 33 244 
34 34 244 
34 35 244 
34 36 245 
34 37 245 
34 38 244 
34 39 244 
34 40 244 
34 41 245 
34 42 245 
34 43 246 
34 44 249 
34 45 245 
34 46 101 
34 47 101 
34 48 112 
34 49 105 
34 50 104 
34 51 111 
34 52 103 
34 53 104 
34 54 103 
34 55 103 
34 56 103 
34 57 103 
34 58 103 
34 59 103 
34 60 103 
34 61 104 
34 62 104 
34 63 105 
34 64 105 
34 65 106 
34 66 106 
34 67 106 
34 68 103 
34 69 103 
34 70 103 
34 71 103 
34 72 103 
34 73 103 
34 74 103 
34 75 103 
34 76 102 
34 77 102 
34 78 102 
34 79 102 
34 80 102 
34 81 102 
34 82 101 
34 83 102 
34 84 103 
34 85 103 
34 86 104 
34 87 104 
34 88 104 
34 89 105 
34 90 105 
34 91 105 
34 92 105 
34 93 104 
34 94 105 
34 95 104 
34 96 104 
34 97 104 
34 98 104 
34 99 104 
34 100 102 
34 101 102 
34 102 103 
34 103 102 
34 104 103 
34 105 102 
34 106 102 
34 107 102 
34 108 101 
34 109 105 
34 110 106 
34 111 104 
34 112 95 
34 113 102 
34 114 168 
34 115 251 
34 116 234 
34 117 238 
34 118 213 
34 119 233 
35 0 249 
35 1 250 
35 2 250 
35 3 251 
35 4 252 
35 5 252 
35 6 252 
35 7 252 
35 8 252 
35 9 252 
35 10 252 
35 11 252 
35 12 252 
35 13 252 
35 14 252 
35 15 251 
35 16 251 
35 17 250 
35 18 250 
35 19 250 
35 20 251 
35 21 250 
35 22 249 
35 23 246 
35 24 245 
35 25 245 
35 26 245 
35 27 246 
35 28 243 
35 29 244 
35 30 244 
35 31 244 
35 32 244 
35 33 244 
35 34 244 
35 35 245 
35 36 246 
35 37 245 
35 38 245 
35 39 245 
35 40 245 
35 41 245 
35 42 245 
35 43 246 
35 44 249 
35 45 241 
35 46 100 
35 47 102 
35 48 111 
35 49 105 
35 50 104 
35 51 110 
35 52 103 
35 53 104 
35 54 103 
35 55 103 
35 56 103 
35 57 103 
35 58 103 
35 59 103 
35 60 103 
35 61 104 
35 62 104 
35 63 105 
35 64 105 
35 65 106 
35 66 106 
35 67 106 
35 68 103 
35 69 103 
35 70 103 
35 71 103 
35 72 103 
35 73 103 
35 74 103 
35 75 103 
35 76 102 
35 77 102 
35 78 102 
35 79 102 
35 80 102 
35 81 102 
35 82 102 
35 83 102 
35 84 103 
35 85 104 
35 86 104 
35 87 104 
35 88 104 
35 89 105 
35 90 105 
35 91 105 
35 92 105 
35 93 104 
35 94 104 
35 95 104 
35 96 105 
35 97 104 
35 98 104 
35 99 104 
35 100 104 
35 101 103 
35 102 104 
35 103 103 
35 104 104 
35 105 104 
35 106 103 
35 107 103 
35 108 110 
35 109 104 
35 110 102 
35 111 105 
35 112 103 
35 113 106 
35 114 161 
35 115 237 
35 116 210 
35 117 230 
35 118 219 
35 119 223 
36 0 250 
36 1 250 
36 2 251 
36 3 252 
36 4 252 
36 5 252 
36 6 252 
36 7 252 
36 8 252 
36 9 252 
36 10 252 
36 11 252 
36 12 252 
36 13 252 
36 14 252 
36 15 251 
36 16 250 
36 17 250 
36 18 250 
36 19 250 
36 20 250 
36 21 249 
36 22 248 
36 23 246 
36 24 244 
36 25 244 
36 26 245 
36 27 245 
36 28 243 
36 29 243 
36 30 243 
36 31 244 
36 32 244 
36 33 245 
36 34 245 
36 35 245 
36 36 246 
36 37 246 
36 38 246 
36 39 246 
36 40 246 
36 41 246 
36 42 246 
36 43 246 
36 44 250 
36 45 237 
36 46 98 
36 47 103 
36 48 111 
36 49 105 
36 50 106 
36 51 109 
36 52 103 
36 53 104 
36 54 103 
36 55 103 
36 56 103 
36 57 103 
36 58 103 
36 59 103 
36 60 103 
36 61 104 
36 62 105 
36 63 105 
36 64 105 
36 65 105 
36 66 106 
36 67 106 
36 68 103 
36 69 103 
36 70 103 
36 71 103 
36 72 103 
36 73 103 
36 74 103 
36 75 103 
36 76 102 
36 77 102 
36 78 102 
36 79 103 
36 80 102 
36 81 102 
36 82 101 
36 83 101 
36 84 103 
36 85 103 
36 86 103 
36 87 103 
36 88 103 
36 89 104 
36 90 104 
36 91 104 
36 92 104 
36 93 105 
36 94 105 
36 95 105 
36 96 105 
36 97 105 
36 98 105 
36 99 105 
36 100 105 
36 101 105 
36 102 105 
36 103 106 
36 104 106 
36 105 106 
36 106 105 
36 107 105 
36 108 111 
36 109 104 
36 110 103 
36 111 105 
36 112 99 
36 113 98 
36 114 154 
36 115 233 
36 116 220 
36 117 233 
36 118 234 
36 119 226 
37 0 251 
37 1 251 
37 2 252 
37 3 252 
37 4 252 
37 5 252 
37 6 252 
37 7 252 
37 8 252 
37 9 252 
37 10 252 
37 11 252 
37 12 252 
37 13 252 
37 14 252 
37 15 251 
37 16 250 
37 17 250 
37 18 250 
37 19 250 
37 20 250 
37 21 249 
37 22 247 
37 23 245 
37 24 244 
37 25 243 
37 26 244 
37 27 244 
37 28 242 
37 29 242 
37 30 243 
37 31 244 
37 32 244 
37 33 245 
37 34 246 
37 35 246 
37 36 245 
37 37 245 
37 38 246 
37 39 246 
37 40 246 
37 41 246 
37 42 245 
37 43 245 
37 44 249 
37 45 232 
37 46 96 
37 47 106 
37 48 110 
37 49 105 
37 50 107 
37 51 107 
37 52 104 
37 53 105 
37 54 104 
37 55 104 
37 56 104 
37 57 104 
37 58 104 
37 59 104 
37 60 104 
37 61 105 
37 62 105 
37 63 105 
37 64 105 
37 65 105 
37 66 105 
37 67 105 
37 68 104 
37 69 104 
37 70 104 
37 71 104 
37 72 104 
37 73 104 
37 74 104 
37 75 103 
37 76 104 
37 77 104 
37 78 104 
37 79 104 
37 80 104 
37 81 103 
37 82 103 
37 83 103 
37 84 103 
37 85 103 
37 86 103 
37 87 103 
37 88 103 
37 89 103 
37 90 103 
37 91 104 
37 92 104 
37 93 105 
37 94 105 
37 95 104 
37 96 104 
37 97 104 
37 98 105 
37 99 105 
37 100 104 
37 101 104 
37 102 104 
37 103 105 
37 104 105 
37 105 104 
37 106 104 
37 107 105 
37 108 99 
37 109 102 
37 110 106 
37 111 109 
37 112 96 
37 113 92 
37 114 157 
37 115 246 
37 116 230 
37 117 217 
37 118 225 
37 119 223 
38 0 248 
38 1 249 
38 2 251 
38 3 252 
38 4 252 
38 5 252 
38 6 252 
38 7 252 
38 8 252 
38 9 252 
38 10 252 
38 11 252 
38 12 252 
38 13 252 
38 14 252 
38 15 251 
38 16 250 
38 17 250 
38 18 250 
38 19 250 
38 20 250 
38 21 249 
38 22 247 
38 23 245 
38 24 244 
38 25 243 
38 26 244 
38 27 244 
38 28 243 
38 29 243 
38 30 243 
38 31 244 
38 32 244 
38 33 245 
38 34 245 
38 35 245 
38 36 243 
38 37 244 
38 38 245 
38 39 245 
38 40 245 
38 41 245 
38 42 244 
38 43 243 
38 44 250 
38 45 226 
38 46 93 
38 47 108 
38 48 109 
38 49 104 
38 50 109 
38 51 105 
38 52 104 
38 53 105 
38 54 104 
38 55 104 
38 56 104 
38 57 104 
38 58 104 
38 59 104 
38 60 104 
38 61 105 
38 62 105 
38 63 105 
38 64 105 
38 65 105 
38 66 105 
38 67 105 
38 68 104 
38 69 104 
38 70 104 
38 71 104 
38 72 104 
38 73 104 
38 74 104 
38 75 104 
38 76 104 
38 77 104 
38 78 104 
38 79 103 
38 80 103 
38 81 103 
38 82 103 
38 83 103 
38 84 102 
38 85 103 
38 86 103 
38 87 103 
38 88 102 
38 89 102 
38 90 102 
38 91 103 
38 92 104 
38 93 104 
38 94 104 
38 95 105 
38 96 105 
38 97 104 
38 98 105 
38 99 104 
38 100 104 
38 101 104 
38 102 104 
38 103 104 
38 104 104 
38 105 105 
38 106 104 
38 107 104 
38 108 98 
38 109 102 
38 110 110 
38 111 115 
38 112 106 
38 113 100 
38 114 148 
38 115 221 
38 116 226 
38 117 211 
38 118 216 
38 119 210 
39 0 245 
39 1 246 
39 2 248 
39 3 249 
39 4 252 
39 5 252 
39 6 252 
39 7 252 
39 8 252 
39 9 252 
39 10 252 
39 11 252 
39 12 252 
39 13 252 
39 14 252 
39 15 251 
39 16 250 
39 17 250 
39 18 250 
39 19 250 
39 20 250 
39 21 249 
39 22 248 
39 23 246 
39 24 244 
39 25 244 
39 26 245 
39 27 245 
39 28 245 
39 29 244 
39 30 244 
39 31 244 
39 32 244 
39 33 244 
39 34 244 
39 35 244 
39 36 242 
39 37 243 
39 38 244 
39 39 245 
39 40 245 
39 41 244 
39 42 243 
39 43 242 
39 44 250 
39 45 220 
39 46 91 
39 47 110 
39 48 108 
39 49 104 
39 50 111 
39 51 104 
39 52 105 
39 53 106 
39 54 105 
39 55 105 
39 56 105 
39 57 106 
39 58 105 
39 59 106 
39 60 106 
39 61 106 
39 62 105 
39 63 105 
39 64 105 
39 65 105 
39 66 104 
39 67 104 
39 68 105 
39 69 105 
39 70 105 
39 71 105 
39 72 105 
39 73 105 
39 74 105 
39 75 105 
39 76 105 
39 77 105 
39 78 105 
39 79 104 
39 80 105 
39 81 105 
39 82 104 
39 83 104 
39 84 102 
39 85 102 
39 86 102 
39 87 103 
39 88 102 
39 89 102 
39 90 102 
39 91 103 
39 92 105 
39 93 104 
39 94 105 
39 95 105 
39 96 104 
39 97 104 
39 98 105 
39 99 104 
39 100 104 
39 101 103 
39 102 104 
39 103 104 
39 104 103 
39 105 103 
39 106 103 
39 107 103 
39 108 113 
39 109 108 
39 110 104 
39 111 107 
39 112 108 
39 113 94 
39 114 102 
39 115 129 
39 116 94 
39 117 106 
39 118 131 
39 119 130 
40 0 245 
40 1 247 
40 2 249 
40 3 250 
40 4 252 
40 5 252 
40 6 252 
40 7 252 
40 8 252 
40 9 252 
40 10 252 
40 11 252 
40 12 252 
40 13 252 
40 14 252 
40 15 251 
40 16 251 
40 17 250 
40 18 250 
40 19 250 
40 20 251 
40 21 250 
40 22 249 
40 23 246 
40 24 245 
40 25 245 
40 26 245 
40 27 246 
40 28 246 
40 29 246 
40 30 246 
40 31 245 
40 32 245 
40 33 244 
40 34 243 
40 35 243 
40 36 244 
40 37 245 
40 38 246 
40 39 247 
40 40 247 
40 41 246 
40 42 245 
40 43 243 
40 44 251 
40 45 216 
40 46 89 
40 47 112 
40 48 108 
40 49 104 
40 50 113 
40 51 103 
40 52 105 
40 53 106 
40 54 105 
40 55 105 
40 56 105 
40 57 106 
40 58 105 
40 59 106 
40 60 106 
40 61 106 
40 62 106 
40 63 105 
40 64 105 
40 65 104 
40 66 104 
40 67 104 
40 68 105 
40 69 105 
40 70 105 
40 71 105 
40 72 105 
40 73 105 
40 74 105 
40 75 105 
40 76 105 
40 77 105 
40 78 105 
40 79 104 
40 80 105 
40 81 104 
40 82 104 
40 83 104 
40 84 103 
40 85 103 
40 86 103 
40 87 103 
40 88 103 
40 89 103 
40 90 103 
40 91 103 
40 92 105 
40 93 105 
40 94 105 
40 95 105 
40 96 105 
40 97 104 
40 98 104 
40 99 104 
40 100 106 
40 101 105 
40 102 105 
40 103 105 
40 104 104 
40 105 104 
40 106 104 
40 107 104 
40 108 111 
40 109 102 
40 110 90 
40 111 88 
40 112 93 
40 113 82 
40 114 66 
40 115 66 
40 116 97 
40 117 114 
40 118 129 
40 119 126 
41 0 249 
41 1 250 
41 2 252 
41 3 252 
41 4 252 
41 5 252 
41 6 252 
41 7 252 
41 8 252 
41 9 252 
41 10 252 
41 11 252 
41 12 252 
41 13 252 
41 14 252 
41 15 251 
41 16 251 
41 17 250 
41 18 250 
41 19 250 
41 20 252 
41 21 250 
41 22 249 
41 23 247 
41 24 246 
41 25 246 
41 26 246 
41 27 247 
41 28 247 
41 29 247 
41 30 246 
41 31 246 
41 32 244 
41 33 243 
41 34 242 
41 35 242 
41 36 245 
41 37 246 
41 38 247 
41 39 248 
41 40 248 
41 41 247 
41 42 246 
41 43 244 
41 44 251 
41 45 214 
41 46 88 
41 47 112 
41 48 107 
41 49 103 
41 50 113 
41 51 102 
41 52 105 
41 53 105 
41 54 105 
41 55 105 
41 56 105 
41 57 105 
41 58 105 
41 59 106 
41 60 106 
41 61 106 
41 62 106 
41 63 105 
41 64 105 
41 65 104 
41 66 104 
41 67 104 
41 68 105 
41 69 105 
41 70 105 
41 71 105 
41 72 105 
41 73 105 
41 74 105 
41 75 105 
41 76 104 
41 77 104 
41 78 104 
41 79 104 
41 80 104 
41 81 104 
41 82 104 
41 83 104 
41 84 103 
41 85 104 
41 86 103 
41 87 103 
41 88 103 
41 89 103 
41 90 103 
41 91 104 
41 92 105 
41 93 105 
41 94 105 
41 95 105 
41 96 104 
41 97 105 
41 98 104 
41 99 104 
41 100 106 
41 101 106 
41 102 106 
41 103 105 
41 104 105 
41 105 105 
41 106 105 
41 107 104 
41 108 86 
41 109 86 
41 110 77 
41 111 73 
41 112 81 
41 113 80 
41 114 74 
41 115 75 
41 116 81 
41 117 88 
41 118 101 
41 119 118 
42 0 252 
42 1 252 
42 2 252 
42 3 252 
42 4 252 
42 5 251 
42 6 250 
42 7 249 
42 8 250 
42 9 252 
42 10 252 
42 11 252 
42 12 248 
42 13 249 
42 14 252 
42 15 252 
42 16 252 
42 17 251 
42 18 251 
42 19 252 
42 20 245 
42 21 249 
42 22 251 
42 23 250 
42 24 248 
42 25 247 
42 26 245 
42 27 244 
42 28 246 
42 29 246 
42 30 246 
42 31 246 
42 32 246 
42 33 246 
42 34 246 
42 35 246 
42 36 246 
42 37 247 
42 38 247 
42 39 248 
42 40 248 
42 41 247 
42 42 247 
42 43 246 
42 44 253 
42 45 192 
42 46 94 
42 47 106 
42 48 107 
42 49 102 
42 50 109 
42 51 108 
42 52 105 
42 53 105 
42 54 105 
42 55 105 
42 56 106 
42 57 105 
42 58 105 
42 59 106 
42 60 105 
42 61 105 
42 62 105 
42 63 105 
42 64 105 
42 65 105 
42 66 105 
42 67 105 
42 68 106 
42 69 106 
42 70 106 
42 71 106 
42 72 106 
42 73 106 
42 74 106 
42 75 105 
42 76 104 
42 77 103 
42 78 103 
42 79 103 
42 80 103 
42 81 104 
42 82 104 
42 83 104 
42 84 106 
42 85 106 
42 86 104 
42 87 105 
42 88 105 
42 89 106 
42 90 105 
42 91 106 
42 92 100 
42 93 103 
42 94 105 
42 95 106 
42 96 105 
42 97 103 
42 98 103 
42 99 103 
42 100 101 
42 101 102 
42 102 103 
42 103 103 
42 104 103 
42 105 103 
42 106 102 
42 107 101 
42 108 71 
42 109 78 
42 110 85 
42 111 85 
42 112 79 
42 113 79 
42 114 84 
42 115 91 
42 116 104 
42 117 105 
42 118 113 
42 119 129 
43 0 252 
43 1 252 
43 2 252 
43 3 252 
43 4 252 
43 5 252 
43 6 252 
43 7 252 
43 8 251 
43 9 250 
43 10 250 
43 11 250 
43 12 252 
43 13 252 
43 14 252 
43 15 251 
43 16 250 
43 17 249 
43 18 249 
43 19 250 
43 20 252 
43 21 247 
43 22 245 
43 23 249 
43 24 249 
43 25 241 
43 26 239 
43 27 245 
43 28 245 
43 29 245 
43 30 246 
43 31 246 
43 32 246 
43 33 247 
43 34 247 
43 35 247 
43 36 246 
43 37 247 
43 38 247 
43 39 248 
43 40 248 
43 41 247 
43 42 247 
43 43 246 
43 44 253 
43 45 190 
43 46 93 
43 47 105 
43 48 108 
43 49 103 
43 50 108 
43 51 107 
43 52 105 
43 53 105 
43 54 105 
43 55 105 
43 56 106 
43 57 105 
43 58 106 
43 59 106 
43 60 105 
43 61 105 
43 62 105 
43 63 105 
43 64 105 
43 65 105 
43 66 105 
43 67 105 
43 68 106 
43 69 106 
43 70 106 
43 71 106 
43 72 106 
43 73 106 
43 74 106 
43 75 105 
43 76 103 
43 77 103 
43 78 103 
43 79 103 
43 80 103 
43 81 104 
43 82 104 
43 83 104 
43 84 103 
43 85 102 
43 86 101 
43 87 101 
43 88 103 
43 89 104 
43 90 105 
43 91 106 
43 92 106 
43 93 107 
43 94 108 
43 95 107 
43 96 105 
43 97 105 
43 98 108 
43 99 109 
43 100 109 
43 101 106 
43 102 103 
43 103 98 
43 104 92 
43 105 86 
43 106 81 
43 107 78 
43 108 78 
43 109 94 
43 110 116 
43 111 137 
43 112 152 
43 113 165 
43 114 177 
43 115 185 
43 116 181 
43 117 180 
43 118 184 
43 119 189 
44 0 252 
44 1 252 
44 2 252 
44 3 252 
44 4 250 
44 5 251 
44 6 252 
44 7 252 
44 8 252 
44 9 252 
44 10 252 
44 11 252 
44 12 250 
44 13 249 
44 14 248 
44 15 248 
44 16 250 
44 17 252 
44 18 252 
44 19 252 
44 20 245 
44 21 246 
44 22 247 
44 23 249 
44 24 250 
44 25 250 
44 26 247 
44 27 242 
44 28 245 
44 29 246 
44 30 246 
44 31 247 
44 32 247 
44 33 248 
44 34 248 
44 35 248 
44 36 246 
44 37 247 
44 38 247 
44 39 248 
44 40 248 
44 41 247 
44 42 247 
44 43 246 
44 44 253 
44 45 187 
44 46 92 
44 47 106 
44 48 109 
44 49 104 
44 50 108 
44 51 106 
44 52 105 
44 53 105 
44 54 105 
44 55 105 
44 56 105 
44 57 105 
44 58 106 
44 59 106 
44 60 105 
44 61 105 
44 62 105 
44 63 105 
44 64 105 
44 65 105 
44 66 105 
44 67 105 
44 68 106 
44 69 106 
44 70 106 
44 71 106 
44 72 106 
44 73 106 
44 74 106 
44 75 105 
44 76 103 
44 77 102 
44 78 103 
44 79 103 
44 80 103 
44 81 104 
44 82 104 
44 83 104 
44 84 108 
44 85 109 
44 86 110 
44 87 109 
44 88 109 
44 89 107 
44 90 105 
44 91 103 
44 92 103 
44 93 105 
44 94 106 
44 95 104 
44 96 98 
44 97 92 
44 98 89 
44 99 86 
44 100 89 
44 101 95 
44 102 109 
44 103 126 
44 104 144 
44 105 161 
44 106 174 
44 107 179 
44 108 195 
44 109 198 
44 110 199 
44 111 196 
44 112 189 
44 113 183 
44 114 176 
44 115 173 
44 116 175 
44 117 172 
44 118 172 
44 119 173 
45 0 251 
45 1 252 
45 2 251 
45 3 252 
45 4 250 
45 5 252 
45 6 252 
45 7 252 
45 8 252 
45 9 252 
45 10 252 
45 11 252 
45 12 252 
45 13 252 
45 14 250 
45 15 249 
45 16 250 
45 17 250 
45 18 249 
45 19 249 
45 20 243 
45 21 252 
45 22 252 
45 23 241 
45 24 240 
45 25 252 
45 26 252 
45 27 245 
45 28 248 
45 29 248 
45 30 248 
45 31 248 
45 32 248 
45 33 247 
45 34 247 
45 35 247 
45 36 246 
45 37 247 
45 38 247 
45 39 248 
45 40 248 
45 41 247 
45 42 247 
45 43 246 
45 44 249 
45 45 184 
45 46 91 
45 47 107 
45 48 110 
45 49 104 
45 50 108 
45 51 105 
45 52 105 
45 53 105 
45 54 105 
45 55 105 
45 56 105 
45 57 106 
45 58 106 
45 59 106 
45 60 106 
45 61 106 
45 62 106 
45 63 106 
45 64 106 
45 65 106 
45 66 106 
45 67 106 
45 68 106 
45 69 106 
45 70 106 
45 71 106 
45 72 106 
45 73 106 
45 74 106 
45 75 105 
45 76 104 
45 77 104 
45 78 104 
45 79 104 
45 80 105 
45 81 105 
45 82 105 
45 83 105 
45 84 101 
45 85 103 
45 86 107 
45 87 109 
45 88 109 
45 89 109 
45 90 108 
45 91 107 
45 92 101 
45 93 96 
45 94 90 
45 95 90 
45 96 99 
45 97 121 
45 98 146 
45 99 162 
45 100 185 
45 101 185 
45 102 185 
45 103 183 
45 104 182 
45 105 180 
45 106 179 
45 107 177 
45 108 166 
45 109 165 
45 110 166 
45 111 167 
45 112 171 
45 113 175 
45 114 179 
45 115 180 
45 116 176 
45 117 175 
45 118 175 
45 119 177 
46 0 252 
46 1 251 
46 2 252 
46 3 251 
46 4 252 
46 5 252 
46 6 252 
46 7 250 
46 8 251 
46 9 249 
46 10 250 
46 11 251 
46 12 248 
46 13 248 
46 14 251 
46 15 252 
46 16 252 
46 17 252 
46 18 252 
46 19 252 
46 20 242 
46 21 246 
46 22 246 
46 23 240 
46 24 237 
46 25 244 
46 26 251 
46 27 252 
46 28 250 
46 29 250 
46 30 249 
46 31 249 
46 32 248 
46 33 247 
46 34 246 
46 35 246 
46 36 246 
46 37 247 
46 38 247 
46 39 248 
46 40 248 
46 41 247 
46 42 247 
46 43 246 
46 44 248 
46 45 183 
46 46 91 
46 47 107 
46 48 110 
46 49 105 
46 50 108 
46 51 105 
46 52 105 
46 53 105 
46 54 105 
46 55 106 
46 56 105 
46 57 106 
46 58 106 
46 59 106 
46 60 106 
46 61 106 
46 62 106 
46 63 106 
46 64 106 
46 65 106 
46 66 106 
46 67 106 
46 68 106 
46 69 106 
46 70 106 
46 71 106 
46 72 106 
46 73 106 
46 74 106 
46 75 105 
46 76 104 
46 77 105 
46 78 104 
46 79 104 
46 80 104 
46 81 105 
46 82 105 
46 83 105 
46 84 108 
46 85 108 
46 86 104 
46 87 97 
46 88 93 
46 89 93 
46 90 96 
46 91 100 
46 92 99 
46 93 118 
46 94 147 
46 95 173 
46 96 186 
46 97 188 
46 98 184 
46 99 180 
46 100 182 
46 101 182 
46 102 182 
46 103 181 
46 104 180 
46 105 178 
46 106 177 
46 107 176 
46 108 180 
46 109 175 
46 110 170 
46 111 166 
46 112 167 
46 113 168 
46 114 168 
46 115 167 
46 116 162 
46 117 164 
46 118 164 
46 119 164 
47 0 252 
47 1 252 
47 2 252 
47 3 252 
47 4 250 
47 5 251 
47 6 252 
47 7 252 
47 8 253 
47 9 253 
47 10 253 
47 11 253 
47 12 253 
47 13 253 
47 14 252 
47 15 252 
47 16 251 
47 17 246 
47 18 236 
47 19 229 
47 20 187 
47 21 186 
47 22 211 
47 23 249 
47 24 252 
47 25 243 
47 26 240 
47 27 252 
47 28 251 
47 29 251 
47 30 250 
47 31 249 
47 32 249 
47 33 248 
47 34 247 
47 35 246 
47 36 246 
47 37 247 
47 38 247 
47 39 248 
47 40 248 
47 41 247 
47 42 247 
47 43 246 
47 44 248 
47 45 184 
47 46 92 
47 47 107 
47 48 110 
47 49 105 
47 50 109 
47 51 106 
47 52 105 
47 53 105 
47 54 105 
47 55 106 
47 56 105 
47 57 106 
47 58 106 
47 59 106 
47 60 107 
47 61 107 
47 62 107 
47 63 107 
47 64 107 
47 65 107 
47 66 107 
47 67 107 
47 68 106 
47 69 106 
47 70 106 
47 71 106 
47 72 106 
47 73 106 
47 74 106 
47 75 106 
47 76 106 
47 77 106 
47 78 106 
47 79 107 
47 80 106 
47 81 106 
47 82 106 
47 83 106 
47 84 98 
47 85 98 
47 86 98 
47 87 99 
47 88 105 
47 89 118 
47 90 135 
47 91 147 
47 92 188 
47 93 188 
47 94 186 
47 95 183 
47 96 180 
47 97 179 
47 98 180 
47 99 181 
47 100 168 
47 101 168 
47 102 168 
47 103 167 
47 104 166 
47 105 165 
47 106 164 
47 107 163 
47 108 160 
47 109 159 
47 110 159 
47 111 159 
47 112 159 
47 113 157 
47 114 154 
47 115 152 
47 116 164 
47 117 166 
47 118 165 
47 119 161 
48 0 251 
48 1 252 
48 2 251 
48 3 252 
48 4 247 
48 5 250 
48 6 252 
48 7 253 
48 8 253 
48 9 250 
48 10 245 
48 11 243 
48 12 252 
48 13 244 
48 14 229 
48 15 213 
48 16 197 
48 17 178 
48 18 159 
48 19 146 
48 20 122 
48 21 131 
48 22 165 
48 23 215 
48 24 246 
48 25 248 
48 26 245 
48 27 248 
48 28 249 
48 29 249 
48 30 249 
48 31 249 
48 32 249 
48 33 249 
48 34 249 
48 35 249 
48 36 246 
48 37 247 
48 38 247 
48 39 248 
48 40 248 
48 41 247 
48 42 247 
48 43 246 
48 44 251 
48 45 187 
48 46 93 
48 47 108 
48 48 110 
48 49 105 
48 50 109 
48 51 107 
48 52 105 
48 53 105 
48 54 105 
48 55 106 
48 56 105 
48 57 106 
48 58 106 
48 59 106 
48 60 107 
48 61 107 
48 62 107 
48 63 107 
48 64 107 
48 65 107 
48 66 107 
48 67 107 
48 68 106 
48 69 106 
48 70 106 
48 71 106 
48 72 106 
48 73 106 
48 74 106 
48 75 105 
48 76 107 
48 77 107 
48 78 106 
48 79 107 
48 80 106 
48 81 107 
48 82 106 
48 83 105 
48 84 89 
48 85 101 
48 86 120 
48 87 139 
48 88 158 
48 89 176 
48 90 193 
48 91 205 
48 92 179 
48 93 182 
48 94 182 
48 95 180 
48 96 174 
48 97 169 
48 98 165 
48 99 162 
48 100 172 
48 101 171 
48 102 170 
48 103 168 
48 104 165 
48 105 162 
48 106 159 
48 107 158 
48 108 161 
48 109 163 
48 110 164 
48 111 166 
48 112 165 
48 113 165 
48 114 165 
48 115 166 
48 116 162 
48 117 166 
48 118 164 
48 119 156 
49 0 251 
49 1 251 
49 2 251 
49 3 251 
49 4 253 
49 5 253 
49 6 253 
49 7 248 
49 8 237 
49 9 221 
49 10 206 
49 11 197 
49 12 169 
49 13 163 
49 14 153 
49 15 147 
49 16 141 
49 17 133 
49 18 123 
49 19 116 
49 20 110 
49 21 126 
49 22 137 
49 23 151 
49 24 192 
49 25 242 
49 26 252 
49 27 246 
49 28 247 
49 29 247 
49 30 248 
49 31 249 
49 32 250 
49 33 251 
49 34 252 
49 35 252 
49 36 246 
49 37 247 
49 38 247 
49 39 248 
49 40 248 
49 41 247 
49 42 247 
49 43 245 
49 44 253 
49 45 188 
49 46 94 
49 47 109 
49 48 110 
49 49 105 
49 50 110 
49 51 108 
49 52 105 
49 53 105 
49 54 105 
49 55 105 
49 56 105 
49 57 105 
49 58 106 
49 59 106 
49 60 106 
49 61 106 
49 62 106 
49 63 106 
49 64 106 
49 65 107 
49 66 107 
49 67 106 
49 68 105 
49 69 105 
49 70 105 
49 71 106 
49 72 106 
49 73 106 
49 74 106 
49 75 106 
49 76 106 
49 77 106 
49 78 107 
49 79 106 
49 80 106 
49 81 105 
49 82 105 
49 83 104 
49 84 152 
49 85 166 
49 86 186 
49 87 196 
49 88 193 
49 89 183 
49 90 171 
49 91 165 
49 92 168 
49 93 168 
49 94 169 
49 95 168 
49 96 166 
49 97 166 
49 98 167 
49 99 169 
49 100 161 
49 101 162 
49 102 162 
49 103 162 
49 104 160 
49 105 159 
49 106 158 
49 107 157 
49 108 163 
49 109 160 
49 110 156 
49 111 151 
49 112 148 
49 113 149 
49 114 156 
49 115 160 
49 116 156 
49 117 160 
49 118 159 
49 119 152 
50 0 249 
50 1 248 
50 2 248 
50 3 248 
50 4 202 
50 5 194 
50 6 181 
50 7 167 
50 8 155 
50 9 148 
50 10 144 
50 11 143 
50 12 139 
50 13 145 
50 14 133 
50 15 126 
50 16 131 
50 17 118 
50 18 112 
50 19 130 
50 20 137 
50 21 122 
50 22 136 
50 23 139 
50 24 142 
50 25 172 
50 26 212 
50 27 253 
50 28 246 
50 29 244 
50 30 238 
50 31 245 
50 32 252 
50 33 252 
50 34 245 
50 35 246 
50 36 250 
50 37 249 
50 38 247 
50 39 246 
50 40 246 
50 41 249 
50 42 250 
50 43 252 
50 44 252 
50 45 188 
50 46 91 
50 47 113 
50 48 107 
50 49 115 
50 50 104 
50 51 109 
50 52 107 
50 53 107 
50 54 107 
50 55 106 
50 56 105 
50 57 105 
50 58 104 
50 59 104 
50 60 107 
50 61 106 
50 62 106 
50 63 104 
50 64 102 
50 65 104 
50 66 106 
50 67 110 
50 68 102 
50 69 104 
50 70 105 
50 71 103 
50 72 99 
50 73 101 
50 74 105 
50 75 110 
50 76 110 
50 77 103 
50 78 95 
50 79 95 
50 80 110 
50 81 137 
50 82 167 
50 83 188 
50 84 197 
50 85 188 
50 86 174 
50 87 165 
50 88 163 
50 89 165 
50 90 170 
50 91 173 
50 92 169 
50 93 167 
50 94 165 
50 95 164 
50 96 163 
50 97 163 
50 98 164 
50 99 165 
50 100 158 
50 101 158 
50 102 159 
50 103 159 
50 104 159 
50 105 159 
50 106 158 
50 107 158 
50 108 156 
50 109 153 
50 110 150 
50 111 151 
50 112 155 
50 113 156 
50 114 156 
50 115 154 
50 116 158 
50 117 158 
50 118 157 
50 119 158 
51 0 220 
51 1 197 
51 2 172 
51 3 155 
51 4 143 
51 5 143 
51 6 143 
51 7 141 
51 8 137 
51 9 132 
51 10 127 
51 11 123 
51 12 129 
51 13 135 
51 14 125 
51 15 118 
51 16 127 
51 17 131 
51 18 148 
51 19 180 
51 20 171 
51 21 142 
51 22 145 
51 23 140 
51 24 125 
51 25 133 
51 26 163 
51 27 209 
51 28 230 
51 29 249 
51 30 243 
51 31 220 
51 32 222 
51 33 244 
51 34 252 
51 35 252 
51 36 249 
51 37 249 
51 38 248 
51 39 247 
51 40 245 
51 41 244 
51 42 243 
51 43 242 
51 44 252 
51 45 193 
51 46 92 
51 47 113 
51 48 106 
51 49 113 
51 50 104 
51 51 108 
51 52 107 
51 53 107 
51 54 107 
51 55 106 
51 56 106 
51 57 105 
51 58 104 
51 59 103 
51 60 101 
51 61 103 
51 62 106 
51 63 106 
51 64 106 
51 65 106 
51 66 105 
51 67 105 
51 68 106 
51 69 108 
51 70 110 
51 71 111 
51 72 110 
51 73 108 
51 74 106 
51 75 105 
51 76 84 
51 77 106 
51 78 136 
51 79 161 
51 80 178 
51 81 185 
51 82 190 
51 83 192 
51 84 170 
51 85 169 
51 86 167 
51 87 167 
51 88 168 
51 89 167 
51 90 165 
51 91 163 
51 92 165 
51 93 164 
51 94 162 
51 95 159 
51 96 158 
51 97 158 
51 98 157 
51 99 156 
51 100 156 
51 101 157 
51 102 157 
51 103 156 
51 104 156 
51 105 155 
51 106 155 
51 107 155 
51 108 153 
51 109 151 
51 110 149 
51 111 150 
51 112 153 
51 113 155 
51 114 155 
51 115 153 
51 116 161 
51 117 159 
51 118 158 
51 119 159 
52 0 142 
52 1 140 
52 2 136 
52 3 133 
52 4 135 
52 5 132 
52 6 129 
52 7 127 
52 8 129 
52 9 132 
52 10 137 
52 11 140 
52 12 136 
52 13 156 
52 14 169 
52 15 180 
52 16 192 
52 17 203 
52 18 221 
52 19 249 
52 20 224 
52 21 161 
52 22 136 
52 23 131 
52 24 127 
52 25 128 
52 26 134 
52 27 158 
52 28 204 
52 29 236 
52 30 244 
52 31 218 
52 32 209 
52 33 230 
52 34 250 
52 35 250 
52 36 248 
52 37 247 
52 38 248 
52 39 247 
52 40 246 
52 41 246 
52 42 246 
52 43 246 
52 44 252 
52 45 201 
52 46 93 
52 47 110 
52 48 105 
52 49 112 
52 50 105 
52 51 106 
52 52 107 
52 53 106 
52 54 106 
52 55 106 
52 56 105 
52 57 105 
52 58 104 
52 59 103 
52 60 105 
52 61 105 
52 62 104 
52 63 106 
52 64 105 
52 65 105 
52 66 101 
52 67 99 
52 68 108 
52 69 102 
52 70 96 
52 71 100 
52 72 107 
52 73 108 
52 74 99 
52 75 89 
52 76 151 
52 77 168 
52 78 189 
52 79 198 
52 80 191 
52 81 178 
52 82 167 
52 83 163 
52 84 161 
52 85 162 
52 86 165 
52 87 169 
52 88 171 
52 89 170 
52 90 164 
52 91 159 
52 92 161 
52 93 160 
52 94 160 
52 95 159 
52 96 158 
52 97 155 
52 98 154 
52 99 152 
52 100 154 
52 101 154 
52 102 153 
52 103 153 
52 104 153 
52 105 152 
52 106 151 
52 107 150 
52 108 150 
52 109 149 
52 110 148 
52 111 149 
52 112 151 
52 113 153 
52 114 154 
52 115 153 
52 116 154 
52 117 152 
52 118 150 
52 119 150 
53 0 130 
53 1 129 
53 2 127 
53 3 125 
53 4 132 
53 5 131 
53 6 129 
53 7 130 
53 8 136 
53 9 144 
53 10 153 
53 11 159 
53 12 213 
53 13 231 
53 14 248 
53 15 253 
53 16 253 
53 17 245 
53 18 241 
53 19 247 
53 20 253 
53 21 194 
53 22 163 
53 23 149 
53 24 144 
53 25 144 
53 26 134 
53 27 137 
53 28 175 
53 29 201 
53 30 233 
53 31 244 
53 32 235 
53 33 232 
53 34 238 
53 35 239 
53 36 251 
53 37 250 
53 38 249 
53 39 248 
53 40 248 
53 41 248 
53 42 249 
53 43 251 
53 44 252 
53 45 214 
53 46 97 
53 47 108 
53 48 105 
53 49 109 
53 50 106 
53 51 106 
53 52 108 
53 53 108 
53 54 107 
53 55 107 
53 56 107 
53 57 105 
53 58 105 
53 59 105 
53 60 107 
53 61 105 
53 62 103 
53 63 104 
53 64 106 
53 65 108 
53 66 108 
53 67 107 
53 68 104 
53 69 112 
53 70 112 
53 71 96 
53 72 83 
53 73 102 
53 74 149 
53 75 189 
53 76 191 
53 77 189 
53 78 185 
53 79 175 
53 80 163 
53 81 159 
53 82 160 
53 83 165 
53 84 168 
53 85 166 
53 86 164 
53 87 164 
53 88 164 
53 89 163 
53 90 162 
53 91 160 
53 92 159 
53 93 159 
53 94 160 
53 95 160 
53 96 160 
53 97 158 
53 98 156 
53 99 155 
53 100 150 
53 101 150 
53 102 150 
53 103 148 
53 104 147 
53 105 146 
53 106 146 
53 107 146 
53 108 147 
53 109 147 
53 110 147 
53 111 147 
53 112 149 
53 113 151 
53 114 152 
53 115 152 
53 116 147 
53 117 145 
53 118 143 
53 119 142 
54 0 123 
54 1 126 
54 2 132 
54 3 137 
54 4 154 
54 5 167 
54 6 188 
54 7 212 
54 8 232 
54 9 246 
54 10 253 
54 11 253 
54 12 253 
54 13 253 
54 14 253 
54 15 253 
54 16 249 
54 17 244 
54 18 240 
54 19 233 
54 20 253 
54 21 237 
54 22 232 
54 23 202 
54 24 170 
54 25 158 
54 26 142 
54 27 138 
54 28 147 
54 29 162 
54 30 201 
54 31 232 
54 32 236 
54 33 239 
54 34 241 
54 35 231 
54 36 240 
54 37 243 
54 38 247 
54 39 250 
54 40 250 
54 41 249 
54 42 247 
54 43 244 
54 44 251 
54 45 226 
54 46 100 
54 47 107 
54 48 105 
54 49 107 
54 50 108 
54 51 106 
54 52 108 
54 53 108 
54 54 108 
54 55 107 
54 56 107 
54 57 106 
54 58 105 
54 59 105 
54 60 103 
54 61 104 
54 62 105 
54 63 108 
54 64 110 
54 65 110 
54 66 108 
54 67 107 
54 68 104 
54 69 91 
54 70 89 
54 71 115 
54 72 157 
54 73 187 
54 74 193 
54 75 186 
54 76 172 
54 77 169 
54 78 165 
54 79 162 
54 80 164 
54 81 164 
54 82 164 
54 83 163 
54 84 167 
54 85 163 
54 86 159 
54 87 156 
54 88 156 
54 89 157 
54 90 157 
54 91 156 
54 92 159 
54 93 160 
54 94 160 
54 95 159 
54 96 157 
54 97 154 
54 98 153 
54 99 151 
54 100 146 
54 101 146 
54 102 144 
54 103 143 
54 104 143 
54 105 143 
54 106 143 
54 107 144 
54 108 145 
54 109 145 
54 110 146 
54 111 146 
54 112 146 
54 113 147 
54 114 149 
54 115 151 
54 116 149 
54 117 146 
54 118 144 
54 119 144 
55 0 152 
55 1 170 
55 2 195 
55 3 213 
55 4 250 
55 5 252 
55 6 252 
55 7 252 
55 8 252 
55 9 248 
55 10 243 
55 11 239 
55 12 238 
55 13 232 
55 14 236 
55 15 243 
55 16 243 
55 17 251 
55 18 250 
55 19 235 
55 20 251 
55 21 251 
55 22 252 
55 23 241 
55 24 213 
55 25 202 
55 26 174 
55 27 153 
55 28 138 
55 29 138 
55 30 158 
55 31 173 
55 32 185 
55 33 220 
55 34 241 
55 35 225 
55 36 210 
55 37 219 
55 38 233 
55 39 246 
55 40 252 
55 41 252 
55 42 249 
55 43 245 
55 44 252 
55 45 239 
55 46 106 
55 47 105 
55 48 105 
55 49 106 
55 50 111 
55 51 107 
55 52 109 
55 53 108 
55 54 108 
55 55 108 
55 56 107 
55 57 106 
55 58 106 
55 59 106 
55 60 102 
55 61 106 
55 62 109 
55 63 109 
55 64 104 
55 65 99 
55 66 96 
55 67 94 
55 68 90 
55 69 122 
55 70 162 
55 71 187 
55 72 187 
55 73 176 
55 74 168 
55 75 164 
55 76 168 
55 77 166 
55 78 166 
55 79 169 
55 80 171 
55 81 166 
55 82 157 
55 83 147 
55 84 160 
55 85 157 
55 86 156 
55 87 156 
55 88 157 
55 89 157 
55 90 155 
55 91 153 
55 92 157 
55 93 156 
55 94 156 
55 95 153 
55 96 149 
55 97 146 
55 98 143 
55 99 141 
55 100 143 
55 101 142 
55 102 140 
55 103 139 
55 104 139 
55 105 140 
55 106 141 
55 107 143 
55 108 144 
55 109 145 
55 110 146 
55 111 145 
55 112 144 
55 113 144 
55 114 146 
55 115 148 
55 116 148 
55 117 146 
55 118 144 
55 119 144 
56 0 245 
56 1 249 
56 2 252 
56 3 252 
56 4 252 
56 5 252 
56 6 248 
56 7 245 
56 8 246 
56 9 250 
56 10 252 
56 11 252 
56 12 247 
56 13 239 
56 14 248 
56 15 252 
56 16 251 
56 17 252 
56 18 246 
56 19 220 
56 20 252 
56 21 240 
56 22 249 
56 23 247 
56 24 245 
56 25 248 
56 26 221 
56 27 199 
56 28 176 
56 29 147 
56 30 142 
56 31 143 
56 32 143 
56 33 180 
56 34 222 
56 35 224 
56 36 213 
56 37 219 
56 38 228 
56 39 238 
56 40 246 
56 41 250 
56 42 251 
56 43 251 
56 44 252 
56 45 250 
56 46 109 
56 47 105 
56 48 106 
56 49 105 
56 50 114 
56 51 107 
56 52 109 
56 53 109 
56 54 108 
56 55 107 
56 56 107 
56 57 106 
56 58 106 
56 59 106 
56 60 106 
56 61 108 
56 62 107 
56 63 104 
56 64 102 
56 65 107 
56 66 118 
56 67 128 
56 68 181 
56 69 183 
56 70 185 
56 71 181 
56 72 174 
56 73 169 
56 74 167 
56 75 167 
56 76 163 
56 77 162 
56 78 161 
56 79 161 
56 80 162 
56 81 163 
56 82 162 
56 83 159 
56 84 156 
56 85 154 
56 86 152 
56 87 152 
56 88 153 
56 89 154 
56 90 153 
56 91 151 
56 92 149 
56 93 148 
56 94 146 
56 95 144 
56 96 142 
56 97 140 
56 98 140 
56 99 139 
56 100 139 
56 101 138 
56 102 137 
56 103 136 
56 104 137 
56 105 139 
56 106 141 
56 107 143 
56 108 143 
56 109 145 
56 110 146 
56 111 144 
56 112 141 
56 113 141 
56 114 143 
56 115 145 
56 116 143 
56 117 142 
56 118 141 
56 119 141 
57 0 251 
57 1 252 
57 2 252 
57 3 252 
57 4 249 
57 5 249 
57 6 250 
57 7 250 
57 8 250 
57 9 249 
57 10 249 
57 11 249 
57 12 249 
57 13 240 
57 14 248 
57 15 252 
57 16 246 
57 17 252 
57 18 251 
57 19 227 
57 20 252 
57 21 235 
57 22 246 
57 23 248 
57 24 246 
57 25 252 
57 26 249 
57 27 252 
57 28 231 
57 29 172 
57 30 154 
57 31 160 
57 32 143 
57 33 152 
57 34 200 
57 35 229 
57 36 250 
57 37 246 
57 38 239 
57 39 234 
57 40 234 
57 41 238 
57 42 245 
57 43 250 
57 44 252 
57 45 253 
57 46 112 
57 47 105 
57 48 106 
57 49 106 
57 50 115 
57 51 108 
57 52 109 
57 53 109 
57 54 109 
57 55 107 
57 56 108 
57 57 106 
57 58 105 
57 59 106 
57 60 105 
57 61 104 
57 62 102 
57 63 100 
57 64 110 
57 65 136 
57 66 173 
57 67 199 
57 68 181 
57 69 177 
57 70 173 
57 71 169 
57 72 166 
57 73 166 
57 74 166 
57 75 165 
57 76 163 
57 77 161 
57 78 159 
57 79 154 
57 80 149 
57 81 148 
57 82 151 
57 83 155 
57 84 156 
57 85 150 
57 86 143 
57 87 139 
57 88 139 
57 89 142 
57 90 145 
57 91 147 
57 92 140 
57 93 139 
57 94 137 
57 95 137 
57 96 138 
57 97 140 
57 98 142 
57 99 143 
57 100 137 
57 101 136 
57 102 135 
57 103 135 
57 104 136 
57 105 139 
57 106 141 
57 107 143 
57 108 143 
57 109 144 
57 110 145 
57 111 143 
57 112 139 
57 113 138 
57 114 140 
57 115 143 
57 116 141 
57 117 140 
57 118 140 
57 119 140 
58 0 248 
58 1 249 
58 2 249 
58 3 250 
58 4 250 
58 5 251 
58 6 251 
58 7 252 
58 8 252 
58 9 251 
58 10 251 
58 11 250 
58 12 252 
58 13 252 
58 14 248 
58 15 246 
58 16 248 
58 17 251 
58 18 246 
58 19 238 
58 20 249 
58 21 248 
58 22 244 
58 23 243 
58 24 242 
58 25 242 
58 26 240 
58 27 238 
58 28 250 
58 29 233 
58 30 208 
58 31 181 
58 32 154 
58 33 139 
58 34 146 
58 35 162 
58 36 177 
58 37 217 
58 38 237 
58 39 230 
58 40 229 
58 41 235 
58 42 240 
58 43 247 
58 44 239 
58 45 253 
58 46 136 
58 47 86 
58 48 123 
58 49 97 
58 50 106 
58 51 114 
58 52 110 
58 53 101 
58 54 100 
58 55 109 
58 56 112 
58 57 108 
58 58 108 
58 59 112 
58 60 95 
58 61 96 
58 62 112 
58 63 146 
58 64 183 
58 65 197 
58 66 183 
58 67 164 
58 68 173 
58 69 171 
58 70 171 
58 71 171 
58 72 170 
58 73 167 
58 74 165 
58 75 162 
58 76 157 
58 77 157 
58 78 158 
58 79 157 
58 80 157 
58 81 156 
58 82 154 
58 83 153 
58 84 151 
58 85 149 
58 86 146 
58 87 143 
58 88 140 
58 89 139 
58 90 139 
58 91 139 
58 92 137 
58 93 137 
58 94 138 
58 95 138 
58 96 140 
58 97 141 
58 98 142 
58 99 142 
58 100 138 
58 101 136 
58 102 132 
58 103 130 
58 104 130 
58 105 132 
58 106 135 
58 107 137 
58 108 134 
58 109 135 
58 110 138 
58 111 140 
58 112 142 
58 113 142 
58 114 142 
58 115 141 
58 116 137 
58 117 137 
58 118 137 
58 119 136 
59 0 249 
59 1 249 
59 2 250 
59 3 250 
59 4 249 
59 5 250 
59 6 250 
59 7 251 
59 8 251 
59 9 250 
59 10 250 
59 11 249 
59 12 252 
59 13 252 
59 14 249 
59 15 247 
59 16 249 
59 17 252 
59 18 248 
59 19 241 
59 20 251 
59 21 249 
59 22 246 
59 23 245 
59 24 244 
59 25 244 
59 26 242 
59 27 240 
59 28 249 
59 29 243 
59 30 247 
59 31 248 
59 32 214 
59 33 163 
59 34 145 
59 35 159 
59 36 164 
59 37 165 
59 38 180 
59 39 216 
59 40 243 
59 41 239 
59 42 237 
59 43 252 
59 44 252 
59 45 240 
59 46 187 
59 47 97 
59 48 88 
59 49 129 
59 50 116 
59 51 96 
59 52 98 
59 53 116 
59 54 117 
59 55 101 
59 56 99 
59 57 112 
59 58 106 
59 59 83 
59 60 112 
59 61 139 
59 62 172 
59 63 188 
59 64 182 
59 65 173 
59 66 172 
59 67 177 
59 68 172 
59 69 170 
59 70 168 
59 71 168 
59 72 167 
59 73 164 
59 74 160 
59 75 157 
59 76 154 
59 77 155 
59 78 156 
59 79 156 
59 80 153 
59 81 150 
59 82 147 
59 83 145 
59 84 141 
59 85 141 
59 86 140 
59 87 140 
59 88 140 
59 89 141 
59 90 141 
59 91 142 
59 92 139 
59 93 137 
59 94 135 
59 95 134 
59 96 134 
59 97 136 
59 98 138 
59 99 140 
59 100 140 
59 101 139 
59 102 137 
59 103 136 
59 104 136 
59 105 138 
59 106 141 
59 107 143 
59 108 136 
59 109 136 
59 110 136 
59 111 137 
59 112 136 
59 113 136 
59 114 135 
59 115 135 
59 116 137 
59 117 137 
59 118 136 
59 119 136 
60 0 250 
60 1 250 
60 2 251 
60 3 251 
60 4 248 
60 5 249 
60 6 250 
60 7 250 
60 8 250 
60 9 250 
60 10 249 
60 11 248 
60 12 251 
60 13 252 
60 14 250 
60 15 248 
60 16 250 
60 17 252 
60 18 250 
60 19 244 
60 20 252 
60 21 249 
60 22 247 
60 23 246 
60 24 246 
60 25 245 
60 26 244 
60 27 242 
60 28 238 
60 29 232 
60 30 240 
60 31 253 
60 32 245 
60 33 201 
60 34 158 
60 35 138 
60 36 134 
60 37 147 
60 38 158 
60 39 174 
60 40 195 
60 41 204 
60 42 212 
60 43 227 
60 44 231 
60 45 253 
60 46 235 
60 47 194 
60 48 117 
60 49 77 
60 50 106 
60 51 125 
60 52 113 
60 53 104 
60 54 107 
60 55 116 
60 56 103 
60 57 86 
60 58 101 
60 59 134 
60 60 168 
60 61 177 
60 62 186 
60 63 185 
60 64 175 
60 65 170 
60 66 173 
60 67 180 
60 68 170 
60 69 168 
60 70 166 
60 71 163 
60 72 162 
60 73 159 
60 74 155 
60 75 152 
60 76 152 
60 77 154 
60 78 154 
60 79 153 
60 80 149 
60 81 145 
60 82 141 
60 83 139 
60 84 141 
60 85 141 
60 86 142 
60 87 144 
60 88 144 
60 89 145 
60 90 145 
60 91 145 
60 92 141 
60 93 138 
60 94 134 
60 95 131 
60 96 131 
60 97 133 
60 98 135 
60 99 138 
60 100 138 
60 101 137 
60 102 136 
60 103 136 
60 104 136 
60 105 136 
60 106 137 
60 107 138 
60 108 134 
60 109 133 
60 110 133 
60 111 132 
60 112 131 
60 113 131 
60 114 131 
60 115 131 
60 116 136 
60 117 135 
60 118 135 
60 119 135 
61 0 250 
61 1 251 
61 2 251 
61 3 252 
61 4 249 
61 5 250 
61 6 250 
61 7 251 
61 8 251 
61 9 250 
61 10 250 
61 11 249 
61 12 250 
61 13 252 
61 14 251 
61 15 249 
61 16 251 
61 17 252 
61 18 252 
61 19 247 
61 20 251 
61 21 249 
61 22 247 
61 23 246 
61 24 246 
61 25 246 
61 26 244 
61 27 243 
61 28 240 
61 29 244 
61 30 242 
61 31 239 
61 32 247 
61 33 247 
61 34 218 
61 35 180 
61 36 150 
61 37 158 
61 38 150 
61 39 139 
61 40 146 
61 41 163 
61 42 187 
61 43 212 
61 44 220 
61 45 252 
61 46 231 
61 47 253 
61 48 238 
61 49 142 
61 50 93 
61 51 105 
61 52 106 
61 53 111 
61 54 104 
61 55 93 
61 56 100 
61 57 130 
61 58 161 
61 59 177 
61 60 191 
61 61 180 
61 62 168 
61 63 165 
61 64 171 
61 65 174 
61 66 172 
61 67 168 
61 68 167 
61 69 164 
61 70 161 
61 71 160 
61 72 159 
61 73 157 
61 74 153 
61 75 151 
61 76 154 
61 77 153 
61 78 151 
61 79 148 
61 80 145 
61 81 143 
61 82 141 
61 83 140 
61 84 143 
61 85 144 
61 86 144 
61 87 144 
61 88 143 
61 89 141 
61 90 139 
61 91 137 
61 92 138 
61 93 136 
61 94 134 
61 95 132 
61 96 132 
61 97 134 
61 98 136 
61 99 137 
61 100 136 
61 101 136 
61 102 136 
61 103 135 
61 104 134 
61 105 133 
61 106 132 
61 107 131 
61 108 130 
61 109 129 
61 110 128 
61 111 128 
61 112 128 
61 113 130 
61 114 132 
61 115 133 
61 116 133 
61 117 132 
61 118 132 
61 119 132 
62 0 250 
62 1 251 
62 2 251 
62 3 252 
62 4 251 
62 5 252 
62 6 252 
62 7 252 
62 8 252 
62 9 252 
62 10 252 
62 11 251 
62 12 249 
62 13 252 
62 14 252 
62 15 250 
62 16 250 
62 17 252 
62 18 252 
62 19 249 
62 20 249 
62 21 248 
62 22 245 
62 23 244 
62 24 245 
62 25 245 
62 26 244 
62 27 242 
62 28 241 
62 29 252 
62 30 252 
62 31 241 
62 32 238 
62 33 251 
62 34 252 
62 35 246 
62 36 218 
62 37 176 
62 38 139 
62 39 139 
62 40 149 
62 41 149 
62 42 173 
62 43 217 
62 44 235 
62 45 231 
62 46 241 
62 47 237 
62 48 254 
62 49 253 
62 50 119 
62 51 104 
62 52 108 
62 53 104 
62 54 100 
62 55 112 
62 56 146 
62 57 183 
62 58 195 
62 59 189 
62 60 168 
62 61 172 
62 62 175 
62 63 175 
62 64 169 
62 65 163 
62 66 161 
62 67 159 
62 68 161 
62 69 158 
62 70 155 
62 71 154 
62 72 154 
62 73 155 
62 74 152 
62 75 150 
62 76 151 
62 77 147 
62 78 144 
62 79 141 
62 80 139 
62 81 140 
62 82 142 
62 83 144 
62 84 137 
62 85 137 
62 86 137 
62 87 136 
62 88 134 
62 89 131 
62 90 128 
62 91 126 
62 92 129 
62 93 131 
62 94 132 
62 95 133 
62 96 134 
62 97 134 
62 98 134 
62 99 134 
62 100 133 
62 101 134 
62 102 134 
62 103 135 
62 104 136 
62 105 135 
62 106 134 
62 107 134 
62 108 132 
62 109 131 
62 110 129 
62 111 128 
62 112 128 
62 113 130 
62 114 131 
62 115 132 
62 116 130 
62 117 130 
62 118 129 
62 119 129 
63 0 250 
63 1 250 
63 2 251 
63 3 251 
63 4 252 
63 5 252 
63 6 252 
63 7 252 
63 8 252 
63 9 252 
63 10 252 
63 11 252 
63 12 248 
63 13 252 
63 14 252 
63 15 250 
63 16 249 
63 17 252 
63 18 252 
63 19 249 
63 20 249 
63 21 247 
63 22 245 
63 23 244 
63 24 245 
63 25 245 
63 26 244 
63 27 243 
63 28 245 
63 29 239 
63 30 239 
63 31 243 
63 32 243 
63 33 238 
63 34 241 
63 35 251 
63 36 251 
63 37 226 
63 38 187 
63 39 161 
63 40 150 
63 41 142 
63 42 152 
63 43 178 
63 44 206 
63 45 209 
63 46 244 
63 47 249 
63 48 231 
63 49 250 
63 50 144 
63 51 100 
63 52 106 
63 53 107 
63 54 137 
63 55 179 
63 56 194 
63 57 178 
63 58 174 
63 59 187 
63 60 172 
63 61 174 
63 62 175 
63 63 170 
63 64 161 
63 65 155 
63 66 155 
63 67 158 
63 68 156 
63 69 154 
63 70 150 
63 71 149 
63 72 150 
63 73 150 
63 74 148 
63 75 147 
63 76 144 
63 77 141 
63 78 137 
63 79 135 
63 80 134 
63 81 136 
63 82 139 
63 83 141 
63 84 132 
63 85 132 
63 86 132 
63 87 132 
63 88 131 
63 89 130 
63 90 128 
63 91 128 
63 92 121 
63 93 123 
63 94 126 
63 95 129 
63 96 130 
63 97 130 
63 98 129 
63 99 128 
63 100 123 
63 101 125 
63 102 126 
63 103 129 
63 104 131 
63 105 133 
63 106 134 
63 107 134 
63 108 134 
63 109 133 
63 110 131 
63 111 129 
63 112 127 
63 113 126 
63 114 125 
63 115 125 
63 116 126 
63 117 126 
63 118 126 
63 119 126 
64 0 249 
64 1 249 
64 2 250 
64 3 250 
64 4 251 
64 5 252 
64 6 252 
64 7 252 
64 8 252 
64 9 252 
64 10 252 
64 11 251 
64 12 248 
64 13 251 
64 14 252 
64 15 249 
64 16 249 
64 17 250 
64 18 250 
64 19 248 
64 20 250 
64 21 248 
64 22 246 
64 23 245 
64 24 246 
64 25 246 
64 26 245 
64 27 243 
64 28 252 
64 29 238 
64 30 234 
64 31 248 
64 32 252 
64 33 246 
64 34 239 
64 35 241 
64 36 243 
64 37 252 
64 38 244 
64 39 204 
64 40 179 
64 41 165 
64 42 147 
64 43 135 
64 44 157 
64 45 168 
64 46 183 
64 47 249 
64 48 253 
64 49 242 
64 50 127 
64 51 75 
64 52 119 
64 53 163 
64 54 193 
64 55 185 
64 56 174 
64 57 178 
64 58 176 
64 59 163 
64 60 181 
64 61 170 
64 62 158 
64 63 151 
64 64 153 
64 65 156 
64 66 156 
64 67 154 
64 68 153 
64 69 149 
64 70 146 
64 71 144 
64 72 143 
64 73 143 
64 74 142 
64 75 140 
64 76 138 
64 77 137 
64 78 136 
64 79 135 
64 80 135 
64 81 135 
64 82 136 
64 83 137 
64 84 131 
64 85 132 
64 86 130 
64 87 130 
64 88 129 
64 89 130 
64 90 130 
64 91 130 
64 92 121 
64 93 122 
64 94 123 
64 95 124 
64 96 126 
64 97 125 
64 98 125 
64 99 125 
64 100 121 
64 101 121 
64 102 123 
64 103 124 
64 104 126 
64 105 128 
64 106 129 
64 107 129 
64 108 130 
64 109 129 
64 110 129 
64 111 127 
64 112 125 
64 113 122 
64 114 120 
64 115 119 
64 116 123 
64 117 123 
64 118 123 
64 119 123 
65 0 248 
65 1 249 
65 2 249 
65 3 250 
65 4 250 
65 5 251 
65 6 250 
65 7 252 
65 8 251 
65 9 251 
65 10 250 
65 11 250 
65 12 248 
65 13 252 
65 14 252 
65 15 249 
65 16 248 
65 17 249 
65 18 249 
65 19 247 
65 20 251 
65 21 249 
65 22 247 
65 23 246 
65 24 247 
65 25 247 
65 26 246 
65 27 246 
65 28 239 
65 29 247 
65 30 249 
65 31 245 
65 32 240 
65 33 241 
65 34 245 
65 35 245 
65 36 241 
65 37 242 
65 38 243 
65 39 252 
65 40 253 
65 41 219 
65 42 169 
65 43 143 
65 44 153 
65 45 144 
65 46 144 
65 47 153 
65 48 214 
65 49 248 
65 50 106 
65 51 155 
65 52 197 
65 53 181 
65 54 170 
65 55 174 
65 56 175 
65 57 169 
65 58 167 
65 59 170 
65 60 153 
65 61 153 
65 62 153 
65 63 152 
65 64 152 
65 65 150 
65 66 148 
65 67 147 
65 68 152 
65 69 148 
65 70 143 
65 71 140 
65 72 139 
65 73 137 
65 74 135 
65 75 134 
65 76 138 
65 77 139 
65 78 140 
65 79 141 
65 80 140 
65 81 138 
65 82 134 
65 83 134 
65 84 130 
65 85 129 
65 86 127 
65 87 125 
65 88 124 
65 89 124 
65 90 125 
65 91 126 
65 92 126 
65 93 125 
65 94 124 
65 95 122 
65 96 123 
65 97 124 
65 98 125 
65 99 125 
65 100 129 
65 101 129 
65 102 128 
65 103 127 
65 104 127 
65 105 127 
65 106 127 
65 107 126 
65 108 122 
65 109 123 
65 110 124 
65 111 124 
65 112 123 
65 113 121 
65 114 119 
65 115 118 
65 116 122 
65 117 121 
65 118 121 
65 119 121 
66 0 229 
66 1 232 
66 2 245 
66 3 252 
66 4 249 
66 5 249 
66 6 249 
66 7 249 
66 8 250 
66 9 250 
66 10 250 
66 11 249 
66 12 252 
66 13 249 
66 14 248 
66 15 251 
66 16 252 
66 17 252 
66 18 249 
66 19 247 
66 20 251 
66 21 249 
66 22 245 
66 23 242 
66 24 243 
66 25 245 
66 26 247 
66 27 247 
66 28 247 
66 29 246 
66 30 245 
66 31 244 
66 32 242 
66 33 244 
66 34 244 
66 35 246 
66 36 243 
66 37 248 
66 38 245 
66 39 241 
66 40 247 
66 41 249 
66 42 214 
66 43 168 
66 44 157 
66 45 140 
66 46 143 
66 47 125 
66 48 135 
66 49 182 
66 50 188 
66 51 186 
66 52 180 
66 53 178 
66 54 176 
66 55 174 
66 56 171 
66 57 168 
66 58 163 
66 59 159 
66 60 152 
66 61 154 
66 62 153 
66 63 152 
66 64 153 
66 65 156 
66 66 155 
66 67 149 
66 68 138 
66 69 135 
66 70 134 
66 71 134 
66 72 137 
66 73 138 
66 74 139 
66 75 139 
66 76 141 
66 77 139 
66 78 137 
66 79 137 
66 80 137 
66 81 135 
66 82 133 
66 83 132 
66 84 130 
66 85 126 
66 86 126 
66 87 128 
66 88 127 
66 89 122 
66 90 121 
66 91 123 
66 92 126 
66 93 128 
66 94 128 
66 95 128 
66 96 128 
66 97 126 
66 98 124 
66 99 123 
66 100 130 
66 101 128 
66 102 126 
66 103 124 
66 104 123 
66 105 123 
66 106 123 
66 107 123 
66 108 122 
66 109 123 
66 110 123 
66 111 122 
66 112 120 
66 113 120 
66 114 122 
66 115 123 
66 116 127 
66 117 126 
66 118 124 
66 119 122 
67 0 244 
67 1 243 
67 2 243 
67 3 244 
67 4 244 
67 5 247 
67 6 249 
67 7 247 
67 8 245 
67 9 245 
67 10 248 
67 11 251 
67 12 250 
67 13 248 
67 14 247 
67 15 249 
67 16 252 
67 17 252 
67 18 251 
67 19 249 
67 20 252 
67 21 249 
67 22 246 
67 23 245 
67 24 245 
67 25 247 
67 26 248 
67 27 248 
67 28 247 
67 29 246 
67 30 245 
67 31 244 
67 32 244 
67 33 244 
67 34 245 
67 35 245 
67 36 242 
67 37 245 
67 38 242 
67 39 238 
67 40 247 
67 41 252 
67 42 246 
67 43 227 
67 44 176 
67 45 144 
67 46 138 
67 47 134 
67 48 151 
67 49 181 
67 50 178 
67 51 179 
67 52 175 
67 53 173 
67 54 170 
67 55 169 
67 56 167 
67 57 163 
67 58 158 
67 59 155 
67 60 151 
67 61 153 
67 62 152 
67 63 149 
67 64 150 
67 65 150 
67 66 147 
67 67 140 
67 68 145 
67 69 143 
67 70 141 
67 71 140 
67 72 140 
67 73 141 
67 74 141 
67 75 140 
67 76 135 
67 77 132 
67 78 130 
67 79 128 
67 80 126 
67 81 124 
67 82 121 
67 83 119 
67 84 130 
67 85 124 
67 86 120 
67 87 120 
67 88 120 
67 89 120 
67 90 123 
67 91 129 
67 92 126 
67 93 126 
67 94 126 
67 95 126 
67 96 125 
67 97 124 
67 98 123 
67 99 123 
67 100 125 
67 101 124 
67 102 123 
67 103 122 
67 104 122 
67 105 122 
67 106 122 
67 107 123 
67 108 123 
67 109 124 
67 110 125 
67 111 124 
67 112 122 
67 113 122 
67 114 123 
67 115 125 
67 116 123 
67 117 123 
67 118 123 
67 119 122 
68 0 241 
68 1 223 
68 2 225 
68 3 238 
68 4 242 
68 5 246 
68 6 250 
68 7 247 
68 8 242 
68 9 241 
68 10 246 
68 11 251 
68 12 251 
68 13 250 
68 14 248 
68 15 249 
68 16 250 
68 17 251 
68 18 250 
68 19 248 
68 20 252 
68 21 249 
68 22 247 
68 23 246 
68 24 246 
68 25 248 
68 26 248 
68 27 248 
68 28 247 
68 29 246 
68 30 246 
68 31 245 
68 32 245 
68 33 245 
68 34 245 
68 35 246 
68 36 245 
68 37 246 
68 38 243 
68 39 239 
68 40 240 
68 41 247 
68 42 251 
68 43 252 
68 44 222 
68 45 177 
68 46 158 
68 47 162 
68 48 177 
68 49 183 
68 50 169 
68 51 172 
68 52 169 
68 53 168 
68 54 165 
68 55 164 
68 56 162 
68 57 159 
68 58 155 
68 59 151 
68 60 155 
68 61 156 
68 62 155 
68 63 150 
68 64 149 
68 65 149 
68 66 143 
68 67 136 
68 68 143 
68 69 141 
68 70 138 
68 71 136 
68 72 136 
68 73 135 
68 74 134 
68 75 132 
68 76 127 
68 77 124 
68 78 121 
68 79 119 
68 80 119 
68 81 117 
68 82 115 
68 83 112 
68 84 125 
68 85 120 
68 86 118 
68 87 119 
68 88 120 
68 89 119 
68 90 122 
68 91 127 
68 92 120 
68 93 120 
68 94 120 
68 95 120 
68 96 121 
68 97 123 
68 98 124 
68 99 125 
68 100 123 
68 101 123 
68 102 122 
68 103 122 
68 104 122 
68 105 123 
68 106 124 
68 107 124 
68 108 122 
68 109 123 
68 110 124 
68 111 124 
68 112 122 
68 113 122 
68 114 123 
68 115 124 
68 116 122 
68 117 123 
68 118 124 
68 119 125 
69 0 252 
69 1 245 
69 2 239 
69 3 240 
69 4 244 
69 5 247 
69 6 250 
69 7 249 
69 8 246 
69 9 243 
69 10 243 
69 11 244 
69 12 251 
69 13 252 
69 14 251 
69 15 248 
69 16 248 
69 17 249 
69 18 248 
69 19 245 
69 20 251 
69 21 249 
69 22 246 
69 23 245 
69 24 246 
69 25 247 
69 26 247 
69 27 247 
69 28 246 
69 29 246 
69 30 245 
69 31 245 
69 32 244 
69 33 244 
69 34 244 
69 35 244 
69 36 245 
69 37 245 
69 38 246 
69 39 245 
69 40 240 
69 41 236 
69 42 240 
69 43 246 
69 44 252 
69 45 223 
69 46 192 
69 47 183 
69 48 186 
69 49 177 
69 50 163 
69 51 165 
69 52 167 
69 53 164 
69 54 162 
69 55 160 
69 56 158 
69 57 156 
69 58 152 
69 59 149 
69 60 153 
69 61 153 
69 62 151 
69 63 146 
69 64 144 
69 65 144 
69 66 140 
69 67 135 
69 68 135 
69 69 133 
69 70 130 
69 71 129 
69 72 129 
69 73 128 
69 74 126 
69 75 124 
69 76 122 
69 77 120 
69 78 119 
69 79 119 
69 80 121 
69 81 121 
69 82 120 
69 83 118 
69 84 117 
69 85 117 
69 86 120 
69 87 126 
69 88 126 
69 89 120 
69 90 117 
69 91 118 
69 92 114 
69 93 114 
69 94 114 
69 95 116 
69 96 118 
69 97 122 
69 98 125 
69 99 127 
69 100 125 
69 101 125 
69 102 124 
69 103 124 
69 104 123 
69 105 124 
69 106 124 
69 107 124 
69 108 120 
69 109 122 
69 110 123 
69 111 123 
69 112 122 
69 113 122 
69 114 122 
69 115 124 
69 116 123 
69 117 123 
69 118 124 
69 119 124 
70 0 250 
70 1 242 
70 2 240 
70 3 245 
70 4 246 
70 5 246 
70 6 247 
70 7 249 
70 8 249 
70 9 245 
70 10 238 
70 11 231 
70 12 244 
70 13 250 
70 14 251 
70 15 248 
70 16 248 
70 17 251 
70 18 251 
70 19 247 
70 20 249 
70 21 247 
70 22 245 
70 23 244 
70 24 244 
70 25 245 
70 26 245 
70 27 244 
70 28 244 
70 29 244 
70 30 244 
70 31 244 
70 32 243 
70 33 243 
70 34 242 
70 35 242 
70 36 239 
70 37 238 
70 38 242 
70 39 247 
70 40 247 
70 41 242 
70 42 242 
70 43 246 
70 44 252 
70 45 244 
70 46 208 
70 47 178 
70 48 171 
70 49 163 
70 50 158 
70 51 162 
70 52 164 
70 53 162 
70 54 159 
70 55 156 
70 56 154 
70 57 153 
70 58 149 
70 59 147 
70 60 144 
70 61 143 
70 62 138 
70 63 133 
70 64 133 
70 65 136 
70 66 135 
70 67 131 
70 68 131 
70 69 129 
70 70 128 
70 71 128 
70 72 129 
70 73 129 
70 74 127 
70 75 124 
70 76 124 
70 77 123 
70 78 122 
70 79 123 
70 80 124 
70 81 125 
70 82 124 
70 83 123 
70 84 120 
70 85 119 
70 86 121 
70 87 126 
70 88 125 
70 89 119 
70 90 115 
70 91 115 
70 92 117 
70 93 117 
70 94 116 
70 95 117 
70 96 118 
70 97 121 
70 98 123 
70 99 124 
70 100 123 
70 101 123 
70 102 123 
70 103 122 
70 104 121 
70 105 120 
70 106 119 
70 107 119 
70 108 117 
70 109 119 
70 110 121 
70 111 122 
70 112 121 
70 113 120 
70 114 121 
70 115 122 
70 116 120 
70 117 119 
70 118 117 
70 119 115 
71 0 243 
71 1 242 
71 2 242 
71 3 243 
71 4 247 
71 5 244 
71 6 243 
71 7 246 
71 8 249 
71 9 246 
71 10 235 
71 11 226 
71 12 235 
71 13 245 
71 14 251 
71 15 249 
71 16 250 
71 17 252 
71 18 252 
71 19 249 
71 20 248 
71 21 246 
71 22 244 
71 23 244 
71 24 244 
71 25 245 
71 26 244 
71 27 243 
71 28 242 
71 29 243 
71 30 243 
71 31 243 
71 32 243 
71 33 242 
71 34 241 
71 35 240 
71 36 241 
71 37 237 
71 38 237 
71 39 241 
71 40 244 
71 41 244 
71 42 245 
71 43 246 
71 44 235 
71 45 244 
71 46 202 
71 47 163 
71 48 158 
71 49 156 
71 50 163 
71 51 165 
71 52 159 
71 53 157 
71 54 153 
71 55 150 
71 56 150 
71 57 149 
71 58 146 
71 59 144 
71 60 137 
71 61 137 
71 62 133 
71 63 129 
71 64 130 
71 65 135 
71 66 134 
71 67 131 
71 68 127 
71 69 126 
71 70 125 
71 71 127 
71 72 127 
71 73 128 
71 74 126 
71 75 124 
71 76 126 
71 77 125 
71 78 123 
71 79 123 
71 80 123 
71 81 123 
71 82 121 
71 83 119 
71 84 127 
71 85 121 
71 86 118 
71 87 118 
71 88 116 
71 89 114 
71 90 116 
71 91 120 
71 92 125 
71 93 124 
71 94 122 
71 95 121 
71 96 119 
71 97 118 
71 98 118 
71 99 118 
71 100 118 
71 101 118 
71 102 117 
71 103 117 
71 104 116 
71 105 114 
71 106 112 
71 107 111 
71 108 112 
71 109 115 
71 110 118 
71 111 119 
71 112 118 
71 113 117 
71 114 118 
71 115 118 
71 116 120 
71 117 118 
71 118 116 
71 119 114 
72 0 229 
72 1 252 
72 2 252 
72 3 244 
72 4 249 
72 5 247 
72 6 245 
72 7 247 
72 8 248 
72 9 246 
72 10 240 
72 11 235 
72 12 233 
72 13 246 
72 14 252 
72 15 251 
72 16 250 
72 17 252 
72 18 252 
72 19 245 
72 20 248 
72 21 247 
72 22 245 
72 23 245 
72 24 245 
72 25 246 
72 26 244 
72 27 243 
72 28 243 
72 29 243 
72 30 244 
72 31 244 
72 32 244 
72 33 243 
72 34 241 
72 35 240 
72 36 244 
72 37 243 
72 38 240 
72 39 238 
72 40 239 
72 41 242 
72 42 242 
72 43 239 
72 44 232 
72 45 242 
72 46 192 
72 47 158 
72 48 162 
72 49 159 
72 50 164 
72 51 162 
72 52 152 
72 53 150 
72 54 145 
72 55 144 
72 56 143 
72 57 141 
72 58 140 
72 59 139 
72 60 133 
72 61 135 
72 62 134 
72 63 132 
72 64 133 
72 65 136 
72 66 134 
72 67 129 
72 68 124 
72 69 123 
72 70 122 
72 71 124 
72 72 125 
72 73 125 
72 74 123 
72 75 121 
72 76 122 
72 77 120 
72 78 119 
72 79 119 
72 80 120 
72 81 120 
72 82 118 
72 83 117 
72 84 124 
72 85 118 
72 86 114 
72 87 114 
72 88 113 
72 89 111 
72 90 115 
72 91 121 
72 92 121 
72 93 121 
72 94 120 
72 95 119 
72 96 117 
72 97 114 
72 98 112 
72 99 111 
72 100 112 
72 101 112 
72 102 113 
72 103 113 
72 104 113 
72 105 111 
72 106 110 
72 107 109 
72 108 108 
72 109 111 
72 110 115 
72 111 116 
72 112 115 
72 113 114 
72 114 114 
72 115 115 
72 116 117 
72 117 117 
72 118 117 
72 119 117 
73 0 167 
73 1 180 
73 2 226 
73 3 252 
73 4 250 
73 5 250 
73 6 250 
73 7 249 
73 8 248 
73 9 248 
73 10 248 
73 11 249 
73 12 236 
73 13 250 
73 14 252 
73 15 252 
73 16 250 
73 17 252 
73 18 247 
73 19 238 
73 20 249 
73 21 248 
73 22 246 
73 23 246 
73 24 247 
73 25 247 
73 26 245 
73 27 244 
73 28 243 
73 29 244 
73 30 245 
73 31 246 
73 32 245 
73 33 244 
73 34 242 
73 35 241 
73 36 241 
73 37 246 
73 38 247 
73 39 244 
73 40 244 
73 41 247 
73 42 246 
73 43 240 
73 44 242 
73 45 244 
73 46 184 
73 47 158 
73 48 169 
73 49 158 
73 50 157 
73 51 152 
73 52 148 
73 53 144 
73 54 140 
73 55 137 
73 56 137 
73 57 136 
73 58 134 
73 59 133 
73 60 125 
73 61 129 
73 62 132 
73 63 132 
73 64 133 
73 65 134 
73 66 129 
73 67 122 
73 68 126 
73 69 125 
73 70 125 
73 71 126 
73 72 127 
73 73 126 
73 74 123 
73 75 121 
73 76 116 
73 77 115 
73 78 114 
73 79 116 
73 80 118 
73 81 120 
73 82 120 
73 83 119 
73 84 115 
73 85 112 
73 86 113 
73 87 117 
73 88 116 
73 89 113 
73 90 113 
73 91 116 
73 92 110 
73 93 112 
73 94 113 
73 95 114 
73 96 112 
73 97 111 
73 98 109 
73 99 108 
73 100 109 
73 101 110 
73 102 112 
73 103 113 
73 104 113 
73 105 113 
73 106 112 
73 107 111 
73 108 105 
73 109 109 
73 110 112 
73 111 114 
73 112 114 
73 113 113 
73 114 112 
73 115 113 
73 116 110 
73 117 111 
73 118 113 
73 119 115 
74 0 222 
74 1 209 
74 2 225 
74 3 250 
74 4 250 
74 5 245 
74 6 242 
74 7 246 
74 8 249 
74 9 250 
74 10 252 
74 11 252 
74 12 247 
74 13 251 
74 14 252 
74 15 251 
74 16 252 
74 17 252 
74 18 250 
74 19 243 
74 20 249 
74 21 246 
74 22 243 
74 23 243 
74 24 244 
74 25 242 
74 26 234 
74 27 227 
74 28 244 
74 29 243 
74 30 243 
74 31 244 
74 32 246 
74 33 246 
74 34 244 
74 35 242 
74 36 242 
74 37 242 
74 38 243 
74 39 243 
74 40 243 
74 41 242 
74 42 241 
74 43 240 
74 44 232 
74 45 243 
74 46 183 
74 47 154 
74 48 160 
74 49 148 
74 50 152 
74 51 147 
74 52 138 
74 53 138 
74 54 139 
74 55 138 
74 56 136 
74 57 133 
74 58 129 
74 59 127 
74 60 130 
74 61 130 
74 62 128 
74 63 126 
74 64 125 
74 65 124 
74 66 122 
74 67 122 
74 68 120 
74 69 122 
74 70 124 
74 71 124 
74 72 122 
74 73 121 
74 74 122 
74 75 122 
74 76 121 
74 77 120 
74 78 119 
74 79 119 
74 80 119 
74 81 117 
74 82 114 
74 83 111 
74 84 113 
74 85 107 
74 86 106 
74 87 113 
74 88 118 
74 89 116 
74 90 112 
74 91 110 
74 92 118 
74 93 112 
74 94 107 
74 95 109 
74 96 114 
74 97 115 
74 98 110 
74 99 104 
74 100 116 
74 101 112 
74 102 112 
74 103 116 
74 104 116 
74 105 111 
74 106 111 
74 107 115 
74 108 110 
74 109 111 
74 110 112 
74 111 113 
74 112 114 
74 113 115 
74 114 115 
74 115 115 
74 116 111 
74 117 115 
74 118 118 
74 119 118 
75 0 246 
75 1 235 
75 2 243 
75 3 252 
75 4 252 
75 5 238 
75 6 226 
75 7 233 
75 8 249 
75 9 252 
75 10 250 
75 11 244 
75 12 248 
75 13 251 
75 14 252 
75 15 250 
75 16 251 
75 17 252 
75 18 250 
75 19 244 
75 20 251 
75 21 249 
75 22 246 
75 23 246 
75 24 245 
75 25 243 
75 26 239 
75 27 234 
75 28 245 
75 29 244 
75 30 243 
75 31 244 
75 32 246 
75 33 246 
75 34 244 
75 35 242 
75 36 242 
75 37 243 
75 38 244 
75 39 245 
75 40 245 
75 41 245 
75 42 245 
75 43 244 
75 44 240 
75 45 248 
75 46 186 
75 47 155 
75 48 159 
75 49 146 
75 50 149 
75 51 143 
75 52 142 
75 53 140 
75 54 138 
75 55 136 
75 56 133 
75 57 131 
75 58 130 
75 59 128 
75 60 121 
75 61 122 
75 62 123 
75 63 124 
75 64 124 
75 65 123 
75 66 122 
75 67 121 
75 68 117 
75 69 117 
75 70 117 
75 71 117 
75 72 118 
75 73 118 
75 74 118 
75 75 118 
75 76 118 
75 77 116 
75 78 113 
75 79 113 
75 80 115 
75 81 116 
75 82 116 
75 83 115 
75 84 118 
75 85 112 
75 86 109 
75 87 113 
75 88 116 
75 89 114 
75 90 110 
75 91 109 
75 92 114 
75 93 111 
75 94 109 
75 95 108 
75 96 109 
75 97 108 
75 98 107 
75 99 106 
75 100 107 
75 101 104 
75 102 104 
75 103 108 
75 104 108 
75 105 104 
75 106 104 
75 107 108 
75 108 110 
75 109 111 
75 110 112 
75 111 113 
75 112 114 
75 113 115 
75 114 115 
75 115 114 
75 116 115 
75 117 117 
75 118 118 
75 119 117 
76 0 245 
76 1 233 
76 2 232 
76 3 239 
76 4 252 
76 5 242 
76 6 230 
76 7 237 
76 8 250 
76 9 252 
76 10 251 
76 11 247 
76 12 250 
76 13 252 
76 14 251 
76 15 249 
76 16 250 
76 17 252 
76 18 251 
76 19 245 
76 20 250 
76 21 249 
76 22 248 
76 23 246 
76 24 244 
76 25 243 
76 26 242 
76 27 242 
76 28 245 
76 29 244 
76 30 244 
76 31 245 
76 32 246 
76 33 246 
76 34 245 
76 35 243 
76 36 241 
76 37 241 
76 38 243 
76 39 245 
76 40 246 
76 41 246 
76 42 246 
76 43 246 
76 44 241 
76 45 245 
76 46 180 
76 47 147 
76 48 151 
76 49 139 
76 50 143 
76 51 136 
76 52 141 
76 53 138 
76 54 134 
76 55 129 
76 56 127 
76 57 127 
76 58 127 
76 59 129 
76 60 118 
76 61 120 
76 62 123 
76 63 125 
76 64 125 
76 65 122 
76 66 120 
76 67 117 
76 68 121 
76 69 117 
76 70 114 
76 71 115 
76 72 119 
76 73 121 
76 74 121 
76 75 119 
76 76 118 
76 77 114 
76 78 110 
76 79 109 
76 80 109 
76 81 112 
76 82 113 
76 83 114 
76 84 123 
76 85 116 
76 86 112 
76 87 114 
76 88 115 
76 89 111 
76 90 108 
76 91 108 
76 92 110 
76 93 110 
76 94 110 
76 95 107 
76 96 103 
76 97 102 
76 98 104 
76 99 107 
76 100 105 
76 101 103 
76 102 103 
76 103 106 
76 104 106 
76 105 104 
76 106 105 
76 107 108 
76 108 109 
76 109 110 
76 110 111 
76 111 112 
76 112 113 
76 113 113 
76 114 113 
76 115 113 
76 116 115 
76 117 114 
76 118 113 
76 119 113 
77 0 249 
77 1 240 
77 2 237 
77 3 241 
77 4 248 
77 5 248 
77 6 250 
77 7 251 
77 8 250 
77 9 247 
77 10 250 
77 11 252 
77 12 251 
77 13 252 
77 14 251 
77 15 248 
77 16 249 
77 17 252 
77 18 251 
77 19 246 
77 20 249 
77 21 249 
77 22 247 
77 23 245 
77 24 241 
77 25 241 
77 26 243 
77 27 246 
77 28 245 
77 29 244 
77 30 244 
77 31 245 
77 32 246 
77 33 246 
77 34 245 
77 35 243 
77 36 240 
77 37 240 
77 38 242 
77 39 243 
77 40 244 
77 41 244 
77 42 244 
77 43 243 
77 44 238 
77 45 241 
77 46 173 
77 47 139 
77 48 147 
77 49 138 
77 50 143 
77 51 137 
77 52 133 
77 53 131 
77 54 128 
77 55 125 
77 56 124 
77 57 125 
77 58 127 
77 59 128 
77 60 127 
77 61 127 
77 62 127 
77 63 125 
77 64 122 
77 65 119 
77 66 115 
77 67 113 
77 68 124 
77 69 118 
77 70 113 
77 71 114 
77 72 120 
77 73 124 
77 74 123 
77 75 120 
77 76 120 
77 77 116 
77 78 112 
77 79 110 
77 80 109 
77 81 110 
77 82 109 
77 83 108 
77 84 124 
77 85 117 
77 86 112 
77 87 113 
77 88 113 
77 89 110 
77 90 108 
77 91 109 
77 92 110 
77 93 109 
77 94 108 
77 95 105 
77 96 102 
77 97 101 
77 98 103 
77 99 106 
77 100 106 
77 101 106 
77 102 106 
77 103 107 
77 104 108 
77 105 109 
77 106 109 
77 107 111 
77 108 109 
77 109 109 
77 110 111 
77 111 112 
77 112 112 
77 113 112 
77 114 112 
77 115 111 
77 116 111 
77 117 109 
77 118 107 
77 119 109 
78 0 252 
78 1 251 
78 2 251 
78 3 252 
78 4 237 
78 5 245 
78 6 252 
78 7 252 
78 8 247 
78 9 239 
78 10 244 
78 11 252 
78 12 251 
78 13 252 
78 14 251 
78 15 248 
78 16 249 
78 17 252 
78 18 251 
78 19 246 
78 20 249 
78 21 249 
78 22 247 
78 23 245 
78 24 242 
78 25 242 
78 26 246 
78 27 248 
78 28 244 
78 29 243 
78 30 243 
78 31 244 
78 32 245 
78 33 245 
78 34 244 
78 35 242 
78 36 242 
78 37 243 
78 38 244 
78 39 244 
78 40 244 
78 41 243 
78 42 243 
78 43 242 
78 44 241 
78 45 242 
78 46 172 
78 47 138 
78 48 148 
78 49 141 
78 50 145 
78 51 138 
78 52 126 
78 53 125 
78 54 125 
78 55 126 
78 56 126 
78 57 127 
78 58 128 
78 59 127 
78 60 131 
78 61 129 
78 62 125 
78 63 120 
78 64 117 
78 65 114 
78 66 113 
78 67 113 
78 68 121 
78 69 116 
78 70 111 
78 71 111 
78 72 117 
78 73 120 
78 74 119 
78 75 117 
78 76 117 
78 77 115 
78 78 113 
78 79 113 
78 80 113 
78 81 112 
78 82 109 
78 83 107 
78 84 119 
78 85 114 
78 86 110 
78 87 111 
78 88 111 
78 89 108 
78 90 108 
78 91 110 
78 92 111 
78 93 108 
78 94 105 
78 95 104 
78 96 105 
78 97 106 
78 98 105 
78 99 104 
78 100 101 
78 101 103 
78 102 103 
78 103 104 
78 104 105 
78 105 106 
78 106 107 
78 107 107 
78 108 108 
78 109 108 
78 110 109 
78 111 110 
78 112 110 
78 113 110 
78 114 110 
78 115 109 
78 116 110 
78 117 107 
78 118 105 
78 119 107 
79 0 249 
79 1 249 
79 2 248 
79 3 247 
79 4 243 
79 5 244 
79 6 248 
79 7 252 
79 8 251 
79 9 246 
79 10 244 
79 11 246 
79 12 250 
79 13 252 
79 14 251 
79 15 249 
79 16 250 
79 17 252 
79 18 251 
79 19 245 
79 20 251 
79 21 249 
79 22 248 
79 23 246 
79 24 245 
79 25 247 
79 26 248 
79 27 249 
79 28 243 
79 29 242 
79 30 241 
79 31 242 
79 32 244 
79 33 244 
79 34 242 
79 35 240 
79 36 246 
79 37 246 
79 38 246 
79 39 246 
79 40 246 
79 41 245 
79 42 244 
79 43 243 
79 44 243 
79 45 241 
79 46 168 
79 47 133 
79 48 143 
79 49 134 
79 50 136 
79 51 126 
79 52 124 
79 53 125 
79 54 125 
79 55 126 
79 56 127 
79 57 128 
79 58 129 
79 59 128 
79 60 125 
79 61 122 
79 62 118 
79 63 114 
79 64 112 
79 65 112 
79 66 114 
79 67 115 
79 68 121 
79 69 118 
79 70 115 
79 71 115 
79 72 118 
79 73 119 
79 74 119 
79 75 117 
79 76 113 
79 77 112 
79 78 113 
79 79 114 
79 80 116 
79 81 115 
79 82 113 
79 83 110 
79 84 113 
79 85 109 
79 86 108 
79 87 110 
79 88 109 
79 89 105 
79 90 105 
79 91 108 
79 92 108 
79 93 106 
79 94 104 
79 95 105 
79 96 108 
79 97 109 
79 98 107 
79 99 104 
79 100 101 
79 101 104 
79 102 104 
79 103 102 
79 104 103 
79 105 106 
79 106 107 
79 107 104 
79 108 106 
79 109 107 
79 110 107 
79 111 108 
79 112 108 
79 113 108 
79 114 107 
79 115 107 
79 116 111 
79 117 109 
79 118 107 
79 119 106 
80 0 252 
80 1 252 
80 2 250 
80 3 248 
80 4 251 
80 5 247 
80 6 247 
80 7 251 
80 8 252 
80 9 250 
80 10 248 
80 11 247 
80 12 248 
80 13 251 
80 14 252 
80 15 250 
80 16 251 
80 17 252 
80 18 250 
80 19 244 
80 20 252 
80 21 249 
80 22 246 
80 23 246 
80 24 247 
80 25 249 
80 26 247 
80 27 245 
80 28 241 
80 29 240 
80 30 240 
80 31 241 
80 32 242 
80 33 242 
80 34 241 
80 35 239 
80 36 245 
80 37 245 
80 38 246 
80 39 246 
80 40 246 
80 41 246 
80 42 246 
80 43 245 
80 44 243 
80 45 240 
80 46 163 
80 47 127 
80 48 136 
80 49 126 
80 50 125 
80 51 113 
80 52 126 
80 53 125 
80 54 123 
80 55 122 
80 56 122 
80 57 123 
80 58 125 
80 59 126 
80 60 118 
80 61 116 
80 62 115 
80 63 114 
80 64 113 
80 65 114 
80 66 116 
80 67 117 
80 68 121 
80 69 120 
80 70 119 
80 71 119 
80 72 118 
80 73 118 
80 74 117 
80 75 117 
80 76 115 
80 77 113 
80 78 111 
80 79 112 
80 80 113 
80 81 114 
80 82 113 
80 83 112 
80 84 109 
80 85 107 
80 86 107 
80 87 109 
80 88 107 
80 89 102 
80 90 100 
80 91 104 
80 92 101 
80 93 104 
80 94 107 
80 95 108 
80 96 108 
80 97 107 
80 98 106 
80 99 106 
80 100 104 
80 101 107 
80 102 108 
80 103 104 
80 104 104 
80 105 108 
80 106 108 
80 107 104 
80 108 104 
80 109 105 
80 110 105 
80 111 106 
80 112 106 
80 113 105 
80 114 105 
80 115 104 
80 116 108 
80 117 108 
80 118 107 
80 119 106 
81 0 248 
81 1 251 
81 2 251 
81 3 251 
81 4 250 
81 5 249 
81 6 250 
81 7 251 
81 8 247 
81 9 244 
81 10 247 
81 11 252 
81 12 247 
81 13 251 
81 14 252 
81 15 251 
81 16 252 
81 17 252 
81 18 250 
81 19 243 
81 20 251 
81 21 247 
81 22 242 
81 23 243 
81 24 246 
81 25 249 
81 26 245 
81 27 241 
81 28 241 
81 29 239 
81 30 239 
81 31 240 
81 32 241 
81 33 242 
81 34 240 
81 35 238 
81 36 240 
81 37 241 
81 38 243 
81 39 244 
81 40 245 
81 41 246 
81 42 246 
81 43 245 
81 44 243 
81 45 240 
81 46 161 
81 47 126 
81 48 137 
81 49 127 
81 50 124 
81 51 111 
81 52 128 
81 53 124 
81 54 119 
81 55 115 
81 56 113 
81 57 116 
81 58 119 
81 59 121 
81 60 116 
81 61 117 
81 62 117 
81 63 118 
81 64 117 
81 65 117 
81 66 117 
81 67 116 
81 68 115 
81 69 116 
81 70 117 
81 71 116 
81 72 113 
81 73 111 
81 74 111 
81 75 111 
81 76 120 
81 77 116 
81 78 112 
81 79 109 
81 80 109 
81 81 110 
81 82 110 
81 83 110 
81 84 107 
81 85 106 
81 86 106 
81 87 108 
81 88 105 
81 89 99 
81 90 96 
81 91 98 
81 92 94 
81 93 102 
81 94 110 
81 95 111 
81 96 106 
81 97 103 
81 98 104 
81 99 109 
81 100 102 
81 101 107 
81 102 107 
81 103 102 
81 104 102 
81 105 106 
81 106 106 
81 107 101 
81 108 103 
81 109 104 
81 110 104 
81 111 105 
81 112 104 
81 113 104 
81 114 103 
81 115 102 
81 116 102 
81 117 104 
81 118 106 
81 119 105 
82 0 249 
82 1 249 
82 2 249 
82 3 249 
82 4 252 
82 5 252 
82 6 251 
82 7 250 
82 8 249 
82 9 249 
82 10 248 
82 11 247 
82 12 251 
82 13 251 
82 14 251 
82 15 251 
82 16 251 
82 17 251 
82 18 251 
82 19 251 
82 20 249 
82 21 245 
82 22 242 
82 23 242 
82 24 244 
82 25 245 
82 26 243 
82 27 240 
82 28 237 
82 29 239 
82 30 242 
82 31 244 
82 32 244 
82 33 242 
82 34 240 
82 35 238 
82 36 244 
82 37 243 
82 38 243 
82 39 245 
82 40 246 
82 41 247 
82 42 246 
82 43 244 
82 44 243 
82 45 241 
82 46 143 
82 47 125 
82 48 122 
82 49 116 
82 50 127 
82 51 126 
82 52 126 
82 53 124 
82 54 121 
82 55 120 
82 56 119 
82 57 120 
82 58 118 
82 59 116 
82 60 116 
82 61 114 
82 62 111 
82 63 110 
82 64 112 
82 65 113 
82 66 113 
82 67 112 
82 68 112 
82 69 114 
82 70 116 
82 71 118 
82 72 118 
82 73 117 
82 74 115 
82 75 113 
82 76 115 
82 77 114 
82 78 112 
82 79 112 
82 80 112 
82 81 111 
82 82 108 
82 83 106 
82 84 103 
82 85 105 
82 86 106 
82 87 105 
82 88 102 
82 89 100 
82 90 99 
82 91 99 
82 92 98 
82 93 104 
82 94 108 
82 95 109 
82 96 110 
82 97 111 
82 98 107 
82 99 102 
82 100 96 
82 101 99 
82 102 103 
82 103 106 
82 104 108 
82 105 106 
82 106 104 
82 107 102 
82 108 103 
82 109 108 
82 110 109 
82 111 105 
82 112 101 
82 113 103 
82 114 106 
82 115 106 
82 116 104 
82 117 106 
82 118 108 
82 119 109 
83 0 249 
83 1 249 
83 2 249 
83 3 249 
83 4 252 
83 5 252 
83 6 251 
83 7 251 
83 8 250 
83 9 249 
83 10 248 
83 11 248 
83 12 251 
83 13 251 
83 14 251 
83 15 251 
83 16 251 
83 17 251 
83 18 251 
83 19 251 
83 20 252 
83 21 249 
83 22 245 
83 23 244 
83 24 245 
83 25 245 
83 26 243 
83 27 241 
83 28 242 
83 29 244 
83 30 245 
83 31 246 
83 32 246 
83 33 246 
83 34 244 
83 35 243 
83 36 245 
83 37 244 
83 38 244 
83 39 245 
83 40 246 
83 41 246 
83 42 246 
83 43 244 
83 44 244 
83 45 240 
83 46 140 
83 47 122 
83 48 123 
83 49 118 
83 50 127 
83 51 125 
83 52 124 
83 53 124 
83 54 123 
83 55 124 
83 56 124 
83 57 123 
83 58 120 
83 59 116 
83 60 113 
83 61 111 
83 62 110 
83 63 110 
83 64 110 
83 65 110 
83 66 107 
83 67 105 
83 68 111 
83 69 112 
83 70 114 
83 71 115 
83 72 114 
83 73 112 
83 74 110 
83 75 109 
83 76 110 
83 77 109 
83 78 107 
83 79 107 
83 80 107 
83 81 106 
83 82 104 
83 83 102 
83 84 108 
83 85 107 
83 86 104 
83 87 100 
83 88 98 
83 89 99 
83 90 103 
83 91 106 
83 92 102 
83 93 106 
83 94 107 
83 95 105 
83 96 106 
83 97 110 
83 98 110 
83 99 107 
83 100 100 
83 101 100 
83 102 101 
83 103 101 
83 104 102 
83 105 103 
83 106 103 
83 107 103 
83 108 100 
83 109 103 
83 110 104 
83 111 100 
83 112 99 
83 113 102 
83 114 104 
83 115 102 
83 116 105 
83 117 107 
83 118 108 
83 119 108 
84 0 249 
84 1 249 
84 2 249 
84 3 249 
84 4 252 
84 5 252 
84 6 251 
84 7 251 
84 8 250 
84 9 249 
84 10 249 
84 11 249 
84 12 251 
84 13 251 
84 14 251 
84 15 251 
84 16 251 
84 17 251 
84 18 251 
84 19 251 
84 20 251 
84 21 249 
84 22 245 
84 23 244 
84 24 244 
84 25 245 
84 26 244 
84 27 243 
84 28 246 
84 29 246 
84 30 246 
84 31 246 
84 32 246 
84 33 246 
84 34 246 
84 35 246 
84 36 246 
84 37 245 
84 38 245 
84 39 246 
84 40 246 
84 41 246 
84 42 245 
84 43 243 
84 44 245 
84 45 239 
84 46 136 
84 47 120 
84 48 124 
84 49 121 
84 50 128 
84 51 124 
84 52 122 
84 53 123 
84 54 123 
84 55 125 
84 56 125 
84 57 124 
84 58 119 
84 59 114 
84 60 111 
84 61 110 
84 62 110 
84 63 110 
84 64 110 
84 65 108 
84 66 104 
84 67 100 
84 68 103 
84 69 104 
84 70 106 
84 71 107 
84 72 107 
84 73 106 
84 74 104 
84 75 103 
84 76 107 
84 77 105 
84 78 103 
84 79 103 
84 80 103 
84 81 103 
84 82 101 
84 83 99 
84 84 106 
84 85 106 
84 86 104 
84 87 102 
84 88 100 
84 89 101 
84 90 104 
84 91 107 
84 92 104 
84 93 106 
84 94 104 
84 95 101 
84 96 102 
84 97 108 
84 98 112 
84 99 111 
84 100 103 
84 101 102 
84 102 99 
84 103 97 
84 104 97 
84 105 99 
84 106 102 
84 107 104 
84 108 102 
84 109 104 
84 110 103 
84 111 100 
84 112 102 
84 113 107 
84 114 107 
84 115 104 
84 116 105 
84 117 106 
84 118 107 
84 119 106 
85 0 250 
85 1 250 
85 2 250 
85 3 250 
85 4 252 
85 5 252 
85 6 252 
85 7 251 
85 8 251 
85 9 250 
85 10 250 
85 11 249 
85 12 251 
85 13 251 
85 14 251 
85 15 251 
85 16 250 
85 17 251 
85 18 251 
85 19 251 
85 20 247 
85 21 246 
85 22 244 
85 23 243 
85 24 244 
85 25 245 
85 26 246 
85 27 246 
85 28 246 
85 29 245 
85 30 244 
85 31 243 
85 32 243 
85 33 243 
85 34 244 
85 35 245 
85 36 247 
85 37 246 
85 38 246 
85 39 246 
85 40 246 
85 41 246 
85 42 244 
85 43 242 
85 44 245 
85 45 237 
85 46 133 
85 47 118 
85 48 125 
85 49 124 
85 50 129 
85 51 122 
85 52 123 
85 53 121 
85 54 120 
85 55 121 
85 56 120 
85 57 117 
85 58 114 
85 59 110 
85 60 111 
85 61 110 
85 62 109 
85 63 110 
85 64 110 
85 65 109 
85 66 106 
85 67 103 
85 68 101 
85 69 102 
85 70 103 
85 71 105 
85 72 106 
85 73 106 
85 74 106 
85 75 105 
85 76 107 
85 77 105 
85 78 103 
85 79 103 
85 80 103 
85 81 103 
85 82 102 
85 83 100 
85 84 97 
85 85 101 
85 86 105 
85 87 108 
85 88 106 
85 89 103 
85 90 100 
85 91 99 
85 92 102 
85 93 103 
85 94 101 
85 95 98 
85 96 99 
85 97 106 
85 98 110 
85 99 110 
85 100 105 
85 101 103 
85 102 100 
85 103 98 
85 104 97 
85 105 99 
85 106 101 
85 107 102 
85 108 103 
85 109 103 
85 110 101 
85 111 100 
85 112 104 
85 113 110 
85 114 109 
85 115 104 
85 116 104 
85 117 104 
85 118 104 
85 119 103 
86 0 250 
86 1 250 
86 2 250 
86 3 250 
86 4 252 
86 5 252 
86 6 252 
86 7 251 
86 8 251 
86 9 251 
86 10 251 
86 11 250 
86 12 251 
86 13 251 
86 14 251 
86 15 251 
86 16 250 
86 17 250 
86 18 250 
86 19 251 
86 20 248 
86 21 248 
86 22 248 
86 23 247 
86 24 246 
86 25 246 
86 26 246 
86 27 246 
86 28 246 
86 29 246 
86 30 244 
86 31 242 
86 32 241 
86 33 242 
86 34 243 
86 35 244 
86 36 247 
86 37 246 
86 38 246 
86 39 246 
86 40 247 
86 41 246 
86 42 245 
86 43 243 
86 44 246 
86 45 237 
86 46 131 
86 47 117 
86 48 125 
86 49 123 
86 50 129 
86 51 120 
86 52 127 
86 53 123 
86 54 119 
86 55 115 
86 56 113 
86 57 112 
86 58 110 
86 59 108 
86 60 112 
86 61 110 
86 62 108 
86 63 108 
86 64 109 
86 65 111 
86 66 111 
86 67 111 
86 68 108 
86 69 108 
86 70 108 
86 71 108 
86 72 108 
86 73 108 
86 74 107 
86 75 107 
86 76 107 
86 77 104 
86 78 102 
86 79 101 
86 80 102 
86 81 103 
86 82 102 
86 83 101 
86 84 93 
86 85 98 
86 86 103 
86 87 105 
86 88 104 
86 89 101 
86 90 98 
86 91 97 
86 92 97 
86 93 100 
86 94 99 
86 95 97 
86 96 98 
86 97 103 
86 98 105 
86 99 104 
86 100 104 
86 101 103 
86 102 102 
86 103 102 
86 104 101 
86 105 100 
86 106 100 
86 107 100 
86 108 99 
86 109 99 
86 110 97 
86 111 95 
86 112 100 
86 113 105 
86 114 104 
86 115 99 
86 116 102 
86 117 102 
86 118 102 
86 119 100 
87 0 251 
87 1 251 
87 2 251 
87 3 251 
87 4 252 
87 5 252 
87 6 252 
87 7 252 
87 8 252 
87 9 251 
87 10 251 
87 11 250 
87 12 251 
87 13 251 
87 14 251 
87 15 251 
87 16 251 
87 17 250 
87 18 250 
87 19 250 
87 20 250 
87 21 251 
87 22 252 
87 23 252 
87 24 249 
87 25 247 
87 26 245 
87 27 245 
87 28 249 
87 29 247 
87 30 246 
87 31 245 
87 32 244 
87 33 244 
87 34 245 
87 35 246 
87 36 247 
87 37 246 
87 38 246 
87 39 246 
87 40 247 
87 41 247 
87 42 246 
87 43 244 
87 44 245 
87 45 236 
87 46 131 
87 47 117 
87 48 124 
87 49 122 
87 50 127 
87 51 119 
87 52 129 
87 53 124 
87 54 118 
87 55 114 
87 56 111 
87 57 111 
87 58 110 
87 59 109 
87 60 111 
87 61 108 
87 62 106 
87 63 105 
87 64 108 
87 65 111 
87 66 112 
87 67 112 
87 68 110 
87 69 109 
87 70 107 
87 71 105 
87 72 102 
87 73 100 
87 74 99 
87 75 98 
87 76 104 
87 77 101 
87 78 98 
87 79 97 
87 80 98 
87 81 100 
87 82 100 
87 83 99 
87 84 100 
87 85 100 
87 86 99 
87 87 97 
87 88 95 
87 89 96 
87 90 99 
87 91 102 
87 92 94 
87 93 98 
87 94 98 
87 95 96 
87 96 97 
87 97 100 
87 98 101 
87 99 98 
87 100 101 
87 101 102 
87 102 103 
87 103 104 
87 104 103 
87 105 102 
87 106 100 
87 107 98 
87 108 99 
87 109 101 
87 110 99 
87 111 97 
87 112 99 
87 113 104 
87 114 104 
87 115 100 
87 116 100 
87 117 101 
87 118 101 
87 119 100 
88 0 250 
88 1 250 
88 2 250 
88 3 250 
88 4 251 
88 5 251 
88 6 251 
88 7 251 
88 8 251 
88 9 251 
88 10 251 
88 11 251 
88 12 251 
88 13 250 
88 14 250 
88 15 251 
88 16 251 
88 17 251 
88 18 251 
88 19 250 
88 20 242 
88 21 247 
88 22 251 
88 23 252 
88 24 250 
88 25 246 
88 26 244 
88 27 244 
88 28 250 
88 29 249 
88 30 249 
88 31 247 
88 32 247 
88 33 246 
88 34 246 
88 35 246 
88 36 247 
88 37 246 
88 38 245 
88 39 247 
88 40 249 
88 41 249 
88 42 247 
88 43 246 
88 44 245 
88 45 237 
88 46 133 
88 47 118 
88 48 123 
88 49 119 
88 50 126 
88 51 119 
88 52 122 
88 53 119 
88 54 114 
88 55 112 
88 56 111 
88 57 110 
88 58 110 
88 59 108 
88 60 106 
88 61 105 
88 62 103 
88 63 104 
88 64 106 
88 65 107 
88 66 106 
88 67 105 
88 68 104 
88 69 103 
88 70 101 
88 71 99 
88 72 97 
88 73 96 
88 74 95 
88 75 94 
88 76 102 
88 77 100 
88 78 96 
88 79 95 
88 80 97 
88 81 98 
88 82 98 
88 83 97 
88 84 103 
88 85 102 
88 86 100 
88 87 96 
88 88 94 
88 89 95 
88 90 99 
88 91 102 
88 92 97 
88 93 99 
88 94 98 
88 95 95 
88 96 95 
88 97 99 
88 98 99 
88 99 97 
88 100 100 
88 101 100 
88 102 101 
88 103 102 
88 104 100 
88 105 100 
88 106 98 
88 107 98 
88 108 100 
88 109 104 
88 110 104 
88 111 101 
88 112 99 
88 113 103 
88 114 104 
88 115 103 
88 116 100 
88 117 101 
88 118 102 
88 119 101 
89 0 250 
89 1 250 
89 2 250 
89 3 250 
89 4 251 
89 5 251 
89 6 251 
89 7 251 
89 8 251 
89 9 251 
89 10 251 
89 11 251 
89 12 250 
89 13 250 
89 14 250 
89 15 250 
89 16 251 
89 17 251 
89 18 251 
89 19 251 
89 20 228 
89 21 236 
89 22 244 
89 23 249 
89 24 248 
89 25 247 
89 26 246 
89 27 246 
89 28 249 
89 29 249 
89 30 248 
89 31 248 
89 32 247 
89 33 246 
89 34 245 
89 35 244 
89 36 246 
89 37 245 
89 38 245 
89 39 247 
89 40 249 
89 41 249 
89 42 248 
89 43 247 
89 44 245 
89 45 238 
89 46 135 
89 47 119 
89 48 122 
89 49 117 
89 50 124 
89 51 119 
89 52 113 
89 53 112 
89 54 109 
89 55 110 
89 56 110 
89 57 109 
89 58 107 
89 59 105 
89 60 102 
89 61 102 
89 62 102 
89 63 103 
89 64 104 
89 65 103 
89 66 100 
89 67 97 
89 68 101 
89 69 100 
89 70 100 
89 71 100 
89 72 101 
89 73 102 
89 74 103 
89 75 103 
89 76 103 
89 77 100 
89 78 97 
89 79 96 
89 80 97 
89 81 99 
89 82 99 
89 83 99 
89 84 100 
89 85 102 
89 86 103 
89 87 103 
89 88 100 
89 89 98 
89 90 97 
89 91 97 
89 92 100 
89 93 101 
89 94 99 
89 95 94 
89 96 93 
89 97 98 
89 98 100 
89 99 98 
89 100 99 
89 101 99 
89 102 99 
89 103 99 
89 104 98 
89 105 98 
89 106 98 
89 107 98 
89 108 96 
89 109 102 
89 110 103 
89 111 98 
89 112 95 
89 113 97 
89 114 100 
89 115 100 
89 116 101 
89 117 102 
89 118 104 
89 119 103 
90 0 247 
90 1 247 
90 2 250 
90 3 252 
90 4 248 
90 5 247 
90 6 248 
90 7 251 
90 8 252 
90 9 252 
90 10 252 
90 11 252 
90 12 249 
90 13 228 
90 14 206 
90 15 207 
90 16 223 
90 17 236 
90 18 233 
90 19 223 
90 20 230 
90 21 238 
90 22 229 
90 23 224 
90 24 239 
90 25 252 
90 26 252 
90 27 246 
90 28 249 
90 29 249 
90 30 249 
90 31 249 
90 32 249 
90 33 248 
90 34 248 
90 35 248 
90 36 245 
90 37 245 
90 38 246 
90 39 248 
90 40 248 
90 41 248 
90 42 248 
90 43 248 
90 44 243 
90 45 244 
90 46 121 
90 47 115 
90 48 127 
90 49 110 
90 50 122 
90 51 111 
90 52 111 
90 53 111 
90 54 110 
90 55 111 
90 56 112 
90 57 111 
90 58 109 
90 59 106 
90 60 101 
90 61 103 
90 62 105 
90 63 106 
90 64 107 
90 65 107 
90 66 106 
90 67 105 
90 68 106 
90 69 102 
90 70 100 
90 71 102 
90 72 105 
90 73 104 
90 74 98 
90 75 91 
90 76 104 
90 77 105 
90 78 105 
90 79 102 
90 80 98 
90 81 95 
90 82 94 
90 83 94 
90 84 98 
90 85 98 
90 86 99 
90 87 99 
90 88 99 
90 89 98 
90 90 97 
90 91 96 
90 92 96 
90 93 96 
90 94 96 
90 95 98 
90 96 99 
90 97 98 
90 98 94 
90 99 91 
90 100 97 
90 101 98 
90 102 97 
90 103 98 
90 104 98 
90 105 97 
90 106 98 
90 107 96 
90 108 99 
90 109 96 
90 110 98 
90 111 102 
90 112 103 
90 113 100 
90 114 100 
90 115 103 
90 116 98 
90 117 100 
90 118 106 
90 119 109 
91 0 252 
91 1 252 
91 2 252 
91 3 251 
91 4 252 
91 5 252 
91 6 252 
91 7 252 
91 8 250 
91 9 242 
91 10 234 
91 11 230 
91 12 220 
91 13 225 
91 14 230 
91 15 231 
91 16 229 
91 17 228 
91 18 229 
91 19 232 
91 20 217 
91 21 240 
91 22 247 
91 23 235 
91 24 238 
91 25 252 
91 26 252 
91 27 244 
91 28 250 
91 29 249 
91 30 249 
91 31 249 
91 32 249 
91 33 248 
91 34 248 
91 35 248 
91 36 245 
91 37 246 
91 38 247 
91 39 248 
91 40 248 
91 41 248 
91 42 248 
91 43 248 
91 44 245 
91 45 246 
91 46 126 
91 47 116 
91 48 126 
91 49 112 
91 50 122 
91 51 111 
91 52 119 
91 53 115 
91 54 109 
91 55 107 
91 56 105 
91 57 104 
91 58 102 
91 59 100 
91 60 106 
91 61 107 
91 62 108 
91 63 109 
91 64 109 
91 65 109 
91 66 108 
91 67 107 
91 68 105 
91 69 102 
91 70 101 
91 71 102 
91 72 104 
91 73 103 
91 74 99 
91 75 95 
91 76 93 
91 77 95 
91 78 96 
91 79 95 
91 80 94 
91 81 94 
91 82 97 
91 83 99 
91 84 94 
91 85 95 
91 86 97 
91 87 99 
91 88 100 
91 89 101 
91 90 101 
91 91 101 
91 92 98 
91 93 97 
91 94 97 
91 95 98 
91 96 99 
91 97 99 
91 98 96 
91 99 93 
91 100 97 
91 101 97 
91 102 97 
91 103 98 
91 104 98 
91 105 97 
91 106 97 
91 107 96 
91 108 96 
91 109 95 
91 110 96 
91 111 101 
91 112 101 
91 113 99 
91 114 99 
91 115 102 
91 116 103 
91 117 103 
91 118 105 
91 119 106 
92 0 252 
92 1 252 
92 2 248 
92 3 244 
92 4 244 
92 5 243 
92 6 240 
92 7 235 
92 8 233 
92 9 236 
92 10 244 
92 11 250 
92 12 247 
92 13 243 
92 14 237 
92 15 234 
92 16 235 
92 17 241 
92 18 247 
92 19 250 
92 20 221 
92 21 213 
92 22 232 
92 23 252 
92 24 248 
92 25 232 
92 26 241 
92 27 252 
92 28 251 
92 29 251 
92 30 250 
92 31 249 
92 32 249 
92 33 248 
92 34 247 
92 35 247 
92 36 246 
92 37 246 
92 38 247 
92 39 248 
92 40 248 
92 41 248 
92 42 248 
92 43 247 
92 44 247 
92 45 246 
92 46 132 
92 47 116 
92 48 125 
92 49 112 
92 50 119 
92 51 113 
92 52 115 
92 53 111 
92 54 105 
92 55 102 
92 56 102 
92 57 105 
92 58 108 
92 59 109 
92 60 108 
92 61 108 
92 62 109 
92 63 109 
92 64 108 
92 65 108 
92 66 107 
92 67 106 
92 68 103 
92 69 103 
92 70 102 
92 71 102 
92 72 102 
92 73 101 
92 74 100 
92 75 100 
92 76 92 
92 77 94 
92 78 95 
92 79 96 
92 80 96 
92 81 98 
92 82 101 
92 83 104 
92 84 92 
92 85 93 
92 86 95 
92 87 97 
92 88 99 
92 89 100 
92 90 101 
92 91 101 
92 92 100 
92 93 98 
92 94 97 
92 95 97 
92 96 99 
92 97 99 
92 98 97 
92 99 95 
92 100 95 
92 101 96 
92 102 98 
92 103 98 
92 104 98 
92 105 98 
92 106 97 
92 107 95 
92 108 95 
92 109 94 
92 110 95 
92 111 100 
92 112 101 
92 113 98 
92 114 98 
92 115 101 
92 116 106 
92 117 105 
92 118 104 
92 119 104 
93 0 242 
93 1 240 
93 2 239 
93 3 237 
93 4 244 
93 5 244 
93 6 238 
93 7 226 
93 8 218 
93 9 221 
93 10 229 
93 11 235 
93 12 246 
93 13 248 
93 14 252 
93 15 253 
93 16 252 
93 17 236 
93 18 211 
93 19 192 
93 20 186 
93 21 171 
93 22 203 
93 23 252 
93 24 252 
93 25 236 
93 26 238 
93 27 252 
93 28 252 
93 29 251 
93 30 250 
93 31 249 
93 32 249 
93 33 248 
93 34 247 
93 35 247 
93 36 247 
93 37 247 
93 38 248 
93 39 249 
93 40 249 
93 41 248 
93 42 248 
93 43 247 
93 44 248 
93 45 246 
93 46 137 
93 47 113 
93 48 119 
93 49 111 
93 50 116 
93 51 111 
93 52 112 
93 53 109 
93 54 105 
93 55 104 
93 56 105 
93 57 109 
93 58 112 
93 59 113 
93 60 105 
93 61 105 
93 62 105 
93 63 104 
93 64 103 
93 65 102 
93 66 101 
93 67 101 
93 68 102 
93 69 103 
93 70 103 
93 71 102 
93 72 100 
93 73 100 
93 74 101 
93 75 103 
93 76 97 
93 77 99 
93 78 101 
93 79 101 
93 80 99 
93 81 97 
93 82 97 
93 83 97 
93 84 94 
93 85 94 
93 86 95 
93 87 96 
93 88 96 
93 89 96 
93 90 96 
93 91 96 
93 92 100 
93 93 98 
93 94 96 
93 95 95 
93 96 97 
93 97 97 
93 98 97 
93 99 96 
93 100 95 
93 101 95 
93 102 97 
93 103 97 
93 104 97 
93 105 97 
93 106 96 
93 107 96 
93 108 96 
93 109 95 
93 110 96 
93 111 100 
93 112 101 
93 113 98 
93 114 98 
93 115 101 
93 116 104 
93 117 102 
93 118 103 
93 119 104 
94 0 229 
94 1 226 
94 2 225 
94 3 224 
94 4 217 
94 5 232 
94 6 244 
94 7 247 
94 8 247 
94 9 250 
94 10 251 
94 11 249 
94 12 238 
94 13 233 
94 14 220 
94 15 198 
94 16 174 
94 17 155 
94 18 148 
94 19 148 
94 20 110 
94 21 137 
94 22 173 
94 23 203 
94 24 233 
94 25 252 
94 26 252 
94 27 238 
94 28 252 
94 29 252 
94 30 252 
94 31 251 
94 32 250 
94 33 249 
94 34 248 
94 35 248 
94 36 248 
94 37 248 
94 38 249 
94 39 249 
94 40 249 
94 41 248 
94 42 248 
94 43 247 
94 44 247 
94 45 244 
94 46 139 
94 47 109 
94 48 112 
94 49 108 
94 50 108 
94 51 109 
94 52 114 
94 53 112 
94 54 108 
94 55 106 
94 56 105 
94 57 105 
94 58 103 
94 59 101 
94 60 104 
94 61 103 
94 62 102 
94 63 101 
94 64 99 
94 65 99 
94 66 98 
94 67 98 
94 68 101 
94 69 102 
94 70 102 
94 71 101 
94 72 99 
94 73 99 
94 74 100 
94 75 102 
94 76 95 
94 77 99 
94 78 102 
94 79 103 
94 80 99 
94 81 93 
94 82 88 
94 83 86 
94 84 95 
94 85 96 
94 86 96 
94 87 97 
94 88 97 
94 89 97 
94 90 96 
94 91 96 
94 92 98 
94 93 96 
94 94 94 
94 95 94 
94 96 95 
94 97 96 
94 98 94 
94 99 93 
94 100 94 
94 101 94 
94 102 96 
94 103 96 
94 104 96 
94 105 96 
94 106 94 
94 107 95 
94 108 97 
94 109 96 
94 110 97 
94 111 102 
94 112 102 
94 113 100 
94 114 100 
94 115 102 
94 116 98 
94 117 98 
94 118 101 
94 119 106 
95 0 251 
95 1 247 
95 2 241 
95 3 236 
95 4 251 
95 5 252 
95 6 251 
95 7 234 
95 8 216 
95 9 203 
95 10 191 
95 11 180 
95 12 162 
95 13 162 
95 14 161 
95 15 157 
95 16 147 
95 17 127 
95 18 104 
95 19 89 
95 20 93 
95 21 125 
95 22 135 
95 23 140 
95 24 179 
95 25 227 
95 26 249 
95 27 252 
95 28 250 
95 29 251 
95 30 251 
95 31 251 
95 32 250 
95 33 250 
95 34 250 
95 35 250 
95 36 249 
95 37 249 
95 38 249 
95 39 250 
95 40 249 
95 41 248 
95 42 248 
95 43 247 
95 44 246 
95 45 243 
95 46 143 
95 47 107 
95 48 106 
95 49 106 
95 50 102 
95 51 107 
95 52 104 
95 53 103 
95 54 103 
95 55 103 
95 56 104 
95 57 103 
95 58 99 
95 59 97 
95 60 104 
95 61 103 
95 62 102 
95 63 100 
95 64 99 
95 65 99 
95 66 99 
95 67 99 
95 68 101 
95 69 100 
95 70 100 
95 71 100 
95 72 99 
95 73 99 
95 74 98 
95 75 98 
95 76 91 
95 77 96 
95 78 101 
95 79 103 
95 80 101 
95 81 96 
95 82 92 
95 83 89 
95 84 95 
95 85 96 
95 86 98 
95 87 99 
95 88 100 
95 89 101 
95 90 101 
95 91 101 
95 92 96 
95 93 95 
95 94 93 
95 95 94 
95 96 95 
95 97 95 
95 98 93 
95 99 91 
95 100 93 
95 101 93 
95 102 95 
95 103 96 
95 104 96 
95 105 95 
95 106 93 
95 107 94 
95 108 98 
95 109 97 
95 110 98 
95 111 102 
95 112 103 
95 113 100 
95 114 100 
95 115 103 
95 116 96 
95 117 95 
95 118 99 
95 119 106 
96 0 249 
96 1 248 
96 2 238 
96 3 227 
96 4 196 
96 5 195 
96 6 180 
96 7 158 
96 8 146 
96 9 146 
96 10 144 
96 11 137 
96 12 144 
96 13 128 
96 14 113 
96 15 113 
96 16 125 
96 17 133 
96 18 131 
96 19 123 
96 20 138 
96 21 172 
96 22 160 
96 23 135 
96 24 148 
96 25 167 
96 26 200 
96 27 252 
96 28 249 
96 29 250 
96 30 250 
96 31 251 
96 32 251 
96 33 251 
96 34 252 
96 35 252 
96 36 249 
96 37 250 
96 38 250 
96 39 250 
96 40 249 
96 41 249 
96 42 248 
96 43 247 
96 44 246 
96 45 243 
96 46 147 
96 47 105 
96 48 102 
96 49 105 
96 50 99 
96 51 106 
96 52 96 
96 53 97 
96 54 98 
96 55 100 
96 56 103 
96 57 104 
96 58 102 
96 59 101 
96 60 103 
96 61 102 
96 62 101 
96 63 99 
96 64 99 
96 65 99 
96 66 100 
96 67 100 
96 68 101 
96 69 99 
96 70 97 
96 71 98 
96 72 100 
96 73 99 
96 74 95 
96 75 91 
96 76 89 
96 77 93 
96 78 97 
96 79 99 
96 80 99 
96 81 98 
96 82 97 
96 83 97 
96 84 96 
96 85 96 
96 86 97 
96 87 98 
96 88 99 
96 89 98 
96 90 97 
96 91 97 
96 92 96 
96 93 95 
96 94 95 
96 95 96 
96 96 97 
96 97 96 
96 98 93 
96 99 90 
96 100 93 
96 101 94 
96 102 95 
96 103 95 
96 104 94 
96 105 94 
96 106 93 
96 107 93 
96 108 97 
96 109 96 
96 110 97 
96 111 101 
96 112 102 
96 113 99 
96 114 99 
96 115 102 
96 116 100 
96 117 97 
96 118 98 
96 119 104 
97 0 180 
97 1 182 
97 2 170 
97 3 157 
97 4 151 
97 5 154 
97 6 147 
97 7 134 
97 8 131 
97 9 136 
97 10 134 
97 11 126 
97 12 126 
97 13 130 
97 14 134 
97 15 135 
97 16 134 
97 17 138 
97 18 147 
97 19 155 
97 20 166 
97 21 249 
97 22 242 
97 23 172 
97 24 151 
97 25 152 
97 26 164 
97 27 203 
97 28 249 
97 29 249 
97 30 249 
97 31 251 
97 32 250 
97 33 252 
97 34 252 
97 35 252 
97 36 249 
97 37 250 
97 38 249 
97 39 250 
97 40 249 
97 41 249 
97 42 247 
97 43 247 
97 44 247 
97 45 243 
97 46 151 
97 47 105 
97 48 101 
97 49 105 
97 50 98 
97 51 106 
97 52 105 
97 53 104 
97 54 102 
97 55 102 
97 56 102 
97 57 101 
97 58 98 
97 59 95 
97 60 101 
97 61 100 
97 62 99 
97 63 97 
97 64 97 
97 65 98 
97 66 99 
97 67 99 
97 68 101 
97 69 98 
97 70 96 
97 71 98 
97 72 101 
97 73 100 
97 74 93 
97 75 86 
97 76 85 
97 77 87 
97 78 89 
97 79 90 
97 80 90 
97 81 92 
97 82 95 
97 83 97 
97 84 97 
97 85 97 
97 86 96 
97 87 95 
97 88 94 
97 89 92 
97 90 89 
97 91 88 
97 92 96 
97 93 96 
97 94 96 
97 95 97 
97 96 98 
97 97 97 
97 98 93 
97 99 90 
97 100 92 
97 101 93 
97 102 93 
97 103 94 
97 104 95 
97 105 94 
97 106 94 
97 107 93 
97 108 97 
97 109 94 
97 110 96 
97 111 100 
97 112 101 
97 113 98 
97 114 98 
97 115 101 
97 116 104 
97 117 100 
97 118 98 
97 119 101 
98 0 107 
98 1 133 
98 2 144 
98 3 136 
98 4 125 
98 5 124 
98 6 123 
98 7 124 
98 8 128 
98 9 133 
98 10 137 
98 11 140 
98 12 133 
98 13 155 
98 14 161 
98 15 158 
98 16 193 
98 17 231 
98 18 238 
98 19 249 
98 20 244 
98 21 239 
98 22 243 
98 23 249 
98 24 234 
98 25 196 
98 26 162 
98 27 148 
98 28 169 
98 29 203 
98 30 238 
98 31 251 
98 32 247 
98 33 243 
98 34 240 
98 35 241 
98 36 251 
98 37 250 
98 38 249 
98 39 249 
98 40 249 
98 41 250 
98 42 248 
98 43 245 
98 44 245 
98 45 236 
98 46 169 
98 47 100 
98 48 108 
98 49 104 
98 50 108 
98 51 105 
98 52 102 
98 53 104 
98 54 106 
98 55 105 
98 56 103 
98 57 101 
98 58 98 
98 59 97 
98 60 98 
98 61 97 
98 62 95 
98 63 93 
98 64 93 
98 65 93 
98 66 95 
98 67 95 
98 68 97 
98 69 97 
98 70 97 
98 71 96 
98 72 95 
98 73 94 
98 74 93 
98 75 92 
98 76 95 
98 77 95 
98 78 93 
98 79 90 
98 80 92 
98 81 95 
98 82 94 
98 83 89 
98 84 87 
98 85 88 
98 86 90 
98 87 92 
98 88 93 
98 89 93 
98 90 92 
98 91 92 
98 92 98 
98 93 97 
98 94 93 
98 95 94 
98 96 95 
98 97 98 
98 98 97 
98 99 97 
98 100 94 
98 101 95 
98 102 96 
98 103 97 
98 104 97 
98 105 96 
98 106 96 
98 107 95 
98 108 90 
98 109 93 
98 110 96 
98 111 98 
98 112 102 
98 113 104 
98 114 100 
98 115 93 
98 116 101 
98 117 101 
98 118 101 
98 119 101 
99 0 108 
99 1 114 
99 2 117 
99 3 117 
99 4 121 
99 5 127 
99 6 133 
99 7 133 
99 8 129 
99 9 127 
99 10 130 
99 11 135 
99 12 205 
99 13 230 
99 14 248 
99 15 243 
99 16 244 
99 17 247 
99 18 242 
99 19 245 
99 20 236 
99 21 246 
99 22 244 
99 23 236 
99 24 240 
99 25 238 
99 26 198 
99 27 146 
99 28 163 
99 29 159 
99 30 186 
99 31 233 
99 32 251 
99 33 240 
99 34 238 
99 35 252 
99 36 248 
99 37 250 
99 38 250 
99 39 249 
99 40 248 
99 41 247 
99 42 248 
99 43 249 
99 44 249 
99 45 238 
99 46 174 
99 47 99 
99 48 107 
99 49 103 
99 50 104 
99 51 100 
99 52 103 
99 53 104 
99 54 104 
99 55 103 
99 56 102 
99 57 99 
99 58 97 
99 59 95 
99 60 97 
99 61 97 
99 62 97 
99 63 97 
99 64 97 
99 65 96 
99 66 94 
99 67 94 
99 68 96 
99 69 97 
99 70 97 
99 71 97 
99 72 96 
99 73 96 
99 74 95 
99 75 95 
99 76 89 
99 77 95 
99 78 99 
99 79 95 
99 80 93 
99 81 93 
99 82 93 
99 83 90 
99 84 87 
99 85 88 
99 86 90 
99 87 93 
99 88 95 
99 89 96 
99 90 97 
99 91 97 
99 92 97 
99 93 96 
99 94 93 
99 95 94 
99 96 96 
99 97 97 
99 98 97 
99 99 96 
99 100 94 
99 101 95 
99 102 95 
99 103 96 
99 104 97 
99 105 97 
99 106 95 
99 107 95 
99 108 92 
99 109 95 
99 110 97 
99 111 97 
99 112 100 
99 113 104 
99 114 100 
99 115 94 
99 116 105 
99 117 102 
99 118 99 
99 119 100 
3 5998 6119 5999 
3 6118 6119 5998 
3 5997 6118 5998 
3 6117 6118 5997 
3 5996 6117 5997 
3 6116 6117 5996 
3 5995 6116 5996 
3 6115 6116 5995 
3 5994 6115 5995 
3 6114 6115 5994 
3 5993 6114 5994 
3 6113 6114 5993 
3 5992 6113 5993 
3 6112 6113 5992 
3 5991 6112 5992 
3 6111 6112 5991 
3 5990 6111 5991 
3 6110 6111 5990 
3 5989 6110 5990 
3 6109 6110 5989 
3 5988 6109 5989 
3 6108 6109 5988 
3 5987 6108 5988 
3 6107 6108 5987 
3 5986 6107 5987 
3 6106 6107 5986 
3 5985 6106 5986 
3 6105 6106 5985 
3 5984 6105 5985 
3 6104 6105 5984 
3 5983 6104 5984 
3 6103 6104 5983 
3 5982 6103 5983 
3 6102 6103 5982 
3 5981 6102 5982 
3 6101 6102 5981 
3 5980 6101 5981 
3 6100 6101 5980 
3 5979 6100 5980 
3 6099 6100 5979 
3 5978 6099 5979 
3 6098 6099 5978 
3 5977 6098 5978 
3 6097 6098 5977 
3 5976 6097 5977 
3 6096 6097 5976 
3 5975 6096 5976 
3 6095 6096 5975 
3 5974 6095 5975 
3 6094 6095 5974 
3 5973 6094 5974 
3 6093 6094 5973 
3 5972 6093 5973 
3 6092 6093 5972 
3 5971 6092 5972 
3 6091 6092 5971 
3 5970 6091 5971 
3 6090 6091 5970 
3 5969 6090 5970 
3 6089 6090 5969 
3 5968 6089 5969 
3 6088 6089 5968 
3 5967 6088 5968 
3 6087 6088 5967 
3 5966 6087 5967 
3 6086 6087 5966 
3 5965 6086 5966 
3 6085 6086 5965 
3 5964 6085 5965 
3 6084 6085 5964 
3 5963 6084 5964 
3 6083 6084 5963 
3 5962 6083 5963 
3 6082 6083 5962 
3 5961 6082 5962 
3 6081 6082 5961 
3 5960 6081 5961 
3 6080 6081 5960 
3 5959 6080 5960 
3 6079 6080 5959 
3 5958 6079 5959 
3 6078 6079 5958 
3 5957 6078 5958 
3 6077 6078 5957 
3 5956 6077 5957 
3 6076 6077 5956 
3 5955 6076 5956 
3 6075 6076 5955 
3 5954 6075 5955 
3 6074 6075 5954 
3 5953 6074 5954 
3 6073 6074 5953 
3 5952 6073 5953 
3 6072 6073 5952 
3 5951 6072 5952 
3 6071 6072 5951 
3 5950 6071 5951 
3 6070 6071 5950 
3 5949 6070 5950 
3 6069 6070 5949 
3 5948 6069 5949 
3 6068 6069 5948 
3 5947 6068 5948 
3 6067 6068 5947 
3 5946 6067 5947 
3 6066 6067 5946 
3 5945 6066 5946 
3 6065 6066 5945 
3 5944 6065 5945 
3 6064 6065 5944 
3 5943 6064 5944 
3 6063 6064 5943 
3 5942 6063 5943 
3 6062 6063 5942 
3 5941 6062 5942 
3 6061 6062 5941 
3 5940 6061 5941 
3 6060 6061 5940 
3 5939 6060 5940 
3 6059 6060 5939 
3 5938 6059 5939 
3 6058 6059 5938 
3 5937 6058 5938 
3 6057 6058 5937 
3 5936 6057 5937 
3 6056 6057 5936 
3 5935 6056 5936 
3 6055 6056 5935 
3 5934 6055 5935 
3 6054 6055 5934 
3 5933 6054 5934 
3 6053 6054 5933 
3 5932 6053 5933 
3 6052 6053 5932 
3 5931 6052 5932 
3 6051 6052 5931 
3 5930 6051 5931 
3 6050 6051 5930 
3 5929 6050 5930 
3 6049 6050 5929 
3 5928 6049 5929 
3 6048 6049 5928 
3 5927 6048 5928 
3 6047 6048 5927 
3 5926 6047 5927 
3 6046 6047 5926 
3 5925 6046 5926 
3 6045 6046 5925 
3 5924 6045 5925 
3 6044 6045 5924 
3 5923 6044 5924 
3 6043 6044 5923 
3 5922 6043 5923 
3 6042 6043 5922 
3 5921 6042 5922 
3 6041 6042 5921 
3 5920 6041 5921 
3 6040 6041 5920 
3 5919 6040 5920 
3 6039 6040 5919 
3 5918 6039 5919 
3 6038 6039 5918 
3 5917 6038 5918 
3 6037 6038 5917 
3 5916 6037 5917 
3 6036 6037 5916 
3 5915 6036 5916 
3 6035 6036 5915 
3 5914 6035 5915 
3 6034 6035 5914 
3 5913 6034 5914 
3 6033 6034 5913 
3 5912 6033 5913 
3 6032 6033 5912 
3 5911 6032 5912 
3 6031 6032 5911 
3 5910 6031 5911 
3 6030 6031 5910 
3 5909 6030 5910 
3 6029 6030 5909 
3 5908 6029 5909 
3 6028 6029 5908 
3 5907 6028 5908 
3 6027 6028 5907 
3 5906 6027 5907 
3 6026 6027 5906 
3 5905 6026 5906 
3 6025 6026 5905 
3 5904 6025 5905 
3 6024 6025 5904 
3 5903 6024 5904 
3 6023 6024 5903 
3 5902 6023 5903 
3 6022 6023 5902 
3 5901 6022 5902 
3 6021 6022 5901 
3 5900 6021 5901 
3 6020 6021 5900 
3 5899 6020 5900 
3 6019 6020 5899 
3 5898 6019 5899 
3 6018 6019 5898 
3 5897 6018 5898 
3 6017 6018 5897 
3 5896 6017 5897 
3 6016 6017 5896 
3 5895 6016 5896 
3 6015 6016 5895 
3 5894 6015 5895 
3 6014 6015 5894 
3 5893 6014 5894 
3 6013 6014 5893 
3 5892 6013 5893 
3 6012 6013 5892 
3 5891 6012 5892 
3 6011 6012 5891 
3 5890 6011 5891 
3 6010 6011 5890 
3 5889 6010 5890 
3 6009 6010 5889 
3 5888 6009 5889 
3 6008 6009 5888 
3 5887 6008 5888 
3 6007 6008 5887 
3 5886 6007 5887 
3 6006 6007 5886 
3 5885 6006 5886 
3 6005 6006 5885 
3 5884 6005 5885 
3 6004 6005 5884 
3 5883 6004 5884 
3 6003 6004 5883 
3 5882 6003 5883 
3 6002 6003 5882 
3 5881 6002 5882 
3 6001 6002 5881 
3 5880 6001 5881 
3 6000 6001 5880 
3 8998 9119 8999 
3 9118 9119 8998 
3 8997 9118 8998 
3 9117 9118 8997 
3 8996 9117 8997 
3 9116 9117 8996 
3 8995 9116 8996 
3 9115 9116 8995 
3 8994 9115 8995 
3 9114 9115 8994 
3 8993 9114 8994 
3 9113 9114 8993 
3 8992 9113 8993 
3 9112 9113 8992 
3 8991 9112 8992 
3 9111 9112 8991 
3 8990 9111 8991 
3 9110 9111 8990 
3 8989 9110 8990 
3 9109 9110 8989 
3 8988 9109 8989 
3 9108 9109 8988 
3 8987 9108 8988 
3 9107 9108 8987 
3 8986 9107 8987 
3 9106 9107 8986 
3 8985 9106 8986 
3 9105 9106 8985 
3 8984 9105 8985 
3 9104 9105 8984 
3 8983 9104 8984 
3 9103 9104 8983 
3 8982 9103 8983 
3 9102 9103 8982 
3 8981 9102 8982 
3 9101 9102 8981 
3 8980 9101 8981 
3 9100 9101 8980 
3 8979 9100 8980 
3 9099 9100 8979 
3 8978 9099 8979 
3 9098 9099 8978 
3 8977 9098 8978 
3 9097 9098 8977 
3 8976 9097 8977 
3 9096 9097 8976 
3 8975 9096 8976 
3 9095 9096 8975 
3 8974 9095 8975 
3 9094 9095 8974 
3 8973 9094 8974 
3 9093 9094 8973 
3 8972 9093 8973 
3 9092 9093 8972 
3 8971 9092 8972 
3 9091 9092 8971 
3 8970 9091 8971 
3 9090 9091 8970 
3 8969 9090 8970 
3 9089 9090 8969 
3 8968 9089 8969 
3 9088 9089 8968 
3 8967 9088 8968 
3 9087 9088 8967 
3 8966 9087 8967 
3 9086 9087 8966 
3 8965 9086 8966 
3 9085 9086 8965 
3 8964 9085 8965 
3 9084 9085 8964 
3 8963 9084 8964 
3 9083 9084 8963 
3 8962 9083 8963 
3 9082 9083 8962 
3 8961 9082 8962 
3 9081 9082 8961 
3 8960 9081 8961 
3 9080 9081 8960 
3 8959 9080 8960 
3 9079 9080 8959 
3 8958 9079 8959 
3 9078 9079 8958 
3 8957 9078 8958 
3 9077 9078 8957 
3 8956 9077 8957 
3 9076 9077 8956 
3 8955 9076 8956 
3 9075 9076 8955 
3 8954 9075 8955 
3 9074 9075 8954 
3 8953 9074 8954 
3 9073 9074 8953 
3 8952 9073 8953 
3 9072 9073 8952 
3 8951 9072 8952 
3 9071 9072 8951 
3 8950 9071 8951 
3 9070 9071 8950 
3 8949 9070 8950 
3 9069 9070 8949 
3 8948 9069 8949 
3 9068 9069 8948 
3 8947 9068 8948 
3 9067 9068 8947 
3 8946 9067 8947 
3 9066 9067 8946 
3 8945 9066 8946 
3 9065 9066 8945 
3 8944 9065 8945 
3 9064 9065 8944 
3 8943 9064 8944 
3 9063 9064 8943 
3 8942 9063 8943 
3 9062 9063 8942 
3 8941 9062 8942 
3 9061 9062 8941 
3 8940 9061 8941 
3 9060 9061 8940 
3 8939 9060 8940 
3 9059 9060 8939 
3 8938 9059 8939 
3 9058 9059 8938 
3 8937 9058 8938 
3 9057 9058 8937 
3 8936 9057 8937 
3 9056 9057 8936 
3 8935 9056 8936 
3 9055 9056 8935 
3 8934 9055 8935 
3 9054 9055 8934 
3 8933 9054 8934 
3 9053 9054 8933 
3 8932 9053 8933 
3 9052 9053 8932 
3 8931 9052 8932 
3 9051 9052 8931 
3 8930 9051 8931 
3 9050 9051 8930 
3 8929 9050 8930 
3 9049 9050 8929 
3 8928 9049 8929 
3 9048 9049 8928 
3 8927 9048 8928 
3 9047 9048 8927 
3 8926 9047 8927 
3 9046 9047 8926 
3 8925 9046 8926 
3 9045 9046 8925 
3 8924 9045 8925 
3 9044 9045 8924 
3 8923 9044 8924 
3 9043 9044 8923 
3 8922 9043 8923 
3 9042 9043 8922 
3 8921 9042 8922 
3 9041 9042 8921 
3 8920 9041 8921 
3 9040 9041 8920 
3 8919 9040 8920 
3 9039 9040 8919 
3 8918 9039 8919 
3 9038 9039 8918 
3 8917 9038 8918 
3 9037 9038 8917 
3 8916 9037 8917 
3 9036 9037 8916 
3 8915 9036 8916 
3 9035 9036 8915 
3 8914 9035 8915 
3 9034 9035 8914 
3 8913 9034 8914 
3 9033 9034 8913 
3 8912 9033 8913 
3 9032 9033 8912 
3 8911 9032 8912 
3 9031 9032 8911 
3 8910 9031 8911 
3 9030 9031 8910 
3 8909 9030 8910 
3 9029 9030 8909 
3 8908 9029 8909 
3 9028 9029 8908 
3 8907 9028 8908 
3 9027 9028 8907 
3 8906 9027 8907 
3 9026 9027 8906 
3 8905 9026 8906 
3 9025 9026 8905 
3 8904 9025 8905 
3 9024 9025 8904 
3 8903 9024 8904 
3 9023 9024 8903 
3 8902 9023 8903 
3 9022 9023 8902 
3 8901 9022 8902 
3 9021 9022 8901 
3 8900 9021 8901 
3 9020 9021 8900 
3 8899 9020 8900 
3 9019 9020 8899 
3 8898 9019 8899 
3 9018 9019 8898 
3 8897 9018 8898 
3 9017 9018 8897 
3 8896 9017 8897 
3 9016 9017 8896 
3 8895 9016 8896 
3 9015 9016 8895 
3 8894 9015 8895 
3 9014 9015 8894 
3 8893 9014 8894 
3 9013 9014 8893 
3 8892 9013 8893 
3 9012 9013 8892 
3 8891 9012 8892 
3 9011 9012 8891 
3 8890 9011 8891 
3 9010 9011 8890 
3 8889 9010 8890 
3 9009 9010 8889 
3 8888 9009 8889 
3 9008 9009 8888 
3 8887 9008 8888 
3 9007 9008 8887 
3 8886 9007 8887 
3 9006 9007 8886 
3 8885 9006 8886 
3 9005 9006 8885 
3 8884 9005 8885 
3 9004 9005 8884 
3 8883 9004 8884 
3 9003 9004 8883 
3 8882 9003 8883 
3 9002 9003 8882 
3 8881 9002 8882 
3 9001 9002 8881 
3 8880 9001 8881 
3 9000 9001 8880 
3 10438 10559 10439 
3 10558 10559 10438 
3 10437 10558 10438 
3 10557 10558 10437 
3 10436 10557 10437 
3 10556 10557 10436 
3 10435 10556 10436 
3 10555 10556 10435 
3 10434 10555 10435 
3 10554 10555 10434 
3 10433 10554 10434 
3 10553 10554 10433 
3 10432 10553 10433 
3 10552 10553 10432 
3 10431 10552 10432 
3 10551 10552 10431 
3 10430 10551 10431 
3 10550 10551 10430 
3 10429 10550 10430 
3 10549 10550 10429 
3 10428 10549 10429 
3 10548 10549 10428 
3 10427 10548 10428 
3 10547 10548 10427 
3 10426 10547 10427 
3 10546 10547 10426 
3 10425 10546 10426 
3 10545 10546 10425 
3 10424 10545 10425 
3 10544 10545 10424 
3 10423 10544 10424 
3 10543 10544 10423 
3 10422 10543 10423 
3 10542 10543 10422 
3 10421 10542 10422 
3 10541 10542 10421 
3 10420 10541 10421 
3 10540 10541 10420 
3 10419 10540 10420 
3 10539 10540 10419 
3 10418 10539 10419 
3 10538 10539 10418 
3 10417 10538 10418 
3 10537 10538 10417 
3 10416 10537 10417 
3 10536 10537 10416 
3 10415 10536 10416 
3 10535 10536 10415 
3 10414 10535 10415 
3 10534 10535 10414 
3 10413 10534 10414 
3 10533 10534 10413 
3 10412 10533 10413 
3 10532 10533 10412 
3 10411 10532 10412 
3 10531 10532 10411 
3 10410 10531 10411 
3 10530 10531 10410 
3 10409 10530 10410 
3 10529 10530 10409 
3 10408 10529 10409 
3 10528 10529 10408 
3 10407 10528 10408 
3 10527 10528 10407 
3 10406 10527 10407 
3 10526 10527 10406 
3 10405 10526 10406 
3 10525 10526 10405 
3 10404 10525 10405 
3 10524 10525 10404 
3 10403 10524 10404 
3 10523 10524 10403 
3 10402 10523 10403 
3 10522 10523 10402 
3 10401 10522 10402 
3 10521 10522 10401 
3 10400 10521 10401 
3 10520 10521 10400 
3 10399 10520 10400 
3 10519 10520 10399 
3 10398 10519 10399 
3 10518 10519 10398 
3 10397 10518 10398 
3 10517 10518 10397 
3 10396 10517 10397 
3 10516 10517 10396 
3 10395 10516 10396 
3 10515 10516 10395 
3 10394 10515 10395 
3 10514 10515 10394 
3 10393 10514 10394 
3 10513 10514 10393 
3 10392 10513 10393 
3 10512 10513 10392 
3 10391 10512 10392 
3 10511 10512 10391 
3 10390 10511 10391 
3 10510 10511 10390 
3 10389 10510 10390 
3 10509 10510 10389 
3 10388 10509 10389 
3 10508 10509 10388 
3 10387 10508 10388 
3 10507 10508 10387 
3 10386 10507 10387 
3 10506 10507 10386 
3 10385 10506 10386 
3 10505 10506 10385 
3 10384 10505 10385 
3 10504 10505 10384 
3 10383 10504 10384 
3 10503 10504 10383 
3 10382 10503 10383 
3 10502 10503 10382 
3 10381 10502 10382 
3 10501 10502 10381 
3 10380 10501 10381 
3 10500 10501 10380 
3 10379 10500 10380 
3 10499 10500 10379 
3 10500 10499 10620 
3 10619 10620 10499 
3 10498 10619 10499 
3 10618 10619 10498 
3 10497 10618 10498 
3 10617 10618 10497 
3 10496 10617 10497 
3 10616 10617 10496 
3 10495 10616 10496 
3 10615 10616 10495 
3 10494 10615 10495 
3 10614 10615 10494 
3 10493 10614 10494 
3 10613 10614 10493 
3 10492 10613 10493 
3 10612 10613 10492 
3 10491 10612 10492 
3 10611 10612 10491 
3 10490 10611 10491 
3 10610 10611 10490 
3 10489 10610 10490 
3 10609 10610 10489 
3 10488 10609 10489 
3 10608 10609 10488 
3 10487 10608 10488 
3 10607 10608 10487 
3 10486 10607 10487 
3 10606 10607 10486 
3 10485 10606 10486 
3 10605 10606 10485 
3 10484 10605 10485 
3 10604 10605 10484 
3 10483 10604 10484 
3 10603 10604 10483 
3 10482 10603 10483 
3 10602 10603 10482 
3 10481 10602 10482 
3 10601 10602 10481 
3 10480 10601 10481 
3 10600 10601 10480 
3 10479 10600 10480 
3 10599 10600 10479 
3 10478 10599 10479 
3 10598 10599 10478 
3 10477 10598 10478 
3 10597 10598 10477 
3 10476 10597 10477 
3 10596 10597 10476 
3 10475 10596 10476 
3 10595 10596 10475 
3 10474 10595 10475 
3 10594 10595 10474 
3 10473 10594 10474 
3 10593 10594 10473 
3 10472 10593 10473 
3 10592 10593 10472 
3 10471 10592 10472 
3 10591 10592 10471 
3 10470 10591 10471 
3 10590 10591 10470 
3 10469 10590 10470 
3 10589 10590 10469 
3 10468 10589 10469 
3 10588 10589 10468 
3 10467 10588 10468 
3 10587 10588 10467 
3 10466 10587 10467 
3 10586 10587 10466 
3 10465 10586 10466 
3 10585 10586 10465 
3 10464 10585 10465 
3 10584 10585 10464 
3 10463 10584 10464 
3 10583 10584 10463 
3 10462 10583 10463 
3 10582 10583 10462 
3 10461 10582 10462 
3 10581 10582 10461 
3 10460 10581 10461 
3 10580 10581 10460 
3 10459 10580 10460 
3 10579 10580 10459 
3 10458 10579 10459 
3 10578 10579 10458 
3 10457 10578 10458 
3 10577 10578 10457 
3 10456 10577 10457 
3 10576 10577 10456 
3 10455 10576 10456 
3 10575 10576 10455 
3 10454 10575 10455 
3 10574 10575 10454 
3 10453 10574 10454 
3 10573 10574 10453 
3 10452 10573 10453 
3 10572 10573 10452 
3 10451 10572 10452 
3 10571 10572 10451 
3 10450 10571 10451 
3 10570 10571 10450 
3 10449 10570 10450 
3 10569 10570 10449 
3 10448 10569 10449 
3 10568 10569 10448 
3 10447 10568 10448 
3 10567 10568 10447 
3 10446 10567 10447 
3 10566 10567 10446 
3 10445 10566 10446 
3 10565 10566 10445 
3 10444 10565 10445 
3 10564 10565 10444 
3 10443 10564 10444 
3 10563 10564 10443 
3 10442 10563 10443 
3 10562 10563 10442 
3 10441 10562 10442 
3 10561 10562 10441 
3 10440 10561 10441 
3 10560 10561 10440 
3 11158 11279 11159 
3 11278 11279 11158 
3 11157 11278 11158 
3 11277 11278 11157 
3 11156 11277 11157 
3 11276 11277 11156 
3 11155 11276 11156 
3 11275 11276 11155 
3 11154 11275 11155 
3 11274 11275 11154 
3 11153 11274 11154 
3 11273 11274 11153 
3 11152 11273 11153 
3 11272 11273 11152 
3 11151 11272 11152 
3 11271 11272 11151 
3 11150 11271 11151 
3 11270 11271 11150 
3 11149 11270 11150 
3 11269 11270 11149 
3 11148 11269 11149 
3 11268 11269 11148 
3 11147 11268 11148 
3 11267 11268 11147 
3 11146 11267 11147 
3 11266 11267 11146 
3 11145 11266 11146 
3 11265 11266 11145 
3 11144 11265 11145 
3 11264 11265 11144 
3 11143 11264 11144 
3 11263 11264 11143 
3 11142 11263 11143 
3 11262 11263 11142 
3 11141 11262 11142 
3 11261 11262 11141 
3 11140 11261 11141 
3 11260 11261 11140 
3 11139 11260 11140 
3 11259 11260 11139 
3 11138 11259 11139 
3 11258 11259 11138 
3 11137 11258 11138 
3 11257 11258 11137 
3 11136 11257 11137 
3 11256 11257 11136 
3 11135 11256 11136 
3 11255 11256 11135 
3 11134 11255 11135 
3 11254 11255 11134 
3 11133 11254 11134 
3 11253 11254 11133 
3 11132 11253 11133 
3 11252 11253 11132 
3 11131 11252 11132 
3 11251 11252 11131 
3 11130 11251 11131 
3 11250 11251 11130 
3 11129 11250 11130 
3 11249 11250 11129 
3 11250 11249 11370 
3 11369 11370 11249 
3 11248 11369 11249 
3 11368 11369 11248 
3 11247 11368 11248 
3 11367 11368 11247 
3 11246 11367 11247 
3 11366 11367 11246 
3 11245 11366 11246 
3 11365 11366 11245 
3 11244 11365 11245 
3 11364 11365 11244 
3 11243 11364 11244 
3 11363 11364 11243 
3 11242 11363 11243 
3 11362 11363 11242 
3 11241 11362 11242 
3 11361 11362 11241 
3 11240 11361 11241 
3 11360 11361 11240 
3 11239 11360 11240 
3 11359 11360 11239 
3 11238 11359 11239 
3 11358 11359 11238 
3 11237 11358 11238 
3 11357 11358 11237 
3 11236 11357 11237 
3 11356 11357 11236 
3 11235 11356 11236 
3 11355 11356 11235 
3 11234 11355 11235 
3 11354 11355 11234 
3 11233 11354 11234 
3 11353 11354 11233 
3 11232 11353 11233 
3 11352 11353 11232 
3 11231 11352 11232 
3 11351 11352 11231 
3 11230 11351 11231 
3 11350 11351 11230 
3 11229 11350 11230 
3 11349 11350 11229 
3 11228 11349 11229 
3 11348 11349 11228 
3 11227 11348 11228 
3 11347 11348 11227 
3 11226 11347 11227 
3 11346 11347 11226 
3 11225 11346 11226 
3 11345 11346 11225 
3 11224 11345 11225 
3 11344 11345 11224 
3 11223 11344 11224 
3 11343 11344 11223 
3 11222 11343 11223 
3 11342 11343 11222 
3 11221 11342 11222 
3 11341 11342 11221 
3 11220 11341 11221 
3 11340 11341 11220 
3 11219 11340 11220 
3 11339 11340 11219 
3 11218 11339 11219 
3 11338 11339 11218 
3 11217 11338 11218 
3 11337 11338 11217 
3 11216 11337 11217 
3 11336 11337 11216 
3 11215 11336 11216 
3 11335 11336 11215 
3 11214 11335 11215 
3 11334 11335 11214 
3 11213 11334 11214 
3 11333 11334 11213 
3 11212 11333 11213 
3 11332 11333 11212 
3 11211 11332 11212 
3 11331 11332 11211 
3 11210 11331 11211 
3 11330 11331 11210 
3 11209 11330 11210 
3 11329 11330 11209 
3 11208 11329 11209 
3 11328 11329 11208 
3 11207 11328 11208 
3 11327 11328 11207 
3 11206 11327 11207 
3 11326 11327 11206 
3 11205 11326 11206 
3 11325 11326 11205 
3 11204 11325 11205 
3 11324 11325 11204 
3 11203 11324 11204 
3 11323 11324 11203 
3 11202 11323 11203 
3 11322 11323 11202 
3 11201 11322 11202 
3 11321 11322 11201 
3 11200 11321 11201 
3 11320 11321 11200 
3 11199 11320 11200 
3 11319 11320 11199 
3 11198 11319 11199 
3 11318 11319 11198 
3 11197 11318 11198 
3 11317 11318 11197 
3 11196 11317 11197 
3 11316 11317 11196 
3 11195 11316 11196 
3 11315 11316 11195 
3 11194 11315 11195 
3 11314 11315 11194 
3 11193 11314 11194 
3 11313 11314 11193 
3 11192 11313 11193 
3 11312 11313 11192 
3 11191 11312 11192 
3 11311 11312 11191 
3 11190 11311 11191 
3 11310 11311 11190 
3 11189 11310 11190 
3 11309 11310 11189 
3 11188 11309 11189 
3 11308 11309 11188 
3 11187 11308 11188 
3 11307 11308 11187 
3 11186 11307 11187 
3 11306 11307 11186 
3 11185 11306 11186 
3 11305 11306 11185 
3 11184 11305 11185 
3 11304 11305 11184 
3 11183 11304 11184 
3 11303 11304 11183 
3 11182 11303 11183 
3 11302 11303 11182 
3 11181 11302 11182 
3 11301 11302 11181 
3 11180 11301 11181 
3 11300 11301 11180 
3 11179 11300 11180 
3 11299 11300 11179 
3 11178 11299 11179 
3 11298 11299 11178 
3 11177 11298 11178 
3 11297 11298 11177 
3 11176 11297 11177 
3 11296 11297 11176 
3 11175 11296 11176 
3 11295 11296 11175 
3 11174 11295 11175 
3 11294 11295 11174 
3 11173 11294 11174 
3 11293 11294 11173 
3 11172 11293 11173 
3 11292 11293 11172 
3 11171 11292 11172 
3 11291 11292 11171 
3 11170 11291 11171 
3 11290 11291 11170 
3 11169 11290 11170 
3 11289 11290 11169 
3 11168 11289 11169 
3 11288 11289 11168 
3 11167 11288 11168 
3 11287 11288 11167 
3 11166 11287 11167 
3 11286 11287 11166 
3 11165 11286 11166 
3 11285 11286 11165 
3 11164 11285 11165 
3 11284 11285 11164 
3 11163 11284 11164 
3 11283 11284 11163 
3 11162 11283 11163 
3 11282 11283 11162 
3 11161 11282 11162 
3 11281 11282 11161 
3 11160 11281 11161 
3 11280 11281 11160 
3 11518 11639 11519 
3 11638 11639 11518 
3 11517 11638 11518 
3 11637 11638 11517 
3 11516 11637 11517 
3 11636 11637 11516 
3 11515 11636 11516 
3 11635 11636 11515 
3 11514 11635 11515 
3 11634 11635 11514 
3 11513 11634 11514 
3 11633 11634 11513 
3 11512 11633 11513 
3 11632 11633 11512 
3 11511 11632 11512 
3 11631 11632 11511 
3 11510 11631 11511 
3 11630 11631 11510 
3 11509 11630 11510 
3 11629 11630 11509 
3 11508 11629 11509 
3 11628 11629 11508 
3 11507 11628 11508 
3 11627 11628 11507 
3 11506 11627 11507 
3 11626 11627 11506 
3 11505 11626 11506 
3 11625 11626 11505 
3 11504 11625 11505 
3 11624 11625 11504 
3 11625 11624 11745 
3 11744 11745 11624 
3 11623 11744 11624 
3 11743 11744 11623 
3 11622 11743 11623 
3 11742 11743 11622 
3 11621 11742 11622 
3 11741 11742 11621 
3 11620 11741 11621 
3 11740 11741 11620 
3 11619 11740 11620 
3 11739 11740 11619 
3 11618 11739 11619 
3 11738 11739 11618 
3 11617 11738 11618 
3 11737 11738 11617 
3 11616 11737 11617 
3 11736 11737 11616 
3 11615 11736 11616 
3 11735 11736 11615 
3 11614 11735 11615 
3 11734 11735 11614 
3 11613 11734 11614 
3 11733 11734 11613 
3 11612 11733 11613 
3 11732 11733 11612 
3 11611 11732 11612 
3 11731 11732 11611 
3 11610 11731 11611 
3 11730 11731 11610 
3 11609 11730 11610 
3 11729 11730 11609 
3 11608 11729 11609 
3 11728 11729 11608 
3 11607 11728 11608 
3 11727 11728 11607 
3 11606 11727 11607 
3 11726 11727 11606 
3 11605 11726 11606 
3 11725 11726 11605 
3 11604 11725 11605 
3 11724 11725 11604 
3 11603 11724 11604 
3 11723 11724 11603 
3 11602 11723 11603 
3 11722 11723 11602 
3 11601 11722 11602 
3 11721 11722 11601 
3 11600 11721 11601 
3 11720 11721 11600 
3 11599 11720 11600 
3 11719 11720 11599 
3 11598 11719 11599 
3 11718 11719 11598 
3 11597 11718 11598 
3 11717 11718 11597 
3 11596 11717 11597 
3 11716 11717 11596 
3 11595 11716 11596 
3 11715 11716 11595 
3 11594 11715 11595 
3 11714 11715 11594 
3 11593 11714 11594 
3 11713 11714 11593 
3 11592 11713 11593 
3 11712 11713 11592 
3 11591 11712 11592 
3 11711 11712 11591 
3 11590 11711 11591 
3 11710 11711 11590 
3 11589 11710 11590 
3 11709 11710 11589 
3 11588 11709 11589 
3 11708 11709 11588 
3 11587 11708 11588 
3 11707 11708 11587 
3 11586 11707 11587 
3 11706 11707 11586 
3 11585 11706 11586 
3 11705 11706 11585 
3 11584 11705 11585 
3 11704 11705 11584 
3 11583 11704 11584 
3 11703 11704 11583 
3 11582 11703 11583 
3 11702 11703 11582 
3 11581 11702 11582 
3 11701 11702 11581 
3 11580 11701 11581 
3 11700 11701 11580 
3 11579 11700 11580 
3 11699 11700 11579 
3 11578 11699 11579 
3 11698 11699 11578 
3 11577 11698 11578 
3 11697 11698 11577 
3 11576 11697 11577 
3 11696 11697 11576 
3 11575 11696 11576 
3 11695 11696 11575 
3 11574 11695 11575 
3 11694 11695 11574 
3 11573 11694 11574 
3 11693 11694 11573 
3 11572 11693 11573 
3 11692 11693 11572 
3 11571 11692 11572 
3 11691 11692 11571 
3 11570 11691 11571 
3 11690 11691 11570 
3 11569 11690 11570 
3 11689 11690 11569 
3 11568 11689 11569 
3 11688 11689 11568 
3 11567 11688 11568 
3 11687 11688 11567 
3 11566 11687 11567 
3 11686 11687 11566 
3 11565 11686 11566 
3 11685 11686 11565 
3 11564 11685 11565 
3 11684 11685 11564 
3 11563 11684 11564 
3 11683 11684 11563 
3 11562 11683 11563 
3 11682 11683 11562 
3 11561 11682 11562 
3 11681 11682 11561 
3 11560 11681 11561 
3 11680 11681 11560 
3 11559 11680 11560 
3 11679 11680 11559 
3 11558 11679 11559 
3 11678 11679 11558 
3 11557 11678 11558 
3 11677 11678 11557 
3 11556 11677 11557 
3 11676 11677 11556 
3 11555 11676 11556 
3 11675 11676 11555 
3 11554 11675 11555 
3 11674 11675 11554 
3 11553 11674 11554 
3 11673 11674 11553 
3 11552 11673 11553 
3 11672 11673 11552 
3 11551 11672 11552 
3 11671 11672 11551 
3 11550 11671 11551 
3 11670 11671 11550 
3 11549 11670 11550 
3 11669 11670 11549 
3 11548 11669 11549 
3 11668 11669 11548 
3 11547 11668 11548 
3 11667 11668 11547 
3 11546 11667 11547 
3 11666 11667 11546 
3 11545 11666 11546 
3 11665 11666 11545 
3 11544 11665 11545 
3 11664 11665 11544 
3 11543 11664 11544 
3 11663 11664 11543 
3 11542 11663 11543 
3 11662 11663 11542 
3 11541 11662 11542 
3 11661 11662 11541 
3 11540 11661 11541 
3 11660 11661 11540 
3 11539 11660 11540 
3 11659 11660 11539 
3 11538 11659 11539 
3 11658 11659 11538 
3 11537 11658 11538 
3 11657 11658 11537 
3 11536 11657 11537 
3 11656 11657 11536 
3 11535 11656 11536 
3 11655 11656 11535 
3 11534 11655 11535 
3 11654 11655 11534 
3 11533 11654 11534 
3 11653 11654 11533 
3 11532 11653 11533 
3 11652 11653 11532 
3 11531 11652 11532 
3 11651 11652 11531 
3 11530 11651 11531 
3 11650 11651 11530 
3 11529 11650 11530 
3 11649 11650 11529 
3 11528 11649 11529 
3 11648 11649 11528 
3 11527 11648 11528 
3 11647 11648 11527 
3 11526 11647 11527 
3 11646 11647 11526 
3 11525 11646 11526 
3 11645 11646 11525 
3 11524 11645 11525 
3 11644 11645 11524 
3 11523 11644 11524 
3 11643 11644 11523 
3 11522 11643 11523 
3 11642 11643 11522 
3 11521 11642 11522 
3 11641 11642 11521 
3 11520 11641 11521 
3 11640 11641 11520 
3 11758 11879 11759 
3 11878 11879 11758 
3 11757 11878 11758 
3 11877 11878 11757 
3 11756 11877 11757 
3 11876 11877 11756 
3 11755 11876 11756 
3 11875 11876 11755 
3 11754 11875 11755 
3 11874 11875 11754 
3 11753 11874 11754 
3 11873 11874 11753 
3 11752 11873 11753 
3 11872 11873 11752 
3 11751 11872 11752 
3 11871 11872 11751 
3 11750 11871 11751 
3 11870 11871 11750 
3 11749 11870 11750 
3 11869 11870 11749 
3 11748 11869 11749 
3 11868 11869 11748 
3 11747 11868 11748 
3 11867 11868 11747 
3 11746 11867 11747 
3 11866 11867 11746 
3 11745 11866 11746 
3 11865 11866 11745 
3 11744 11865 11745 
3 11864 11865 11744 
3 11743 11864 11744 
3 11863 11864 11743 
3 11742 11863 11743 
3 11862 11863 11742 
3 11741 11862 11742 
3 11861 11862 11741 
3 11740 11861 11741 
3 11860 11861 11740 
3 11739 11860 11740 
3 11859 11860 11739 
3 11738 11859 11739 
3 11858 11859 11738 
3 11737 11858 11738 
3 11857 11858 11737 
3 11736 11857 11737 
3 11856 11857 11736 
3 11735 11856 11736 
3 11855 11856 11735 
3 11734 11855 11735 
3 11854 11855 11734 
3 11733 11854 11734 
3 11853 11854 11733 
3 11732 11853 11733 
3 11852 11853 11732 
3 11731 11852 11732 
3 11851 11852 11731 
3 11730 11851 11731 
3 11850 11851 11730 
3 11729 11850 11730 
3 11849 11850 11729 
3 11728 11849 11729 
3 11848 11849 11728 
3 11727 11848 11728 
3 11847 11848 11727 
3 11726 11847 11727 
3 11846 11847 11726 
3 11725 11846 11726 
3 11845 11846 11725 
3 11724 11845 11725 
3 11844 11845 11724 
3 11723 11844 11724 
3 11843 11844 11723 
3 11722 11843 11723 
3 11842 11843 11722 
3 11721 11842 11722 
3 11841 11842 11721 
3 11720 11841 11721 
3 11840 11841 11720 
3 11719 11840 11720 
3 11839 11840 11719 
3 11718 11839 11719 
3 11838 11839 11718 
3 11717 11838 11718 
3 11837 11838 11717 
3 11716 11837 11717 
3 11836 11837 11716 
3 11715 11836 11716 
3 11835 11836 11715 
3 11714 11835 11715 
3 11834 11835 11714 
3 11713 11834 11714 
3 11833 11834 11713 
3 11712 11833 11713 
3 11832 11833 11712 
3 11711 11832 11712 
3 11831 11832 11711 
3 11710 11831 11711 
3 11830 11831 11710 
3 11709 11830 11710 
3 11829 11830 11709 
3 11708 11829 11709 
3 11828 11829 11708 
3 11707 11828 11708 
3 11827 11828 11707 
3 11706 11827 11707 
3 11826 11827 11706 
3 11705 11826 11706 
3 11825 11826 11705 
3 11704 11825 11705 
3 11824 11825 11704 
3 11703 11824 11704 
3 11823 11824 11703 
3 11702 11823 11703 
3 11822 11823 11702 
3 11701 11822 11702 
3 11821 11822 11701 
3 11700 11821 11701 
3 11820 11821 11700 
3 11699 11820 11700 
3 11819 11820 11699 
3 11698 11819 11699 
3 11818 11819 11698 
3 11697 11818 11698 
3 11817 11818 11697 
3 11696 11817 11697 
3 11816 11817 11696 
3 11695 11816 11696 
3 11815 11816 11695 
3 11694 11815 11695 
3 11814 11815 11694 
3 11693 11814 11694 
3 11813 11814 11693 
3 11692 11813 11693 
3 11812 11813 11692 
3 11813 11812 11933 
3 11932 11933 11812 
3 11811 11932 11812 
3 11931 11932 11811 
3 11810 11931 11811 
3 11930 11931 11810 
3 11809 11930 11810 
3 11929 11930 11809 
3 11808 11929 11809 
3 11928 11929 11808 
3 11807 11928 11808 
3 11927 11928 11807 
3 11806 11927 11807 
3 11926 11927 11806 
3 11805 11926 11806 
3 11925 11926 11805 
3 11804 11925 11805 
3 11924 11925 11804 
3 11803 11924 11804 
3 11923 11924 11803 
3 11802 11923 11803 
3 11922 11923 11802 
3 11801 11922 11802 
3 11921 11922 11801 
3 11800 11921 11801 
3 11920 11921 11800 
3 11799 11920 11800 
3 11919 11920 11799 
3 11798 11919 11799 
3 11918 11919 11798 
3 11797 11918 11798 
3 11917 11918 11797 
3 11796 11917 11797 
3 11916 11917 11796 
3 11795 11916 11796 
3 11915 11916 11795 
3 11794 11915 11795 
3 11914 11915 11794 
3 11793 11914 11794 
3 11913 11914 11793 
3 11792 11913 11793 
3 11912 11913 11792 
3 11791 11912 11792 
3 11911 11912 11791 
3 11790 11911 11791 
3 11910 11911 11790 
3 11789 11910 11790 
3 11909 11910 11789 
3 11788 11909 11789 
3 11908 11909 11788 
3 11787 11908 11788 
3 11907 11908 11787 
3 11786 11907 11787 
3 11906 11907 11786 
3 11785 11906 11786 
3 11905 11906 11785 
3 11784 11905 11785 
3 11904 11905 11784 
3 11783 11904 11784 
3 11903 11904 11783 
3 11782 11903 11783 
3 11902 11903 11782 
3 11781 11902 11782 
3 11901 11902 11781 
3 11780 11901 11781 
3 11900 11901 11780 
3 11779 11900 11780 
3 11899 11900 11779 
3 11778 11899 11779 
3 11898 11899 11778 
3 11777 11898 11778 
3 11897 11898 11777 
3 11776 11897 11777 
3 11896 11897 11776 
3 11775 11896 11776 
3 11895 11896 11775 
3 11774 11895 11775 
3 11894 11895 11774 
3 11773 11894 11774 
3 11893 11894 11773 
3 11772 11893 11773 
3 11892 11893 11772 
3 11771 11892 11772 
3 11891 11892 11771 
3 11770 11891 11771 
3 11890 11891 11770 
3 11769 11890 11770 
3 11889 11890 11769 
3 11768 11889 11769 
3 11888 11889 11768 
3 11767 11888 11768 
3 11887 11888 11767 
3 11766 11887 11767 
3 11886 11887 11766 
3 11765 11886 11766 
3 11885 11886 11765 
3 11764 11885 11765 
3 11884 11885 11764 
3 11763 11884 11764 
3 11883 11884 11763 
3 11762 11883 11763 
3 11882 11883 11762 
3 11761 11882 11762 
3 11881 11882 11761 
3 11760 11881 11761 
3 11880 11881 11760 
3 11880 11881 11760 
3 11878 11999 11879 
3 11998 11999 11878 
3 11877 11998 11878 
3 11997 11998 11877 
3 11876 11997 11877 
3 11996 11997 11876 
3 11875 11996 11876 
3 11995 11996 11875 
3 11874 11995 11875 
3 11994 11995 11874 
3 11873 11994 11874 
3 11993 11994 11873 
3 11872 11993 11873 
3 11992 11993 11872 
3 11871 11992 11872 
3 11991 11992 11871 
3 11870 11991 11871 
3 11990 11991 11870 
3 11869 11990 11870 
3 11989 11990 11869 
3 11868 11989 11869 
3 11988 11989 11868 
3 11867 11988 11868 
3 11987 11988 11867 
3 11866 11987 11867 
3 11986 11987 11866 
3 11865 11986 11866 
3 11985 11986 11865 
3 11864 11985 11865 
3 11984 11985 11864 
3 11863 11984 11864 
3 11983 11984 11863 
3 11862 11983 11863 
3 11982 11983 11862 
3 11861 11982 11862 
3 11981 11982 11861 
3 11860 11981 11861 
3 11980 11981 11860 
3 11859 11980 11860 
3 11979 11980 11859 
3 11858 11979 11859 
3 11978 11979 11858 
3 11857 11978 11858 
3 11977 11978 11857 
3 11856 11977 11857 
3 11976 11977 11856 
3 11855 11976 11856 
3 11975 11976 11855 
3 11854 11975 11855 
3 11974 11975 11854 
3 11853 11974 11854 
3 11973 11974 11853 
3 11852 11973 11853 
3 11972 11973 11852 
3 11851 11972 11852 
3 11971 11972 11851 
3 11850 11971 11851 
3 11970 11971 11850 
3 11849 11970 11850 
3 11969 11970 11849 
3 11848 11969 11849 
3 11968 11969 11848 
3 11847 11968 11848 
3 11967 11968 11847 
3 11846 11967 11847 
3 11966 11967 11846 
3 11845 11966 11846 
3 11965 11966 11845 
3 11844 11965 11845 
3 11964 11965 11844 
3 11843 11964 11844 
3 11963 11964 11843 
3 11842 11963 11843 
3 11962 11963 11842 
3 11841 11962 11842 
3 11961 11962 11841 
3 11840 11961 11841 
3 11960 11961 11840 
3 11839 11960 11840 
3 11959 11960 11839 
3 11838 11959 11839 
3 11958 11959 11838 
3 11837 11958 11838 
3 11957 11958 11837 
3 11836 11957 11837 
3 11956 11957 11836 
3 11835 11956 11836 
3 11955 11956 11835 
3 11834 11955 11835 
3 11954 11955 11834 
3 11833 11954 11834 
3 11953 11954 11833 
3 11832 11953 11833 
3 11952 11953 11832 
3 11831 11952 11832 
3 11951 11952 11831 
3 11830 11951 11831 
3 11950 11951 11830 
3 11829 11950 11830 
3 11949 11950 11829 
3 11828 11949 11829 
3 11948 11949 11828 
3 11827 11948 11828 
3 11947 11948 11827 
3 11826 11947 11827 
3 11946 11947 11826 
3 11825 11946 11826 
3 11945 11946 11825 
3 11824 11945 11825 
3 11944 11945 11824 
3 11823 11944 11824 
3 11943 11944 11823 
3 11822 11943 11823 
3 11942 11943 11822 
3 11821 11942 11822 
3 11941 11942 11821 
3 11820 11941 11821 
3 11940 11941 11820 
3 11819 11940 11820 
3 11939 11940 11819 
3 11818 11939 11819 
3 11938 11939 11818 
3 11817 11938 11818 
3 11937 11938 11817 
3 11816 11937 11817 
3 11936 11937 11816 
3 11815 11936 11816 
3 11935 11936 11815 
3 11814 11935 11815 
3 11934 11935 11814 
3 11813 11934 11814 
3 11933 11934 11813 
3 11638 11759 11639 
3 11758 11759 11638 
3 11637 11758 11638 
3 11757 11758 11637 
3 11636 11757 11637 
3 11756 11757 11636 
3 11635 11756 11636 
3 11755 11756 11635 
3 11634 11755 11635 
3 11754 11755 11634 
3 11633 11754 11634 
3 11753 11754 11633 
3 11632 11753 11633 
3 11752 11753 11632 
3 11631 11752 11632 
3 11751 11752 11631 
3 11630 11751 11631 
3 11750 11751 11630 
3 11629 11750 11630 
3 11749 11750 11629 
3 11628 11749 11629 
3 11748 11749 11628 
3 11627 11748 11628 
3 11747 11748 11627 
3 11626 11747 11627 
3 11746 11747 11626 
3 11625 11746 11626 
3 11745 11746 11625 
3 11691 11812 11692 
3 11811 11812 11691 
3 11690 11811 11691 
3 11810 11811 11690 
3 11689 11810 11690 
3 11809 11810 11689 
3 11688 11809 11689 
3 11808 11809 11688 
3 11687 11808 11688 
3 11807 11808 11687 
3 11686 11807 11687 
3 11806 11807 11686 
3 11685 11806 11686 
3 11805 11806 11685 
3 11684 11805 11685 
3 11804 11805 11684 
3 11683 11804 11684 
3 11803 11804 11683 
3 11682 11803 11683 
3 11802 11803 11682 
3 11681 11802 11682 
3 11801 11802 11681 
3 11680 11801 11681 
3 11800 11801 11680 
3 11679 11800 11680 
3 11799 11800 11679 
3 11678 11799 11679 
3 11798 11799 11678 
3 11677 11798 11678 
3 11797 11798 11677 
3 11676 11797 11677 
3 11796 11797 11676 
3 11675 11796 11676 
3 11795 11796 11675 
3 11674 11795 11675 
3 11794 11795 11674 
3 11673 11794 11674 
3 11793 11794 11673 
3 11672 11793 11673 
3 11792 11793 11672 
3 11671 11792 11672 
3 11791 11792 11671 
3 11670 11791 11671 
3 11790 11791 11670 
3 11669 11790 11670 
3 11789 11790 11669 
3 11668 11789 11669 
3 11788 11789 11668 
3 11667 11788 11668 
3 11787 11788 11667 
3 11666 11787 11667 
3 11786 11787 11666 
3 11665 11786 11666 
3 11785 11786 11665 
3 11664 11785 11665 
3 11784 11785 11664 
3 11663 11784 11664 
3 11783 11784 11663 
3 11662 11783 11663 
3 11782 11783 11662 
3 11661 11782 11662 
3 11781 11782 11661 
3 11660 11781 11661 
3 11780 11781 11660 
3 11659 11780 11660 
3 11779 11780 11659 
3 11658 11779 11659 
3 11778 11779 11658 
3 11657 11778 11658 
3 11777 11778 11657 
3 11656 11777 11657 
3 11776 11777 11656 
3 11655 11776 11656 
3 11775 11776 11655 
3 11654 11775 11655 
3 11774 11775 11654 
3 11653 11774 11654 
3 11773 11774 11653 
3 11652 11773 11653 
3 11772 11773 11652 
3 11651 11772 11652 
3 11771 11772 11651 
3 11650 11771 11651 
3 11770 11771 11650 
3 11649 11770 11650 
3 11769 11770 11649 
3 11648 11769 11649 
3 11768 11769 11648 
3 11647 11768 11648 
3 11767 11768 11647 
3 11646 11767 11647 
3 11766 11767 11646 
3 11645 11766 11646 
3 11765 11766 11645 
3 11644 11765 11645 
3 11764 11765 11644 
3 11643 11764 11644 
3 11763 11764 11643 
3 11642 11763 11643 
3 11762 11763 11642 
3 11641 11762 11642 
3 11761 11762 11641 
3 11640 11761 11641 
3 11760 11761 11640 
3 11398 11519 11399 
3 11518 11519 11398 
3 11397 11518 11398 
3 11517 11518 11397 
3 11396 11517 11397 
3 11516 11517 11396 
3 11395 11516 11396 
3 11515 11516 11395 
3 11394 11515 11395 
3 11514 11515 11394 
3 11393 11514 11394 
3 11513 11514 11393 
3 11392 11513 11393 
3 11512 11513 11392 
3 11391 11512 11392 
3 11511 11512 11391 
3 11390 11511 11391 
3 11510 11511 11390 
3 11389 11510 11390 
3 11509 11510 11389 
3 11388 11509 11389 
3 11508 11509 11388 
3 11387 11508 11388 
3 11507 11508 11387 
3 11386 11507 11387 
3 11506 11507 11386 
3 11385 11506 11386 
3 11505 11506 11385 
3 11384 11505 11385 
3 11504 11505 11384 
3 11383 11504 11384 
3 11503 11504 11383 
3 11382 11503 11383 
3 11502 11503 11382 
3 11381 11502 11382 
3 11501 11502 11381 
3 11380 11501 11381 
3 11500 11501 11380 
3 11379 11500 11380 
3 11499 11500 11379 
3 11378 11499 11379 
3 11498 11499 11378 
3 11377 11498 11378 
3 11497 11498 11377 
3 11376 11497 11377 
3 11496 11497 11376 
3 11375 11496 11376 
3 11495 11496 11375 
3 11374 11495 11375 
3 11494 11495 11374 
3 11373 11494 11374 
3 11493 11494 11373 
3 11372 11493 11373 
3 11492 11493 11372 
3 11371 11492 11372 
3 11491 11492 11371 
3 11370 11491 11371 
3 11490 11491 11370 
3 11369 11490 11370 
3 11489 11490 11369 
3 11368 11489 11369 
3 11488 11489 11368 
3 11367 11488 11368 
3 11487 11488 11367 
3 11366 11487 11367 
3 11486 11487 11366 
3 11365 11486 11366 
3 11485 11486 11365 
3 11364 11485 11365 
3 11484 11485 11364 
3 11363 11484 11364 
3 11483 11484 11363 
3 11362 11483 11363 
3 11482 11483 11362 
3 11361 11482 11362 
3 11481 11482 11361 
3 11360 11481 11361 
3 11480 11481 11360 
3 11359 11480 11360 
3 11479 11480 11359 
3 11358 11479 11359 
3 11478 11479 11358 
3 11357 11478 11358 
3 11477 11478 11357 
3 11356 11477 11357 
3 11476 11477 11356 
3 11355 11476 11356 
3 11475 11476 11355 
3 11354 11475 11355 
3 11474 11475 11354 
3 11353 11474 11354 
3 11473 11474 11353 
3 11352 11473 11353 
3 11472 11473 11352 
3 11351 11472 11352 
3 11471 11472 11351 
3 11350 11471 11351 
3 11470 11471 11350 
3 11349 11470 11350 
3 11469 11470 11349 
3 11348 11469 11349 
3 11468 11469 11348 
3 11347 11468 11348 
3 11467 11468 11347 
3 11346 11467 11347 
3 11466 11467 11346 
3 11345 11466 11346 
3 11465 11466 11345 
3 11344 11465 11345 
3 11464 11465 11344 
3 11343 11464 11344 
3 11463 11464 11343 
3 11342 11463 11343 
3 11462 11463 11342 
3 11341 11462 11342 
3 11461 11462 11341 
3 11340 11461 11341 
3 11460 11461 11340 
3 11339 11460 11340 
3 11459 11460 11339 
3 11338 11459 11339 
3 11458 11459 11338 
3 11337 11458 11338 
3 11457 11458 11337 
3 11336 11457 11337 
3 11456 11457 11336 
3 11335 11456 11336 
3 11455 11456 11335 
3 11334 11455 11335 
3 11454 11455 11334 
3 11333 11454 11334 
3 11453 11454 11333 
3 11332 11453 11333 
3 11452 11453 11332 
3 11331 11452 11332 
3 11451 11452 11331 
3 11330 11451 11331 
3 11450 11451 11330 
3 11329 11450 11330 
3 11449 11450 11329 
3 11328 11449 11329 
3 11448 11449 11328 
3 11327 11448 11328 
3 11447 11448 11327 
3 11326 11447 11327 
3 11446 11447 11326 
3 11325 11446 11326 
3 11445 11446 11325 
3 11324 11445 11325 
3 11444 11445 11324 
3 11323 11444 11324 
3 11443 11444 11323 
3 11322 11443 11323 
3 11442 11443 11322 
3 11321 11442 11322 
3 11441 11442 11321 
3 11320 11441 11321 
3 11440 11441 11320 
3 11319 11440 11320 
3 11439 11440 11319 
3 11318 11439 11319 
3 11438 11439 11318 
3 11317 11438 11318 
3 11437 11438 11317 
3 11438 11437 11558 
3 11557 11558 11437 
3 11436 11557 11437 
3 11556 11557 11436 
3 11435 11556 11436 
3 11555 11556 11435 
3 11434 11555 11435 
3 11554 11555 11434 
3 11433 11554 11434 
3 11553 11554 11433 
3 11432 11553 11433 
3 11552 11553 11432 
3 11431 11552 11432 
3 11551 11552 11431 
3 11430 11551 11431 
3 11550 11551 11430 
3 11429 11550 11430 
3 11549 11550 11429 
3 11428 11549 11429 
3 11548 11549 11428 
3 11427 11548 11428 
3 11547 11548 11427 
3 11426 11547 11427 
3 11546 11547 11426 
3 11425 11546 11426 
3 11545 11546 11425 
3 11424 11545 11425 
3 11544 11545 11424 
3 11423 11544 11424 
3 11543 11544 11423 
3 11422 11543 11423 
3 11542 11543 11422 
3 11421 11542 11422 
3 11541 11542 11421 
3 11420 11541 11421 
3 11540 11541 11420 
3 11419 11540 11420 
3 11539 11540 11419 
3 11418 11539 11419 
3 11538 11539 11418 
3 11417 11538 11418 
3 11537 11538 11417 
3 11416 11537 11417 
3 11536 11537 11416 
3 11415 11536 11416 
3 11535 11536 11415 
3 11414 11535 11415 
3 11534 11535 11414 
3 11413 11534 11414 
3 11533 11534 11413 
3 11412 11533 11413 
3 11532 11533 11412 
3 11411 11532 11412 
3 11531 11532 11411 
3 11410 11531 11411 
3 11530 11531 11410 
3 11409 11530 11410 
3 11529 11530 11409 
3 11408 11529 11409 
3 11528 11529 11408 
3 11407 11528 11408 
3 11527 11528 11407 
3 11406 11527 11407 
3 11526 11527 11406 
3 11405 11526 11406 
3 11525 11526 11405 
3 11404 11525 11405 
3 11524 11525 11404 
3 11403 11524 11404 
3 11523 11524 11403 
3 11402 11523 11403 
3 11522 11523 11402 
3 11401 11522 11402 
3 11521 11522 11401 
3 11400 11521 11401 
3 11520 11521 11400 
3 11503 11624 11504 
3 11623 11624 11503 
3 11502 11623 11503 
3 11622 11623 11502 
3 11501 11622 11502 
3 11621 11622 11501 
3 11500 11621 11501 
3 11620 11621 11500 
3 11499 11620 11500 
3 11619 11620 11499 
3 11498 11619 11499 
3 11618 11619 11498 
3 11497 11618 11498 
3 11617 11618 11497 
3 11496 11617 11497 
3 11616 11617 11496 
3 11495 11616 11496 
3 11615 11616 11495 
3 11494 11615 11495 
3 11614 11615 11494 
3 11493 11614 11494 
3 11613 11614 11493 
3 11492 11613 11493 
3 11612 11613 11492 
3 11491 11612 11492 
3 11611 11612 11491 
3 11490 11611 11491 
3 11610 11611 11490 
3 11489 11610 11490 
3 11609 11610 11489 
3 11488 11609 11489 
3 11608 11609 11488 
3 11487 11608 11488 
3 11607 11608 11487 
3 11486 11607 11487 
3 11606 11607 11486 
3 11485 11606 11486 
3 11605 11606 11485 
3 11484 11605 11485 
3 11604 11605 11484 
3 11483 11604 11484 
3 11603 11604 11483 
3 11482 11603 11483 
3 11602 11603 11482 
3 11481 11602 11482 
3 11601 11602 11481 
3 11480 11601 11481 
3 11600 11601 11480 
3 11479 11600 11480 
3 11599 11600 11479 
3 11478 11599 11479 
3 11598 11599 11478 
3 11477 11598 11478 
3 11597 11598 11477 
3 11476 11597 11477 
3 11596 11597 11476 
3 11475 11596 11476 
3 11595 11596 11475 
3 11474 11595 11475 
3 11594 11595 11474 
3 11473 11594 11474 
3 11593 11594 11473 
3 11472 11593 11473 
3 11592 11593 11472 
3 11471 11592 11472 
3 11591 11592 11471 
3 11470 11591 11471 
3 11590 11591 11470 
3 11469 11590 11470 
3 11589 11590 11469 
3 11468 11589 11469 
3 11588 11589 11468 
3 11467 11588 11468 
3 11587 11588 11467 
3 11466 11587 11467 
3 11586 11587 11466 
3 11465 11586 11466 
3 11585 11586 11465 
3 11464 11585 11465 
3 11584 11585 11464 
3 11463 11584 11464 
3 11583 11584 11463 
3 11462 11583 11463 
3 11582 11583 11462 
3 11461 11582 11462 
3 11581 11582 11461 
3 11460 11581 11461 
3 11580 11581 11460 
3 11459 11580 11460 
3 11579 11580 11459 
3 11458 11579 11459 
3 11578 11579 11458 
3 11457 11578 11458 
3 11577 11578 11457 
3 11456 11577 11457 
3 11576 11577 11456 
3 11455 11576 11456 
3 11575 11576 11455 
3 11454 11575 11455 
3 11574 11575 11454 
3 11453 11574 11454 
3 11573 11574 11453 
3 11452 11573 11453 
3 11572 11573 11452 
3 11451 11572 11452 
3 11571 11572 11451 
3 11450 11571 11451 
3 11570 11571 11450 
3 11449 11570 11450 
3 11569 11570 11449 
3 11448 11569 11449 
3 11568 11569 11448 
3 11447 11568 11448 
3 11567 11568 11447 
3 11446 11567 11447 
3 11566 11567 11446 
3 11445 11566 11446 
3 11565 11566 11445 
3 11444 11565 11445 
3 11564 11565 11444 
3 11443 11564 11444 
3 11563 11564 11443 
3 11442 11563 11443 
3 11562 11563 11442 
3 11441 11562 11442 
3 11561 11562 11441 
3 11440 11561 11441 
3 11560 11561 11440 
3 11439 11560 11440 
3 11559 11560 11439 
3 11438 11559 11439 
3 11558 11559 11438 
3 11278 11399 11279 
3 11398 11399 11278 
3 11277 11398 11278 
3 11397 11398 11277 
3 11276 11397 11277 
3 11396 11397 11276 
3 11275 11396 11276 
3 11395 11396 11275 
3 11274 11395 11275 
3 11394 11395 11274 
3 11273 11394 11274 
3 11393 11394 11273 
3 11272 11393 11273 
3 11392 11393 11272 
3 11271 11392 11272 
3 11391 11392 11271 
3 11270 11391 11271 
3 11390 11391 11270 
3 11269 11390 11270 
3 11389 11390 11269 
3 11268 11389 11269 
3 11388 11389 11268 
3 11267 11388 11268 
3 11387 11388 11267 
3 11266 11387 11267 
3 11386 11387 11266 
3 11265 11386 11266 
3 11385 11386 11265 
3 11264 11385 11265 
3 11384 11385 11264 
3 11263 11384 11264 
3 11383 11384 11263 
3 11262 11383 11263 
3 11382 11383 11262 
3 11261 11382 11262 
3 11381 11382 11261 
3 11260 11381 11261 
3 11380 11381 11260 
3 11259 11380 11260 
3 11379 11380 11259 
3 11258 11379 11259 
3 11378 11379 11258 
3 11257 11378 11258 
3 11377 11378 11257 
3 11256 11377 11257 
3 11376 11377 11256 
3 11255 11376 11256 
3 11375 11376 11255 
3 11254 11375 11255 
3 11374 11375 11254 
3 11253 11374 11254 
3 11373 11374 11253 
3 11252 11373 11253 
3 11372 11373 11252 
3 11251 11372 11252 
3 11371 11372 11251 
3 11250 11371 11251 
3 11370 11371 11250 
3 11316 11437 11317 
3 11436 11437 11316 
3 11315 11436 11316 
3 11435 11436 11315 
3 11314 11435 11315 
3 11434 11435 11314 
3 11313 11434 11314 
3 11433 11434 11313 
3 11312 11433 11313 
3 11432 11433 11312 
3 11311 11432 11312 
3 11431 11432 11311 
3 11310 11431 11311 
3 11430 11431 11310 
3 11309 11430 11310 
3 11429 11430 11309 
3 11308 11429 11309 
3 11428 11429 11308 
3 11307 11428 11308 
3 11427 11428 11307 
3 11306 11427 11307 
3 11426 11427 11306 
3 11305 11426 11306 
3 11425 11426 11305 
3 11304 11425 11305 
3 11424 11425 11304 
3 11303 11424 11304 
3 11423 11424 11303 
3 11302 11423 11303 
3 11422 11423 11302 
3 11301 11422 11302 
3 11421 11422 11301 
3 11300 11421 11301 
3 11420 11421 11300 
3 11299 11420 11300 
3 11419 11420 11299 
3 11298 11419 11299 
3 11418 11419 11298 
3 11297 11418 11298 
3 11417 11418 11297 
3 11296 11417 11297 
3 11416 11417 11296 
3 11295 11416 11296 
3 11415 11416 11295 
3 11294 11415 11295 
3 11414 11415 11294 
3 11293 11414 11294 
3 11413 11414 11293 
3 11292 11413 11293 
3 11412 11413 11292 
3 11291 11412 11292 
3 11411 11412 11291 
3 11290 11411 11291 
3 11410 11411 11290 
3 11289 11410 11290 
3 11409 11410 11289 
3 11288 11409 11289 
3 11408 11409 11288 
3 11287 11408 11288 
3 11407 11408 11287 
3 11286 11407 11287 
3 11406 11407 11286 
3 11285 11406 11286 
3 11405 11406 11285 
3 11284 11405 11285 
3 11404 11405 11284 
3 11283 11404 11284 
3 11403 11404 11283 
3 11282 11403 11283 
3 11402 11403 11282 
3 11281 11402 11282 
3 11401 11402 11281 
3 11280 11401 11281 
3 11400 11401 11280 
3 10798 10919 10799 
3 10918 10919 10798 
3 10797 10918 10798 
3 10917 10918 10797 
3 10796 10917 10797 
3 10916 10917 10796 
3 10795 10916 10796 
3 10915 10916 10795 
3 10794 10915 10795 
3 10914 10915 10794 
3 10793 10914 10794 
3 10913 10914 10793 
3 10792 10913 10793 
3 10912 10913 10792 
3 10791 10912 10792 
3 10911 10912 10791 
3 10790 10911 10791 
3 10910 10911 10790 
3 10789 10910 10790 
3 10909 10910 10789 
3 10788 10909 10789 
3 10908 10909 10788 
3 10787 10908 10788 
3 10907 10908 10787 
3 10786 10907 10787 
3 10906 10907 10786 
3 10785 10906 10786 
3 10905 10906 10785 
3 10784 10905 10785 
3 10904 10905 10784 
3 10783 10904 10784 
3 10903 10904 10783 
3 10782 10903 10783 
3 10902 10903 10782 
3 10781 10902 10782 
3 10901 10902 10781 
3 10780 10901 10781 
3 10900 10901 10780 
3 10779 10900 10780 
3 10899 10900 10779 
3 10778 10899 10779 
3 10898 10899 10778 
3 10777 10898 10778 
3 10897 10898 10777 
3 10776 10897 10777 
3 10896 10897 10776 
3 10775 10896 10776 
3 10895 10896 10775 
3 10774 10895 10775 
3 10894 10895 10774 
3 10773 10894 10774 
3 10893 10894 10773 
3 10772 10893 10773 
3 10892 10893 10772 
3 10771 10892 10772 
3 10891 10892 10771 
3 10770 10891 10771 
3 10890 10891 10770 
3 10769 10890 10770 
3 10889 10890 10769 
3 10768 10889 10769 
3 10888 10889 10768 
3 10767 10888 10768 
3 10887 10888 10767 
3 10766 10887 10767 
3 10886 10887 10766 
3 10765 10886 10766 
3 10885 10886 10765 
3 10764 10885 10765 
3 10884 10885 10764 
3 10763 10884 10764 
3 10883 10884 10763 
3 10762 10883 10763 
3 10882 10883 10762 
3 10761 10882 10762 
3 10881 10882 10761 
3 10760 10881 10761 
3 10880 10881 10760 
3 10759 10880 10760 
3 10879 10880 10759 
3 10758 10879 10759 
3 10878 10879 10758 
3 10757 10878 10758 
3 10877 10878 10757 
3 10756 10877 10757 
3 10876 10877 10756 
3 10755 10876 10756 
3 10875 10876 10755 
3 10754 10875 10755 
3 10874 10875 10754 
3 10875 10874 10995 
3 10994 10995 10874 
3 10873 10994 10874 
3 10993 10994 10873 
3 10872 10993 10873 
3 10992 10993 10872 
3 10871 10992 10872 
3 10991 10992 10871 
3 10870 10991 10871 
3 10990 10991 10870 
3 10869 10990 10870 
3 10989 10990 10869 
3 10868 10989 10869 
3 10988 10989 10868 
3 10867 10988 10868 
3 10987 10988 10867 
3 10866 10987 10867 
3 10986 10987 10866 
3 10865 10986 10866 
3 10985 10986 10865 
3 10864 10985 10865 
3 10984 10985 10864 
3 10863 10984 10864 
3 10983 10984 10863 
3 10862 10983 10863 
3 10982 10983 10862 
3 10861 10982 10862 
3 10981 10982 10861 
3 10860 10981 10861 
3 10980 10981 10860 
3 10859 10980 10860 
3 10979 10980 10859 
3 10858 10979 10859 
3 10978 10979 10858 
3 10857 10978 10858 
3 10977 10978 10857 
3 10856 10977 10857 
3 10976 10977 10856 
3 10855 10976 10856 
3 10975 10976 10855 
3 10854 10975 10855 
3 10974 10975 10854 
3 10853 10974 10854 
3 10973 10974 10853 
3 10852 10973 10853 
3 10972 10973 10852 
3 10851 10972 10852 
3 10971 10972 10851 
3 10850 10971 10851 
3 10970 10971 10850 
3 10849 10970 10850 
3 10969 10970 10849 
3 10848 10969 10849 
3 10968 10969 10848 
3 10847 10968 10848 
3 10967 10968 10847 
3 10846 10967 10847 
3 10966 10967 10846 
3 10845 10966 10846 
3 10965 10966 10845 
3 10844 10965 10845 
3 10964 10965 10844 
3 10843 10964 10844 
3 10963 10964 10843 
3 10842 10963 10843 
3 10962 10963 10842 
3 10841 10962 10842 
3 10961 10962 10841 
3 10840 10961 10841 
3 10960 10961 10840 
3 10839 10960 10840 
3 10959 10960 10839 
3 10838 10959 10839 
3 10958 10959 10838 
3 10837 10958 10838 
3 10957 10958 10837 
3 10836 10957 10837 
3 10956 10957 10836 
3 10835 10956 10836 
3 10955 10956 10835 
3 10834 10955 10835 
3 10954 10955 10834 
3 10833 10954 10834 
3 10953 10954 10833 
3 10832 10953 10833 
3 10952 10953 10832 
3 10831 10952 10832 
3 10951 10952 10831 
3 10830 10951 10831 
3 10950 10951 10830 
3 10829 10950 10830 
3 10949 10950 10829 
3 10828 10949 10829 
3 10948 10949 10828 
3 10827 10948 10828 
3 10947 10948 10827 
3 10826 10947 10827 
3 10946 10947 10826 
3 10825 10946 10826 
3 10945 10946 10825 
3 10824 10945 10825 
3 10944 10945 10824 
3 10823 10944 10824 
3 10943 10944 10823 
3 10822 10943 10823 
3 10942 10943 10822 
3 10821 10942 10822 
3 10941 10942 10821 
3 10820 10941 10821 
3 10940 10941 10820 
3 10819 10940 10820 
3 10939 10940 10819 
3 10818 10939 10819 
3 10938 10939 10818 
3 10817 10938 10818 
3 10937 10938 10817 
3 10816 10937 10817 
3 10936 10937 10816 
3 10815 10936 10816 
3 10935 10936 10815 
3 10814 10935 10815 
3 10934 10935 10814 
3 10813 10934 10814 
3 10933 10934 10813 
3 10812 10933 10813 
3 10932 10933 10812 
3 10811 10932 10812 
3 10931 10932 10811 
3 10810 10931 10811 
3 10930 10931 10810 
3 10809 10930 10810 
3 10929 10930 10809 
3 10808 10929 10809 
3 10928 10929 10808 
3 10807 10928 10808 
3 10927 10928 10807 
3 10806 10927 10807 
3 10926 10927 10806 
3 10805 10926 10806 
3 10925 10926 10805 
3 10804 10925 10805 
3 10924 10925 10804 
3 10803 10924 10804 
3 10923 10924 10803 
3 10802 10923 10803 
3 10922 10923 10802 
3 10801 10922 10802 
3 10921 10922 10801 
3 10800 10921 10801 
3 10920 10921 10800 
3 11038 11159 11039 
3 11158 11159 11038 
3 11037 11158 11038 
3 11157 11158 11037 
3 11036 11157 11037 
3 11156 11157 11036 
3 11035 11156 11036 
3 11155 11156 11035 
3 11034 11155 11035 
3 11154 11155 11034 
3 11033 11154 11034 
3 11153 11154 11033 
3 11032 11153 11033 
3 11152 11153 11032 
3 11031 11152 11032 
3 11151 11152 11031 
3 11030 11151 11031 
3 11150 11151 11030 
3 11029 11150 11030 
3 11149 11150 11029 
3 11028 11149 11029 
3 11148 11149 11028 
3 11027 11148 11028 
3 11147 11148 11027 
3 11026 11147 11027 
3 11146 11147 11026 
3 11025 11146 11026 
3 11145 11146 11025 
3 11024 11145 11025 
3 11144 11145 11024 
3 11023 11144 11024 
3 11143 11144 11023 
3 11022 11143 11023 
3 11142 11143 11022 
3 11021 11142 11022 
3 11141 11142 11021 
3 11020 11141 11021 
3 11140 11141 11020 
3 11019 11140 11020 
3 11139 11140 11019 
3 11018 11139 11019 
3 11138 11139 11018 
3 11017 11138 11018 
3 11137 11138 11017 
3 11016 11137 11017 
3 11136 11137 11016 
3 11015 11136 11016 
3 11135 11136 11015 
3 11014 11135 11015 
3 11134 11135 11014 
3 11013 11134 11014 
3 11133 11134 11013 
3 11012 11133 11013 
3 11132 11133 11012 
3 11011 11132 11012 
3 11131 11132 11011 
3 11010 11131 11011 
3 11130 11131 11010 
3 11009 11130 11010 
3 11129 11130 11009 
3 11008 11129 11009 
3 11128 11129 11008 
3 11007 11128 11008 
3 11127 11128 11007 
3 11006 11127 11007 
3 11126 11127 11006 
3 11005 11126 11006 
3 11125 11126 11005 
3 11004 11125 11005 
3 11124 11125 11004 
3 11003 11124 11004 
3 11123 11124 11003 
3 11002 11123 11003 
3 11122 11123 11002 
3 11001 11122 11002 
3 11121 11122 11001 
3 11000 11121 11001 
3 11120 11121 11000 
3 10999 11120 11000 
3 11119 11120 10999 
3 10998 11119 10999 
3 11118 11119 10998 
3 10997 11118 10998 
3 11117 11118 10997 
3 10996 11117 10997 
3 11116 11117 10996 
3 10995 11116 10996 
3 11115 11116 10995 
3 10994 11115 10995 
3 11114 11115 10994 
3 10993 11114 10994 
3 11113 11114 10993 
3 10992 11113 10993 
3 11112 11113 10992 
3 10991 11112 10992 
3 11111 11112 10991 
3 10990 11111 10991 
3 11110 11111 10990 
3 10989 11110 10990 
3 11109 11110 10989 
3 10988 11109 10989 
3 11108 11109 10988 
3 10987 11108 10988 
3 11107 11108 10987 
3 10986 11107 10987 
3 11106 11107 10986 
3 10985 11106 10986 
3 11105 11106 10985 
3 10984 11105 10985 
3 11104 11105 10984 
3 10983 11104 10984 
3 11103 11104 10983 
3 10982 11103 10983 
3 11102 11103 10982 
3 10981 11102 10982 
3 11101 11102 10981 
3 10980 11101 10981 
3 11100 11101 10980 
3 10979 11100 10980 
3 11099 11100 10979 
3 10978 11099 10979 
3 11098 11099 10978 
3 10977 11098 10978 
3 11097 11098 10977 
3 10976 11097 10977 
3 11096 11097 10976 
3 10975 11096 10976 
3 11095 11096 10975 
3 10974 11095 10975 
3 11094 11095 10974 
3 10973 11094 10974 
3 11093 11094 10973 
3 10972 11093 10973 
3 11092 11093 10972 
3 10971 11092 10972 
3 11091 11092 10971 
3 10970 11091 10971 
3 11090 11091 10970 
3 10969 11090 10970 
3 11089 11090 10969 
3 10968 11089 10969 
3 11088 11089 10968 
3 10967 11088 10968 
3 11087 11088 10967 
3 10966 11087 10967 
3 11086 11087 10966 
3 10965 11086 10966 
3 11085 11086 10965 
3 10964 11085 10965 
3 11084 11085 10964 
3 10963 11084 10964 
3 11083 11084 10963 
3 10962 11083 10963 
3 11082 11083 10962 
3 10961 11082 10962 
3 11081 11082 10961 
3 10960 11081 10961 
3 11080 11081 10960 
3 10959 11080 10960 
3 11079 11080 10959 
3 10958 11079 10959 
3 11078 11079 10958 
3 10957 11078 10958 
3 11077 11078 10957 
3 10956 11077 10957 
3 11076 11077 10956 
3 10955 11076 10956 
3 11075 11076 10955 
3 10954 11075 10955 
3 11074 11075 10954 
3 10953 11074 10954 
3 11073 11074 10953 
3 10952 11073 10953 
3 11072 11073 10952 
3 10951 11072 10952 
3 11071 11072 10951 
3 10950 11071 10951 
3 11070 11071 10950 
3 10949 11070 10950 
3 11069 11070 10949 
3 10948 11069 10949 
3 11068 11069 10948 
3 10947 11068 10948 
3 11067 11068 10947 
3 10946 11067 10947 
3 11066 11067 10946 
3 10945 11066 10946 
3 11065 11066 10945 
3 10944 11065 10945 
3 11064 11065 10944 
3 10943 11064 10944 
3 11063 11064 10943 
3 10942 11063 10943 
3 11062 11063 10942 
3 11063 11062 11183 
3 11182 11183 11062 
3 11061 11182 11062 
3 11181 11182 11061 
3 11060 11181 11061 
3 11180 11181 11060 
3 11059 11180 11060 
3 11179 11180 11059 
3 11058 11179 11059 
3 11178 11179 11058 
3 11057 11178 11058 
3 11177 11178 11057 
3 11056 11177 11057 
3 11176 11177 11056 
3 11055 11176 11056 
3 11175 11176 11055 
3 11054 11175 11055 
3 11174 11175 11054 
3 11053 11174 11054 
3 11173 11174 11053 
3 11052 11173 11053 
3 11172 11173 11052 
3 11051 11172 11052 
3 11171 11172 11051 
3 11050 11171 11051 
3 11170 11171 11050 
3 11049 11170 11050 
3 11169 11170 11049 
3 11048 11169 11049 
3 11168 11169 11048 
3 11047 11168 11048 
3 11167 11168 11047 
3 11046 11167 11047 
3 11166 11167 11046 
3 11045 11166 11046 
3 11165 11166 11045 
3 11044 11165 11045 
3 11164 11165 11044 
3 11043 11164 11044 
3 11163 11164 11043 
3 11042 11163 11043 
3 11162 11163 11042 
3 11041 11162 11042 
3 11161 11162 11041 
3 11040 11161 11041 
3 11160 11161 11040 
3 11128 11249 11129 
3 11248 11249 11128 
3 11127 11248 11128 
3 11247 11248 11127 
3 11126 11247 11127 
3 11246 11247 11126 
3 11125 11246 11126 
3 11245 11246 11125 
3 11124 11245 11125 
3 11244 11245 11124 
3 11123 11244 11124 
3 11243 11244 11123 
3 11122 11243 11123 
3 11242 11243 11122 
3 11121 11242 11122 
3 11241 11242 11121 
3 11120 11241 11121 
3 11240 11241 11120 
3 11119 11240 11120 
3 11239 11240 11119 
3 11118 11239 11119 
3 11238 11239 11118 
3 11117 11238 11118 
3 11237 11238 11117 
3 11116 11237 11117 
3 11236 11237 11116 
3 11115 11236 11116 
3 11235 11236 11115 
3 11114 11235 11115 
3 11234 11235 11114 
3 11113 11234 11114 
3 11233 11234 11113 
3 11112 11233 11113 
3 11232 11233 11112 
3 11111 11232 11112 
3 11231 11232 11111 
3 11110 11231 11111 
3 11230 11231 11110 
3 11109 11230 11110 
3 11229 11230 11109 
3 11108 11229 11109 
3 11228 11229 11108 
3 11107 11228 11108 
3 11227 11228 11107 
3 11106 11227 11107 
3 11226 11227 11106 
3 11105 11226 11106 
3 11225 11226 11105 
3 11104 11225 11105 
3 11224 11225 11104 
3 11103 11224 11104 
3 11223 11224 11103 
3 11102 11223 11103 
3 11222 11223 11102 
3 11101 11222 11102 
3 11221 11222 11101 
3 11100 11221 11101 
3 11220 11221 11100 
3 11099 11220 11100 
3 11219 11220 11099 
3 11098 11219 11099 
3 11218 11219 11098 
3 11097 11218 11098 
3 11217 11218 11097 
3 11096 11217 11097 
3 11216 11217 11096 
3 11095 11216 11096 
3 11215 11216 11095 
3 11094 11215 11095 
3 11214 11215 11094 
3 11093 11214 11094 
3 11213 11214 11093 
3 11092 11213 11093 
3 11212 11213 11092 
3 11091 11212 11092 
3 11211 11212 11091 
3 11090 11211 11091 
3 11210 11211 11090 
3 11089 11210 11090 
3 11209 11210 11089 
3 11088 11209 11089 
3 11208 11209 11088 
3 11087 11208 11088 
3 11207 11208 11087 
3 11086 11207 11087 
3 11206 11207 11086 
3 11085 11206 11086 
3 11205 11206 11085 
3 11084 11205 11085 
3 11204 11205 11084 
3 11083 11204 11084 
3 11203 11204 11083 
3 11082 11203 11083 
3 11202 11203 11082 
3 11081 11202 11082 
3 11201 11202 11081 
3 11080 11201 11081 
3 11200 11201 11080 
3 11079 11200 11080 
3 11199 11200 11079 
3 11078 11199 11079 
3 11198 11199 11078 
3 11077 11198 11078 
3 11197 11198 11077 
3 11076 11197 11077 
3 11196 11197 11076 
3 11075 11196 11076 
3 11195 11196 11075 
3 11074 11195 11075 
3 11194 11195 11074 
3 11073 11194 11074 
3 11193 11194 11073 
3 11072 11193 11073 
3 11192 11193 11072 
3 11071 11192 11072 
3 11191 11192 11071 
3 11070 11191 11071 
3 11190 11191 11070 
3 11069 11190 11070 
3 11189 11190 11069 
3 11068 11189 11069 
3 11188 11189 11068 
3 11067 11188 11068 
3 11187 11188 11067 
3 11066 11187 11067 
3 11186 11187 11066 
3 11065 11186 11066 
3 11185 11186 11065 
3 11064 11185 11065 
3 11184 11185 11064 
3 11063 11184 11064 
3 11183 11184 11063 
3 10918 11039 10919 
3 11038 11039 10918 
3 10917 11038 10918 
3 11037 11038 10917 
3 10916 11037 10917 
3 11036 11037 10916 
3 10915 11036 10916 
3 11035 11036 10915 
3 10914 11035 10915 
3 11034 11035 10914 
3 10913 11034 10914 
3 11033 11034 10913 
3 10912 11033 10913 
3 11032 11033 10912 
3 10911 11032 10912 
3 11031 11032 10911 
3 10910 11031 10911 
3 11030 11031 10910 
3 10909 11030 10910 
3 11029 11030 10909 
3 10908 11029 10909 
3 11028 11029 10908 
3 10907 11028 10908 
3 11027 11028 10907 
3 10906 11027 10907 
3 11026 11027 10906 
3 10905 11026 10906 
3 11025 11026 10905 
3 10904 11025 10905 
3 11024 11025 10904 
3 10903 11024 10904 
3 11023 11024 10903 
3 10902 11023 10903 
3 11022 11023 10902 
3 10901 11022 10902 
3 11021 11022 10901 
3 10900 11021 10901 
3 11020 11021 10900 
3 10899 11020 10900 
3 11019 11020 10899 
3 10898 11019 10899 
3 11018 11019 10898 
3 10897 11018 10898 
3 11017 11018 10897 
3 10896 11017 10897 
3 11016 11017 10896 
3 10895 11016 10896 
3 11015 11016 10895 
3 10894 11015 10895 
3 11014 11015 10894 
3 10893 11014 10894 
3 11013 11014 10893 
3 10892 11013 10893 
3 11012 11013 10892 
3 10891 11012 10892 
3 11011 11012 10891 
3 10890 11011 10891 
3 11010 11011 10890 
3 10889 11010 10890 
3 11009 11010 10889 
3 10888 11009 10889 
3 11008 11009 10888 
3 10887 11008 10888 
3 11007 11008 10887 
3 10886 11007 10887 
3 11006 11007 10886 
3 10885 11006 10886 
3 11005 11006 10885 
3 10884 11005 10885 
3 11004 11005 10884 
3 10883 11004 10884 
3 11003 11004 10883 
3 10882 11003 10883 
3 11002 11003 10882 
3 10881 11002 10882 
3 11001 11002 10881 
3 10880 11001 10881 
3 11000 11001 10880 
3 10879 11000 10880 
3 10999 11000 10879 
3 10878 10999 10879 
3 10998 10999 10878 
3 10877 10998 10878 
3 10997 10998 10877 
3 10876 10997 10877 
3 10996 10997 10876 
3 10875 10996 10876 
3 10995 10996 10875 
3 10941 11062 10942 
3 11061 11062 10941 
3 10940 11061 10941 
3 11060 11061 10940 
3 10939 11060 10940 
3 11059 11060 10939 
3 10938 11059 10939 
3 11058 11059 10938 
3 10937 11058 10938 
3 11057 11058 10937 
3 10936 11057 10937 
3 11056 11057 10936 
3 10935 11056 10936 
3 11055 11056 10935 
3 10934 11055 10935 
3 11054 11055 10934 
3 10933 11054 10934 
3 11053 11054 10933 
3 10932 11053 10933 
3 11052 11053 10932 
3 10931 11052 10932 
3 11051 11052 10931 
3 10930 11051 10931 
3 11050 11051 10930 
3 10929 11050 10930 
3 11049 11050 10929 
3 10928 11049 10929 
3 11048 11049 10928 
3 10927 11048 10928 
3 11047 11048 10927 
3 10926 11047 10927 
3 11046 11047 10926 
3 10925 11046 10926 
3 11045 11046 10925 
3 10924 11045 10925 
3 11044 11045 10924 
3 10923 11044 10924 
3 11043 11044 10923 
3 10922 11043 10923 
3 11042 11043 10922 
3 10921 11042 10922 
3 11041 11042 10921 
3 10920 11041 10921 
3 11040 11041 10920 
3 10678 10799 10679 
3 10798 10799 10678 
3 10677 10798 10678 
3 10797 10798 10677 
3 10676 10797 10677 
3 10796 10797 10676 
3 10675 10796 10676 
3 10795 10796 10675 
3 10674 10795 10675 
3 10794 10795 10674 
3 10673 10794 10674 
3 10793 10794 10673 
3 10672 10793 10673 
3 10792 10793 10672 
3 10671 10792 10672 
3 10791 10792 10671 
3 10670 10791 10671 
3 10790 10791 10670 
3 10669 10790 10670 
3 10789 10790 10669 
3 10668 10789 10669 
3 10788 10789 10668 
3 10667 10788 10668 
3 10787 10788 10667 
3 10666 10787 10667 
3 10786 10787 10666 
3 10665 10786 10666 
3 10785 10786 10665 
3 10664 10785 10665 
3 10784 10785 10664 
3 10663 10784 10664 
3 10783 10784 10663 
3 10662 10783 10663 
3 10782 10783 10662 
3 10661 10782 10662 
3 10781 10782 10661 
3 10660 10781 10661 
3 10780 10781 10660 
3 10659 10780 10660 
3 10779 10780 10659 
3 10658 10779 10659 
3 10778 10779 10658 
3 10657 10778 10658 
3 10777 10778 10657 
3 10656 10777 10657 
3 10776 10777 10656 
3 10655 10776 10656 
3 10775 10776 10655 
3 10654 10775 10655 
3 10774 10775 10654 
3 10653 10774 10654 
3 10773 10774 10653 
3 10652 10773 10653 
3 10772 10773 10652 
3 10651 10772 10652 
3 10771 10772 10651 
3 10650 10771 10651 
3 10770 10771 10650 
3 10649 10770 10650 
3 10769 10770 10649 
3 10648 10769 10649 
3 10768 10769 10648 
3 10647 10768 10648 
3 10767 10768 10647 
3 10646 10767 10647 
3 10766 10767 10646 
3 10645 10766 10646 
3 10765 10766 10645 
3 10644 10765 10645 
3 10764 10765 10644 
3 10643 10764 10644 
3 10763 10764 10643 
3 10642 10763 10643 
3 10762 10763 10642 
3 10641 10762 10642 
3 10761 10762 10641 
3 10640 10761 10641 
3 10760 10761 10640 
3 10639 10760 10640 
3 10759 10760 10639 
3 10638 10759 10639 
3 10758 10759 10638 
3 10637 10758 10638 
3 10757 10758 10637 
3 10636 10757 10637 
3 10756 10757 10636 
3 10635 10756 10636 
3 10755 10756 10635 
3 10634 10755 10635 
3 10754 10755 10634 
3 10633 10754 10634 
3 10753 10754 10633 
3 10632 10753 10633 
3 10752 10753 10632 
3 10631 10752 10632 
3 10751 10752 10631 
3 10630 10751 10631 
3 10750 10751 10630 
3 10629 10750 10630 
3 10749 10750 10629 
3 10628 10749 10629 
3 10748 10749 10628 
3 10627 10748 10628 
3 10747 10748 10627 
3 10626 10747 10627 
3 10746 10747 10626 
3 10625 10746 10626 
3 10745 10746 10625 
3 10624 10745 10625 
3 10744 10745 10624 
3 10623 10744 10624 
3 10743 10744 10623 
3 10622 10743 10623 
3 10742 10743 10622 
3 10621 10742 10622 
3 10741 10742 10621 
3 10620 10741 10621 
3 10740 10741 10620 
3 10619 10740 10620 
3 10739 10740 10619 
3 10618 10739 10619 
3 10738 10739 10618 
3 10617 10738 10618 
3 10737 10738 10617 
3 10616 10737 10617 
3 10736 10737 10616 
3 10615 10736 10616 
3 10735 10736 10615 
3 10614 10735 10615 
3 10734 10735 10614 
3 10613 10734 10614 
3 10733 10734 10613 
3 10612 10733 10613 
3 10732 10733 10612 
3 10611 10732 10612 
3 10731 10732 10611 
3 10610 10731 10611 
3 10730 10731 10610 
3 10609 10730 10610 
3 10729 10730 10609 
3 10608 10729 10609 
3 10728 10729 10608 
3 10607 10728 10608 
3 10727 10728 10607 
3 10606 10727 10607 
3 10726 10727 10606 
3 10605 10726 10606 
3 10725 10726 10605 
3 10604 10725 10605 
3 10724 10725 10604 
3 10603 10724 10604 
3 10723 10724 10603 
3 10602 10723 10603 
3 10722 10723 10602 
3 10601 10722 10602 
3 10721 10722 10601 
3 10600 10721 10601 
3 10720 10721 10600 
3 10599 10720 10600 
3 10719 10720 10599 
3 10598 10719 10599 
3 10718 10719 10598 
3 10597 10718 10598 
3 10717 10718 10597 
3 10596 10717 10597 
3 10716 10717 10596 
3 10595 10716 10596 
3 10715 10716 10595 
3 10594 10715 10595 
3 10714 10715 10594 
3 10593 10714 10594 
3 10713 10714 10593 
3 10592 10713 10593 
3 10712 10713 10592 
3 10591 10712 10592 
3 10711 10712 10591 
3 10590 10711 10591 
3 10710 10711 10590 
3 10589 10710 10590 
3 10709 10710 10589 
3 10588 10709 10589 
3 10708 10709 10588 
3 10587 10708 10588 
3 10707 10708 10587 
3 10586 10707 10587 
3 10706 10707 10586 
3 10585 10706 10586 
3 10705 10706 10585 
3 10584 10705 10585 
3 10704 10705 10584 
3 10583 10704 10584 
3 10703 10704 10583 
3 10582 10703 10583 
3 10702 10703 10582 
3 10581 10702 10582 
3 10701 10702 10581 
3 10580 10701 10581 
3 10700 10701 10580 
3 10579 10700 10580 
3 10699 10700 10579 
3 10578 10699 10579 
3 10698 10699 10578 
3 10577 10698 10578 
3 10697 10698 10577 
3 10576 10697 10577 
3 10696 10697 10576 
3 10575 10696 10576 
3 10695 10696 10575 
3 10574 10695 10575 
3 10694 10695 10574 
3 10573 10694 10574 
3 10693 10694 10573 
3 10572 10693 10573 
3 10692 10693 10572 
3 10571 10692 10572 
3 10691 10692 10571 
3 10570 10691 10571 
3 10690 10691 10570 
3 10569 10690 10570 
3 10689 10690 10569 
3 10568 10689 10569 
3 10688 10689 10568 
3 10567 10688 10568 
3 10687 10688 10567 
3 10688 10687 10808 
3 10807 10808 10687 
3 10686 10807 10687 
3 10806 10807 10686 
3 10685 10806 10686 
3 10805 10806 10685 
3 10684 10805 10685 
3 10804 10805 10684 
3 10683 10804 10684 
3 10803 10804 10683 
3 10682 10803 10683 
3 10802 10803 10682 
3 10681 10802 10682 
3 10801 10802 10681 
3 10680 10801 10681 
3 10800 10801 10680 
3 10753 10874 10754 
3 10873 10874 10753 
3 10752 10873 10753 
3 10872 10873 10752 
3 10751 10872 10752 
3 10871 10872 10751 
3 10750 10871 10751 
3 10870 10871 10750 
3 10749 10870 10750 
3 10869 10870 10749 
3 10748 10869 10749 
3 10868 10869 10748 
3 10747 10868 10748 
3 10867 10868 10747 
3 10746 10867 10747 
3 10866 10867 10746 
3 10745 10866 10746 
3 10865 10866 10745 
3 10744 10865 10745 
3 10864 10865 10744 
3 10743 10864 10744 
3 10863 10864 10743 
3 10742 10863 10743 
3 10862 10863 10742 
3 10741 10862 10742 
3 10861 10862 10741 
3 10740 10861 10741 
3 10860 10861 10740 
3 10739 10860 10740 
3 10859 10860 10739 
3 10738 10859 10739 
3 10858 10859 10738 
3 10737 10858 10738 
3 10857 10858 10737 
3 10736 10857 10737 
3 10856 10857 10736 
3 10735 10856 10736 
3 10855 10856 10735 
3 10734 10855 10735 
3 10854 10855 10734 
3 10733 10854 10734 
3 10853 10854 10733 
3 10732 10853 10733 
3 10852 10853 10732 
3 10731 10852 10732 
3 10851 10852 10731 
3 10730 10851 10731 
3 10850 10851 10730 
3 10729 10850 10730 
3 10849 10850 10729 
3 10728 10849 10729 
3 10848 10849 10728 
3 10727 10848 10728 
3 10847 10848 10727 
3 10726 10847 10727 
3 10846 10847 10726 
3 10725 10846 10726 
3 10845 10846 10725 
3 10724 10845 10725 
3 10844 10845 10724 
3 10723 10844 10724 
3 10843 10844 10723 
3 10722 10843 10723 
3 10842 10843 10722 
3 10721 10842 10722 
3 10841 10842 10721 
3 10720 10841 10721 
3 10840 10841 10720 
3 10719 10840 10720 
3 10839 10840 10719 
3 10718 10839 10719 
3 10838 10839 10718 
3 10717 10838 10718 
3 10837 10838 10717 
3 10716 10837 10717 
3 10836 10837 10716 
3 10715 10836 10716 
3 10835 10836 10715 
3 10714 10835 10715 
3 10834 10835 10714 
3 10713 10834 10714 
3 10833 10834 10713 
3 10712 10833 10713 
3 10832 10833 10712 
3 10711 10832 10712 
3 10831 10832 10711 
3 10710 10831 10711 
3 10830 10831 10710 
3 10709 10830 10710 
3 10829 10830 10709 
3 10708 10829 10709 
3 10828 10829 10708 
3 10707 10828 10708 
3 10827 10828 10707 
3 10706 10827 10707 
3 10826 10827 10706 
3 10705 10826 10706 
3 10825 10826 10705 
3 10704 10825 10705 
3 10824 10825 10704 
3 10703 10824 10704 
3 10823 10824 10703 
3 10702 10823 10703 
3 10822 10823 10702 
3 10701 10822 10702 
3 10821 10822 10701 
3 10700 10821 10701 
3 10820 10821 10700 
3 10699 10820 10700 
3 10819 10820 10699 
3 10698 10819 10699 
3 10818 10819 10698 
3 10697 10818 10698 
3 10817 10818 10697 
3 10696 10817 10697 
3 10816 10817 10696 
3 10695 10816 10696 
3 10815 10816 10695 
3 10694 10815 10695 
3 10814 10815 10694 
3 10693 10814 10694 
3 10813 10814 10693 
3 10692 10813 10693 
3 10812 10813 10692 
3 10691 10812 10692 
3 10811 10812 10691 
3 10690 10811 10691 
3 10810 10811 10690 
3 10689 10810 10690 
3 10809 10810 10689 
3 10688 10809 10689 
3 10808 10809 10688 
3 10558 10679 10559 
3 10678 10679 10558 
3 10557 10678 10558 
3 10677 10678 10557 
3 10556 10677 10557 
3 10676 10677 10556 
3 10555 10676 10556 
3 10675 10676 10555 
3 10554 10675 10555 
3 10674 10675 10554 
3 10553 10674 10554 
3 10673 10674 10553 
3 10552 10673 10553 
3 10672 10673 10552 
3 10551 10672 10552 
3 10671 10672 10551 
3 10550 10671 10551 
3 10670 10671 10550 
3 10549 10670 10550 
3 10669 10670 10549 
3 10548 10669 10549 
3 10668 10669 10548 
3 10547 10668 10548 
3 10667 10668 10547 
3 10546 10667 10547 
3 10666 10667 10546 
3 10545 10666 10546 
3 10665 10666 10545 
3 10544 10665 10545 
3 10664 10665 10544 
3 10543 10664 10544 
3 10663 10664 10543 
3 10542 10663 10543 
3 10662 10663 10542 
3 10541 10662 10542 
3 10661 10662 10541 
3 10540 10661 10541 
3 10660 10661 10540 
3 10539 10660 10540 
3 10659 10660 10539 
3 10538 10659 10539 
3 10658 10659 10538 
3 10537 10658 10538 
3 10657 10658 10537 
3 10536 10657 10537 
3 10656 10657 10536 
3 10535 10656 10536 
3 10655 10656 10535 
3 10534 10655 10535 
3 10654 10655 10534 
3 10533 10654 10534 
3 10653 10654 10533 
3 10532 10653 10533 
3 10652 10653 10532 
3 10531 10652 10532 
3 10651 10652 10531 
3 10530 10651 10531 
3 10650 10651 10530 
3 10529 10650 10530 
3 10649 10650 10529 
3 10528 10649 10529 
3 10648 10649 10528 
3 10527 10648 10528 
3 10647 10648 10527 
3 10526 10647 10527 
3 10646 10647 10526 
3 10525 10646 10526 
3 10645 10646 10525 
3 10524 10645 10525 
3 10644 10645 10524 
3 10523 10644 10524 
3 10643 10644 10523 
3 10522 10643 10523 
3 10642 10643 10522 
3 10521 10642 10522 
3 10641 10642 10521 
3 10520 10641 10521 
3 10640 10641 10520 
3 10519 10640 10520 
3 10639 10640 10519 
3 10518 10639 10519 
3 10638 10639 10518 
3 10517 10638 10518 
3 10637 10638 10517 
3 10516 10637 10517 
3 10636 10637 10516 
3 10515 10636 10516 
3 10635 10636 10515 
3 10514 10635 10515 
3 10634 10635 10514 
3 10513 10634 10514 
3 10633 10634 10513 
3 10512 10633 10513 
3 10632 10633 10512 
3 10511 10632 10512 
3 10631 10632 10511 
3 10510 10631 10511 
3 10630 10631 10510 
3 10509 10630 10510 
3 10629 10630 10509 
3 10508 10629 10509 
3 10628 10629 10508 
3 10507 10628 10508 
3 10627 10628 10507 
3 10506 10627 10507 
3 10626 10627 10506 
3 10505 10626 10506 
3 10625 10626 10505 
3 10504 10625 10505 
3 10624 10625 10504 
3 10503 10624 10504 
3 10623 10624 10503 
3 10502 10623 10503 
3 10622 10623 10502 
3 10501 10622 10502 
3 10621 10622 10501 
3 10500 10621 10501 
3 10620 10621 10500 
3 10566 10687 10567 
3 10686 10687 10566 
3 10565 10686 10566 
3 10685 10686 10565 
3 10564 10685 10565 
3 10684 10685 10564 
3 10563 10684 10564 
3 10683 10684 10563 
3 10562 10683 10563 
3 10682 10683 10562 
3 10561 10682 10562 
3 10681 10682 10561 
3 10560 10681 10561 
3 10680 10681 10560 
3 9718 9839 9719 
3 9838 9839 9718 
3 9717 9838 9718 
3 9837 9838 9717 
3 9716 9837 9717 
3 9836 9837 9716 
3 9715 9836 9716 
3 9835 9836 9715 
3 9714 9835 9715 
3 9834 9835 9714 
3 9713 9834 9714 
3 9833 9834 9713 
3 9712 9833 9713 
3 9832 9833 9712 
3 9711 9832 9712 
3 9831 9832 9711 
3 9710 9831 9711 
3 9830 9831 9710 
3 9709 9830 9710 
3 9829 9830 9709 
3 9708 9829 9709 
3 9828 9829 9708 
3 9707 9828 9708 
3 9827 9828 9707 
3 9706 9827 9707 
3 9826 9827 9706 
3 9705 9826 9706 
3 9825 9826 9705 
3 9704 9825 9705 
3 9824 9825 9704 
3 9703 9824 9704 
3 9823 9824 9703 
3 9702 9823 9703 
3 9822 9823 9702 
3 9701 9822 9702 
3 9821 9822 9701 
3 9700 9821 9701 
3 9820 9821 9700 
3 9699 9820 9700 
3 9819 9820 9699 
3 9698 9819 9699 
3 9818 9819 9698 
3 9697 9818 9698 
3 9817 9818 9697 
3 9696 9817 9697 
3 9816 9817 9696 
3 9695 9816 9696 
3 9815 9816 9695 
3 9694 9815 9695 
3 9814 9815 9694 
3 9693 9814 9694 
3 9813 9814 9693 
3 9692 9813 9693 
3 9812 9813 9692 
3 9691 9812 9692 
3 9811 9812 9691 
3 9690 9811 9691 
3 9810 9811 9690 
3 9689 9810 9690 
3 9809 9810 9689 
3 9688 9809 9689 
3 9808 9809 9688 
3 9687 9808 9688 
3 9807 9808 9687 
3 9686 9807 9687 
3 9806 9807 9686 
3 9685 9806 9686 
3 9805 9806 9685 
3 9684 9805 9685 
3 9804 9805 9684 
3 9683 9804 9684 
3 9803 9804 9683 
3 9682 9803 9683 
3 9802 9803 9682 
3 9681 9802 9682 
3 9801 9802 9681 
3 9680 9801 9681 
3 9800 9801 9680 
3 9679 9800 9680 
3 9799 9800 9679 
3 9678 9799 9679 
3 9798 9799 9678 
3 9677 9798 9678 
3 9797 9798 9677 
3 9676 9797 9677 
3 9796 9797 9676 
3 9675 9796 9676 
3 9795 9796 9675 
3 9674 9795 9675 
3 9794 9795 9674 
3 9673 9794 9674 
3 9793 9794 9673 
3 9672 9793 9673 
3 9792 9793 9672 
3 9671 9792 9672 
3 9791 9792 9671 
3 9670 9791 9671 
3 9790 9791 9670 
3 9669 9790 9670 
3 9789 9790 9669 
3 9668 9789 9669 
3 9788 9789 9668 
3 9667 9788 9668 
3 9787 9788 9667 
3 9666 9787 9667 
3 9786 9787 9666 
3 9665 9786 9666 
3 9785 9786 9665 
3 9664 9785 9665 
3 9784 9785 9664 
3 9663 9784 9664 
3 9783 9784 9663 
3 9662 9783 9663 
3 9782 9783 9662 
3 9661 9782 9662 
3 9781 9782 9661 
3 9660 9781 9661 
3 9780 9781 9660 
3 9659 9780 9660 
3 9779 9780 9659 
3 9658 9779 9659 
3 9778 9779 9658 
3 9657 9778 9658 
3 9777 9778 9657 
3 9656 9777 9657 
3 9776 9777 9656 
3 9655 9776 9656 
3 9775 9776 9655 
3 9654 9775 9655 
3 9774 9775 9654 
3 9653 9774 9654 
3 9773 9774 9653 
3 9652 9773 9653 
3 9772 9773 9652 
3 9651 9772 9652 
3 9771 9772 9651 
3 9650 9771 9651 
3 9770 9771 9650 
3 9649 9770 9650 
3 9769 9770 9649 
3 9648 9769 9649 
3 9768 9769 9648 
3 9647 9768 9648 
3 9767 9768 9647 
3 9646 9767 9647 
3 9766 9767 9646 
3 9645 9766 9646 
3 9765 9766 9645 
3 9644 9765 9645 
3 9764 9765 9644 
3 9643 9764 9644 
3 9763 9764 9643 
3 9642 9763 9643 
3 9762 9763 9642 
3 9641 9762 9642 
3 9761 9762 9641 
3 9640 9761 9641 
3 9760 9761 9640 
3 9639 9760 9640 
3 9759 9760 9639 
3 9638 9759 9639 
3 9758 9759 9638 
3 9637 9758 9638 
3 9757 9758 9637 
3 9636 9757 9637 
3 9756 9757 9636 
3 9635 9756 9636 
3 9755 9756 9635 
3 9634 9755 9635 
3 9754 9755 9634 
3 9633 9754 9634 
3 9753 9754 9633 
3 9632 9753 9633 
3 9752 9753 9632 
3 9631 9752 9632 
3 9751 9752 9631 
3 9630 9751 9631 
3 9750 9751 9630 
3 9629 9750 9630 
3 9749 9750 9629 
3 9750 9749 9870 
3 9869 9870 9749 
3 9748 9869 9749 
3 9868 9869 9748 
3 9747 9868 9748 
3 9867 9868 9747 
3 9746 9867 9747 
3 9866 9867 9746 
3 9745 9866 9746 
3 9865 9866 9745 
3 9744 9865 9745 
3 9864 9865 9744 
3 9743 9864 9744 
3 9863 9864 9743 
3 9742 9863 9743 
3 9862 9863 9742 
3 9741 9862 9742 
3 9861 9862 9741 
3 9740 9861 9741 
3 9860 9861 9740 
3 9739 9860 9740 
3 9859 9860 9739 
3 9738 9859 9739 
3 9858 9859 9738 
3 9737 9858 9738 
3 9857 9858 9737 
3 9736 9857 9737 
3 9856 9857 9736 
3 9735 9856 9736 
3 9855 9856 9735 
3 9734 9855 9735 
3 9854 9855 9734 
3 9733 9854 9734 
3 9853 9854 9733 
3 9732 9853 9733 
3 9852 9853 9732 
3 9731 9852 9732 
3 9851 9852 9731 
3 9730 9851 9731 
3 9850 9851 9730 
3 9729 9850 9730 
3 9849 9850 9729 
3 9728 9849 9729 
3 9848 9849 9728 
3 9727 9848 9728 
3 9847 9848 9727 
3 9726 9847 9727 
3 9846 9847 9726 
3 9725 9846 9726 
3 9845 9846 9725 
3 9724 9845 9725 
3 9844 9845 9724 
3 9723 9844 9724 
3 9843 9844 9723 
3 9722 9843 9723 
3 9842 9843 9722 
3 9721 9842 9722 
3 9841 9842 9721 
3 9720 9841 9721 
3 9840 9841 9720 
3 10078 10199 10079 
3 10198 10199 10078 
3 10077 10198 10078 
3 10197 10198 10077 
3 10076 10197 10077 
3 10196 10197 10076 
3 10075 10196 10076 
3 10195 10196 10075 
3 10074 10195 10075 
3 10194 10195 10074 
3 10073 10194 10074 
3 10193 10194 10073 
3 10072 10193 10073 
3 10192 10193 10072 
3 10071 10192 10072 
3 10191 10192 10071 
3 10070 10191 10071 
3 10190 10191 10070 
3 10069 10190 10070 
3 10189 10190 10069 
3 10068 10189 10069 
3 10188 10189 10068 
3 10067 10188 10068 
3 10187 10188 10067 
3 10066 10187 10067 
3 10186 10187 10066 
3 10065 10186 10066 
3 10185 10186 10065 
3 10064 10185 10065 
3 10184 10185 10064 
3 10063 10184 10064 
3 10183 10184 10063 
3 10062 10183 10063 
3 10182 10183 10062 
3 10061 10182 10062 
3 10181 10182 10061 
3 10060 10181 10061 
3 10180 10181 10060 
3 10059 10180 10060 
3 10179 10180 10059 
3 10058 10179 10059 
3 10178 10179 10058 
3 10057 10178 10058 
3 10177 10178 10057 
3 10056 10177 10057 
3 10176 10177 10056 
3 10055 10176 10056 
3 10175 10176 10055 
3 10054 10175 10055 
3 10174 10175 10054 
3 10053 10174 10054 
3 10173 10174 10053 
3 10052 10173 10053 
3 10172 10173 10052 
3 10051 10172 10052 
3 10171 10172 10051 
3 10050 10171 10051 
3 10170 10171 10050 
3 10049 10170 10050 
3 10169 10170 10049 
3 10048 10169 10049 
3 10168 10169 10048 
3 10047 10168 10048 
3 10167 10168 10047 
3 10046 10167 10047 
3 10166 10167 10046 
3 10045 10166 10046 
3 10165 10166 10045 
3 10044 10165 10045 
3 10164 10165 10044 
3 10043 10164 10044 
3 10163 10164 10043 
3 10042 10163 10043 
3 10162 10163 10042 
3 10041 10162 10042 
3 10161 10162 10041 
3 10040 10161 10041 
3 10160 10161 10040 
3 10039 10160 10040 
3 10159 10160 10039 
3 10038 10159 10039 
3 10158 10159 10038 
3 10037 10158 10038 
3 10157 10158 10037 
3 10036 10157 10037 
3 10156 10157 10036 
3 10035 10156 10036 
3 10155 10156 10035 
3 10034 10155 10035 
3 10154 10155 10034 
3 10033 10154 10034 
3 10153 10154 10033 
3 10032 10153 10033 
3 10152 10153 10032 
3 10031 10152 10032 
3 10151 10152 10031 
3 10030 10151 10031 
3 10150 10151 10030 
3 10029 10150 10030 
3 10149 10150 10029 
3 10028 10149 10029 
3 10148 10149 10028 
3 10027 10148 10028 
3 10147 10148 10027 
3 10026 10147 10027 
3 10146 10147 10026 
3 10025 10146 10026 
3 10145 10146 10025 
3 10024 10145 10025 
3 10144 10145 10024 
3 10023 10144 10024 
3 10143 10144 10023 
3 10022 10143 10023 
3 10142 10143 10022 
3 10021 10142 10022 
3 10141 10142 10021 
3 10020 10141 10021 
3 10140 10141 10020 
3 10019 10140 10020 
3 10139 10140 10019 
3 10018 10139 10019 
3 10138 10139 10018 
3 10017 10138 10018 
3 10137 10138 10017 
3 10016 10137 10017 
3 10136 10137 10016 
3 10015 10136 10016 
3 10135 10136 10015 
3 10014 10135 10015 
3 10134 10135 10014 
3 10013 10134 10014 
3 10133 10134 10013 
3 10012 10133 10013 
3 10132 10133 10012 
3 10011 10132 10012 
3 10131 10132 10011 
3 10010 10131 10011 
3 10130 10131 10010 
3 10009 10130 10010 
3 10129 10130 10009 
3 10008 10129 10009 
3 10128 10129 10008 
3 10007 10128 10008 
3 10127 10128 10007 
3 10006 10127 10007 
3 10126 10127 10006 
3 10005 10126 10006 
3 10125 10126 10005 
3 10004 10125 10005 
3 10124 10125 10004 
3 10125 10124 10245 
3 10244 10245 10124 
3 10123 10244 10124 
3 10243 10244 10123 
3 10122 10243 10123 
3 10242 10243 10122 
3 10121 10242 10122 
3 10241 10242 10121 
3 10120 10241 10121 
3 10240 10241 10120 
3 10119 10240 10120 
3 10239 10240 10119 
3 10118 10239 10119 
3 10238 10239 10118 
3 10117 10238 10118 
3 10237 10238 10117 
3 10116 10237 10117 
3 10236 10237 10116 
3 10115 10236 10116 
3 10235 10236 10115 
3 10114 10235 10115 
3 10234 10235 10114 
3 10113 10234 10114 
3 10233 10234 10113 
3 10112 10233 10113 
3 10232 10233 10112 
3 10111 10232 10112 
3 10231 10232 10111 
3 10110 10231 10111 
3 10230 10231 10110 
3 10109 10230 10110 
3 10229 10230 10109 
3 10108 10229 10109 
3 10228 10229 10108 
3 10107 10228 10108 
3 10227 10228 10107 
3 10106 10227 10107 
3 10226 10227 10106 
3 10105 10226 10106 
3 10225 10226 10105 
3 10104 10225 10105 
3 10224 10225 10104 
3 10103 10224 10104 
3 10223 10224 10103 
3 10102 10223 10103 
3 10222 10223 10102 
3 10101 10222 10102 
3 10221 10222 10101 
3 10100 10221 10101 
3 10220 10221 10100 
3 10099 10220 10100 
3 10219 10220 10099 
3 10098 10219 10099 
3 10218 10219 10098 
3 10097 10218 10098 
3 10217 10218 10097 
3 10096 10217 10097 
3 10216 10217 10096 
3 10095 10216 10096 
3 10215 10216 10095 
3 10094 10215 10095 
3 10214 10215 10094 
3 10093 10214 10094 
3 10213 10214 10093 
3 10092 10213 10093 
3 10212 10213 10092 
3 10091 10212 10092 
3 10211 10212 10091 
3 10090 10211 10091 
3 10210 10211 10090 
3 10089 10210 10090 
3 10209 10210 10089 
3 10088 10209 10089 
3 10208 10209 10088 
3 10087 10208 10088 
3 10207 10208 10087 
3 10086 10207 10087 
3 10206 10207 10086 
3 10085 10206 10086 
3 10205 10206 10085 
3 10084 10205 10085 
3 10204 10205 10084 
3 10083 10204 10084 
3 10203 10204 10083 
3 10082 10203 10083 
3 10202 10203 10082 
3 10081 10202 10082 
3 10201 10202 10081 
3 10080 10201 10081 
3 10200 10201 10080 
3 10198 10319 10199 
3 10318 10319 10198 
3 10197 10318 10198 
3 10317 10318 10197 
3 10196 10317 10197 
3 10316 10317 10196 
3 10195 10316 10196 
3 10315 10316 10195 
3 10194 10315 10195 
3 10314 10315 10194 
3 10193 10314 10194 
3 10313 10314 10193 
3 10192 10313 10193 
3 10312 10313 10192 
3 10313 10312 10433 
3 10432 10433 10312 
3 10311 10432 10312 
3 10431 10432 10311 
3 10310 10431 10311 
3 10430 10431 10310 
3 10309 10430 10310 
3 10429 10430 10309 
3 10308 10429 10309 
3 10428 10429 10308 
3 10307 10428 10308 
3 10427 10428 10307 
3 10306 10427 10307 
3 10426 10427 10306 
3 10305 10426 10306 
3 10425 10426 10305 
3 10304 10425 10305 
3 10424 10425 10304 
3 10303 10424 10304 
3 10423 10424 10303 
3 10302 10423 10303 
3 10422 10423 10302 
3 10301 10422 10302 
3 10421 10422 10301 
3 10300 10421 10301 
3 10420 10421 10300 
3 10299 10420 10300 
3 10419 10420 10299 
3 10298 10419 10299 
3 10418 10419 10298 
3 10297 10418 10298 
3 10417 10418 10297 
3 10296 10417 10297 
3 10416 10417 10296 
3 10295 10416 10296 
3 10415 10416 10295 
3 10294 10415 10295 
3 10414 10415 10294 
3 10293 10414 10294 
3 10413 10414 10293 
3 10292 10413 10293 
3 10412 10413 10292 
3 10291 10412 10292 
3 10411 10412 10291 
3 10290 10411 10291 
3 10410 10411 10290 
3 10289 10410 10290 
3 10409 10410 10289 
3 10288 10409 10289 
3 10408 10409 10288 
3 10287 10408 10288 
3 10407 10408 10287 
3 10286 10407 10287 
3 10406 10407 10286 
3 10285 10406 10286 
3 10405 10406 10285 
3 10284 10405 10285 
3 10404 10405 10284 
3 10283 10404 10284 
3 10403 10404 10283 
3 10282 10403 10283 
3 10402 10403 10282 
3 10281 10402 10282 
3 10401 10402 10281 
3 10280 10401 10281 
3 10400 10401 10280 
3 10279 10400 10280 
3 10399 10400 10279 
3 10278 10399 10279 
3 10398 10399 10278 
3 10277 10398 10278 
3 10397 10398 10277 
3 10276 10397 10277 
3 10396 10397 10276 
3 10275 10396 10276 
3 10395 10396 10275 
3 10274 10395 10275 
3 10394 10395 10274 
3 10273 10394 10274 
3 10393 10394 10273 
3 10272 10393 10273 
3 10392 10393 10272 
3 10271 10392 10272 
3 10391 10392 10271 
3 10270 10391 10271 
3 10390 10391 10270 
3 10269 10390 10270 
3 10389 10390 10269 
3 10268 10389 10269 
3 10388 10389 10268 
3 10267 10388 10268 
3 10387 10388 10267 
3 10266 10387 10267 
3 10386 10387 10266 
3 10265 10386 10266 
3 10385 10386 10265 
3 10264 10385 10265 
3 10384 10385 10264 
3 10263 10384 10264 
3 10383 10384 10263 
3 10262 10383 10263 
3 10382 10383 10262 
3 10261 10382 10262 
3 10381 10382 10261 
3 10260 10381 10261 
3 10380 10381 10260 
3 10259 10380 10260 
3 10379 10380 10259 
3 10258 10379 10259 
3 10378 10379 10258 
3 10257 10378 10258 
3 10377 10378 10257 
3 10256 10377 10257 
3 10376 10377 10256 
3 10255 10376 10256 
3 10375 10376 10255 
3 10254 10375 10255 
3 10374 10375 10254 
3 10253 10374 10254 
3 10373 10374 10253 
3 10252 10373 10253 
3 10372 10373 10252 
3 10251 10372 10252 
3 10371 10372 10251 
3 10250 10371 10251 
3 10370 10371 10250 
3 10249 10370 10250 
3 10369 10370 10249 
3 10248 10369 10249 
3 10368 10369 10248 
3 10247 10368 10248 
3 10367 10368 10247 
3 10246 10367 10247 
3 10366 10367 10246 
3 10245 10366 10246 
3 10365 10366 10245 
3 10244 10365 10245 
3 10364 10365 10244 
3 10243 10364 10244 
3 10363 10364 10243 
3 10242 10363 10243 
3 10362 10363 10242 
3 10241 10362 10242 
3 10361 10362 10241 
3 10240 10361 10241 
3 10360 10361 10240 
3 10239 10360 10240 
3 10359 10360 10239 
3 10238 10359 10239 
3 10358 10359 10238 
3 10237 10358 10238 
3 10357 10358 10237 
3 10236 10357 10237 
3 10356 10357 10236 
3 10235 10356 10236 
3 10355 10356 10235 
3 10234 10355 10235 
3 10354 10355 10234 
3 10233 10354 10234 
3 10353 10354 10233 
3 10232 10353 10233 
3 10352 10353 10232 
3 10231 10352 10232 
3 10351 10352 10231 
3 10230 10351 10231 
3 10350 10351 10230 
3 10229 10350 10230 
3 10349 10350 10229 
3 10228 10349 10229 
3 10348 10349 10228 
3 10227 10348 10228 
3 10347 10348 10227 
3 10226 10347 10227 
3 10346 10347 10226 
3 10225 10346 10226 
3 10345 10346 10225 
3 10224 10345 10225 
3 10344 10345 10224 
3 10223 10344 10224 
3 10343 10344 10223 
3 10222 10343 10223 
3 10342 10343 10222 
3 10221 10342 10222 
3 10341 10342 10221 
3 10220 10341 10221 
3 10340 10341 10220 
3 10219 10340 10220 
3 10339 10340 10219 
3 10218 10339 10219 
3 10338 10339 10218 
3 10217 10338 10218 
3 10337 10338 10217 
3 10216 10337 10217 
3 10336 10337 10216 
3 10215 10336 10216 
3 10335 10336 10215 
3 10214 10335 10215 
3 10334 10335 10214 
3 10213 10334 10214 
3 10333 10334 10213 
3 10212 10333 10213 
3 10332 10333 10212 
3 10211 10332 10212 
3 10331 10332 10211 
3 10210 10331 10211 
3 10330 10331 10210 
3 10209 10330 10210 
3 10329 10330 10209 
3 10208 10329 10209 
3 10328 10329 10208 
3 10207 10328 10208 
3 10327 10328 10207 
3 10206 10327 10207 
3 10326 10327 10206 
3 10205 10326 10206 
3 10325 10326 10205 
3 10204 10325 10205 
3 10324 10325 10204 
3 10203 10324 10204 
3 10323 10324 10203 
3 10202 10323 10203 
3 10322 10323 10202 
3 10201 10322 10202 
3 10321 10322 10201 
3 10200 10321 10201 
3 10320 10321 10200 
3 10318 10439 10319 
3 10438 10439 10318 
3 10317 10438 10318 
3 10437 10438 10317 
3 10316 10437 10317 
3 10436 10437 10316 
3 10315 10436 10316 
3 10435 10436 10315 
3 10314 10435 10315 
3 10434 10435 10314 
3 10313 10434 10314 
3 10433 10434 10313 
3 10378 10499 10379 
3 10498 10499 10378 
3 10377 10498 10378 
3 10497 10498 10377 
3 10376 10497 10377 
3 10496 10497 10376 
3 10375 10496 10376 
3 10495 10496 10375 
3 10374 10495 10375 
3 10494 10495 10374 
3 10373 10494 10374 
3 10493 10494 10373 
3 10372 10493 10373 
3 10492 10493 10372 
3 10371 10492 10372 
3 10491 10492 10371 
3 10370 10491 10371 
3 10490 10491 10370 
3 10369 10490 10370 
3 10489 10490 10369 
3 10368 10489 10369 
3 10488 10489 10368 
3 10367 10488 10368 
3 10487 10488 10367 
3 10366 10487 10367 
3 10486 10487 10366 
3 10365 10486 10366 
3 10485 10486 10365 
3 10364 10485 10365 
3 10484 10485 10364 
3 10363 10484 10364 
3 10483 10484 10363 
3 10362 10483 10363 
3 10482 10483 10362 
3 10361 10482 10362 
3 10481 10482 10361 
3 10360 10481 10361 
3 10480 10481 10360 
3 10359 10480 10360 
3 10479 10480 10359 
3 10358 10479 10359 
3 10478 10479 10358 
3 10357 10478 10358 
3 10477 10478 10357 
3 10356 10477 10357 
3 10476 10477 10356 
3 10355 10476 10356 
3 10475 10476 10355 
3 10354 10475 10355 
3 10474 10475 10354 
3 10353 10474 10354 
3 10473 10474 10353 
3 10352 10473 10353 
3 10472 10473 10352 
3 10351 10472 10352 
3 10471 10472 10351 
3 10350 10471 10351 
3 10470 10471 10350 
3 10349 10470 10350 
3 10469 10470 10349 
3 10348 10469 10349 
3 10468 10469 10348 
3 10347 10468 10348 
3 10467 10468 10347 
3 10346 10467 10347 
3 10466 10467 10346 
3 10345 10466 10346 
3 10465 10466 10345 
3 10344 10465 10345 
3 10464 10465 10344 
3 10343 10464 10344 
3 10463 10464 10343 
3 10342 10463 10343 
3 10462 10463 10342 
3 10341 10462 10342 
3 10461 10462 10341 
3 10340 10461 10341 
3 10460 10461 10340 
3 10339 10460 10340 
3 10459 10460 10339 
3 10338 10459 10339 
3 10458 10459 10338 
3 10337 10458 10338 
3 10457 10458 10337 
3 10336 10457 10337 
3 10456 10457 10336 
3 10335 10456 10336 
3 10455 10456 10335 
3 10334 10455 10335 
3 10454 10455 10334 
3 10333 10454 10334 
3 10453 10454 10333 
3 10332 10453 10333 
3 10452 10453 10332 
3 10331 10452 10332 
3 10451 10452 10331 
3 10330 10451 10331 
3 10450 10451 10330 
3 10329 10450 10330 
3 10449 10450 10329 
3 10328 10449 10329 
3 10448 10449 10328 
3 10327 10448 10328 
3 10447 10448 10327 
3 10326 10447 10327 
3 10446 10447 10326 
3 10325 10446 10326 
3 10445 10446 10325 
3 10324 10445 10325 
3 10444 10445 10324 
3 10323 10444 10324 
3 10443 10444 10323 
3 10322 10443 10323 
3 10442 10443 10322 
3 10321 10442 10322 
3 10441 10442 10321 
3 10320 10441 10321 
3 10440 10441 10320 
3 10191 10312 10192 
3 10311 10312 10191 
3 10190 10311 10191 
3 10310 10311 10190 
3 10189 10310 10190 
3 10309 10310 10189 
3 10188 10309 10189 
3 10308 10309 10188 
3 10187 10308 10188 
3 10307 10308 10187 
3 10186 10307 10187 
3 10306 10307 10186 
3 10185 10306 10186 
3 10305 10306 10185 
3 10184 10305 10185 
3 10304 10305 10184 
3 10183 10304 10184 
3 10303 10304 10183 
3 10182 10303 10183 
3 10302 10303 10182 
3 10181 10302 10182 
3 10301 10302 10181 
3 10180 10301 10181 
3 10300 10301 10180 
3 10179 10300 10180 
3 10299 10300 10179 
3 10178 10299 10179 
3 10298 10299 10178 
3 10177 10298 10178 
3 10297 10298 10177 
3 10176 10297 10177 
3 10296 10297 10176 
3 10175 10296 10176 
3 10295 10296 10175 
3 10174 10295 10175 
3 10294 10295 10174 
3 10173 10294 10174 
3 10293 10294 10173 
3 10172 10293 10173 
3 10292 10293 10172 
3 10171 10292 10172 
3 10291 10292 10171 
3 10170 10291 10171 
3 10290 10291 10170 
3 10169 10290 10170 
3 10289 10290 10169 
3 10168 10289 10169 
3 10288 10289 10168 
3 10167 10288 10168 
3 10287 10288 10167 
3 10166 10287 10167 
3 10286 10287 10166 
3 10165 10286 10166 
3 10285 10286 10165 
3 10164 10285 10165 
3 10284 10285 10164 
3 10163 10284 10164 
3 10283 10284 10163 
3 10162 10283 10163 
3 10282 10283 10162 
3 10161 10282 10162 
3 10281 10282 10161 
3 10160 10281 10161 
3 10280 10281 10160 
3 10159 10280 10160 
3 10279 10280 10159 
3 10158 10279 10159 
3 10278 10279 10158 
3 10157 10278 10158 
3 10277 10278 10157 
3 10156 10277 10157 
3 10276 10277 10156 
3 10155 10276 10156 
3 10275 10276 10155 
3 10154 10275 10155 
3 10274 10275 10154 
3 10153 10274 10154 
3 10273 10274 10153 
3 10152 10273 10153 
3 10272 10273 10152 
3 10151 10272 10152 
3 10271 10272 10151 
3 10150 10271 10151 
3 10270 10271 10150 
3 10149 10270 10150 
3 10269 10270 10149 
3 10148 10269 10149 
3 10268 10269 10148 
3 10147 10268 10148 
3 10267 10268 10147 
3 10146 10267 10147 
3 10266 10267 10146 
3 10145 10266 10146 
3 10265 10266 10145 
3 10144 10265 10145 
3 10264 10265 10144 
3 10143 10264 10144 
3 10263 10264 10143 
3 10142 10263 10143 
3 10262 10263 10142 
3 10141 10262 10142 
3 10261 10262 10141 
3 10140 10261 10141 
3 10260 10261 10140 
3 10139 10260 10140 
3 10259 10260 10139 
3 10138 10259 10139 
3 10258 10259 10138 
3 10137 10258 10138 
3 10257 10258 10137 
3 10136 10257 10137 
3 10256 10257 10136 
3 10135 10256 10136 
3 10255 10256 10135 
3 10134 10255 10135 
3 10254 10255 10134 
3 10133 10254 10134 
3 10253 10254 10133 
3 10132 10253 10133 
3 10252 10253 10132 
3 10131 10252 10132 
3 10251 10252 10131 
3 10130 10251 10131 
3 10250 10251 10130 
3 10129 10250 10130 
3 10249 10250 10129 
3 10128 10249 10129 
3 10248 10249 10128 
3 10127 10248 10128 
3 10247 10248 10127 
3 10126 10247 10127 
3 10246 10247 10126 
3 10125 10246 10126 
3 10245 10246 10125 
3 9838 9959 9839 
3 9958 9959 9838 
3 9837 9958 9838 
3 9957 9958 9837 
3 9836 9957 9837 
3 9956 9957 9836 
3 9835 9956 9836 
3 9955 9956 9835 
3 9834 9955 9835 
3 9954 9955 9834 
3 9833 9954 9834 
3 9953 9954 9833 
3 9832 9953 9833 
3 9952 9953 9832 
3 9831 9952 9832 
3 9951 9952 9831 
3 9830 9951 9831 
3 9950 9951 9830 
3 9829 9950 9830 
3 9949 9950 9829 
3 9828 9949 9829 
3 9948 9949 9828 
3 9827 9948 9828 
3 9947 9948 9827 
3 9826 9947 9827 
3 9946 9947 9826 
3 9825 9946 9826 
3 9945 9946 9825 
3 9824 9945 9825 
3 9944 9945 9824 
3 9823 9944 9824 
3 9943 9944 9823 
3 9822 9943 9823 
3 9942 9943 9822 
3 9821 9942 9822 
3 9941 9942 9821 
3 9820 9941 9821 
3 9940 9941 9820 
3 9819 9940 9820 
3 9939 9940 9819 
3 9818 9939 9819 
3 9938 9939 9818 
3 9817 9938 9818 
3 9937 9938 9817 
3 9938 9937 10058 
3 10057 10058 9937 
3 9936 10057 9937 
3 10056 10057 9936 
3 9935 10056 9936 
3 10055 10056 9935 
3 9934 10055 9935 
3 10054 10055 9934 
3 9933 10054 9934 
3 10053 10054 9933 
3 9932 10053 9933 
3 10052 10053 9932 
3 9931 10052 9932 
3 10051 10052 9931 
3 9930 10051 9931 
3 10050 10051 9930 
3 9929 10050 9930 
3 10049 10050 9929 
3 9928 10049 9929 
3 10048 10049 9928 
3 9927 10048 9928 
3 10047 10048 9927 
3 9926 10047 9927 
3 10046 10047 9926 
3 9925 10046 9926 
3 10045 10046 9925 
3 9924 10045 9925 
3 10044 10045 9924 
3 9923 10044 9924 
3 10043 10044 9923 
3 9922 10043 9923 
3 10042 10043 9922 
3 9921 10042 9922 
3 10041 10042 9921 
3 9920 10041 9921 
3 10040 10041 9920 
3 9919 10040 9920 
3 10039 10040 9919 
3 9918 10039 9919 
3 10038 10039 9918 
3 9917 10038 9918 
3 10037 10038 9917 
3 9916 10037 9917 
3 10036 10037 9916 
3 9915 10036 9916 
3 10035 10036 9915 
3 9914 10035 9915 
3 10034 10035 9914 
3 9913 10034 9914 
3 10033 10034 9913 
3 9912 10033 9913 
3 10032 10033 9912 
3 9911 10032 9912 
3 10031 10032 9911 
3 9910 10031 9911 
3 10030 10031 9910 
3 9909 10030 9910 
3 10029 10030 9909 
3 9908 10029 9909 
3 10028 10029 9908 
3 9907 10028 9908 
3 10027 10028 9907 
3 9906 10027 9907 
3 10026 10027 9906 
3 9905 10026 9906 
3 10025 10026 9905 
3 9904 10025 9905 
3 10024 10025 9904 
3 9903 10024 9904 
3 10023 10024 9903 
3 9902 10023 9903 
3 10022 10023 9902 
3 9901 10022 9902 
3 10021 10022 9901 
3 9900 10021 9901 
3 10020 10021 9900 
3 9899 10020 9900 
3 10019 10020 9899 
3 9898 10019 9899 
3 10018 10019 9898 
3 9897 10018 9898 
3 10017 10018 9897 
3 9896 10017 9897 
3 10016 10017 9896 
3 9895 10016 9896 
3 10015 10016 9895 
3 9894 10015 9895 
3 10014 10015 9894 
3 9893 10014 9894 
3 10013 10014 9893 
3 9892 10013 9893 
3 10012 10013 9892 
3 9891 10012 9892 
3 10011 10012 9891 
3 9890 10011 9891 
3 10010 10011 9890 
3 9889 10010 9890 
3 10009 10010 9889 
3 9888 10009 9889 
3 10008 10009 9888 
3 9887 10008 9888 
3 10007 10008 9887 
3 9886 10007 9887 
3 10006 10007 9886 
3 9885 10006 9886 
3 10005 10006 9885 
3 9884 10005 9885 
3 10004 10005 9884 
3 9883 10004 9884 
3 10003 10004 9883 
3 9882 10003 9883 
3 10002 10003 9882 
3 9881 10002 9882 
3 10001 10002 9881 
3 9880 10001 9881 
3 10000 10001 9880 
3 9879 10000 9880 
3 9999 10000 9879 
3 9878 9999 9879 
3 9998 9999 9878 
3 9877 9998 9878 
3 9997 9998 9877 
3 9876 9997 9877 
3 9996 9997 9876 
3 9875 9996 9876 
3 9995 9996 9875 
3 9874 9995 9875 
3 9994 9995 9874 
3 9873 9994 9874 
3 9993 9994 9873 
3 9872 9993 9873 
3 9992 9993 9872 
3 9871 9992 9872 
3 9991 9992 9871 
3 9870 9991 9871 
3 9990 9991 9870 
3 9869 9990 9870 
3 9989 9990 9869 
3 9868 9989 9869 
3 9988 9989 9868 
3 9867 9988 9868 
3 9987 9988 9867 
3 9866 9987 9867 
3 9986 9987 9866 
3 9865 9986 9866 
3 9985 9986 9865 
3 9864 9985 9865 
3 9984 9985 9864 
3 9863 9984 9864 
3 9983 9984 9863 
3 9862 9983 9863 
3 9982 9983 9862 
3 9861 9982 9862 
3 9981 9982 9861 
3 9860 9981 9861 
3 9980 9981 9860 
3 9859 9980 9860 
3 9979 9980 9859 
3 9858 9979 9859 
3 9978 9979 9858 
3 9857 9978 9858 
3 9977 9978 9857 
3 9856 9977 9857 
3 9976 9977 9856 
3 9855 9976 9856 
3 9975 9976 9855 
3 9854 9975 9855 
3 9974 9975 9854 
3 9853 9974 9854 
3 9973 9974 9853 
3 9852 9973 9853 
3 9972 9973 9852 
3 9851 9972 9852 
3 9971 9972 9851 
3 9850 9971 9851 
3 9970 9971 9850 
3 9849 9970 9850 
3 9969 9970 9849 
3 9848 9969 9849 
3 9968 9969 9848 
3 9847 9968 9848 
3 9967 9968 9847 
3 9846 9967 9847 
3 9966 9967 9846 
3 9845 9966 9846 
3 9965 9966 9845 
3 9844 9965 9845 
3 9964 9965 9844 
3 9843 9964 9844 
3 9963 9964 9843 
3 9842 9963 9843 
3 9962 9963 9842 
3 9841 9962 9842 
3 9961 9962 9841 
3 9840 9961 9841 
3 9960 9961 9840 
3 9958 10079 9959 
3 10078 10079 9958 
3 9957 10078 9958 
3 10077 10078 9957 
3 9956 10077 9957 
3 10076 10077 9956 
3 9955 10076 9956 
3 10075 10076 9955 
3 9954 10075 9955 
3 10074 10075 9954 
3 9953 10074 9954 
3 10073 10074 9953 
3 9952 10073 9953 
3 10072 10073 9952 
3 9951 10072 9952 
3 10071 10072 9951 
3 9950 10071 9951 
3 10070 10071 9950 
3 9949 10070 9950 
3 10069 10070 9949 
3 9948 10069 9949 
3 10068 10069 9948 
3 9947 10068 9948 
3 10067 10068 9947 
3 9946 10067 9947 
3 10066 10067 9946 
3 9945 10066 9946 
3 10065 10066 9945 
3 9944 10065 9945 
3 10064 10065 9944 
3 9943 10064 9944 
3 10063 10064 9943 
3 9942 10063 9943 
3 10062 10063 9942 
3 9941 10062 9942 
3 10061 10062 9941 
3 9940 10061 9941 
3 10060 10061 9940 
3 9939 10060 9940 
3 10059 10060 9939 
3 9938 10059 9939 
3 10058 10059 9938 
3 10003 10124 10004 
3 10123 10124 10003 
3 10002 10123 10003 
3 10122 10123 10002 
3 10001 10122 10002 
3 10121 10122 10001 
3 10000 10121 10001 
3 10120 10121 10000 
3 9999 10120 10000 
3 10119 10120 9999 
3 9998 10119 9999 
3 10118 10119 9998 
3 9997 10118 9998 
3 10117 10118 9997 
3 9996 10117 9997 
3 10116 10117 9996 
3 9995 10116 9996 
3 10115 10116 9995 
3 9994 10115 9995 
3 10114 10115 9994 
3 9993 10114 9994 
3 10113 10114 9993 
3 9992 10113 9993 
3 10112 10113 9992 
3 9991 10112 9992 
3 10111 10112 9991 
3 9990 10111 9991 
3 10110 10111 9990 
3 9989 10110 9990 
3 10109 10110 9989 
3 9988 10109 9989 
3 10108 10109 9988 
3 9987 10108 9988 
3 10107 10108 9987 
3 9986 10107 9987 
3 10106 10107 9986 
3 9985 10106 9986 
3 10105 10106 9985 
3 9984 10105 9985 
3 10104 10105 9984 
3 9983 10104 9984 
3 10103 10104 9983 
3 9982 10103 9983 
3 10102 10103 9982 
3 9981 10102 9982 
3 10101 10102 9981 
3 9980 10101 9981 
3 10100 10101 9980 
3 9979 10100 9980 
3 10099 10100 9979 
3 9978 10099 9979 
3 10098 10099 9978 
3 9977 10098 9978 
3 10097 10098 9977 
3 9976 10097 9977 
3 10096 10097 9976 
3 9975 10096 9976 
3 10095 10096 9975 
3 9974 10095 9975 
3 10094 10095 9974 
3 9973 10094 9974 
3 10093 10094 9973 
3 9972 10093 9973 
3 10092 10093 9972 
3 9971 10092 9972 
3 10091 10092 9971 
3 9970 10091 9971 
3 10090 10091 9970 
3 9969 10090 9970 
3 10089 10090 9969 
3 9968 10089 9969 
3 10088 10089 9968 
3 9967 10088 9968 
3 10087 10088 9967 
3 9966 10087 9967 
3 10086 10087 9966 
3 9965 10086 9966 
3 10085 10086 9965 
3 9964 10085 9965 
3 10084 10085 9964 
3 9963 10084 9964 
3 10083 10084 9963 
3 9962 10083 9963 
3 10082 10083 9962 
3 9961 10082 9962 
3 10081 10082 9961 
3 9960 10081 9961 
3 10080 10081 9960 
3 9816 9937 9817 
3 9936 9937 9816 
3 9815 9936 9816 
3 9935 9936 9815 
3 9814 9935 9815 
3 9934 9935 9814 
3 9813 9934 9814 
3 9933 9934 9813 
3 9812 9933 9813 
3 9932 9933 9812 
3 9811 9932 9812 
3 9931 9932 9811 
3 9810 9931 9811 
3 9930 9931 9810 
3 9809 9930 9810 
3 9929 9930 9809 
3 9808 9929 9809 
3 9928 9929 9808 
3 9807 9928 9808 
3 9927 9928 9807 
3 9806 9927 9807 
3 9926 9927 9806 
3 9805 9926 9806 
3 9925 9926 9805 
3 9804 9925 9805 
3 9924 9925 9804 
3 9803 9924 9804 
3 9923 9924 9803 
3 9802 9923 9803 
3 9922 9923 9802 
3 9801 9922 9802 
3 9921 9922 9801 
3 9800 9921 9801 
3 9920 9921 9800 
3 9799 9920 9800 
3 9919 9920 9799 
3 9798 9919 9799 
3 9918 9919 9798 
3 9797 9918 9798 
3 9917 9918 9797 
3 9796 9917 9797 
3 9916 9917 9796 
3 9795 9916 9796 
3 9915 9916 9795 
3 9794 9915 9795 
3 9914 9915 9794 
3 9793 9914 9794 
3 9913 9914 9793 
3 9792 9913 9793 
3 9912 9913 9792 
3 9791 9912 9792 
3 9911 9912 9791 
3 9790 9911 9791 
3 9910 9911 9790 
3 9789 9910 9790 
3 9909 9910 9789 
3 9788 9909 9789 
3 9908 9909 9788 
3 9787 9908 9788 
3 9907 9908 9787 
3 9786 9907 9787 
3 9906 9907 9786 
3 9785 9906 9786 
3 9905 9906 9785 
3 9784 9905 9785 
3 9904 9905 9784 
3 9783 9904 9784 
3 9903 9904 9783 
3 9782 9903 9783 
3 9902 9903 9782 
3 9781 9902 9782 
3 9901 9902 9781 
3 9780 9901 9781 
3 9900 9901 9780 
3 9779 9900 9780 
3 9899 9900 9779 
3 9778 9899 9779 
3 9898 9899 9778 
3 9777 9898 9778 
3 9897 9898 9777 
3 9776 9897 9777 
3 9896 9897 9776 
3 9775 9896 9776 
3 9895 9896 9775 
3 9774 9895 9775 
3 9894 9895 9774 
3 9773 9894 9774 
3 9893 9894 9773 
3 9772 9893 9773 
3 9892 9893 9772 
3 9771 9892 9772 
3 9891 9892 9771 
3 9770 9891 9771 
3 9890 9891 9770 
3 9769 9890 9770 
3 9889 9890 9769 
3 9768 9889 9769 
3 9888 9889 9768 
3 9767 9888 9768 
3 9887 9888 9767 
3 9766 9887 9767 
3 9886 9887 9766 
3 9765 9886 9766 
3 9885 9886 9765 
3 9764 9885 9765 
3 9884 9885 9764 
3 9763 9884 9764 
3 9883 9884 9763 
3 9762 9883 9763 
3 9882 9883 9762 
3 9761 9882 9762 
3 9881 9882 9761 
3 9760 9881 9761 
3 9880 9881 9760 
3 9759 9880 9760 
3 9879 9880 9759 
3 9758 9879 9759 
3 9878 9879 9758 
3 9757 9878 9758 
3 9877 9878 9757 
3 9756 9877 9757 
3 9876 9877 9756 
3 9755 9876 9756 
3 9875 9876 9755 
3 9754 9875 9755 
3 9874 9875 9754 
3 9753 9874 9754 
3 9873 9874 9753 
3 9752 9873 9753 
3 9872 9873 9752 
3 9751 9872 9752 
3 9871 9872 9751 
3 9750 9871 9751 
3 9870 9871 9750 
3 9358 9479 9359 
3 9478 9479 9358 
3 9357 9478 9358 
3 9477 9478 9357 
3 9356 9477 9357 
3 9476 9477 9356 
3 9355 9476 9356 
3 9475 9476 9355 
3 9354 9475 9355 
3 9474 9475 9354 
3 9353 9474 9354 
3 9473 9474 9353 
3 9352 9473 9353 
3 9472 9473 9352 
3 9351 9472 9352 
3 9471 9472 9351 
3 9350 9471 9351 
3 9470 9471 9350 
3 9349 9470 9350 
3 9469 9470 9349 
3 9348 9469 9349 
3 9468 9469 9348 
3 9347 9468 9348 
3 9467 9468 9347 
3 9346 9467 9347 
3 9466 9467 9346 
3 9345 9466 9346 
3 9465 9466 9345 
3 9344 9465 9345 
3 9464 9465 9344 
3 9343 9464 9344 
3 9463 9464 9343 
3 9342 9463 9343 
3 9462 9463 9342 
3 9341 9462 9342 
3 9461 9462 9341 
3 9340 9461 9341 
3 9460 9461 9340 
3 9339 9460 9340 
3 9459 9460 9339 
3 9338 9459 9339 
3 9458 9459 9338 
3 9337 9458 9338 
3 9457 9458 9337 
3 9336 9457 9337 
3 9456 9457 9336 
3 9335 9456 9336 
3 9455 9456 9335 
3 9334 9455 9335 
3 9454 9455 9334 
3 9333 9454 9334 
3 9453 9454 9333 
3 9332 9453 9333 
3 9452 9453 9332 
3 9331 9452 9332 
3 9451 9452 9331 
3 9330 9451 9331 
3 9450 9451 9330 
3 9329 9450 9330 
3 9449 9450 9329 
3 9328 9449 9329 
3 9448 9449 9328 
3 9327 9448 9328 
3 9447 9448 9327 
3 9326 9447 9327 
3 9446 9447 9326 
3 9325 9446 9326 
3 9445 9446 9325 
3 9324 9445 9325 
3 9444 9445 9324 
3 9323 9444 9324 
3 9443 9444 9323 
3 9322 9443 9323 
3 9442 9443 9322 
3 9321 9442 9322 
3 9441 9442 9321 
3 9320 9441 9321 
3 9440 9441 9320 
3 9319 9440 9320 
3 9439 9440 9319 
3 9318 9439 9319 
3 9438 9439 9318 
3 9317 9438 9318 
3 9437 9438 9317 
3 9316 9437 9317 
3 9436 9437 9316 
3 9315 9436 9316 
3 9435 9436 9315 
3 9314 9435 9315 
3 9434 9435 9314 
3 9313 9434 9314 
3 9433 9434 9313 
3 9312 9433 9313 
3 9432 9433 9312 
3 9311 9432 9312 
3 9431 9432 9311 
3 9310 9431 9311 
3 9430 9431 9310 
3 9309 9430 9310 
3 9429 9430 9309 
3 9308 9429 9309 
3 9428 9429 9308 
3 9307 9428 9308 
3 9427 9428 9307 
3 9306 9427 9307 
3 9426 9427 9306 
3 9305 9426 9306 
3 9425 9426 9305 
3 9304 9425 9305 
3 9424 9425 9304 
3 9303 9424 9304 
3 9423 9424 9303 
3 9302 9423 9303 
3 9422 9423 9302 
3 9301 9422 9302 
3 9421 9422 9301 
3 9300 9421 9301 
3 9420 9421 9300 
3 9299 9420 9300 
3 9419 9420 9299 
3 9298 9419 9299 
3 9418 9419 9298 
3 9297 9418 9298 
3 9417 9418 9297 
3 9296 9417 9297 
3 9416 9417 9296 
3 9295 9416 9296 
3 9415 9416 9295 
3 9294 9415 9295 
3 9414 9415 9294 
3 9293 9414 9294 
3 9413 9414 9293 
3 9292 9413 9293 
3 9412 9413 9292 
3 9291 9412 9292 
3 9411 9412 9291 
3 9290 9411 9291 
3 9410 9411 9290 
3 9289 9410 9290 
3 9409 9410 9289 
3 9288 9409 9289 
3 9408 9409 9288 
3 9287 9408 9288 
3 9407 9408 9287 
3 9286 9407 9287 
3 9406 9407 9286 
3 9285 9406 9286 
3 9405 9406 9285 
3 9284 9405 9285 
3 9404 9405 9284 
3 9283 9404 9284 
3 9403 9404 9283 
3 9282 9403 9283 
3 9402 9403 9282 
3 9281 9402 9282 
3 9401 9402 9281 
3 9280 9401 9281 
3 9400 9401 9280 
3 9279 9400 9280 
3 9399 9400 9279 
3 9278 9399 9279 
3 9398 9399 9278 
3 9277 9398 9278 
3 9397 9398 9277 
3 9276 9397 9277 
3 9396 9397 9276 
3 9275 9396 9276 
3 9395 9396 9275 
3 9274 9395 9275 
3 9394 9395 9274 
3 9273 9394 9274 
3 9393 9394 9273 
3 9272 9393 9273 
3 9392 9393 9272 
3 9271 9392 9272 
3 9391 9392 9271 
3 9270 9391 9271 
3 9390 9391 9270 
3 9269 9390 9270 
3 9389 9390 9269 
3 9268 9389 9269 
3 9388 9389 9268 
3 9267 9388 9268 
3 9387 9388 9267 
3 9266 9387 9267 
3 9386 9387 9266 
3 9265 9386 9266 
3 9385 9386 9265 
3 9264 9385 9265 
3 9384 9385 9264 
3 9263 9384 9264 
3 9383 9384 9263 
3 9262 9383 9263 
3 9382 9383 9262 
3 9261 9382 9262 
3 9381 9382 9261 
3 9260 9381 9261 
3 9380 9381 9260 
3 9259 9380 9260 
3 9379 9380 9259 
3 9258 9379 9259 
3 9378 9379 9258 
3 9257 9378 9258 
3 9377 9378 9257 
3 9256 9377 9257 
3 9376 9377 9256 
3 9255 9376 9256 
3 9375 9376 9255 
3 9254 9375 9255 
3 9374 9375 9254 
3 9375 9374 9495 
3 9494 9495 9374 
3 9373 9494 9374 
3 9493 9494 9373 
3 9372 9493 9373 
3 9492 9493 9372 
3 9371 9492 9372 
3 9491 9492 9371 
3 9370 9491 9371 
3 9490 9491 9370 
3 9369 9490 9370 
3 9489 9490 9369 
3 9368 9489 9369 
3 9488 9489 9368 
3 9367 9488 9368 
3 9487 9488 9367 
3 9366 9487 9367 
3 9486 9487 9366 
3 9365 9486 9366 
3 9485 9486 9365 
3 9364 9485 9365 
3 9484 9485 9364 
3 9363 9484 9364 
3 9483 9484 9363 
3 9362 9483 9363 
3 9482 9483 9362 
3 9361 9482 9362 
3 9481 9482 9361 
3 9360 9481 9361 
3 9480 9481 9360 
3 9478 9599 9479 
3 9598 9599 9478 
3 9477 9598 9478 
3 9597 9598 9477 
3 9476 9597 9477 
3 9596 9597 9476 
3 9475 9596 9476 
3 9595 9596 9475 
3 9474 9595 9475 
3 9594 9595 9474 
3 9473 9594 9474 
3 9593 9594 9473 
3 9472 9593 9473 
3 9592 9593 9472 
3 9471 9592 9472 
3 9591 9592 9471 
3 9470 9591 9471 
3 9590 9591 9470 
3 9469 9590 9470 
3 9589 9590 9469 
3 9468 9589 9469 
3 9588 9589 9468 
3 9467 9588 9468 
3 9587 9588 9467 
3 9466 9587 9467 
3 9586 9587 9466 
3 9465 9586 9466 
3 9585 9586 9465 
3 9464 9585 9465 
3 9584 9585 9464 
3 9463 9584 9464 
3 9583 9584 9463 
3 9462 9583 9463 
3 9582 9583 9462 
3 9461 9582 9462 
3 9581 9582 9461 
3 9460 9581 9461 
3 9580 9581 9460 
3 9459 9580 9460 
3 9579 9580 9459 
3 9458 9579 9459 
3 9578 9579 9458 
3 9457 9578 9458 
3 9577 9578 9457 
3 9456 9577 9457 
3 9576 9577 9456 
3 9455 9576 9456 
3 9575 9576 9455 
3 9454 9575 9455 
3 9574 9575 9454 
3 9453 9574 9454 
3 9573 9574 9453 
3 9452 9573 9453 
3 9572 9573 9452 
3 9451 9572 9452 
3 9571 9572 9451 
3 9450 9571 9451 
3 9570 9571 9450 
3 9449 9570 9450 
3 9569 9570 9449 
3 9448 9569 9449 
3 9568 9569 9448 
3 9447 9568 9448 
3 9567 9568 9447 
3 9446 9567 9447 
3 9566 9567 9446 
3 9445 9566 9446 
3 9565 9566 9445 
3 9444 9565 9445 
3 9564 9565 9444 
3 9443 9564 9444 
3 9563 9564 9443 
3 9442 9563 9443 
3 9562 9563 9442 
3 9563 9562 9683 
3 9682 9683 9562 
3 9561 9682 9562 
3 9681 9682 9561 
3 9560 9681 9561 
3 9680 9681 9560 
3 9559 9680 9560 
3 9679 9680 9559 
3 9558 9679 9559 
3 9678 9679 9558 
3 9557 9678 9558 
3 9677 9678 9557 
3 9556 9677 9557 
3 9676 9677 9556 
3 9555 9676 9556 
3 9675 9676 9555 
3 9554 9675 9555 
3 9674 9675 9554 
3 9553 9674 9554 
3 9673 9674 9553 
3 9552 9673 9553 
3 9672 9673 9552 
3 9551 9672 9552 
3 9671 9672 9551 
3 9550 9671 9551 
3 9670 9671 9550 
3 9549 9670 9550 
3 9669 9670 9549 
3 9548 9669 9549 
3 9668 9669 9548 
3 9547 9668 9548 
3 9667 9668 9547 
3 9546 9667 9547 
3 9666 9667 9546 
3 9545 9666 9546 
3 9665 9666 9545 
3 9544 9665 9545 
3 9664 9665 9544 
3 9543 9664 9544 
3 9663 9664 9543 
3 9542 9663 9543 
3 9662 9663 9542 
3 9541 9662 9542 
3 9661 9662 9541 
3 9540 9661 9541 
3 9660 9661 9540 
3 9539 9660 9540 
3 9659 9660 9539 
3 9538 9659 9539 
3 9658 9659 9538 
3 9537 9658 9538 
3 9657 9658 9537 
3 9536 9657 9537 
3 9656 9657 9536 
3 9535 9656 9536 
3 9655 9656 9535 
3 9534 9655 9535 
3 9654 9655 9534 
3 9533 9654 9534 
3 9653 9654 9533 
3 9532 9653 9533 
3 9652 9653 9532 
3 9531 9652 9532 
3 9651 9652 9531 
3 9530 9651 9531 
3 9650 9651 9530 
3 9529 9650 9530 
3 9649 9650 9529 
3 9528 9649 9529 
3 9648 9649 9528 
3 9527 9648 9528 
3 9647 9648 9527 
3 9526 9647 9527 
3 9646 9647 9526 
3 9525 9646 9526 
3 9645 9646 9525 
3 9524 9645 9525 
3 9644 9645 9524 
3 9523 9644 9524 
3 9643 9644 9523 
3 9522 9643 9523 
3 9642 9643 9522 
3 9521 9642 9522 
3 9641 9642 9521 
3 9520 9641 9521 
3 9640 9641 9520 
3 9519 9640 9520 
3 9639 9640 9519 
3 9518 9639 9519 
3 9638 9639 9518 
3 9517 9638 9518 
3 9637 9638 9517 
3 9516 9637 9517 
3 9636 9637 9516 
3 9515 9636 9516 
3 9635 9636 9515 
3 9514 9635 9515 
3 9634 9635 9514 
3 9513 9634 9514 
3 9633 9634 9513 
3 9512 9633 9513 
3 9632 9633 9512 
3 9511 9632 9512 
3 9631 9632 9511 
3 9510 9631 9511 
3 9630 9631 9510 
3 9509 9630 9510 
3 9629 9630 9509 
3 9508 9629 9509 
3 9628 9629 9508 
3 9507 9628 9508 
3 9627 9628 9507 
3 9506 9627 9507 
3 9626 9627 9506 
3 9505 9626 9506 
3 9625 9626 9505 
3 9504 9625 9505 
3 9624 9625 9504 
3 9503 9624 9504 
3 9623 9624 9503 
3 9502 9623 9503 
3 9622 9623 9502 
3 9501 9622 9502 
3 9621 9622 9501 
3 9500 9621 9501 
3 9620 9621 9500 
3 9499 9620 9500 
3 9619 9620 9499 
3 9498 9619 9499 
3 9618 9619 9498 
3 9497 9618 9498 
3 9617 9618 9497 
3 9496 9617 9497 
3 9616 9617 9496 
3 9495 9616 9496 
3 9615 9616 9495 
3 9494 9615 9495 
3 9614 9615 9494 
3 9493 9614 9494 
3 9613 9614 9493 
3 9492 9613 9493 
3 9612 9613 9492 
3 9491 9612 9492 
3 9611 9612 9491 
3 9490 9611 9491 
3 9610 9611 9490 
3 9489 9610 9490 
3 9609 9610 9489 
3 9488 9609 9489 
3 9608 9609 9488 
3 9487 9608 9488 
3 9607 9608 9487 
3 9486 9607 9487 
3 9606 9607 9486 
3 9485 9606 9486 
3 9605 9606 9485 
3 9484 9605 9485 
3 9604 9605 9484 
3 9483 9604 9484 
3 9603 9604 9483 
3 9482 9603 9483 
3 9602 9603 9482 
3 9481 9602 9482 
3 9601 9602 9481 
3 9480 9601 9481 
3 9600 9601 9480 
3 9598 9719 9599 
3 9718 9719 9598 
3 9597 9718 9598 
3 9717 9718 9597 
3 9596 9717 9597 
3 9716 9717 9596 
3 9595 9716 9596 
3 9715 9716 9595 
3 9594 9715 9595 
3 9714 9715 9594 
3 9593 9714 9594 
3 9713 9714 9593 
3 9592 9713 9593 
3 9712 9713 9592 
3 9591 9712 9592 
3 9711 9712 9591 
3 9590 9711 9591 
3 9710 9711 9590 
3 9589 9710 9590 
3 9709 9710 9589 
3 9588 9709 9589 
3 9708 9709 9588 
3 9587 9708 9588 
3 9707 9708 9587 
3 9586 9707 9587 
3 9706 9707 9586 
3 9585 9706 9586 
3 9705 9706 9585 
3 9584 9705 9585 
3 9704 9705 9584 
3 9583 9704 9584 
3 9703 9704 9583 
3 9582 9703 9583 
3 9702 9703 9582 
3 9581 9702 9582 
3 9701 9702 9581 
3 9580 9701 9581 
3 9700 9701 9580 
3 9579 9700 9580 
3 9699 9700 9579 
3 9578 9699 9579 
3 9698 9699 9578 
3 9577 9698 9578 
3 9697 9698 9577 
3 9576 9697 9577 
3 9696 9697 9576 
3 9575 9696 9576 
3 9695 9696 9575 
3 9574 9695 9575 
3 9694 9695 9574 
3 9573 9694 9574 
3 9693 9694 9573 
3 9572 9693 9573 
3 9692 9693 9572 
3 9571 9692 9572 
3 9691 9692 9571 
3 9570 9691 9571 
3 9690 9691 9570 
3 9569 9690 9570 
3 9689 9690 9569 
3 9568 9689 9569 
3 9688 9689 9568 
3 9567 9688 9568 
3 9687 9688 9567 
3 9566 9687 9567 
3 9686 9687 9566 
3 9565 9686 9566 
3 9685 9686 9565 
3 9564 9685 9565 
3 9684 9685 9564 
3 9563 9684 9564 
3 9683 9684 9563 
3 9628 9749 9629 
3 9748 9749 9628 
3 9627 9748 9628 
3 9747 9748 9627 
3 9626 9747 9627 
3 9746 9747 9626 
3 9625 9746 9626 
3 9745 9746 9625 
3 9624 9745 9625 
3 9744 9745 9624 
3 9623 9744 9624 
3 9743 9744 9623 
3 9622 9743 9623 
3 9742 9743 9622 
3 9621 9742 9622 
3 9741 9742 9621 
3 9620 9741 9621 
3 9740 9741 9620 
3 9619 9740 9620 
3 9739 9740 9619 
3 9618 9739 9619 
3 9738 9739 9618 
3 9617 9738 9618 
3 9737 9738 9617 
3 9616 9737 9617 
3 9736 9737 9616 
3 9615 9736 9616 
3 9735 9736 9615 
3 9614 9735 9615 
3 9734 9735 9614 
3 9613 9734 9614 
3 9733 9734 9613 
3 9612 9733 9613 
3 9732 9733 9612 
3 9611 9732 9612 
3 9731 9732 9611 
3 9610 9731 9611 
3 9730 9731 9610 
3 9609 9730 9610 
3 9729 9730 9609 
3 9608 9729 9609 
3 9728 9729 9608 
3 9607 9728 9608 
3 9727 9728 9607 
3 9606 9727 9607 
3 9726 9727 9606 
3 9605 9726 9606 
3 9725 9726 9605 
3 9604 9725 9605 
3 9724 9725 9604 
3 9603 9724 9604 
3 9723 9724 9603 
3 9602 9723 9603 
3 9722 9723 9602 
3 9601 9722 9602 
3 9721 9722 9601 
3 9600 9721 9601 
3 9720 9721 9600 
3 9441 9562 9442 
3 9561 9562 9441 
3 9440 9561 9441 
3 9560 9561 9440 
3 9439 9560 9440 
3 9559 9560 9439 
3 9438 9559 9439 
3 9558 9559 9438 
3 9437 9558 9438 
3 9557 9558 9437 
3 9436 9557 9437 
3 9556 9557 9436 
3 9435 9556 9436 
3 9555 9556 9435 
3 9434 9555 9435 
3 9554 9555 9434 
3 9433 9554 9434 
3 9553 9554 9433 
3 9432 9553 9433 
3 9552 9553 9432 
3 9431 9552 9432 
3 9551 9552 9431 
3 9430 9551 9431 
3 9550 9551 9430 
3 9429 9550 9430 
3 9549 9550 9429 
3 9428 9549 9429 
3 9548 9549 9428 
3 9427 9548 9428 
3 9547 9548 9427 
3 9426 9547 9427 
3 9546 9547 9426 
3 9425 9546 9426 
3 9545 9546 9425 
3 9424 9545 9425 
3 9544 9545 9424 
3 9423 9544 9424 
3 9543 9544 9423 
3 9422 9543 9423 
3 9542 9543 9422 
3 9421 9542 9422 
3 9541 9542 9421 
3 9420 9541 9421 
3 9540 9541 9420 
3 9419 9540 9420 
3 9539 9540 9419 
3 9418 9539 9419 
3 9538 9539 9418 
3 9417 9538 9418 
3 9537 9538 9417 
3 9416 9537 9417 
3 9536 9537 9416 
3 9415 9536 9416 
3 9535 9536 9415 
3 9414 9535 9415 
3 9534 9535 9414 
3 9413 9534 9414 
3 9533 9534 9413 
3 9412 9533 9413 
3 9532 9533 9412 
3 9411 9532 9412 
3 9531 9532 9411 
3 9410 9531 9411 
3 9530 9531 9410 
3 9409 9530 9410 
3 9529 9530 9409 
3 9408 9529 9409 
3 9528 9529 9408 
3 9407 9528 9408 
3 9527 9528 9407 
3 9406 9527 9407 
3 9526 9527 9406 
3 9405 9526 9406 
3 9525 9526 9405 
3 9404 9525 9405 
3 9524 9525 9404 
3 9403 9524 9404 
3 9523 9524 9403 
3 9402 9523 9403 
3 9522 9523 9402 
3 9401 9522 9402 
3 9521 9522 9401 
3 9400 9521 9401 
3 9520 9521 9400 
3 9399 9520 9400 
3 9519 9520 9399 
3 9398 9519 9399 
3 9518 9519 9398 
3 9397 9518 9398 
3 9517 9518 9397 
3 9396 9517 9397 
3 9516 9517 9396 
3 9395 9516 9396 
3 9515 9516 9395 
3 9394 9515 9395 
3 9514 9515 9394 
3 9393 9514 9394 
3 9513 9514 9393 
3 9392 9513 9393 
3 9512 9513 9392 
3 9391 9512 9392 
3 9511 9512 9391 
3 9390 9511 9391 
3 9510 9511 9390 
3 9389 9510 9390 
3 9509 9510 9389 
3 9388 9509 9389 
3 9508 9509 9388 
3 9387 9508 9388 
3 9507 9508 9387 
3 9386 9507 9387 
3 9506 9507 9386 
3 9385 9506 9386 
3 9505 9506 9385 
3 9384 9505 9385 
3 9504 9505 9384 
3 9383 9504 9384 
3 9503 9504 9383 
3 9382 9503 9383 
3 9502 9503 9382 
3 9381 9502 9382 
3 9501 9502 9381 
3 9380 9501 9381 
3 9500 9501 9380 
3 9379 9500 9380 
3 9499 9500 9379 
3 9378 9499 9379 
3 9498 9499 9378 
3 9377 9498 9378 
3 9497 9498 9377 
3 9376 9497 9377 
3 9496 9497 9376 
3 9375 9496 9376 
3 9495 9496 9375 
3 9118 9239 9119 
3 9238 9239 9118 
3 9117 9238 9118 
3 9237 9238 9117 
3 9116 9237 9117 
3 9236 9237 9116 
3 9115 9236 9116 
3 9235 9236 9115 
3 9114 9235 9115 
3 9234 9235 9114 
3 9113 9234 9114 
3 9233 9234 9113 
3 9112 9233 9113 
3 9232 9233 9112 
3 9111 9232 9112 
3 9231 9232 9111 
3 9110 9231 9111 
3 9230 9231 9110 
3 9109 9230 9110 
3 9229 9230 9109 
3 9108 9229 9109 
3 9228 9229 9108 
3 9107 9228 9108 
3 9227 9228 9107 
3 9106 9227 9107 
3 9226 9227 9106 
3 9105 9226 9106 
3 9225 9226 9105 
3 9104 9225 9105 
3 9224 9225 9104 
3 9103 9224 9104 
3 9223 9224 9103 
3 9102 9223 9103 
3 9222 9223 9102 
3 9101 9222 9102 
3 9221 9222 9101 
3 9100 9221 9101 
3 9220 9221 9100 
3 9099 9220 9100 
3 9219 9220 9099 
3 9098 9219 9099 
3 9218 9219 9098 
3 9097 9218 9098 
3 9217 9218 9097 
3 9096 9217 9097 
3 9216 9217 9096 
3 9095 9216 9096 
3 9215 9216 9095 
3 9094 9215 9095 
3 9214 9215 9094 
3 9093 9214 9094 
3 9213 9214 9093 
3 9092 9213 9093 
3 9212 9213 9092 
3 9091 9212 9092 
3 9211 9212 9091 
3 9090 9211 9091 
3 9210 9211 9090 
3 9089 9210 9090 
3 9209 9210 9089 
3 9088 9209 9089 
3 9208 9209 9088 
3 9087 9208 9088 
3 9207 9208 9087 
3 9086 9207 9087 
3 9206 9207 9086 
3 9085 9206 9086 
3 9205 9206 9085 
3 9084 9205 9085 
3 9204 9205 9084 
3 9083 9204 9084 
3 9203 9204 9083 
3 9082 9203 9083 
3 9202 9203 9082 
3 9081 9202 9082 
3 9201 9202 9081 
3 9080 9201 9081 
3 9200 9201 9080 
3 9079 9200 9080 
3 9199 9200 9079 
3 9078 9199 9079 
3 9198 9199 9078 
3 9077 9198 9078 
3 9197 9198 9077 
3 9076 9197 9077 
3 9196 9197 9076 
3 9075 9196 9076 
3 9195 9196 9075 
3 9074 9195 9075 
3 9194 9195 9074 
3 9073 9194 9074 
3 9193 9194 9073 
3 9072 9193 9073 
3 9192 9193 9072 
3 9071 9192 9072 
3 9191 9192 9071 
3 9070 9191 9071 
3 9190 9191 9070 
3 9069 9190 9070 
3 9189 9190 9069 
3 9068 9189 9069 
3 9188 9189 9068 
3 9067 9188 9068 
3 9187 9188 9067 
3 9188 9187 9308 
3 9307 9308 9187 
3 9186 9307 9187 
3 9306 9307 9186 
3 9185 9306 9186 
3 9305 9306 9185 
3 9184 9305 9185 
3 9304 9305 9184 
3 9183 9304 9184 
3 9303 9304 9183 
3 9182 9303 9183 
3 9302 9303 9182 
3 9181 9302 9182 
3 9301 9302 9181 
3 9180 9301 9181 
3 9300 9301 9180 
3 9179 9300 9180 
3 9299 9300 9179 
3 9178 9299 9179 
3 9298 9299 9178 
3 9177 9298 9178 
3 9297 9298 9177 
3 9176 9297 9177 
3 9296 9297 9176 
3 9175 9296 9176 
3 9295 9296 9175 
3 9174 9295 9175 
3 9294 9295 9174 
3 9173 9294 9174 
3 9293 9294 9173 
3 9172 9293 9173 
3 9292 9293 9172 
3 9171 9292 9172 
3 9291 9292 9171 
3 9170 9291 9171 
3 9290 9291 9170 
3 9169 9290 9170 
3 9289 9290 9169 
3 9168 9289 9169 
3 9288 9289 9168 
3 9167 9288 9168 
3 9287 9288 9167 
3 9166 9287 9167 
3 9286 9287 9166 
3 9165 9286 9166 
3 9285 9286 9165 
3 9164 9285 9165 
3 9284 9285 9164 
3 9163 9284 9164 
3 9283 9284 9163 
3 9162 9283 9163 
3 9282 9283 9162 
3 9161 9282 9162 
3 9281 9282 9161 
3 9160 9281 9161 
3 9280 9281 9160 
3 9159 9280 9160 
3 9279 9280 9159 
3 9158 9279 9159 
3 9278 9279 9158 
3 9157 9278 9158 
3 9277 9278 9157 
3 9156 9277 9157 
3 9276 9277 9156 
3 9155 9276 9156 
3 9275 9276 9155 
3 9154 9275 9155 
3 9274 9275 9154 
3 9153 9274 9154 
3 9273 9274 9153 
3 9152 9273 9153 
3 9272 9273 9152 
3 9151 9272 9152 
3 9271 9272 9151 
3 9150 9271 9151 
3 9270 9271 9150 
3 9149 9270 9150 
3 9269 9270 9149 
3 9148 9269 9149 
3 9268 9269 9148 
3 9147 9268 9148 
3 9267 9268 9147 
3 9146 9267 9147 
3 9266 9267 9146 
3 9145 9266 9146 
3 9265 9266 9145 
3 9144 9265 9145 
3 9264 9265 9144 
3 9143 9264 9144 
3 9263 9264 9143 
3 9142 9263 9143 
3 9262 9263 9142 
3 9141 9262 9142 
3 9261 9262 9141 
3 9140 9261 9141 
3 9260 9261 9140 
3 9139 9260 9140 
3 9259 9260 9139 
3 9138 9259 9139 
3 9258 9259 9138 
3 9137 9258 9138 
3 9257 9258 9137 
3 9136 9257 9137 
3 9256 9257 9136 
3 9135 9256 9136 
3 9255 9256 9135 
3 9134 9255 9135 
3 9254 9255 9134 
3 9133 9254 9134 
3 9253 9254 9133 
3 9132 9253 9133 
3 9252 9253 9132 
3 9131 9252 9132 
3 9251 9252 9131 
3 9130 9251 9131 
3 9250 9251 9130 
3 9129 9250 9130 
3 9249 9250 9129 
3 9128 9249 9129 
3 9248 9249 9128 
3 9127 9248 9128 
3 9247 9248 9127 
3 9126 9247 9127 
3 9246 9247 9126 
3 9125 9246 9126 
3 9245 9246 9125 
3 9124 9245 9125 
3 9244 9245 9124 
3 9123 9244 9124 
3 9243 9244 9123 
3 9122 9243 9123 
3 9242 9243 9122 
3 9121 9242 9122 
3 9241 9242 9121 
3 9120 9241 9121 
3 9240 9241 9120 
3 9238 9359 9239 
3 9358 9359 9238 
3 9237 9358 9238 
3 9357 9358 9237 
3 9236 9357 9237 
3 9356 9357 9236 
3 9235 9356 9236 
3 9355 9356 9235 
3 9234 9355 9235 
3 9354 9355 9234 
3 9233 9354 9234 
3 9353 9354 9233 
3 9232 9353 9233 
3 9352 9353 9232 
3 9231 9352 9232 
3 9351 9352 9231 
3 9230 9351 9231 
3 9350 9351 9230 
3 9229 9350 9230 
3 9349 9350 9229 
3 9228 9349 9229 
3 9348 9349 9228 
3 9227 9348 9228 
3 9347 9348 9227 
3 9226 9347 9227 
3 9346 9347 9226 
3 9225 9346 9226 
3 9345 9346 9225 
3 9224 9345 9225 
3 9344 9345 9224 
3 9223 9344 9224 
3 9343 9344 9223 
3 9222 9343 9223 
3 9342 9343 9222 
3 9221 9342 9222 
3 9341 9342 9221 
3 9220 9341 9221 
3 9340 9341 9220 
3 9219 9340 9220 
3 9339 9340 9219 
3 9218 9339 9219 
3 9338 9339 9218 
3 9217 9338 9218 
3 9337 9338 9217 
3 9216 9337 9217 
3 9336 9337 9216 
3 9215 9336 9216 
3 9335 9336 9215 
3 9214 9335 9215 
3 9334 9335 9214 
3 9213 9334 9214 
3 9333 9334 9213 
3 9212 9333 9213 
3 9332 9333 9212 
3 9211 9332 9212 
3 9331 9332 9211 
3 9210 9331 9211 
3 9330 9331 9210 
3 9209 9330 9210 
3 9329 9330 9209 
3 9208 9329 9209 
3 9328 9329 9208 
3 9207 9328 9208 
3 9327 9328 9207 
3 9206 9327 9207 
3 9326 9327 9206 
3 9205 9326 9206 
3 9325 9326 9205 
3 9204 9325 9205 
3 9324 9325 9204 
3 9203 9324 9204 
3 9323 9324 9203 
3 9202 9323 9203 
3 9322 9323 9202 
3 9201 9322 9202 
3 9321 9322 9201 
3 9200 9321 9201 
3 9320 9321 9200 
3 9199 9320 9200 
3 9319 9320 9199 
3 9198 9319 9199 
3 9318 9319 9198 
3 9197 9318 9198 
3 9317 9318 9197 
3 9196 9317 9197 
3 9316 9317 9196 
3 9195 9316 9196 
3 9315 9316 9195 
3 9194 9315 9195 
3 9314 9315 9194 
3 9193 9314 9194 
3 9313 9314 9193 
3 9192 9313 9193 
3 9312 9313 9192 
3 9191 9312 9192 
3 9311 9312 9191 
3 9190 9311 9191 
3 9310 9311 9190 
3 9189 9310 9190 
3 9309 9310 9189 
3 9188 9309 9189 
3 9308 9309 9188 
3 9253 9374 9254 
3 9373 9374 9253 
3 9252 9373 9253 
3 9372 9373 9252 
3 9251 9372 9252 
3 9371 9372 9251 
3 9250 9371 9251 
3 9370 9371 9250 
3 9249 9370 9250 
3 9369 9370 9249 
3 9248 9369 9249 
3 9368 9369 9248 
3 9247 9368 9248 
3 9367 9368 9247 
3 9246 9367 9247 
3 9366 9367 9246 
3 9245 9366 9246 
3 9365 9366 9245 
3 9244 9365 9245 
3 9364 9365 9244 
3 9243 9364 9244 
3 9363 9364 9243 
3 9242 9363 9243 
3 9362 9363 9242 
3 9241 9362 9242 
3 9361 9362 9241 
3 9240 9361 9241 
3 9360 9361 9240 
3 9066 9187 9067 
3 9186 9187 9066 
3 9065 9186 9066 
3 9185 9186 9065 
3 9064 9185 9065 
3 9184 9185 9064 
3 9063 9184 9064 
3 9183 9184 9063 
3 9062 9183 9063 
3 9182 9183 9062 
3 9061 9182 9062 
3 9181 9182 9061 
3 9060 9181 9061 
3 9180 9181 9060 
3 9059 9180 9060 
3 9179 9180 9059 
3 9058 9179 9059 
3 9178 9179 9058 
3 9057 9178 9058 
3 9177 9178 9057 
3 9056 9177 9057 
3 9176 9177 9056 
3 9055 9176 9056 
3 9175 9176 9055 
3 9054 9175 9055 
3 9174 9175 9054 
3 9053 9174 9054 
3 9173 9174 9053 
3 9052 9173 9053 
3 9172 9173 9052 
3 9051 9172 9052 
3 9171 9172 9051 
3 9050 9171 9051 
3 9170 9171 9050 
3 9049 9170 9050 
3 9169 9170 9049 
3 9048 9169 9049 
3 9168 9169 9048 
3 9047 9168 9048 
3 9167 9168 9047 
3 9046 9167 9047 
3 9166 9167 9046 
3 9045 9166 9046 
3 9165 9166 9045 
3 9044 9165 9045 
3 9164 9165 9044 
3 9043 9164 9044 
3 9163 9164 9043 
3 9042 9163 9043 
3 9162 9163 9042 
3 9041 9162 9042 
3 9161 9162 9041 
3 9040 9161 9041 
3 9160 9161 9040 
3 9039 9160 9040 
3 9159 9160 9039 
3 9038 9159 9039 
3 9158 9159 9038 
3 9037 9158 9038 
3 9157 9158 9037 
3 9036 9157 9037 
3 9156 9157 9036 
3 9035 9156 9036 
3 9155 9156 9035 
3 9034 9155 9035 
3 9154 9155 9034 
3 9033 9154 9034 
3 9153 9154 9033 
3 9032 9153 9033 
3 9152 9153 9032 
3 9031 9152 9032 
3 9151 9152 9031 
3 9030 9151 9031 
3 9150 9151 9030 
3 9029 9150 9030 
3 9149 9150 9029 
3 9028 9149 9029 
3 9148 9149 9028 
3 9027 9148 9028 
3 9147 9148 9027 
3 9026 9147 9027 
3 9146 9147 9026 
3 9025 9146 9026 
3 9145 9146 9025 
3 9024 9145 9025 
3 9144 9145 9024 
3 9023 9144 9024 
3 9143 9144 9023 
3 9022 9143 9023 
3 9142 9143 9022 
3 9021 9142 9022 
3 9141 9142 9021 
3 9020 9141 9021 
3 9140 9141 9020 
3 9019 9140 9020 
3 9139 9140 9019 
3 9018 9139 9019 
3 9138 9139 9018 
3 9017 9138 9018 
3 9137 9138 9017 
3 9016 9137 9017 
3 9136 9137 9016 
3 9015 9136 9016 
3 9135 9136 9015 
3 9014 9135 9015 
3 9134 9135 9014 
3 9013 9134 9014 
3 9133 9134 9013 
3 9012 9133 9013 
3 9132 9133 9012 
3 9011 9132 9012 
3 9131 9132 9011 
3 9010 9131 9011 
3 9130 9131 9010 
3 9009 9130 9010 
3 9129 9130 9009 
3 9008 9129 9009 
3 9128 9129 9008 
3 9007 9128 9008 
3 9127 9128 9007 
3 9006 9127 9007 
3 9126 9127 9006 
3 9005 9126 9006 
3 9125 9126 9005 
3 9004 9125 9005 
3 9124 9125 9004 
3 9003 9124 9004 
3 9123 9124 9003 
3 9002 9123 9003 
3 9122 9123 9002 
3 9001 9122 9002 
3 9121 9122 9001 
3 9000 9121 9001 
3 9120 9121 9000 
3 7438 7559 7439 
3 7558 7559 7438 
3 7437 7558 7438 
3 7557 7558 7437 
3 7436 7557 7437 
3 7556 7557 7436 
3 7435 7556 7436 
3 7555 7556 7435 
3 7434 7555 7435 
3 7554 7555 7434 
3 7433 7554 7434 
3 7553 7554 7433 
3 7432 7553 7433 
3 7552 7553 7432 
3 7431 7552 7432 
3 7551 7552 7431 
3 7430 7551 7431 
3 7550 7551 7430 
3 7429 7550 7430 
3 7549 7550 7429 
3 7428 7549 7429 
3 7548 7549 7428 
3 7427 7548 7428 
3 7547 7548 7427 
3 7426 7547 7427 
3 7546 7547 7426 
3 7425 7546 7426 
3 7545 7546 7425 
3 7424 7545 7425 
3 7544 7545 7424 
3 7423 7544 7424 
3 7543 7544 7423 
3 7422 7543 7423 
3 7542 7543 7422 
3 7421 7542 7422 
3 7541 7542 7421 
3 7420 7541 7421 
3 7540 7541 7420 
3 7419 7540 7420 
3 7539 7540 7419 
3 7418 7539 7419 
3 7538 7539 7418 
3 7417 7538 7418 
3 7537 7538 7417 
3 7416 7537 7417 
3 7536 7537 7416 
3 7415 7536 7416 
3 7535 7536 7415 
3 7414 7535 7415 
3 7534 7535 7414 
3 7413 7534 7414 
3 7533 7534 7413 
3 7412 7533 7413 
3 7532 7533 7412 
3 7411 7532 7412 
3 7531 7532 7411 
3 7410 7531 7411 
3 7530 7531 7410 
3 7409 7530 7410 
3 7529 7530 7409 
3 7408 7529 7409 
3 7528 7529 7408 
3 7407 7528 7408 
3 7527 7528 7407 
3 7406 7527 7407 
3 7526 7527 7406 
3 7405 7526 7406 
3 7525 7526 7405 
3 7404 7525 7405 
3 7524 7525 7404 
3 7403 7524 7404 
3 7523 7524 7403 
3 7402 7523 7403 
3 7522 7523 7402 
3 7401 7522 7402 
3 7521 7522 7401 
3 7400 7521 7401 
3 7520 7521 7400 
3 7399 7520 7400 
3 7519 7520 7399 
3 7398 7519 7399 
3 7518 7519 7398 
3 7397 7518 7398 
3 7517 7518 7397 
3 7396 7517 7397 
3 7516 7517 7396 
3 7395 7516 7396 
3 7515 7516 7395 
3 7394 7515 7395 
3 7514 7515 7394 
3 7393 7514 7394 
3 7513 7514 7393 
3 7392 7513 7393 
3 7512 7513 7392 
3 7391 7512 7392 
3 7511 7512 7391 
3 7390 7511 7391 
3 7510 7511 7390 
3 7389 7510 7390 
3 7509 7510 7389 
3 7388 7509 7389 
3 7508 7509 7388 
3 7387 7508 7388 
3 7507 7508 7387 
3 7386 7507 7387 
3 7506 7507 7386 
3 7385 7506 7386 
3 7505 7506 7385 
3 7384 7505 7385 
3 7504 7505 7384 
3 7383 7504 7384 
3 7503 7504 7383 
3 7382 7503 7383 
3 7502 7503 7382 
3 7381 7502 7382 
3 7501 7502 7381 
3 7380 7501 7381 
3 7500 7501 7380 
3 7379 7500 7380 
3 7499 7500 7379 
3 7500 7499 7620 
3 7619 7620 7499 
3 7498 7619 7499 
3 7618 7619 7498 
3 7497 7618 7498 
3 7617 7618 7497 
3 7496 7617 7497 
3 7616 7617 7496 
3 7495 7616 7496 
3 7615 7616 7495 
3 7494 7615 7495 
3 7614 7615 7494 
3 7493 7614 7494 
3 7613 7614 7493 
3 7492 7613 7493 
3 7612 7613 7492 
3 7491 7612 7492 
3 7611 7612 7491 
3 7490 7611 7491 
3 7610 7611 7490 
3 7489 7610 7490 
3 7609 7610 7489 
3 7488 7609 7489 
3 7608 7609 7488 
3 7487 7608 7488 
3 7607 7608 7487 
3 7486 7607 7487 
3 7606 7607 7486 
3 7485 7606 7486 
3 7605 7606 7485 
3 7484 7605 7485 
3 7604 7605 7484 
3 7483 7604 7484 
3 7603 7604 7483 
3 7482 7603 7483 
3 7602 7603 7482 
3 7481 7602 7482 
3 7601 7602 7481 
3 7480 7601 7481 
3 7600 7601 7480 
3 7479 7600 7480 
3 7599 7600 7479 
3 7478 7599 7479 
3 7598 7599 7478 
3 7477 7598 7478 
3 7597 7598 7477 
3 7476 7597 7477 
3 7596 7597 7476 
3 7475 7596 7476 
3 7595 7596 7475 
3 7474 7595 7475 
3 7594 7595 7474 
3 7473 7594 7474 
3 7593 7594 7473 
3 7472 7593 7473 
3 7592 7593 7472 
3 7471 7592 7472 
3 7591 7592 7471 
3 7470 7591 7471 
3 7590 7591 7470 
3 7469 7590 7470 
3 7589 7590 7469 
3 7468 7589 7469 
3 7588 7589 7468 
3 7467 7588 7468 
3 7587 7588 7467 
3 7466 7587 7467 
3 7586 7587 7466 
3 7465 7586 7466 
3 7585 7586 7465 
3 7464 7585 7465 
3 7584 7585 7464 
3 7463 7584 7464 
3 7583 7584 7463 
3 7462 7583 7463 
3 7582 7583 7462 
3 7461 7582 7462 
3 7581 7582 7461 
3 7460 7581 7461 
3 7580 7581 7460 
3 7459 7580 7460 
3 7579 7580 7459 
3 7458 7579 7459 
3 7578 7579 7458 
3 7457 7578 7458 
3 7577 7578 7457 
3 7456 7577 7457 
3 7576 7577 7456 
3 7455 7576 7456 
3 7575 7576 7455 
3 7454 7575 7455 
3 7574 7575 7454 
3 7453 7574 7454 
3 7573 7574 7453 
3 7452 7573 7453 
3 7572 7573 7452 
3 7451 7572 7452 
3 7571 7572 7451 
3 7450 7571 7451 
3 7570 7571 7450 
3 7449 7570 7450 
3 7569 7570 7449 
3 7448 7569 7449 
3 7568 7569 7448 
3 7447 7568 7448 
3 7567 7568 7447 
3 7446 7567 7447 
3 7566 7567 7446 
3 7445 7566 7446 
3 7565 7566 7445 
3 7444 7565 7445 
3 7564 7565 7444 
3 7443 7564 7444 
3 7563 7564 7443 
3 7442 7563 7443 
3 7562 7563 7442 
3 7441 7562 7442 
3 7561 7562 7441 
3 7440 7561 7441 
3 7560 7561 7440 
3 8158 8279 8159 
3 8278 8279 8158 
3 8157 8278 8158 
3 8277 8278 8157 
3 8156 8277 8157 
3 8276 8277 8156 
3 8155 8276 8156 
3 8275 8276 8155 
3 8154 8275 8155 
3 8274 8275 8154 
3 8153 8274 8154 
3 8273 8274 8153 
3 8152 8273 8153 
3 8272 8273 8152 
3 8151 8272 8152 
3 8271 8272 8151 
3 8150 8271 8151 
3 8270 8271 8150 
3 8149 8270 8150 
3 8269 8270 8149 
3 8148 8269 8149 
3 8268 8269 8148 
3 8147 8268 8148 
3 8267 8268 8147 
3 8146 8267 8147 
3 8266 8267 8146 
3 8145 8266 8146 
3 8265 8266 8145 
3 8144 8265 8145 
3 8264 8265 8144 
3 8143 8264 8144 
3 8263 8264 8143 
3 8142 8263 8143 
3 8262 8263 8142 
3 8141 8262 8142 
3 8261 8262 8141 
3 8140 8261 8141 
3 8260 8261 8140 
3 8139 8260 8140 
3 8259 8260 8139 
3 8138 8259 8139 
3 8258 8259 8138 
3 8137 8258 8138 
3 8257 8258 8137 
3 8136 8257 8137 
3 8256 8257 8136 
3 8135 8256 8136 
3 8255 8256 8135 
3 8134 8255 8135 
3 8254 8255 8134 
3 8133 8254 8134 
3 8253 8254 8133 
3 8132 8253 8133 
3 8252 8253 8132 
3 8131 8252 8132 
3 8251 8252 8131 
3 8130 8251 8131 
3 8250 8251 8130 
3 8129 8250 8130 
3 8249 8250 8129 
3 8250 8249 8370 
3 8369 8370 8249 
3 8248 8369 8249 
3 8368 8369 8248 
3 8247 8368 8248 
3 8367 8368 8247 
3 8246 8367 8247 
3 8366 8367 8246 
3 8245 8366 8246 
3 8365 8366 8245 
3 8244 8365 8245 
3 8364 8365 8244 
3 8243 8364 8244 
3 8363 8364 8243 
3 8242 8363 8243 
3 8362 8363 8242 
3 8241 8362 8242 
3 8361 8362 8241 
3 8240 8361 8241 
3 8360 8361 8240 
3 8239 8360 8240 
3 8359 8360 8239 
3 8238 8359 8239 
3 8358 8359 8238 
3 8237 8358 8238 
3 8357 8358 8237 
3 8236 8357 8237 
3 8356 8357 8236 
3 8235 8356 8236 
3 8355 8356 8235 
3 8234 8355 8235 
3 8354 8355 8234 
3 8233 8354 8234 
3 8353 8354 8233 
3 8232 8353 8233 
3 8352 8353 8232 
3 8231 8352 8232 
3 8351 8352 8231 
3 8230 8351 8231 
3 8350 8351 8230 
3 8229 8350 8230 
3 8349 8350 8229 
3 8228 8349 8229 
3 8348 8349 8228 
3 8227 8348 8228 
3 8347 8348 8227 
3 8226 8347 8227 
3 8346 8347 8226 
3 8225 8346 8226 
3 8345 8346 8225 
3 8224 8345 8225 
3 8344 8345 8224 
3 8223 8344 8224 
3 8343 8344 8223 
3 8222 8343 8223 
3 8342 8343 8222 
3 8221 8342 8222 
3 8341 8342 8221 
3 8220 8341 8221 
3 8340 8341 8220 
3 8219 8340 8220 
3 8339 8340 8219 
3 8218 8339 8219 
3 8338 8339 8218 
3 8217 8338 8218 
3 8337 8338 8217 
3 8216 8337 8217 
3 8336 8337 8216 
3 8215 8336 8216 
3 8335 8336 8215 
3 8214 8335 8215 
3 8334 8335 8214 
3 8213 8334 8214 
3 8333 8334 8213 
3 8212 8333 8213 
3 8332 8333 8212 
3 8211 8332 8212 
3 8331 8332 8211 
3 8210 8331 8211 
3 8330 8331 8210 
3 8209 8330 8210 
3 8329 8330 8209 
3 8208 8329 8209 
3 8328 8329 8208 
3 8207 8328 8208 
3 8327 8328 8207 
3 8206 8327 8207 
3 8326 8327 8206 
3 8205 8326 8206 
3 8325 8326 8205 
3 8204 8325 8205 
3 8324 8325 8204 
3 8203 8324 8204 
3 8323 8324 8203 
3 8202 8323 8203 
3 8322 8323 8202 
3 8201 8322 8202 
3 8321 8322 8201 
3 8200 8321 8201 
3 8320 8321 8200 
3 8199 8320 8200 
3 8319 8320 8199 
3 8198 8319 8199 
3 8318 8319 8198 
3 8197 8318 8198 
3 8317 8318 8197 
3 8196 8317 8197 
3 8316 8317 8196 
3 8195 8316 8196 
3 8315 8316 8195 
3 8194 8315 8195 
3 8314 8315 8194 
3 8193 8314 8194 
3 8313 8314 8193 
3 8192 8313 8193 
3 8312 8313 8192 
3 8191 8312 8192 
3 8311 8312 8191 
3 8190 8311 8191 
3 8310 8311 8190 
3 8189 8310 8190 
3 8309 8310 8189 
3 8188 8309 8189 
3 8308 8309 8188 
3 8187 8308 8188 
3 8307 8308 8187 
3 8186 8307 8187 
3 8306 8307 8186 
3 8185 8306 8186 
3 8305 8306 8185 
3 8184 8305 8185 
3 8304 8305 8184 
3 8183 8304 8184 
3 8303 8304 8183 
3 8182 8303 8183 
3 8302 8303 8182 
3 8181 8302 8182 
3 8301 8302 8181 
3 8180 8301 8181 
3 8300 8301 8180 
3 8179 8300 8180 
3 8299 8300 8179 
3 8178 8299 8179 
3 8298 8299 8178 
3 8177 8298 8178 
3 8297 8298 8177 
3 8176 8297 8177 
3 8296 8297 8176 
3 8175 8296 8176 
3 8295 8296 8175 
3 8174 8295 8175 
3 8294 8295 8174 
3 8173 8294 8174 
3 8293 8294 8173 
3 8172 8293 8173 
3 8292 8293 8172 
3 8171 8292 8172 
3 8291 8292 8171 
3 8170 8291 8171 
3 8290 8291 8170 
3 8169 8290 8170 
3 8289 8290 8169 
3 8168 8289 8169 
3 8288 8289 8168 
3 8167 8288 8168 
3 8287 8288 8167 
3 8166 8287 8167 
3 8286 8287 8166 
3 8165 8286 8166 
3 8285 8286 8165 
3 8164 8285 8165 
3 8284 8285 8164 
3 8163 8284 8164 
3 8283 8284 8163 
3 8162 8283 8163 
3 8282 8283 8162 
3 8161 8282 8162 
3 8281 8282 8161 
3 8160 8281 8161 
3 8280 8281 8160 
3 8518 8639 8519 
3 8638 8639 8518 
3 8517 8638 8518 
3 8637 8638 8517 
3 8516 8637 8517 
3 8636 8637 8516 
3 8515 8636 8516 
3 8635 8636 8515 
3 8514 8635 8515 
3 8634 8635 8514 
3 8513 8634 8514 
3 8633 8634 8513 
3 8512 8633 8513 
3 8632 8633 8512 
3 8511 8632 8512 
3 8631 8632 8511 
3 8510 8631 8511 
3 8630 8631 8510 
3 8509 8630 8510 
3 8629 8630 8509 
3 8508 8629 8509 
3 8628 8629 8508 
3 8507 8628 8508 
3 8627 8628 8507 
3 8506 8627 8507 
3 8626 8627 8506 
3 8505 8626 8506 
3 8625 8626 8505 
3 8504 8625 8505 
3 8624 8625 8504 
3 8625 8624 8745 
3 8744 8745 8624 
3 8623 8744 8624 
3 8743 8744 8623 
3 8622 8743 8623 
3 8742 8743 8622 
3 8621 8742 8622 
3 8741 8742 8621 
3 8620 8741 8621 
3 8740 8741 8620 
3 8619 8740 8620 
3 8739 8740 8619 
3 8618 8739 8619 
3 8738 8739 8618 
3 8617 8738 8618 
3 8737 8738 8617 
3 8616 8737 8617 
3 8736 8737 8616 
3 8615 8736 8616 
3 8735 8736 8615 
3 8614 8735 8615 
3 8734 8735 8614 
3 8613 8734 8614 
3 8733 8734 8613 
3 8612 8733 8613 
3 8732 8733 8612 
3 8611 8732 8612 
3 8731 8732 8611 
3 8610 8731 8611 
3 8730 8731 8610 
3 8609 8730 8610 
3 8729 8730 8609 
3 8608 8729 8609 
3 8728 8729 8608 
3 8607 8728 8608 
3 8727 8728 8607 
3 8606 8727 8607 
3 8726 8727 8606 
3 8605 8726 8606 
3 8725 8726 8605 
3 8604 8725 8605 
3 8724 8725 8604 
3 8603 8724 8604 
3 8723 8724 8603 
3 8602 8723 8603 
3 8722 8723 8602 
3 8601 8722 8602 
3 8721 8722 8601 
3 8600 8721 8601 
3 8720 8721 8600 
3 8599 8720 8600 
3 8719 8720 8599 
3 8598 8719 8599 
3 8718 8719 8598 
3 8597 8718 8598 
3 8717 8718 8597 
3 8596 8717 8597 
3 8716 8717 8596 
3 8595 8716 8596 
3 8715 8716 8595 
3 8594 8715 8595 
3 8714 8715 8594 
3 8593 8714 8594 
3 8713 8714 8593 
3 8592 8713 8593 
3 8712 8713 8592 
3 8591 8712 8592 
3 8711 8712 8591 
3 8590 8711 8591 
3 8710 8711 8590 
3 8589 8710 8590 
3 8709 8710 8589 
3 8588 8709 8589 
3 8708 8709 8588 
3 8587 8708 8588 
3 8707 8708 8587 
3 8586 8707 8587 
3 8706 8707 8586 
3 8585 8706 8586 
3 8705 8706 8585 
3 8584 8705 8585 
3 8704 8705 8584 
3 8583 8704 8584 
3 8703 8704 8583 
3 8582 8703 8583 
3 8702 8703 8582 
3 8581 8702 8582 
3 8701 8702 8581 
3 8580 8701 8581 
3 8700 8701 8580 
3 8579 8700 8580 
3 8699 8700 8579 
3 8578 8699 8579 
3 8698 8699 8578 
3 8577 8698 8578 
3 8697 8698 8577 
3 8576 8697 8577 
3 8696 8697 8576 
3 8575 8696 8576 
3 8695 8696 8575 
3 8574 8695 8575 
3 8694 8695 8574 
3 8573 8694 8574 
3 8693 8694 8573 
3 8572 8693 8573 
3 8692 8693 8572 
3 8571 8692 8572 
3 8691 8692 8571 
3 8570 8691 8571 
3 8690 8691 8570 
3 8569 8690 8570 
3 8689 8690 8569 
3 8568 8689 8569 
3 8688 8689 8568 
3 8567 8688 8568 
3 8687 8688 8567 
3 8566 8687 8567 
3 8686 8687 8566 
3 8565 8686 8566 
3 8685 8686 8565 
3 8564 8685 8565 
3 8684 8685 8564 
3 8563 8684 8564 
3 8683 8684 8563 
3 8562 8683 8563 
3 8682 8683 8562 
3 8561 8682 8562 
3 8681 8682 8561 
3 8560 8681 8561 
3 8680 8681 8560 
3 8559 8680 8560 
3 8679 8680 8559 
3 8558 8679 8559 
3 8678 8679 8558 
3 8557 8678 8558 
3 8677 8678 8557 
3 8556 8677 8557 
3 8676 8677 8556 
3 8555 8676 8556 
3 8675 8676 8555 
3 8554 8675 8555 
3 8674 8675 8554 
3 8553 8674 8554 
3 8673 8674 8553 
3 8552 8673 8553 
3 8672 8673 8552 
3 8551 8672 8552 
3 8671 8672 8551 
3 8550 8671 8551 
3 8670 8671 8550 
3 8549 8670 8550 
3 8669 8670 8549 
3 8548 8669 8549 
3 8668 8669 8548 
3 8547 8668 8548 
3 8667 8668 8547 
3 8546 8667 8547 
3 8666 8667 8546 
3 8545 8666 8546 
3 8665 8666 8545 
3 8544 8665 8545 
3 8664 8665 8544 
3 8543 8664 8544 
3 8663 8664 8543 
3 8542 8663 8543 
3 8662 8663 8542 
3 8541 8662 8542 
3 8661 8662 8541 
3 8540 8661 8541 
3 8660 8661 8540 
3 8539 8660 8540 
3 8659 8660 8539 
3 8538 8659 8539 
3 8658 8659 8538 
3 8537 8658 8538 
3 8657 8658 8537 
3 8536 8657 8537 
3 8656 8657 8536 
3 8535 8656 8536 
3 8655 8656 8535 
3 8534 8655 8535 
3 8654 8655 8534 
3 8533 8654 8534 
3 8653 8654 8533 
3 8532 8653 8533 
3 8652 8653 8532 
3 8531 8652 8532 
3 8651 8652 8531 
3 8530 8651 8531 
3 8650 8651 8530 
3 8529 8650 8530 
3 8649 8650 8529 
3 8528 8649 8529 
3 8648 8649 8528 
3 8527 8648 8528 
3 8647 8648 8527 
3 8526 8647 8527 
3 8646 8647 8526 
3 8525 8646 8526 
3 8645 8646 8525 
3 8524 8645 8525 
3 8644 8645 8524 
3 8523 8644 8524 
3 8643 8644 8523 
3 8522 8643 8523 
3 8642 8643 8522 
3 8521 8642 8522 
3 8641 8642 8521 
3 8520 8641 8521 
3 8640 8641 8520 
3 8758 8879 8759 
3 8878 8879 8758 
3 8757 8878 8758 
3 8877 8878 8757 
3 8756 8877 8757 
3 8876 8877 8756 
3 8755 8876 8756 
3 8875 8876 8755 
3 8754 8875 8755 
3 8874 8875 8754 
3 8753 8874 8754 
3 8873 8874 8753 
3 8752 8873 8753 
3 8872 8873 8752 
3 8751 8872 8752 
3 8871 8872 8751 
3 8750 8871 8751 
3 8870 8871 8750 
3 8749 8870 8750 
3 8869 8870 8749 
3 8748 8869 8749 
3 8868 8869 8748 
3 8747 8868 8748 
3 8867 8868 8747 
3 8746 8867 8747 
3 8866 8867 8746 
3 8745 8866 8746 
3 8865 8866 8745 
3 8744 8865 8745 
3 8864 8865 8744 
3 8743 8864 8744 
3 8863 8864 8743 
3 8742 8863 8743 
3 8862 8863 8742 
3 8741 8862 8742 
3 8861 8862 8741 
3 8740 8861 8741 
3 8860 8861 8740 
3 8739 8860 8740 
3 8859 8860 8739 
3 8738 8859 8739 
3 8858 8859 8738 
3 8737 8858 8738 
3 8857 8858 8737 
3 8736 8857 8737 
3 8856 8857 8736 
3 8735 8856 8736 
3 8855 8856 8735 
3 8734 8855 8735 
3 8854 8855 8734 
3 8733 8854 8734 
3 8853 8854 8733 
3 8732 8853 8733 
3 8852 8853 8732 
3 8731 8852 8732 
3 8851 8852 8731 
3 8730 8851 8731 
3 8850 8851 8730 
3 8729 8850 8730 
3 8849 8850 8729 
3 8728 8849 8729 
3 8848 8849 8728 
3 8727 8848 8728 
3 8847 8848 8727 
3 8726 8847 8727 
3 8846 8847 8726 
3 8725 8846 8726 
3 8845 8846 8725 
3 8724 8845 8725 
3 8844 8845 8724 
3 8723 8844 8724 
3 8843 8844 8723 
3 8722 8843 8723 
3 8842 8843 8722 
3 8721 8842 8722 
3 8841 8842 8721 
3 8720 8841 8721 
3 8840 8841 8720 
3 8719 8840 8720 
3 8839 8840 8719 
3 8718 8839 8719 
3 8838 8839 8718 
3 8717 8838 8718 
3 8837 8838 8717 
3 8716 8837 8717 
3 8836 8837 8716 
3 8715 8836 8716 
3 8835 8836 8715 
3 8714 8835 8715 
3 8834 8835 8714 
3 8713 8834 8714 
3 8833 8834 8713 
3 8712 8833 8713 
3 8832 8833 8712 
3 8711 8832 8712 
3 8831 8832 8711 
3 8710 8831 8711 
3 8830 8831 8710 
3 8709 8830 8710 
3 8829 8830 8709 
3 8708 8829 8709 
3 8828 8829 8708 
3 8707 8828 8708 
3 8827 8828 8707 
3 8706 8827 8707 
3 8826 8827 8706 
3 8705 8826 8706 
3 8825 8826 8705 
3 8704 8825 8705 
3 8824 8825 8704 
3 8703 8824 8704 
3 8823 8824 8703 
3 8702 8823 8703 
3 8822 8823 8702 
3 8701 8822 8702 
3 8821 8822 8701 
3 8700 8821 8701 
3 8820 8821 8700 
3 8699 8820 8700 
3 8819 8820 8699 
3 8698 8819 8699 
3 8818 8819 8698 
3 8697 8818 8698 
3 8817 8818 8697 
3 8696 8817 8697 
3 8816 8817 8696 
3 8695 8816 8696 
3 8815 8816 8695 
3 8694 8815 8695 
3 8814 8815 8694 
3 8693 8814 8694 
3 8813 8814 8693 
3 8692 8813 8693 
3 8812 8813 8692 
3 8813 8812 8933 
3 8932 8933 8812 
3 8811 8932 8812 
3 8931 8932 8811 
3 8810 8931 8811 
3 8930 8931 8810 
3 8809 8930 8810 
3 8929 8930 8809 
3 8808 8929 8809 
3 8928 8929 8808 
3 8807 8928 8808 
3 8927 8928 8807 
3 8806 8927 8807 
3 8926 8927 8806 
3 8805 8926 8806 
3 8925 8926 8805 
3 8804 8925 8805 
3 8924 8925 8804 
3 8803 8924 8804 
3 8923 8924 8803 
3 8802 8923 8803 
3 8922 8923 8802 
3 8801 8922 8802 
3 8921 8922 8801 
3 8800 8921 8801 
3 8920 8921 8800 
3 8799 8920 8800 
3 8919 8920 8799 
3 8798 8919 8799 
3 8918 8919 8798 
3 8797 8918 8798 
3 8917 8918 8797 
3 8796 8917 8797 
3 8916 8917 8796 
3 8795 8916 8796 
3 8915 8916 8795 
3 8794 8915 8795 
3 8914 8915 8794 
3 8793 8914 8794 
3 8913 8914 8793 
3 8792 8913 8793 
3 8912 8913 8792 
3 8791 8912 8792 
3 8911 8912 8791 
3 8790 8911 8791 
3 8910 8911 8790 
3 8789 8910 8790 
3 8909 8910 8789 
3 8788 8909 8789 
3 8908 8909 8788 
3 8787 8908 8788 
3 8907 8908 8787 
3 8786 8907 8787 
3 8906 8907 8786 
3 8785 8906 8786 
3 8905 8906 8785 
3 8784 8905 8785 
3 8904 8905 8784 
3 8783 8904 8784 
3 8903 8904 8783 
3 8782 8903 8783 
3 8902 8903 8782 
3 8781 8902 8782 
3 8901 8902 8781 
3 8780 8901 8781 
3 8900 8901 8780 
3 8779 8900 8780 
3 8899 8900 8779 
3 8778 8899 8779 
3 8898 8899 8778 
3 8777 8898 8778 
3 8897 8898 8777 
3 8776 8897 8777 
3 8896 8897 8776 
3 8775 8896 8776 
3 8895 8896 8775 
3 8774 8895 8775 
3 8894 8895 8774 
3 8773 8894 8774 
3 8893 8894 8773 
3 8772 8893 8773 
3 8892 8893 8772 
3 8771 8892 8772 
3 8891 8892 8771 
3 8770 8891 8771 
3 8890 8891 8770 
3 8769 8890 8770 
3 8889 8890 8769 
3 8768 8889 8769 
3 8888 8889 8768 
3 8767 8888 8768 
3 8887 8888 8767 
3 8766 8887 8767 
3 8886 8887 8766 
3 8765 8886 8766 
3 8885 8886 8765 
3 8764 8885 8765 
3 8884 8885 8764 
3 8763 8884 8764 
3 8883 8884 8763 
3 8762 8883 8763 
3 8882 8883 8762 
3 8761 8882 8762 
3 8881 8882 8761 
3 8760 8881 8761 
3 8880 8881 8760 
3 8878 8999 8879 
3 8998 8999 8878 
3 8877 8998 8878 
3 8997 8998 8877 
3 8876 8997 8877 
3 8996 8997 8876 
3 8875 8996 8876 
3 8995 8996 8875 
3 8874 8995 8875 
3 8994 8995 8874 
3 8873 8994 8874 
3 8993 8994 8873 
3 8872 8993 8873 
3 8992 8993 8872 
3 8871 8992 8872 
3 8991 8992 8871 
3 8870 8991 8871 
3 8990 8991 8870 
3 8869 8990 8870 
3 8989 8990 8869 
3 8868 8989 8869 
3 8988 8989 8868 
3 8867 8988 8868 
3 8987 8988 8867 
3 8866 8987 8867 
3 8986 8987 8866 
3 8865 8986 8866 
3 8985 8986 8865 
3 8864 8985 8865 
3 8984 8985 8864 
3 8863 8984 8864 
3 8983 8984 8863 
3 8862 8983 8863 
3 8982 8983 8862 
3 8861 8982 8862 
3 8981 8982 8861 
3 8860 8981 8861 
3 8980 8981 8860 
3 8859 8980 8860 
3 8979 8980 8859 
3 8858 8979 8859 
3 8978 8979 8858 
3 8857 8978 8858 
3 8977 8978 8857 
3 8856 8977 8857 
3 8976 8977 8856 
3 8855 8976 8856 
3 8975 8976 8855 
3 8854 8975 8855 
3 8974 8975 8854 
3 8853 8974 8854 
3 8973 8974 8853 
3 8852 8973 8853 
3 8972 8973 8852 
3 8851 8972 8852 
3 8971 8972 8851 
3 8850 8971 8851 
3 8970 8971 8850 
3 8849 8970 8850 
3 8969 8970 8849 
3 8848 8969 8849 
3 8968 8969 8848 
3 8847 8968 8848 
3 8967 8968 8847 
3 8846 8967 8847 
3 8966 8967 8846 
3 8845 8966 8846 
3 8965 8966 8845 
3 8844 8965 8845 
3 8964 8965 8844 
3 8843 8964 8844 
3 8963 8964 8843 
3 8842 8963 8843 
3 8962 8963 8842 
3 8841 8962 8842 
3 8961 8962 8841 
3 8840 8961 8841 
3 8960 8961 8840 
3 8839 8960 8840 
3 8959 8960 8839 
3 8838 8959 8839 
3 8958 8959 8838 
3 8837 8958 8838 
3 8957 8958 8837 
3 8836 8957 8837 
3 8956 8957 8836 
3 8835 8956 8836 
3 8955 8956 8835 
3 8834 8955 8835 
3 8954 8955 8834 
3 8833 8954 8834 
3 8953 8954 8833 
3 8832 8953 8833 
3 8952 8953 8832 
3 8831 8952 8832 
3 8951 8952 8831 
3 8830 8951 8831 
3 8950 8951 8830 
3 8829 8950 8830 
3 8949 8950 8829 
3 8828 8949 8829 
3 8948 8949 8828 
3 8827 8948 8828 
3 8947 8948 8827 
3 8826 8947 8827 
3 8946 8947 8826 
3 8825 8946 8826 
3 8945 8946 8825 
3 8824 8945 8825 
3 8944 8945 8824 
3 8823 8944 8824 
3 8943 8944 8823 
3 8822 8943 8823 
3 8942 8943 8822 
3 8821 8942 8822 
3 8941 8942 8821 
3 8820 8941 8821 
3 8940 8941 8820 
3 8819 8940 8820 
3 8939 8940 8819 
3 8818 8939 8819 
3 8938 8939 8818 
3 8817 8938 8818 
3 8937 8938 8817 
3 8816 8937 8817 
3 8936 8937 8816 
3 8815 8936 8816 
3 8935 8936 8815 
3 8814 8935 8815 
3 8934 8935 8814 
3 8813 8934 8814 
3 8933 8934 8813 
3 8638 8759 8639 
3 8758 8759 8638 
3 8637 8758 8638 
3 8757 8758 8637 
3 8636 8757 8637 
3 8756 8757 8636 
3 8635 8756 8636 
3 8755 8756 8635 
3 8634 8755 8635 
3 8754 8755 8634 
3 8633 8754 8634 
3 8753 8754 8633 
3 8632 8753 8633 
3 8752 8753 8632 
3 8631 8752 8632 
3 8751 8752 8631 
3 8630 8751 8631 
3 8750 8751 8630 
3 8629 8750 8630 
3 8749 8750 8629 
3 8628 8749 8629 
3 8748 8749 8628 
3 8627 8748 8628 
3 8747 8748 8627 
3 8626 8747 8627 
3 8746 8747 8626 
3 8625 8746 8626 
3 8745 8746 8625 
3 8691 8812 8692 
3 8811 8812 8691 
3 8690 8811 8691 
3 8810 8811 8690 
3 8689 8810 8690 
3 8809 8810 8689 
3 8688 8809 8689 
3 8808 8809 8688 
3 8687 8808 8688 
3 8807 8808 8687 
3 8686 8807 8687 
3 8806 8807 8686 
3 8685 8806 8686 
3 8805 8806 8685 
3 8684 8805 8685 
3 8804 8805 8684 
3 8683 8804 8684 
3 8803 8804 8683 
3 8682 8803 8683 
3 8802 8803 8682 
3 8681 8802 8682 
3 8801 8802 8681 
3 8680 8801 8681 
3 8800 8801 8680 
3 8679 8800 8680 
3 8799 8800 8679 
3 8678 8799 8679 
3 8798 8799 8678 
3 8677 8798 8678 
3 8797 8798 8677 
3 8676 8797 8677 
3 8796 8797 8676 
3 8675 8796 8676 
3 8795 8796 8675 
3 8674 8795 8675 
3 8794 8795 8674 
3 8673 8794 8674 
3 8793 8794 8673 
3 8672 8793 8673 
3 8792 8793 8672 
3 8671 8792 8672 
3 8791 8792 8671 
3 8670 8791 8671 
3 8790 8791 8670 
3 8669 8790 8670 
3 8789 8790 8669 
3 8668 8789 8669 
3 8788 8789 8668 
3 8667 8788 8668 
3 8787 8788 8667 
3 8666 8787 8667 
3 8786 8787 8666 
3 8665 8786 8666 
3 8785 8786 8665 
3 8664 8785 8665 
3 8784 8785 8664 
3 8663 8784 8664 
3 8783 8784 8663 
3 8662 8783 8663 
3 8782 8783 8662 
3 8661 8782 8662 
3 8781 8782 8661 
3 8660 8781 8661 
3 8780 8781 8660 
3 8659 8780 8660 
3 8779 8780 8659 
3 8658 8779 8659 
3 8778 8779 8658 
3 8657 8778 8658 
3 8777 8778 8657 
3 8656 8777 8657 
3 8776 8777 8656 
3 8655 8776 8656 
3 8775 8776 8655 
3 8654 8775 8655 
3 8774 8775 8654 
3 8653 8774 8654 
3 8773 8774 8653 
3 8652 8773 8653 
3 8772 8773 8652 
3 8651 8772 8652 
3 8771 8772 8651 
3 8650 8771 8651 
3 8770 8771 8650 
3 8649 8770 8650 
3 8769 8770 8649 
3 8648 8769 8649 
3 8768 8769 8648 
3 8647 8768 8648 
3 8767 8768 8647 
3 8646 8767 8647 
3 8766 8767 8646 
3 8645 8766 8646 
3 8765 8766 8645 
3 8644 8765 8645 
3 8764 8765 8644 
3 8643 8764 8644 
3 8763 8764 8643 
3 8642 8763 8643 
3 8762 8763 8642 
3 8641 8762 8642 
3 8761 8762 8641 
3 8640 8761 8641 
3 8760 8761 8640 
3 8398 8519 8399 
3 8518 8519 8398 
3 8397 8518 8398 
3 8517 8518 8397 
3 8396 8517 8397 
3 8516 8517 8396 
3 8395 8516 8396 
3 8515 8516 8395 
3 8394 8515 8395 
3 8514 8515 8394 
3 8393 8514 8394 
3 8513 8514 8393 
3 8392 8513 8393 
3 8512 8513 8392 
3 8391 8512 8392 
3 8511 8512 8391 
3 8390 8511 8391 
3 8510 8511 8390 
3 8389 8510 8390 
3 8509 8510 8389 
3 8388 8509 8389 
3 8508 8509 8388 
3 8387 8508 8388 
3 8507 8508 8387 
3 8386 8507 8387 
3 8506 8507 8386 
3 8385 8506 8386 
3 8505 8506 8385 
3 8384 8505 8385 
3 8504 8505 8384 
3 8383 8504 8384 
3 8503 8504 8383 
3 8382 8503 8383 
3 8502 8503 8382 
3 8381 8502 8382 
3 8501 8502 8381 
3 8380 8501 8381 
3 8500 8501 8380 
3 8379 8500 8380 
3 8499 8500 8379 
3 8378 8499 8379 
3 8498 8499 8378 
3 8377 8498 8378 
3 8497 8498 8377 
3 8376 8497 8377 
3 8496 8497 8376 
3 8375 8496 8376 
3 8495 8496 8375 
3 8374 8495 8375 
3 8494 8495 8374 
3 8373 8494 8374 
3 8493 8494 8373 
3 8372 8493 8373 
3 8492 8493 8372 
3 8371 8492 8372 
3 8491 8492 8371 
3 8370 8491 8371 
3 8490 8491 8370 
3 8369 8490 8370 
3 8489 8490 8369 
3 8368 8489 8369 
3 8488 8489 8368 
3 8367 8488 8368 
3 8487 8488 8367 
3 8366 8487 8367 
3 8486 8487 8366 
3 8365 8486 8366 
3 8485 8486 8365 
3 8364 8485 8365 
3 8484 8485 8364 
3 8363 8484 8364 
3 8483 8484 8363 
3 8362 8483 8363 
3 8482 8483 8362 
3 8361 8482 8362 
3 8481 8482 8361 
3 8360 8481 8361 
3 8480 8481 8360 
3 8359 8480 8360 
3 8479 8480 8359 
3 8358 8479 8359 
3 8478 8479 8358 
3 8357 8478 8358 
3 8477 8478 8357 
3 8356 8477 8357 
3 8476 8477 8356 
3 8355 8476 8356 
3 8475 8476 8355 
3 8354 8475 8355 
3 8474 8475 8354 
3 8353 8474 8354 
3 8473 8474 8353 
3 8352 8473 8353 
3 8472 8473 8352 
3 8351 8472 8352 
3 8471 8472 8351 
3 8350 8471 8351 
3 8470 8471 8350 
3 8349 8470 8350 
3 8469 8470 8349 
3 8348 8469 8349 
3 8468 8469 8348 
3 8347 8468 8348 
3 8467 8468 8347 
3 8346 8467 8347 
3 8466 8467 8346 
3 8345 8466 8346 
3 8465 8466 8345 
3 8344 8465 8345 
3 8464 8465 8344 
3 8343 8464 8344 
3 8463 8464 8343 
3 8342 8463 8343 
3 8462 8463 8342 
3 8341 8462 8342 
3 8461 8462 8341 
3 8340 8461 8341 
3 8460 8461 8340 
3 8339 8460 8340 
3 8459 8460 8339 
3 8338 8459 8339 
3 8458 8459 8338 
3 8337 8458 8338 
3 8457 8458 8337 
3 8336 8457 8337 
3 8456 8457 8336 
3 8335 8456 8336 
3 8455 8456 8335 
3 8334 8455 8335 
3 8454 8455 8334 
3 8333 8454 8334 
3 8453 8454 8333 
3 8332 8453 8333 
3 8452 8453 8332 
3 8331 8452 8332 
3 8451 8452 8331 
3 8330 8451 8331 
3 8450 8451 8330 
3 8329 8450 8330 
3 8449 8450 8329 
3 8328 8449 8329 
3 8448 8449 8328 
3 8327 8448 8328 
3 8447 8448 8327 
3 8326 8447 8327 
3 8446 8447 8326 
3 8325 8446 8326 
3 8445 8446 8325 
3 8324 8445 8325 
3 8444 8445 8324 
3 8323 8444 8324 
3 8443 8444 8323 
3 8322 8443 8323 
3 8442 8443 8322 
3 8321 8442 8322 
3 8441 8442 8321 
3 8320 8441 8321 
3 8440 8441 8320 
3 8319 8440 8320 
3 8439 8440 8319 
3 8318 8439 8319 
3 8438 8439 8318 
3 8317 8438 8318 
3 8437 8438 8317 
3 8438 8437 8558 
3 8557 8558 8437 
3 8436 8557 8437 
3 8556 8557 8436 
3 8435 8556 8436 
3 8555 8556 8435 
3 8434 8555 8435 
3 8554 8555 8434 
3 8433 8554 8434 
3 8553 8554 8433 
3 8432 8553 8433 
3 8552 8553 8432 
3 8431 8552 8432 
3 8551 8552 8431 
3 8430 8551 8431 
3 8550 8551 8430 
3 8429 8550 8430 
3 8549 8550 8429 
3 8428 8549 8429 
3 8548 8549 8428 
3 8427 8548 8428 
3 8547 8548 8427 
3 8426 8547 8427 
3 8546 8547 8426 
3 8425 8546 8426 
3 8545 8546 8425 
3 8424 8545 8425 
3 8544 8545 8424 
3 8423 8544 8424 
3 8543 8544 8423 
3 8422 8543 8423 
3 8542 8543 8422 
3 8421 8542 8422 
3 8541 8542 8421 
3 8420 8541 8421 
3 8540 8541 8420 
3 8419 8540 8420 
3 8539 8540 8419 
3 8418 8539 8419 
3 8538 8539 8418 
3 8417 8538 8418 
3 8537 8538 8417 
3 8416 8537 8417 
3 8536 8537 8416 
3 8415 8536 8416 
3 8535 8536 8415 
3 8414 8535 8415 
3 8534 8535 8414 
3 8413 8534 8414 
3 8533 8534 8413 
3 8412 8533 8413 
3 8532 8533 8412 
3 8411 8532 8412 
3 8531 8532 8411 
3 8410 8531 8411 
3 8530 8531 8410 
3 8409 8530 8410 
3 8529 8530 8409 
3 8408 8529 8409 
3 8528 8529 8408 
3 8407 8528 8408 
3 8527 8528 8407 
3 8406 8527 8407 
3 8526 8527 8406 
3 8405 8526 8406 
3 8525 8526 8405 
3 8404 8525 8405 
3 8524 8525 8404 
3 8403 8524 8404 
3 8523 8524 8403 
3 8402 8523 8403 
3 8522 8523 8402 
3 8401 8522 8402 
3 8521 8522 8401 
3 8400 8521 8401 
3 8520 8521 8400 
3 8503 8624 8504 
3 8623 8624 8503 
3 8502 8623 8503 
3 8622 8623 8502 
3 8501 8622 8502 
3 8621 8622 8501 
3 8500 8621 8501 
3 8620 8621 8500 
3 8499 8620 8500 
3 8619 8620 8499 
3 8498 8619 8499 
3 8618 8619 8498 
3 8497 8618 8498 
3 8617 8618 8497 
3 8496 8617 8497 
3 8616 8617 8496 
3 8495 8616 8496 
3 8615 8616 8495 
3 8494 8615 8495 
3 8614 8615 8494 
3 8493 8614 8494 
3 8613 8614 8493 
3 8492 8613 8493 
3 8612 8613 8492 
3 8491 8612 8492 
3 8611 8612 8491 
3 8490 8611 8491 
3 8610 8611 8490 
3 8489 8610 8490 
3 8609 8610 8489 
3 8488 8609 8489 
3 8608 8609 8488 
3 8487 8608 8488 
3 8607 8608 8487 
3 8486 8607 8487 
3 8606 8607 8486 
3 8485 8606 8486 
3 8605 8606 8485 
3 8484 8605 8485 
3 8604 8605 8484 
3 8483 8604 8484 
3 8603 8604 8483 
3 8482 8603 8483 
3 8602 8603 8482 
3 8481 8602 8482 
3 8601 8602 8481 
3 8480 8601 8481 
3 8600 8601 8480 
3 8479 8600 8480 
3 8599 8600 8479 
3 8478 8599 8479 
3 8598 8599 8478 
3 8477 8598 8478 
3 8597 8598 8477 
3 8476 8597 8477 
3 8596 8597 8476 
3 8475 8596 8476 
3 8595 8596 8475 
3 8474 8595 8475 
3 8594 8595 8474 
3 8473 8594 8474 
3 8593 8594 8473 
3 8472 8593 8473 
3 8592 8593 8472 
3 8471 8592 8472 
3 8591 8592 8471 
3 8470 8591 8471 
3 8590 8591 8470 
3 8469 8590 8470 
3 8589 8590 8469 
3 8468 8589 8469 
3 8588 8589 8468 
3 8467 8588 8468 
3 8587 8588 8467 
3 8466 8587 8467 
3 8586 8587 8466 
3 8465 8586 8466 
3 8585 8586 8465 
3 8464 8585 8465 
3 8584 8585 8464 
3 8463 8584 8464 
3 8583 8584 8463 
3 8462 8583 8463 
3 8582 8583 8462 
3 8461 8582 8462 
3 8581 8582 8461 
3 8460 8581 8461 
3 8580 8581 8460 
3 8459 8580 8460 
3 8579 8580 8459 
3 8458 8579 8459 
3 8578 8579 8458 
3 8457 8578 8458 
3 8577 8578 8457 
3 8456 8577 8457 
3 8576 8577 8456 
3 8455 8576 8456 
3 8575 8576 8455 
3 8454 8575 8455 
3 8574 8575 8454 
3 8453 8574 8454 
3 8573 8574 8453 
3 8452 8573 8453 
3 8572 8573 8452 
3 8451 8572 8452 
3 8571 8572 8451 
3 8450 8571 8451 
3 8570 8571 8450 
3 8449 8570 8450 
3 8569 8570 8449 
3 8448 8569 8449 
3 8568 8569 8448 
3 8447 8568 8448 
3 8567 8568 8447 
3 8446 8567 8447 
3 8566 8567 8446 
3 8445 8566 8446 
3 8565 8566 8445 
3 8444 8565 8445 
3 8564 8565 8444 
3 8443 8564 8444 
3 8563 8564 8443 
3 8442 8563 8443 
3 8562 8563 8442 
3 8441 8562 8442 
3 8561 8562 8441 
3 8440 8561 8441 
3 8560 8561 8440 
3 8439 8560 8440 
3 8559 8560 8439 
3 8438 8559 8439 
3 8558 8559 8438 
3 8278 8399 8279 
3 8398 8399 8278 
3 8277 8398 8278 
3 8397 8398 8277 
3 8276 8397 8277 
3 8396 8397 8276 
3 8275 8396 8276 
3 8395 8396 8275 
3 8274 8395 8275 
3 8394 8395 8274 
3 8273 8394 8274 
3 8393 8394 8273 
3 8272 8393 8273 
3 8392 8393 8272 
3 8271 8392 8272 
3 8391 8392 8271 
3 8270 8391 8271 
3 8390 8391 8270 
3 8269 8390 8270 
3 8389 8390 8269 
3 8268 8389 8269 
3 8388 8389 8268 
3 8267 8388 8268 
3 8387 8388 8267 
3 8266 8387 8267 
3 8386 8387 8266 
3 8265 8386 8266 
3 8385 8386 8265 
3 8264 8385 8265 
3 8384 8385 8264 
3 8263 8384 8264 
3 8383 8384 8263 
3 8262 8383 8263 
3 8382 8383 8262 
3 8261 8382 8262 
3 8381 8382 8261 
3 8260 8381 8261 
3 8380 8381 8260 
3 8259 8380 8260 
3 8379 8380 8259 
3 8258 8379 8259 
3 8378 8379 8258 
3 8257 8378 8258 
3 8377 8378 8257 
3 8256 8377 8257 
3 8376 8377 8256 
3 8255 8376 8256 
3 8375 8376 8255 
3 8254 8375 8255 
3 8374 8375 8254 
3 8253 8374 8254 
3 8373 8374 8253 
3 8252 8373 8253 
3 8372 8373 8252 
3 8251 8372 8252 
3 8371 8372 8251 
3 8250 8371 8251 
3 8370 8371 8250 
3 8316 8437 8317 
3 8436 8437 8316 
3 8315 8436 8316 
3 8435 8436 8315 
3 8314 8435 8315 
3 8434 8435 8314 
3 8313 8434 8314 
3 8433 8434 8313 
3 8312 8433 8313 
3 8432 8433 8312 
3 8311 8432 8312 
3 8431 8432 8311 
3 8310 8431 8311 
3 8430 8431 8310 
3 8309 8430 8310 
3 8429 8430 8309 
3 8308 8429 8309 
3 8428 8429 8308 
3 8307 8428 8308 
3 8427 8428 8307 
3 8306 8427 8307 
3 8426 8427 8306 
3 8305 8426 8306 
3 8425 8426 8305 
3 8304 8425 8305 
3 8424 8425 8304 
3 8303 8424 8304 
3 8423 8424 8303 
3 8302 8423 8303 
3 8422 8423 8302 
3 8301 8422 8302 
3 8421 8422 8301 
3 8300 8421 8301 
3 8420 8421 8300 
3 8299 8420 8300 
3 8419 8420 8299 
3 8298 8419 8299 
3 8418 8419 8298 
3 8297 8418 8298 
3 8417 8418 8297 
3 8296 8417 8297 
3 8416 8417 8296 
3 8295 8416 8296 
3 8415 8416 8295 
3 8294 8415 8295 
3 8414 8415 8294 
3 8293 8414 8294 
3 8413 8414 8293 
3 8292 8413 8293 
3 8412 8413 8292 
3 8291 8412 8292 
3 8411 8412 8291 
3 8290 8411 8291 
3 8410 8411 8290 
3 8289 8410 8290 
3 8409 8410 8289 
3 8288 8409 8289 
3 8408 8409 8288 
3 8287 8408 8288 
3 8407 8408 8287 
3 8286 8407 8287 
3 8406 8407 8286 
3 8285 8406 8286 
3 8405 8406 8285 
3 8284 8405 8285 
3 8404 8405 8284 
3 8283 8404 8284 
3 8403 8404 8283 
3 8282 8403 8283 
3 8402 8403 8282 
3 8281 8402 8282 
3 8401 8402 8281 
3 8280 8401 8281 
3 8400 8401 8280 
3 7798 7919 7799 
3 7918 7919 7798 
3 7797 7918 7798 
3 7917 7918 7797 
3 7796 7917 7797 
3 7916 7917 7796 
3 7795 7916 7796 
3 7915 7916 7795 
3 7794 7915 7795 
3 7914 7915 7794 
3 7793 7914 7794 
3 7913 7914 7793 
3 7792 7913 7793 
3 7912 7913 7792 
3 7791 7912 7792 
3 7911 7912 7791 
3 7790 7911 7791 
3 7910 7911 7790 
3 7789 7910 7790 
3 7909 7910 7789 
3 7788 7909 7789 
3 7908 7909 7788 
3 7787 7908 7788 
3 7907 7908 7787 
3 7786 7907 7787 
3 7906 7907 7786 
3 7785 7906 7786 
3 7905 7906 7785 
3 7784 7905 7785 
3 7904 7905 7784 
3 7783 7904 7784 
3 7903 7904 7783 
3 7782 7903 7783 
3 7902 7903 7782 
3 7781 7902 7782 
3 7901 7902 7781 
3 7780 7901 7781 
3 7900 7901 7780 
3 7779 7900 7780 
3 7899 7900 7779 
3 7778 7899 7779 
3 7898 7899 7778 
3 7777 7898 7778 
3 7897 7898 7777 
3 7776 7897 7777 
3 7896 7897 7776 
3 7775 7896 7776 
3 7895 7896 7775 
3 7774 7895 7775 
3 7894 7895 7774 
3 7773 7894 7774 
3 7893 7894 7773 
3 7772 7893 7773 
3 7892 7893 7772 
3 7771 7892 7772 
3 7891 7892 7771 
3 7770 7891 7771 
3 7890 7891 7770 
3 7769 7890 7770 
3 7889 7890 7769 
3 7768 7889 7769 
3 7888 7889 7768 
3 7767 7888 7768 
3 7887 7888 7767 
3 7766 7887 7767 
3 7886 7887 7766 
3 7765 7886 7766 
3 7885 7886 7765 
3 7764 7885 7765 
3 7884 7885 7764 
3 7763 7884 7764 
3 7883 7884 7763 
3 7762 7883 7763 
3 7882 7883 7762 
3 7761 7882 7762 
3 7881 7882 7761 
3 7760 7881 7761 
3 7880 7881 7760 
3 7759 7880 7760 
3 7879 7880 7759 
3 7758 7879 7759 
3 7878 7879 7758 
3 7757 7878 7758 
3 7877 7878 7757 
3 7756 7877 7757 
3 7876 7877 7756 
3 7755 7876 7756 
3 7875 7876 7755 
3 7754 7875 7755 
3 7874 7875 7754 
3 7875 7874 7995 
3 7994 7995 7874 
3 7873 7994 7874 
3 7993 7994 7873 
3 7872 7993 7873 
3 7992 7993 7872 
3 7871 7992 7872 
3 7991 7992 7871 
3 7870 7991 7871 
3 7990 7991 7870 
3 7869 7990 7870 
3 7989 7990 7869 
3 7868 7989 7869 
3 7988 7989 7868 
3 7867 7988 7868 
3 7987 7988 7867 
3 7866 7987 7867 
3 7986 7987 7866 
3 7865 7986 7866 
3 7985 7986 7865 
3 7864 7985 7865 
3 7984 7985 7864 
3 7863 7984 7864 
3 7983 7984 7863 
3 7862 7983 7863 
3 7982 7983 7862 
3 7861 7982 7862 
3 7981 7982 7861 
3 7860 7981 7861 
3 7980 7981 7860 
3 7859 7980 7860 
3 7979 7980 7859 
3 7858 7979 7859 
3 7978 7979 7858 
3 7857 7978 7858 
3 7977 7978 7857 
3 7856 7977 7857 
3 7976 7977 7856 
3 7855 7976 7856 
3 7975 7976 7855 
3 7854 7975 7855 
3 7974 7975 7854 
3 7853 7974 7854 
3 7973 7974 7853 
3 7852 7973 7853 
3 7972 7973 7852 
3 7851 7972 7852 
3 7971 7972 7851 
3 7850 7971 7851 
3 7970 7971 7850 
3 7849 7970 7850 
3 7969 7970 7849 
3 7848 7969 7849 
3 7968 7969 7848 
3 7847 7968 7848 
3 7967 7968 7847 
3 7846 7967 7847 
3 7966 7967 7846 
3 7845 7966 7846 
3 7965 7966 7845 
3 7844 7965 7845 
3 7964 7965 7844 
3 7843 7964 7844 
3 7963 7964 7843 
3 7842 7963 7843 
3 7962 7963 7842 
3 7841 7962 7842 
3 7961 7962 7841 
3 7840 7961 7841 
3 7960 7961 7840 
3 7839 7960 7840 
3 7959 7960 7839 
3 7838 7959 7839 
3 7958 7959 7838 
3 7837 7958 7838 
3 7957 7958 7837 
3 7836 7957 7837 
3 7956 7957 7836 
3 7835 7956 7836 
3 7955 7956 7835 
3 7834 7955 7835 
3 7954 7955 7834 
3 7833 7954 7834 
3 7953 7954 7833 
3 7832 7953 7833 
3 7952 7953 7832 
3 7831 7952 7832 
3 7951 7952 7831 
3 7830 7951 7831 
3 7950 7951 7830 
3 7829 7950 7830 
3 7949 7950 7829 
3 7828 7949 7829 
3 7948 7949 7828 
3 7827 7948 7828 
3 7947 7948 7827 
3 7826 7947 7827 
3 7946 7947 7826 
3 7825 7946 7826 
3 7945 7946 7825 
3 7824 7945 7825 
3 7944 7945 7824 
3 7823 7944 7824 
3 7943 7944 7823 
3 7822 7943 7823 
3 7942 7943 7822 
3 7821 7942 7822 
3 7941 7942 7821 
3 7820 7941 7821 
3 7940 7941 7820 
3 7819 7940 7820 
3 7939 7940 7819 
3 7818 7939 7819 
3 7938 7939 7818 
3 7817 7938 7818 
3 7937 7938 7817 
3 7816 7937 7817 
3 7936 7937 7816 
3 7815 7936 7816 
3 7935 7936 7815 
3 7814 7935 7815 
3 7934 7935 7814 
3 7813 7934 7814 
3 7933 7934 7813 
3 7812 7933 7813 
3 7932 7933 7812 
3 7811 7932 7812 
3 7931 7932 7811 
3 7810 7931 7811 
3 7930 7931 7810 
3 7809 7930 7810 
3 7929 7930 7809 
3 7808 7929 7809 
3 7928 7929 7808 
3 7807 7928 7808 
3 7927 7928 7807 
3 7806 7927 7807 
3 7926 7927 7806 
3 7805 7926 7806 
3 7925 7926 7805 
3 7804 7925 7805 
3 7924 7925 7804 
3 7803 7924 7804 
3 7923 7924 7803 
3 7802 7923 7803 
3 7922 7923 7802 
3 7801 7922 7802 
3 7921 7922 7801 
3 7800 7921 7801 
3 7920 7921 7800 
3 8038 8159 8039 
3 8158 8159 8038 
3 8037 8158 8038 
3 8157 8158 8037 
3 8036 8157 8037 
3 8156 8157 8036 
3 8035 8156 8036 
3 8155 8156 8035 
3 8034 8155 8035 
3 8154 8155 8034 
3 8033 8154 8034 
3 8153 8154 8033 
3 8032 8153 8033 
3 8152 8153 8032 
3 8031 8152 8032 
3 8151 8152 8031 
3 8030 8151 8031 
3 8150 8151 8030 
3 8029 8150 8030 
3 8149 8150 8029 
3 8028 8149 8029 
3 8148 8149 8028 
3 8027 8148 8028 
3 8147 8148 8027 
3 8026 8147 8027 
3 8146 8147 8026 
3 8025 8146 8026 
3 8145 8146 8025 
3 8024 8145 8025 
3 8144 8145 8024 
3 8023 8144 8024 
3 8143 8144 8023 
3 8022 8143 8023 
3 8142 8143 8022 
3 8021 8142 8022 
3 8141 8142 8021 
3 8020 8141 8021 
3 8140 8141 8020 
3 8019 8140 8020 
3 8139 8140 8019 
3 8018 8139 8019 
3 8138 8139 8018 
3 8017 8138 8018 
3 8137 8138 8017 
3 8016 8137 8017 
3 8136 8137 8016 
3 8015 8136 8016 
3 8135 8136 8015 
3 8014 8135 8015 
3 8134 8135 8014 
3 8013 8134 8014 
3 8133 8134 8013 
3 8012 8133 8013 
3 8132 8133 8012 
3 8011 8132 8012 
3 8131 8132 8011 
3 8010 8131 8011 
3 8130 8131 8010 
3 8009 8130 8010 
3 8129 8130 8009 
3 8008 8129 8009 
3 8128 8129 8008 
3 8007 8128 8008 
3 8127 8128 8007 
3 8006 8127 8007 
3 8126 8127 8006 
3 8005 8126 8006 
3 8125 8126 8005 
3 8004 8125 8005 
3 8124 8125 8004 
3 8003 8124 8004 
3 8123 8124 8003 
3 8002 8123 8003 
3 8122 8123 8002 
3 8001 8122 8002 
3 8121 8122 8001 
3 8000 8121 8001 
3 8120 8121 8000 
3 7999 8120 8000 
3 8119 8120 7999 
3 7998 8119 7999 
3 8118 8119 7998 
3 7997 8118 7998 
3 8117 8118 7997 
3 7996 8117 7997 
3 8116 8117 7996 
3 7995 8116 7996 
3 8115 8116 7995 
3 7994 8115 7995 
3 8114 8115 7994 
3 7993 8114 7994 
3 8113 8114 7993 
3 7992 8113 7993 
3 8112 8113 7992 
3 7991 8112 7992 
3 8111 8112 7991 
3 7990 8111 7991 
3 8110 8111 7990 
3 7989 8110 7990 
3 8109 8110 7989 
3 7988 8109 7989 
3 8108 8109 7988 
3 7987 8108 7988 
3 8107 8108 7987 
3 7986 8107 7987 
3 8106 8107 7986 
3 7985 8106 7986 
3 8105 8106 7985 
3 7984 8105 7985 
3 8104 8105 7984 
3 7983 8104 7984 
3 8103 8104 7983 
3 7982 8103 7983 
3 8102 8103 7982 
3 7981 8102 7982 
3 8101 8102 7981 
3 7980 8101 7981 
3 8100 8101 7980 
3 7979 8100 7980 
3 8099 8100 7979 
3 7978 8099 7979 
3 8098 8099 7978 
3 7977 8098 7978 
3 8097 8098 7977 
3 7976 8097 7977 
3 8096 8097 7976 
3 7975 8096 7976 
3 8095 8096 7975 
3 7974 8095 7975 
3 8094 8095 7974 
3 7973 8094 7974 
3 8093 8094 7973 
3 7972 8093 7973 
3 8092 8093 7972 
3 7971 8092 7972 
3 8091 8092 7971 
3 7970 8091 7971 
3 8090 8091 7970 
3 7969 8090 7970 
3 8089 8090 7969 
3 7968 8089 7969 
3 8088 8089 7968 
3 7967 8088 7968 
3 8087 8088 7967 
3 7966 8087 7967 
3 8086 8087 7966 
3 7965 8086 7966 
3 8085 8086 7965 
3 7964 8085 7965 
3 8084 8085 7964 
3 7963 8084 7964 
3 8083 8084 7963 
3 7962 8083 7963 
3 8082 8083 7962 
3 7961 8082 7962 
3 8081 8082 7961 
3 7960 8081 7961 
3 8080 8081 7960 
3 7959 8080 7960 
3 8079 8080 7959 
3 7958 8079 7959 
3 8078 8079 7958 
3 7957 8078 7958 
3 8077 8078 7957 
3 7956 8077 7957 
3 8076 8077 7956 
3 7955 8076 7956 
3 8075 8076 7955 
3 7954 8075 7955 
3 8074 8075 7954 
3 7953 8074 7954 
3 8073 8074 7953 
3 7952 8073 7953 
3 8072 8073 7952 
3 7951 8072 7952 
3 8071 8072 7951 
3 7950 8071 7951 
3 8070 8071 7950 
3 7949 8070 7950 
3 8069 8070 7949 
3 7948 8069 7949 
3 8068 8069 7948 
3 7947 8068 7948 
3 8067 8068 7947 
3 7946 8067 7947 
3 8066 8067 7946 
3 7945 8066 7946 
3 8065 8066 7945 
3 7944 8065 7945 
3 8064 8065 7944 
3 7943 8064 7944 
3 8063 8064 7943 
3 7942 8063 7943 
3 8062 8063 7942 
3 8063 8062 8183 
3 8182 8183 8062 
3 8061 8182 8062 
3 8181 8182 8061 
3 8060 8181 8061 
3 8180 8181 8060 
3 8059 8180 8060 
3 8179 8180 8059 
3 8058 8179 8059 
3 8178 8179 8058 
3 8057 8178 8058 
3 8177 8178 8057 
3 8056 8177 8057 
3 8176 8177 8056 
3 8055 8176 8056 
3 8175 8176 8055 
3 8054 8175 8055 
3 8174 8175 8054 
3 8053 8174 8054 
3 8173 8174 8053 
3 8052 8173 8053 
3 8172 8173 8052 
3 8051 8172 8052 
3 8171 8172 8051 
3 8050 8171 8051 
3 8170 8171 8050 
3 8049 8170 8050 
3 8169 8170 8049 
3 8048 8169 8049 
3 8168 8169 8048 
3 8047 8168 8048 
3 8167 8168 8047 
3 8046 8167 8047 
3 8166 8167 8046 
3 8045 8166 8046 
3 8165 8166 8045 
3 8044 8165 8045 
3 8164 8165 8044 
3 8043 8164 8044 
3 8163 8164 8043 
3 8042 8163 8043 
3 8162 8163 8042 
3 8041 8162 8042 
3 8161 8162 8041 
3 8040 8161 8041 
3 8160 8161 8040 
3 8128 8249 8129 
3 8248 8249 8128 
3 8127 8248 8128 
3 8247 8248 8127 
3 8126 8247 8127 
3 8246 8247 8126 
3 8125 8246 8126 
3 8245 8246 8125 
3 8124 8245 8125 
3 8244 8245 8124 
3 8123 8244 8124 
3 8243 8244 8123 
3 8122 8243 8123 
3 8242 8243 8122 
3 8121 8242 8122 
3 8241 8242 8121 
3 8120 8241 8121 
3 8240 8241 8120 
3 8119 8240 8120 
3 8239 8240 8119 
3 8118 8239 8119 
3 8238 8239 8118 
3 8117 8238 8118 
3 8237 8238 8117 
3 8116 8237 8117 
3 8236 8237 8116 
3 8115 8236 8116 
3 8235 8236 8115 
3 8114 8235 8115 
3 8234 8235 8114 
3 8113 8234 8114 
3 8233 8234 8113 
3 8112 8233 8113 
3 8232 8233 8112 
3 8111 8232 8112 
3 8231 8232 8111 
3 8110 8231 8111 
3 8230 8231 8110 
3 8109 8230 8110 
3 8229 8230 8109 
3 8108 8229 8109 
3 8228 8229 8108 
3 8107 8228 8108 
3 8227 8228 8107 
3 8106 8227 8107 
3 8226 8227 8106 
3 8105 8226 8106 
3 8225 8226 8105 
3 8104 8225 8105 
3 8224 8225 8104 
3 8103 8224 8104 
3 8223 8224 8103 
3 8102 8223 8103 
3 8222 8223 8102 
3 8101 8222 8102 
3 8221 8222 8101 
3 8100 8221 8101 
3 8220 8221 8100 
3 8099 8220 8100 
3 8219 8220 8099 
3 8098 8219 8099 
3 8218 8219 8098 
3 8097 8218 8098 
3 8217 8218 8097 
3 8096 8217 8097 
3 8216 8217 8096 
3 8095 8216 8096 
3 8215 8216 8095 
3 8094 8215 8095 
3 8214 8215 8094 
3 8093 8214 8094 
3 8213 8214 8093 
3 8092 8213 8093 
3 8212 8213 8092 
3 8091 8212 8092 
3 8211 8212 8091 
3 8090 8211 8091 
3 8210 8211 8090 
3 8089 8210 8090 
3 8209 8210 8089 
3 8088 8209 8089 
3 8208 8209 8088 
3 8087 8208 8088 
3 8207 8208 8087 
3 8086 8207 8087 
3 8206 8207 8086 
3 8085 8206 8086 
3 8205 8206 8085 
3 8084 8205 8085 
3 8204 8205 8084 
3 8083 8204 8084 
3 8203 8204 8083 
3 8082 8203 8083 
3 8202 8203 8082 
3 8081 8202 8082 
3 8201 8202 8081 
3 8080 8201 8081 
3 8200 8201 8080 
3 8079 8200 8080 
3 8199 8200 8079 
3 8078 8199 8079 
3 8198 8199 8078 
3 8077 8198 8078 
3 8197 8198 8077 
3 8076 8197 8077 
3 8196 8197 8076 
3 8075 8196 8076 
3 8195 8196 8075 
3 8074 8195 8075 
3 8194 8195 8074 
3 8073 8194 8074 
3 8193 8194 8073 
3 8072 8193 8073 
3 8192 8193 8072 
3 8071 8192 8072 
3 8191 8192 8071 
3 8070 8191 8071 
3 8190 8191 8070 
3 8069 8190 8070 
3 8189 8190 8069 
3 8068 8189 8069 
3 8188 8189 8068 
3 8067 8188 8068 
3 8187 8188 8067 
3 8066 8187 8067 
3 8186 8187 8066 
3 8065 8186 8066 
3 8185 8186 8065 
3 8064 8185 8065 
3 8184 8185 8064 
3 8063 8184 8064 
3 8183 8184 8063 
3 7918 8039 7919 
3 8038 8039 7918 
3 7917 8038 7918 
3 8037 8038 7917 
3 7916 8037 7917 
3 8036 8037 7916 
3 7915 8036 7916 
3 8035 8036 7915 
3 7914 8035 7915 
3 8034 8035 7914 
3 7913 8034 7914 
3 8033 8034 7913 
3 7912 8033 7913 
3 8032 8033 7912 
3 7911 8032 7912 
3 8031 8032 7911 
3 7910 8031 7911 
3 8030 8031 7910 
3 7909 8030 7910 
3 8029 8030 7909 
3 7908 8029 7909 
3 8028 8029 7908 
3 7907 8028 7908 
3 8027 8028 7907 
3 7906 8027 7907 
3 8026 8027 7906 
3 7905 8026 7906 
3 8025 8026 7905 
3 7904 8025 7905 
3 8024 8025 7904 
3 7903 8024 7904 
3 8023 8024 7903 
3 7902 8023 7903 
3 8022 8023 7902 
3 7901 8022 7902 
3 8021 8022 7901 
3 7900 8021 7901 
3 8020 8021 7900 
3 7899 8020 7900 
3 8019 8020 7899 
3 7898 8019 7899 
3 8018 8019 7898 
3 7897 8018 7898 
3 8017 8018 7897 
3 7896 8017 7897 
3 8016 8017 7896 
3 7895 8016 7896 
3 8015 8016 7895 
3 7894 8015 7895 
3 8014 8015 7894 
3 7893 8014 7894 
3 8013 8014 7893 
3 7892 8013 7893 
3 8012 8013 7892 
3 7891 8012 7892 
3 8011 8012 7891 
3 7890 8011 7891 
3 8010 8011 7890 
3 7889 8010 7890 
3 8009 8010 7889 
3 7888 8009 7889 
3 8008 8009 7888 
3 7887 8008 7888 
3 8007 8008 7887 
3 7886 8007 7887 
3 8006 8007 7886 
3 7885 8006 7886 
3 8005 8006 7885 
3 7884 8005 7885 
3 8004 8005 7884 
3 7883 8004 7884 
3 8003 8004 7883 
3 7882 8003 7883 
3 8002 8003 7882 
3 7881 8002 7882 
3 8001 8002 7881 
3 7880 8001 7881 
3 8000 8001 7880 
3 7879 8000 7880 
3 7999 8000 7879 
3 7878 7999 7879 
3 7998 7999 7878 
3 7877 7998 7878 
3 7997 7998 7877 
3 7876 7997 7877 
3 7996 7997 7876 
3 7875 7996 7876 
3 7995 7996 7875 
3 7941 8062 7942 
3 8061 8062 7941 
3 7940 8061 7941 
3 8060 8061 7940 
3 7939 8060 7940 
3 8059 8060 7939 
3 7938 8059 7939 
3 8058 8059 7938 
3 7937 8058 7938 
3 8057 8058 7937 
3 7936 8057 7937 
3 8056 8057 7936 
3 7935 8056 7936 
3 8055 8056 7935 
3 7934 8055 7935 
3 8054 8055 7934 
3 7933 8054 7934 
3 8053 8054 7933 
3 7932 8053 7933 
3 8052 8053 7932 
3 7931 8052 7932 
3 8051 8052 7931 
3 7930 8051 7931 
3 8050 8051 7930 
3 7929 8050 7930 
3 8049 8050 7929 
3 7928 8049 7929 
3 8048 8049 7928 
3 7927 8048 7928 
3 8047 8048 7927 
3 7926 8047 7927 
3 8046 8047 7926 
3 7925 8046 7926 
3 8045 8046 7925 
3 7924 8045 7925 
3 8044 8045 7924 
3 7923 8044 7924 
3 8043 8044 7923 
3 7922 8043 7923 
3 8042 8043 7922 
3 7921 8042 7922 
3 8041 8042 7921 
3 7920 8041 7921 
3 8040 8041 7920 
3 7678 7799 7679 
3 7798 7799 7678 
3 7677 7798 7678 
3 7797 7798 7677 
3 7676 7797 7677 
3 7796 7797 7676 
3 7675 7796 7676 
3 7795 7796 7675 
3 7674 7795 7675 
3 7794 7795 7674 
3 7673 7794 7674 
3 7793 7794 7673 
3 7672 7793 7673 
3 7792 7793 7672 
3 7671 7792 7672 
3 7791 7792 7671 
3 7670 7791 7671 
3 7790 7791 7670 
3 7669 7790 7670 
3 7789 7790 7669 
3 7668 7789 7669 
3 7788 7789 7668 
3 7667 7788 7668 
3 7787 7788 7667 
3 7666 7787 7667 
3 7786 7787 7666 
3 7665 7786 7666 
3 7785 7786 7665 
3 7664 7785 7665 
3 7784 7785 7664 
3 7663 7784 7664 
3 7783 7784 7663 
3 7662 7783 7663 
3 7782 7783 7662 
3 7661 7782 7662 
3 7781 7782 7661 
3 7660 7781 7661 
3 7780 7781 7660 
3 7659 7780 7660 
3 7779 7780 7659 
3 7658 7779 7659 
3 7778 7779 7658 
3 7657 7778 7658 
3 7777 7778 7657 
3 7656 7777 7657 
3 7776 7777 7656 
3 7655 7776 7656 
3 7775 7776 7655 
3 7654 7775 7655 
3 7774 7775 7654 
3 7653 7774 7654 
3 7773 7774 7653 
3 7652 7773 7653 
3 7772 7773 7652 
3 7651 7772 7652 
3 7771 7772 7651 
3 7650 7771 7651 
3 7770 7771 7650 
3 7649 7770 7650 
3 7769 7770 7649 
3 7648 7769 7649 
3 7768 7769 7648 
3 7647 7768 7648 
3 7767 7768 7647 
3 7646 7767 7647 
3 7766 7767 7646 
3 7645 7766 7646 
3 7765 7766 7645 
3 7644 7765 7645 
3 7764 7765 7644 
3 7643 7764 7644 
3 7763 7764 7643 
3 7642 7763 7643 
3 7762 7763 7642 
3 7641 7762 7642 
3 7761 7762 7641 
3 7640 7761 7641 
3 7760 7761 7640 
3 7639 7760 7640 
3 7759 7760 7639 
3 7638 7759 7639 
3 7758 7759 7638 
3 7637 7758 7638 
3 7757 7758 7637 
3 7636 7757 7637 
3 7756 7757 7636 
3 7635 7756 7636 
3 7755 7756 7635 
3 7634 7755 7635 
3 7754 7755 7634 
3 7633 7754 7634 
3 7753 7754 7633 
3 7632 7753 7633 
3 7752 7753 7632 
3 7631 7752 7632 
3 7751 7752 7631 
3 7630 7751 7631 
3 7750 7751 7630 
3 7629 7750 7630 
3 7749 7750 7629 
3 7628 7749 7629 
3 7748 7749 7628 
3 7627 7748 7628 
3 7747 7748 7627 
3 7626 7747 7627 
3 7746 7747 7626 
3 7625 7746 7626 
3 7745 7746 7625 
3 7624 7745 7625 
3 7744 7745 7624 
3 7623 7744 7624 
3 7743 7744 7623 
3 7622 7743 7623 
3 7742 7743 7622 
3 7621 7742 7622 
3 7741 7742 7621 
3 7620 7741 7621 
3 7740 7741 7620 
3 7619 7740 7620 
3 7739 7740 7619 
3 7618 7739 7619 
3 7738 7739 7618 
3 7617 7738 7618 
3 7737 7738 7617 
3 7616 7737 7617 
3 7736 7737 7616 
3 7615 7736 7616 
3 7735 7736 7615 
3 7614 7735 7615 
3 7734 7735 7614 
3 7613 7734 7614 
3 7733 7734 7613 
3 7612 7733 7613 
3 7732 7733 7612 
3 7611 7732 7612 
3 7731 7732 7611 
3 7610 7731 7611 
3 7730 7731 7610 
3 7609 7730 7610 
3 7729 7730 7609 
3 7608 7729 7609 
3 7728 7729 7608 
3 7607 7728 7608 
3 7727 7728 7607 
3 7606 7727 7607 
3 7726 7727 7606 
3 7605 7726 7606 
3 7725 7726 7605 
3 7604 7725 7605 
3 7724 7725 7604 
3 7603 7724 7604 
3 7723 7724 7603 
3 7602 7723 7603 
3 7722 7723 7602 
3 7601 7722 7602 
3 7721 7722 7601 
3 7600 7721 7601 
3 7720 7721 7600 
3 7599 7720 7600 
3 7719 7720 7599 
3 7598 7719 7599 
3 7718 7719 7598 
3 7597 7718 7598 
3 7717 7718 7597 
3 7596 7717 7597 
3 7716 7717 7596 
3 7595 7716 7596 
3 7715 7716 7595 
3 7594 7715 7595 
3 7714 7715 7594 
3 7593 7714 7594 
3 7713 7714 7593 
3 7592 7713 7593 
3 7712 7713 7592 
3 7591 7712 7592 
3 7711 7712 7591 
3 7590 7711 7591 
3 7710 7711 7590 
3 7589 7710 7590 
3 7709 7710 7589 
3 7588 7709 7589 
3 7708 7709 7588 
3 7587 7708 7588 
3 7707 7708 7587 
3 7586 7707 7587 
3 7706 7707 7586 
3 7585 7706 7586 
3 7705 7706 7585 
3 7584 7705 7585 
3 7704 7705 7584 
3 7583 7704 7584 
3 7703 7704 7583 
3 7582 7703 7583 
3 7702 7703 7582 
3 7581 7702 7582 
3 7701 7702 7581 
3 7580 7701 7581 
3 7700 7701 7580 
3 7579 7700 7580 
3 7699 7700 7579 
3 7578 7699 7579 
3 7698 7699 7578 
3 7577 7698 7578 
3 7697 7698 7577 
3 7576 7697 7577 
3 7696 7697 7576 
3 7575 7696 7576 
3 7695 7696 7575 
3 7574 7695 7575 
3 7694 7695 7574 
3 7573 7694 7574 
3 7693 7694 7573 
3 7572 7693 7573 
3 7692 7693 7572 
3 7571 7692 7572 
3 7691 7692 7571 
3 7570 7691 7571 
3 7690 7691 7570 
3 7569 7690 7570 
3 7689 7690 7569 
3 7568 7689 7569 
3 7688 7689 7568 
3 7567 7688 7568 
3 7687 7688 7567 
3 7688 7687 7808 
3 7807 7808 7687 
3 7686 7807 7687 
3 7806 7807 7686 
3 7685 7806 7686 
3 7805 7806 7685 
3 7684 7805 7685 
3 7804 7805 7684 
3 7683 7804 7684 
3 7803 7804 7683 
3 7682 7803 7683 
3 7802 7803 7682 
3 7681 7802 7682 
3 7801 7802 7681 
3 7680 7801 7681 
3 7800 7801 7680 
3 7753 7874 7754 
3 7873 7874 7753 
3 7752 7873 7753 
3 7872 7873 7752 
3 7751 7872 7752 
3 7871 7872 7751 
3 7750 7871 7751 
3 7870 7871 7750 
3 7749 7870 7750 
3 7869 7870 7749 
3 7748 7869 7749 
3 7868 7869 7748 
3 7747 7868 7748 
3 7867 7868 7747 
3 7746 7867 7747 
3 7866 7867 7746 
3 7745 7866 7746 
3 7865 7866 7745 
3 7744 7865 7745 
3 7864 7865 7744 
3 7743 7864 7744 
3 7863 7864 7743 
3 7742 7863 7743 
3 7862 7863 7742 
3 7741 7862 7742 
3 7861 7862 7741 
3 7740 7861 7741 
3 7860 7861 7740 
3 7739 7860 7740 
3 7859 7860 7739 
3 7738 7859 7739 
3 7858 7859 7738 
3 7737 7858 7738 
3 7857 7858 7737 
3 7736 7857 7737 
3 7856 7857 7736 
3 7735 7856 7736 
3 7855 7856 7735 
3 7734 7855 7735 
3 7854 7855 7734 
3 7733 7854 7734 
3 7853 7854 7733 
3 7732 7853 7733 
3 7852 7853 7732 
3 7731 7852 7732 
3 7851 7852 7731 
3 7730 7851 7731 
3 7850 7851 7730 
3 7729 7850 7730 
3 7849 7850 7729 
3 7728 7849 7729 
3 7848 7849 7728 
3 7727 7848 7728 
3 7847 7848 7727 
3 7726 7847 7727 
3 7846 7847 7726 
3 7725 7846 7726 
3 7845 7846 7725 
3 7724 7845 7725 
3 7844 7845 7724 
3 7723 7844 7724 
3 7843 7844 7723 
3 7722 7843 7723 
3 7842 7843 7722 
3 7721 7842 7722 
3 7841 7842 7721 
3 7720 7841 7721 
3 7840 7841 7720 
3 7719 7840 7720 
3 7839 7840 7719 
3 7718 7839 7719 
3 7838 7839 7718 
3 7717 7838 7718 
3 7837 7838 7717 
3 7716 7837 7717 
3 7836 7837 7716 
3 7715 7836 7716 
3 7835 7836 7715 
3 7714 7835 7715 
3 7834 7835 7714 
3 7713 7834 7714 
3 7833 7834 7713 
3 7712 7833 7713 
3 7832 7833 7712 
3 7711 7832 7712 
3 7831 7832 7711 
3 7710 7831 7711 
3 7830 7831 7710 
3 7709 7830 7710 
3 7829 7830 7709 
3 7708 7829 7709 
3 7828 7829 7708 
3 7707 7828 7708 
3 7827 7828 7707 
3 7706 7827 7707 
3 7826 7827 7706 
3 7705 7826 7706 
3 7825 7826 7705 
3 7704 7825 7705 
3 7824 7825 7704 
3 7703 7824 7704 
3 7823 7824 7703 
3 7702 7823 7703 
3 7822 7823 7702 
3 7701 7822 7702 
3 7821 7822 7701 
3 7700 7821 7701 
3 7820 7821 7700 
3 7699 7820 7700 
3 7819 7820 7699 
3 7698 7819 7699 
3 7818 7819 7698 
3 7697 7818 7698 
3 7817 7818 7697 
3 7696 7817 7697 
3 7816 7817 7696 
3 7695 7816 7696 
3 7815 7816 7695 
3 7694 7815 7695 
3 7814 7815 7694 
3 7693 7814 7694 
3 7813 7814 7693 
3 7692 7813 7693 
3 7812 7813 7692 
3 7691 7812 7692 
3 7811 7812 7691 
3 7690 7811 7691 
3 7810 7811 7690 
3 7689 7810 7690 
3 7809 7810 7689 
3 7688 7809 7689 
3 7808 7809 7688 
3 7558 7679 7559 
3 7678 7679 7558 
3 7557 7678 7558 
3 7677 7678 7557 
3 7556 7677 7557 
3 7676 7677 7556 
3 7555 7676 7556 
3 7675 7676 7555 
3 7554 7675 7555 
3 7674 7675 7554 
3 7553 7674 7554 
3 7673 7674 7553 
3 7552 7673 7553 
3 7672 7673 7552 
3 7551 7672 7552 
3 7671 7672 7551 
3 7550 7671 7551 
3 7670 7671 7550 
3 7549 7670 7550 
3 7669 7670 7549 
3 7548 7669 7549 
3 7668 7669 7548 
3 7547 7668 7548 
3 7667 7668 7547 
3 7546 7667 7547 
3 7666 7667 7546 
3 7545 7666 7546 
3 7665 7666 7545 
3 7544 7665 7545 
3 7664 7665 7544 
3 7543 7664 7544 
3 7663 7664 7543 
3 7542 7663 7543 
3 7662 7663 7542 
3 7541 7662 7542 
3 7661 7662 7541 
3 7540 7661 7541 
3 7660 7661 7540 
3 7539 7660 7540 
3 7659 7660 7539 
3 7538 7659 7539 
3 7658 7659 7538 
3 7537 7658 7538 
3 7657 7658 7537 
3 7536 7657 7537 
3 7656 7657 7536 
3 7535 7656 7536 
3 7655 7656 7535 
3 7534 7655 7535 
3 7654 7655 7534 
3 7533 7654 7534 
3 7653 7654 7533 
3 7532 7653 7533 
3 7652 7653 7532 
3 7531 7652 7532 
3 7651 7652 7531 
3 7530 7651 7531 
3 7650 7651 7530 
3 7529 7650 7530 
3 7649 7650 7529 
3 7528 7649 7529 
3 7648 7649 7528 
3 7527 7648 7528 
3 7647 7648 7527 
3 7526 7647 7527 
3 7646 7647 7526 
3 7525 7646 7526 
3 7645 7646 7525 
3 7524 7645 7525 
3 7644 7645 7524 
3 7523 7644 7524 
3 7643 7644 7523 
3 7522 7643 7523 
3 7642 7643 7522 
3 7521 7642 7522 
3 7641 7642 7521 
3 7520 7641 7521 
3 7640 7641 7520 
3 7519 7640 7520 
3 7639 7640 7519 
3 7518 7639 7519 
3 7638 7639 7518 
3 7517 7638 7518 
3 7637 7638 7517 
3 7516 7637 7517 
3 7636 7637 7516 
3 7515 7636 7516 
3 7635 7636 7515 
3 7514 7635 7515 
3 7634 7635 7514 
3 7513 7634 7514 
3 7633 7634 7513 
3 7512 7633 7513 
3 7632 7633 7512 
3 7511 7632 7512 
3 7631 7632 7511 
3 7510 7631 7511 
3 7630 7631 7510 
3 7509 7630 7510 
3 7629 7630 7509 
3 7508 7629 7509 
3 7628 7629 7508 
3 7507 7628 7508 
3 7627 7628 7507 
3 7506 7627 7507 
3 7626 7627 7506 
3 7505 7626 7506 
3 7625 7626 7505 
3 7504 7625 7505 
3 7624 7625 7504 
3 7503 7624 7504 
3 7623 7624 7503 
3 7502 7623 7503 
3 7622 7623 7502 
3 7501 7622 7502 
3 7621 7622 7501 
3 7500 7621 7501 
3 7620 7621 7500 
3 7566 7687 7567 
3 7686 7687 7566 
3 7565 7686 7566 
3 7685 7686 7565 
3 7564 7685 7565 
3 7684 7685 7564 
3 7563 7684 7564 
3 7683 7684 7563 
3 7562 7683 7563 
3 7682 7683 7562 
3 7561 7682 7562 
3 7681 7682 7561 
3 7560 7681 7561 
3 7680 7681 7560 
3 6718 6839 6719 
3 6838 6839 6718 
3 6717 6838 6718 
3 6837 6838 6717 
3 6716 6837 6717 
3 6836 6837 6716 
3 6715 6836 6716 
3 6835 6836 6715 
3 6714 6835 6715 
3 6834 6835 6714 
3 6713 6834 6714 
3 6833 6834 6713 
3 6712 6833 6713 
3 6832 6833 6712 
3 6711 6832 6712 
3 6831 6832 6711 
3 6710 6831 6711 
3 6830 6831 6710 
3 6709 6830 6710 
3 6829 6830 6709 
3 6708 6829 6709 
3 6828 6829 6708 
3 6707 6828 6708 
3 6827 6828 6707 
3 6706 6827 6707 
3 6826 6827 6706 
3 6705 6826 6706 
3 6825 6826 6705 
3 6704 6825 6705 
3 6824 6825 6704 
3 6703 6824 6704 
3 6823 6824 6703 
3 6702 6823 6703 
3 6822 6823 6702 
3 6701 6822 6702 
3 6821 6822 6701 
3 6700 6821 6701 
3 6820 6821 6700 
3 6699 6820 6700 
3 6819 6820 6699 
3 6698 6819 6699 
3 6818 6819 6698 
3 6697 6818 6698 
3 6817 6818 6697 
3 6696 6817 6697 
3 6816 6817 6696 
3 6695 6816 6696 
3 6815 6816 6695 
3 6694 6815 6695 
3 6814 6815 6694 
3 6693 6814 6694 
3 6813 6814 6693 
3 6692 6813 6693 
3 6812 6813 6692 
3 6691 6812 6692 
3 6811 6812 6691 
3 6690 6811 6691 
3 6810 6811 6690 
3 6689 6810 6690 
3 6809 6810 6689 
3 6688 6809 6689 
3 6808 6809 6688 
3 6687 6808 6688 
3 6807 6808 6687 
3 6686 6807 6687 
3 6806 6807 6686 
3 6685 6806 6686 
3 6805 6806 6685 
3 6684 6805 6685 
3 6804 6805 6684 
3 6683 6804 6684 
3 6803 6804 6683 
3 6682 6803 6683 
3 6802 6803 6682 
3 6681 6802 6682 
3 6801 6802 6681 
3 6680 6801 6681 
3 6800 6801 6680 
3 6679 6800 6680 
3 6799 6800 6679 
3 6678 6799 6679 
3 6798 6799 6678 
3 6677 6798 6678 
3 6797 6798 6677 
3 6676 6797 6677 
3 6796 6797 6676 
3 6675 6796 6676 
3 6795 6796 6675 
3 6674 6795 6675 
3 6794 6795 6674 
3 6673 6794 6674 
3 6793 6794 6673 
3 6672 6793 6673 
3 6792 6793 6672 
3 6671 6792 6672 
3 6791 6792 6671 
3 6670 6791 6671 
3 6790 6791 6670 
3 6669 6790 6670 
3 6789 6790 6669 
3 6668 6789 6669 
3 6788 6789 6668 
3 6667 6788 6668 
3 6787 6788 6667 
3 6666 6787 6667 
3 6786 6787 6666 
3 6665 6786 6666 
3 6785 6786 6665 
3 6664 6785 6665 
3 6784 6785 6664 
3 6663 6784 6664 
3 6783 6784 6663 
3 6662 6783 6663 
3 6782 6783 6662 
3 6661 6782 6662 
3 6781 6782 6661 
3 6660 6781 6661 
3 6780 6781 6660 
3 6659 6780 6660 
3 6779 6780 6659 
3 6658 6779 6659 
3 6778 6779 6658 
3 6657 6778 6658 
3 6777 6778 6657 
3 6656 6777 6657 
3 6776 6777 6656 
3 6655 6776 6656 
3 6775 6776 6655 
3 6654 6775 6655 
3 6774 6775 6654 
3 6653 6774 6654 
3 6773 6774 6653 
3 6652 6773 6653 
3 6772 6773 6652 
3 6651 6772 6652 
3 6771 6772 6651 
3 6650 6771 6651 
3 6770 6771 6650 
3 6649 6770 6650 
3 6769 6770 6649 
3 6648 6769 6649 
3 6768 6769 6648 
3 6647 6768 6648 
3 6767 6768 6647 
3 6646 6767 6647 
3 6766 6767 6646 
3 6645 6766 6646 
3 6765 6766 6645 
3 6644 6765 6645 
3 6764 6765 6644 
3 6643 6764 6644 
3 6763 6764 6643 
3 6642 6763 6643 
3 6762 6763 6642 
3 6641 6762 6642 
3 6761 6762 6641 
3 6640 6761 6641 
3 6760 6761 6640 
3 6639 6760 6640 
3 6759 6760 6639 
3 6638 6759 6639 
3 6758 6759 6638 
3 6637 6758 6638 
3 6757 6758 6637 
3 6636 6757 6637 
3 6756 6757 6636 
3 6635 6756 6636 
3 6755 6756 6635 
3 6634 6755 6635 
3 6754 6755 6634 
3 6633 6754 6634 
3 6753 6754 6633 
3 6632 6753 6633 
3 6752 6753 6632 
3 6631 6752 6632 
3 6751 6752 6631 
3 6630 6751 6631 
3 6750 6751 6630 
3 6629 6750 6630 
3 6749 6750 6629 
3 6750 6749 6870 
3 6869 6870 6749 
3 6748 6869 6749 
3 6868 6869 6748 
3 6747 6868 6748 
3 6867 6868 6747 
3 6746 6867 6747 
3 6866 6867 6746 
3 6745 6866 6746 
3 6865 6866 6745 
3 6744 6865 6745 
3 6864 6865 6744 
3 6743 6864 6744 
3 6863 6864 6743 
3 6742 6863 6743 
3 6862 6863 6742 
3 6741 6862 6742 
3 6861 6862 6741 
3 6740 6861 6741 
3 6860 6861 6740 
3 6739 6860 6740 
3 6859 6860 6739 
3 6738 6859 6739 
3 6858 6859 6738 
3 6737 6858 6738 
3 6857 6858 6737 
3 6736 6857 6737 
3 6856 6857 6736 
3 6735 6856 6736 
3 6855 6856 6735 
3 6734 6855 6735 
3 6854 6855 6734 
3 6733 6854 6734 
3 6853 6854 6733 
3 6732 6853 6733 
3 6852 6853 6732 
3 6731 6852 6732 
3 6851 6852 6731 
3 6730 6851 6731 
3 6850 6851 6730 
3 6729 6850 6730 
3 6849 6850 6729 
3 6728 6849 6729 
3 6848 6849 6728 
3 6727 6848 6728 
3 6847 6848 6727 
3 6726 6847 6727 
3 6846 6847 6726 
3 6725 6846 6726 
3 6845 6846 6725 
3 6724 6845 6725 
3 6844 6845 6724 
3 6723 6844 6724 
3 6843 6844 6723 
3 6722 6843 6723 
3 6842 6843 6722 
3 6721 6842 6722 
3 6841 6842 6721 
3 6720 6841 6721 
3 6840 6841 6720 
3 7078 7199 7079 
3 7198 7199 7078 
3 7077 7198 7078 
3 7197 7198 7077 
3 7076 7197 7077 
3 7196 7197 7076 
3 7075 7196 7076 
3 7195 7196 7075 
3 7074 7195 7075 
3 7194 7195 7074 
3 7073 7194 7074 
3 7193 7194 7073 
3 7072 7193 7073 
3 7192 7193 7072 
3 7071 7192 7072 
3 7191 7192 7071 
3 7070 7191 7071 
3 7190 7191 7070 
3 7069 7190 7070 
3 7189 7190 7069 
3 7068 7189 7069 
3 7188 7189 7068 
3 7067 7188 7068 
3 7187 7188 7067 
3 7066 7187 7067 
3 7186 7187 7066 
3 7065 7186 7066 
3 7185 7186 7065 
3 7064 7185 7065 
3 7184 7185 7064 
3 7063 7184 7064 
3 7183 7184 7063 
3 7062 7183 7063 
3 7182 7183 7062 
3 7061 7182 7062 
3 7181 7182 7061 
3 7060 7181 7061 
3 7180 7181 7060 
3 7059 7180 7060 
3 7179 7180 7059 
3 7058 7179 7059 
3 7178 7179 7058 
3 7057 7178 7058 
3 7177 7178 7057 
3 7056 7177 7057 
3 7176 7177 7056 
3 7055 7176 7056 
3 7175 7176 7055 
3 7054 7175 7055 
3 7174 7175 7054 
3 7053 7174 7054 
3 7173 7174 7053 
3 7052 7173 7053 
3 7172 7173 7052 
3 7051 7172 7052 
3 7171 7172 7051 
3 7050 7171 7051 
3 7170 7171 7050 
3 7049 7170 7050 
3 7169 7170 7049 
3 7048 7169 7049 
3 7168 7169 7048 
3 7047 7168 7048 
3 7167 7168 7047 
3 7046 7167 7047 
3 7166 7167 7046 
3 7045 7166 7046 
3 7165 7166 7045 
3 7044 7165 7045 
3 7164 7165 7044 
3 7043 7164 7044 
3 7163 7164 7043 
3 7042 7163 7043 
3 7162 7163 7042 
3 7041 7162 7042 
3 7161 7162 7041 
3 7040 7161 7041 
3 7160 7161 7040 
3 7039 7160 7040 
3 7159 7160 7039 
3 7038 7159 7039 
3 7158 7159 7038 
3 7037 7158 7038 
3 7157 7158 7037 
3 7036 7157 7037 
3 7156 7157 7036 
3 7035 7156 7036 
3 7155 7156 7035 
3 7034 7155 7035 
3 7154 7155 7034 
3 7033 7154 7034 
3 7153 7154 7033 
3 7032 7153 7033 
3 7152 7153 7032 
3 7031 7152 7032 
3 7151 7152 7031 
3 7030 7151 7031 
3 7150 7151 7030 
3 7029 7150 7030 
3 7149 7150 7029 
3 7028 7149 7029 
3 7148 7149 7028 
3 7027 7148 7028 
3 7147 7148 7027 
3 7026 7147 7027 
3 7146 7147 7026 
3 7025 7146 7026 
3 7145 7146 7025 
3 7024 7145 7025 
3 7144 7145 7024 
3 7023 7144 7024 
3 7143 7144 7023 
3 7022 7143 7023 
3 7142 7143 7022 
3 7021 7142 7022 
3 7141 7142 7021 
3 7020 7141 7021 
3 7140 7141 7020 
3 7019 7140 7020 
3 7139 7140 7019 
3 7018 7139 7019 
3 7138 7139 7018 
3 7017 7138 7018 
3 7137 7138 7017 
3 7016 7137 7017 
3 7136 7137 7016 
3 7015 7136 7016 
3 7135 7136 7015 
3 7014 7135 7015 
3 7134 7135 7014 
3 7013 7134 7014 
3 7133 7134 7013 
3 7012 7133 7013 
3 7132 7133 7012 
3 7011 7132 7012 
3 7131 7132 7011 
3 7010 7131 7011 
3 7130 7131 7010 
3 7009 7130 7010 
3 7129 7130 7009 
3 7008 7129 7009 
3 7128 7129 7008 
3 7007 7128 7008 
3 7127 7128 7007 
3 7006 7127 7007 
3 7126 7127 7006 
3 7005 7126 7006 
3 7125 7126 7005 
3 7004 7125 7005 
3 7124 7125 7004 
3 7125 7124 7245 
3 7244 7245 7124 
3 7123 7244 7124 
3 7243 7244 7123 
3 7122 7243 7123 
3 7242 7243 7122 
3 7121 7242 7122 
3 7241 7242 7121 
3 7120 7241 7121 
3 7240 7241 7120 
3 7119 7240 7120 
3 7239 7240 7119 
3 7118 7239 7119 
3 7238 7239 7118 
3 7117 7238 7118 
3 7237 7238 7117 
3 7116 7237 7117 
3 7236 7237 7116 
3 7115 7236 7116 
3 7235 7236 7115 
3 7114 7235 7115 
3 7234 7235 7114 
3 7113 7234 7114 
3 7233 7234 7113 
3 7112 7233 7113 
3 7232 7233 7112 
3 7111 7232 7112 
3 7231 7232 7111 
3 7110 7231 7111 
3 7230 7231 7110 
3 7109 7230 7110 
3 7229 7230 7109 
3 7108 7229 7109 
3 7228 7229 7108 
3 7107 7228 7108 
3 7227 7228 7107 
3 7106 7227 7107 
3 7226 7227 7106 
3 7105 7226 7106 
3 7225 7226 7105 
3 7104 7225 7105 
3 7224 7225 7104 
3 7103 7224 7104 
3 7223 7224 7103 
3 7102 7223 7103 
3 7222 7223 7102 
3 7101 7222 7102 
3 7221 7222 7101 
3 7100 7221 7101 
3 7220 7221 7100 
3 7099 7220 7100 
3 7219 7220 7099 
3 7098 7219 7099 
3 7218 7219 7098 
3 7097 7218 7098 
3 7217 7218 7097 
3 7096 7217 7097 
3 7216 7217 7096 
3 7095 7216 7096 
3 7215 7216 7095 
3 7094 7215 7095 
3 7214 7215 7094 
3 7093 7214 7094 
3 7213 7214 7093 
3 7092 7213 7093 
3 7212 7213 7092 
3 7091 7212 7092 
3 7211 7212 7091 
3 7090 7211 7091 
3 7210 7211 7090 
3 7089 7210 7090 
3 7209 7210 7089 
3 7088 7209 7089 
3 7208 7209 7088 
3 7087 7208 7088 
3 7207 7208 7087 
3 7086 7207 7087 
3 7206 7207 7086 
3 7085 7206 7086 
3 7205 7206 7085 
3 7084 7205 7085 
3 7204 7205 7084 
3 7083 7204 7084 
3 7203 7204 7083 
3 7082 7203 7083 
3 7202 7203 7082 
3 7081 7202 7082 
3 7201 7202 7081 
3 7080 7201 7081 
3 7200 7201 7080 
3 7198 7319 7199 
3 7318 7319 7198 
3 7197 7318 7198 
3 7317 7318 7197 
3 7196 7317 7197 
3 7316 7317 7196 
3 7195 7316 7196 
3 7315 7316 7195 
3 7194 7315 7195 
3 7314 7315 7194 
3 7193 7314 7194 
3 7313 7314 7193 
3 7192 7313 7193 
3 7312 7313 7192 
3 7313 7312 7433 
3 7432 7433 7312 
3 7311 7432 7312 
3 7431 7432 7311 
3 7310 7431 7311 
3 7430 7431 7310 
3 7309 7430 7310 
3 7429 7430 7309 
3 7308 7429 7309 
3 7428 7429 7308 
3 7307 7428 7308 
3 7427 7428 7307 
3 7306 7427 7307 
3 7426 7427 7306 
3 7305 7426 7306 
3 7425 7426 7305 
3 7304 7425 7305 
3 7424 7425 7304 
3 7303 7424 7304 
3 7423 7424 7303 
3 7302 7423 7303 
3 7422 7423 7302 
3 7301 7422 7302 
3 7421 7422 7301 
3 7300 7421 7301 
3 7420 7421 7300 
3 7299 7420 7300 
3 7419 7420 7299 
3 7298 7419 7299 
3 7418 7419 7298 
3 7297 7418 7298 
3 7417 7418 7297 
3 7296 7417 7297 
3 7416 7417 7296 
3 7295 7416 7296 
3 7415 7416 7295 
3 7294 7415 7295 
3 7414 7415 7294 
3 7293 7414 7294 
3 7413 7414 7293 
3 7292 7413 7293 
3 7412 7413 7292 
3 7291 7412 7292 
3 7411 7412 7291 
3 7290 7411 7291 
3 7410 7411 7290 
3 7289 7410 7290 
3 7409 7410 7289 
3 7288 7409 7289 
3 7408 7409 7288 
3 7287 7408 7288 
3 7407 7408 7287 
3 7286 7407 7287 
3 7406 7407 7286 
3 7285 7406 7286 
3 7405 7406 7285 
3 7284 7405 7285 
3 7404 7405 7284 
3 7283 7404 7284 
3 7403 7404 7283 
3 7282 7403 7283 
3 7402 7403 7282 
3 7281 7402 7282 
3 7401 7402 7281 
3 7280 7401 7281 
3 7400 7401 7280 
3 7279 7400 7280 
3 7399 7400 7279 
3 7278 7399 7279 
3 7398 7399 7278 
3 7277 7398 7278 
3 7397 7398 7277 
3 7276 7397 7277 
3 7396 7397 7276 
3 7275 7396 7276 
3 7395 7396 7275 
3 7274 7395 7275 
3 7394 7395 7274 
3 7273 7394 7274 
3 7393 7394 7273 
3 7272 7393 7273 
3 7392 7393 7272 
3 7271 7392 7272 
3 7391 7392 7271 
3 7270 7391 7271 
3 7390 7391 7270 
3 7269 7390 7270 
3 7389 7390 7269 
3 7268 7389 7269 
3 7388 7389 7268 
3 7267 7388 7268 
3 7387 7388 7267 
3 7266 7387 7267 
3 7386 7387 7266 
3 7265 7386 7266 
3 7385 7386 7265 
3 7264 7385 7265 
3 7384 7385 7264 
3 7263 7384 7264 
3 7383 7384 7263 
3 7262 7383 7263 
3 7382 7383 7262 
3 7261 7382 7262 
3 7381 7382 7261 
3 7260 7381 7261 
3 7380 7381 7260 
3 7259 7380 7260 
3 7379 7380 7259 
3 7258 7379 7259 
3 7378 7379 7258 
3 7257 7378 7258 
3 7377 7378 7257 
3 7256 7377 7257 
3 7376 7377 7256 
3 7255 7376 7256 
3 7375 7376 7255 
3 7254 7375 7255 
3 7374 7375 7254 
3 7253 7374 7254 
3 7373 7374 7253 
3 7252 7373 7253 
3 7372 7373 7252 
3 7251 7372 7252 
3 7371 7372 7251 
3 7250 7371 7251 
3 7370 7371 7250 
3 7249 7370 7250 
3 7369 7370 7249 
3 7248 7369 7249 
3 7368 7369 7248 
3 7247 7368 7248 
3 7367 7368 7247 
3 7246 7367 7247 
3 7366 7367 7246 
3 7245 7366 7246 
3 7365 7366 7245 
3 7244 7365 7245 
3 7364 7365 7244 
3 7243 7364 7244 
3 7363 7364 7243 
3 7242 7363 7243 
3 7362 7363 7242 
3 7241 7362 7242 
3 7361 7362 7241 
3 7240 7361 7241 
3 7360 7361 7240 
3 7239 7360 7240 
3 7359 7360 7239 
3 7238 7359 7239 
3 7358 7359 7238 
3 7237 7358 7238 
3 7357 7358 7237 
3 7236 7357 7237 
3 7356 7357 7236 
3 7235 7356 7236 
3 7355 7356 7235 
3 7234 7355 7235 
3 7354 7355 7234 
3 7233 7354 7234 
3 7353 7354 7233 
3 7232 7353 7233 
3 7352 7353 7232 
3 7231 7352 7232 
3 7351 7352 7231 
3 7230 7351 7231 
3 7350 7351 7230 
3 7229 7350 7230 
3 7349 7350 7229 
3 7228 7349 7229 
3 7348 7349 7228 
3 7227 7348 7228 
3 7347 7348 7227 
3 7226 7347 7227 
3 7346 7347 7226 
3 7225 7346 7226 
3 7345 7346 7225 
3 7224 7345 7225 
3 7344 7345 7224 
3 7223 7344 7224 
3 7343 7344 7223 
3 7222 7343 7223 
3 7342 7343 7222 
3 7221 7342 7222 
3 7341 7342 7221 
3 7220 7341 7221 
3 7340 7341 7220 
3 7219 7340 7220 
3 7339 7340 7219 
3 7218 7339 7219 
3 7338 7339 7218 
3 7217 7338 7218 
3 7337 7338 7217 
3 7216 7337 7217 
3 7336 7337 7216 
3 7215 7336 7216 
3 7335 7336 7215 
3 7214 7335 7215 
3 7334 7335 7214 
3 7213 7334 7214 
3 7333 7334 7213 
3 7212 7333 7213 
3 7332 7333 7212 
3 7211 7332 7212 
3 7331 7332 7211 
3 7210 7331 7211 
3 7330 7331 7210 
3 7209 7330 7210 
3 7329 7330 7209 
3 7208 7329 7209 
3 7328 7329 7208 
3 7207 7328 7208 
3 7327 7328 7207 
3 7206 7327 7207 
3 7326 7327 7206 
3 7205 7326 7206 
3 7325 7326 7205 
3 7204 7325 7205 
3 7324 7325 7204 
3 7203 7324 7204 
3 7323 7324 7203 
3 7202 7323 7203 
3 7322 7323 7202 
3 7201 7322 7202 
3 7321 7322 7201 
3 7200 7321 7201 
3 7320 7321 7200 
3 7318 7439 7319 
3 7438 7439 7318 
3 7317 7438 7318 
3 7437 7438 7317 
3 7316 7437 7317 
3 7436 7437 7316 
3 7315 7436 7316 
3 7435 7436 7315 
3 7314 7435 7315 
3 7434 7435 7314 
3 7313 7434 7314 
3 7433 7434 7313 
3 7378 7499 7379 
3 7498 7499 7378 
3 7377 7498 7378 
3 7497 7498 7377 
3 7376 7497 7377 
3 7496 7497 7376 
3 7375 7496 7376 
3 7495 7496 7375 
3 7374 7495 7375 
3 7494 7495 7374 
3 7373 7494 7374 
3 7493 7494 7373 
3 7372 7493 7373 
3 7492 7493 7372 
3 7371 7492 7372 
3 7491 7492 7371 
3 7370 7491 7371 
3 7490 7491 7370 
3 7369 7490 7370 
3 7489 7490 7369 
3 7368 7489 7369 
3 7488 7489 7368 
3 7367 7488 7368 
3 7487 7488 7367 
3 7366 7487 7367 
3 7486 7487 7366 
3 7365 7486 7366 
3 7485 7486 7365 
3 7364 7485 7365 
3 7484 7485 7364 
3 7363 7484 7364 
3 7483 7484 7363 
3 7362 7483 7363 
3 7482 7483 7362 
3 7361 7482 7362 
3 7481 7482 7361 
3 7360 7481 7361 
3 7480 7481 7360 
3 7359 7480 7360 
3 7479 7480 7359 
3 7358 7479 7359 
3 7478 7479 7358 
3 7357 7478 7358 
3 7477 7478 7357 
3 7356 7477 7357 
3 7476 7477 7356 
3 7355 7476 7356 
3 7475 7476 7355 
3 7354 7475 7355 
3 7474 7475 7354 
3 7353 7474 7354 
3 7473 7474 7353 
3 7352 7473 7353 
3 7472 7473 7352 
3 7351 7472 7352 
3 7471 7472 7351 
3 7350 7471 7351 
3 7470 7471 7350 
3 7349 7470 7350 
3 7469 7470 7349 
3 7348 7469 7349 
3 7468 7469 7348 
3 7347 7468 7348 
3 7467 7468 7347 
3 7346 7467 7347 
3 7466 7467 7346 
3 7345 7466 7346 
3 7465 7466 7345 
3 7344 7465 7345 
3 7464 7465 7344 
3 7343 7464 7344 
3 7463 7464 7343 
3 7342 7463 7343 
3 7462 7463 7342 
3 7341 7462 7342 
3 7461 7462 7341 
3 7340 7461 7341 
3 7460 7461 7340 
3 7339 7460 7340 
3 7459 7460 7339 
3 7338 7459 7339 
3 7458 7459 7338 
3 7337 7458 7338 
3 7457 7458 7337 
3 7336 7457 7337 
3 7456 7457 7336 
3 7335 7456 7336 
3 7455 7456 7335 
3 7334 7455 7335 
3 7454 7455 7334 
3 7333 7454 7334 
3 7453 7454 7333 
3 7332 7453 7333 
3 7452 7453 7332 
3 7331 7452 7332 
3 7451 7452 7331 
3 7330 7451 7331 
3 7450 7451 7330 
3 7329 7450 7330 
3 7449 7450 7329 
3 7328 7449 7329 
3 7448 7449 7328 
3 7327 7448 7328 
3 7447 7448 7327 
3 7326 7447 7327 
3 7446 7447 7326 
3 7325 7446 7326 
3 7445 7446 7325 
3 7324 7445 7325 
3 7444 7445 7324 
3 7323 7444 7324 
3 7443 7444 7323 
3 7322 7443 7323 
3 7442 7443 7322 
3 7321 7442 7322 
3 7441 7442 7321 
3 7320 7441 7321 
3 7440 7441 7320 
3 7191 7312 7192 
3 7311 7312 7191 
3 7190 7311 7191 
3 7310 7311 7190 
3 7189 7310 7190 
3 7309 7310 7189 
3 7188 7309 7189 
3 7308 7309 7188 
3 7187 7308 7188 
3 7307 7308 7187 
3 7186 7307 7187 
3 7306 7307 7186 
3 7185 7306 7186 
3 7305 7306 7185 
3 7184 7305 7185 
3 7304 7305 7184 
3 7183 7304 7184 
3 7303 7304 7183 
3 7182 7303 7183 
3 7302 7303 7182 
3 7181 7302 7182 
3 7301 7302 7181 
3 7180 7301 7181 
3 7300 7301 7180 
3 7179 7300 7180 
3 7299 7300 7179 
3 7178 7299 7179 
3 7298 7299 7178 
3 7177 7298 7178 
3 7297 7298 7177 
3 7176 7297 7177 
3 7296 7297 7176 
3 7175 7296 7176 
3 7295 7296 7175 
3 7174 7295 7175 
3 7294 7295 7174 
3 7173 7294 7174 
3 7293 7294 7173 
3 7172 7293 7173 
3 7292 7293 7172 
3 7171 7292 7172 
3 7291 7292 7171 
3 7170 7291 7171 
3 7290 7291 7170 
3 7169 7290 7170 
3 7289 7290 7169 
3 7168 7289 7169 
3 7288 7289 7168 
3 7167 7288 7168 
3 7287 7288 7167 
3 7166 7287 7167 
3 7286 7287 7166 
3 7165 7286 7166 
3 7285 7286 7165 
3 7164 7285 7165 
3 7284 7285 7164 
3 7163 7284 7164 
3 7283 7284 7163 
3 7162 7283 7163 
3 7282 7283 7162 
3 7161 7282 7162 
3 7281 7282 7161 
3 7160 7281 7161 
3 7280 7281 7160 
3 7159 7280 7160 
3 7279 7280 7159 
3 7158 7279 7159 
3 7278 7279 7158 
3 7157 7278 7158 
3 7277 7278 7157 
3 7156 7277 7157 
3 7276 7277 7156 
3 7155 7276 7156 
3 7275 7276 7155 
3 7154 7275 7155 
3 7274 7275 7154 
3 7153 7274 7154 
3 7273 7274 7153 
3 7152 7273 7153 
3 7272 7273 7152 
3 7151 7272 7152 
3 7271 7272 7151 
3 7150 7271 7151 
3 7270 7271 7150 
3 7149 7270 7150 
3 7269 7270 7149 
3 7148 7269 7149 
3 7268 7269 7148 
3 7147 7268 7148 
3 7267 7268 7147 
3 7146 7267 7147 
3 7266 7267 7146 
3 7145 7266 7146 
3 7265 7266 7145 
3 7144 7265 7145 
3 7264 7265 7144 
3 7143 7264 7144 
3 7263 7264 7143 
3 7142 7263 7143 
3 7262 7263 7142 
3 7141 7262 7142 
3 7261 7262 7141 
3 7140 7261 7141 
3 7260 7261 7140 
3 7139 7260 7140 
3 7259 7260 7139 
3 7138 7259 7139 
3 7258 7259 7138 
3 7137 7258 7138 
3 7257 7258 7137 
3 7136 7257 7137 
3 7256 7257 7136 
3 7135 7256 7136 
3 7255 7256 7135 
3 7134 7255 7135 
3 7254 7255 7134 
3 7133 7254 7134 
3 7253 7254 7133 
3 7132 7253 7133 
3 7252 7253 7132 
3 7131 7252 7132 
3 7251 7252 7131 
3 7130 7251 7131 
3 7250 7251 7130 
3 7129 7250 7130 
3 7249 7250 7129 
3 7128 7249 7129 
3 7248 7249 7128 
3 7127 7248 7128 
3 7247 7248 7127 
3 7126 7247 7127 
3 7246 7247 7126 
3 7125 7246 7126 
3 7245 7246 7125 
3 6838 6959 6839 
3 6958 6959 6838 
3 6837 6958 6838 
3 6957 6958 6837 
3 6836 6957 6837 
3 6956 6957 6836 
3 6835 6956 6836 
3 6955 6956 6835 
3 6834 6955 6835 
3 6954 6955 6834 
3 6833 6954 6834 
3 6953 6954 6833 
3 6832 6953 6833 
3 6952 6953 6832 
3 6831 6952 6832 
3 6951 6952 6831 
3 6830 6951 6831 
3 6950 6951 6830 
3 6829 6950 6830 
3 6949 6950 6829 
3 6828 6949 6829 
3 6948 6949 6828 
3 6827 6948 6828 
3 6947 6948 6827 
3 6826 6947 6827 
3 6946 6947 6826 
3 6825 6946 6826 
3 6945 6946 6825 
3 6824 6945 6825 
3 6944 6945 6824 
3 6823 6944 6824 
3 6943 6944 6823 
3 6822 6943 6823 
3 6942 6943 6822 
3 6821 6942 6822 
3 6941 6942 6821 
3 6820 6941 6821 
3 6940 6941 6820 
3 6819 6940 6820 
3 6939 6940 6819 
3 6818 6939 6819 
3 6938 6939 6818 
3 6817 6938 6818 
3 6937 6938 6817 
3 6938 6937 7058 
3 7057 7058 6937 
3 6936 7057 6937 
3 7056 7057 6936 
3 6935 7056 6936 
3 7055 7056 6935 
3 6934 7055 6935 
3 7054 7055 6934 
3 6933 7054 6934 
3 7053 7054 6933 
3 6932 7053 6933 
3 7052 7053 6932 
3 6931 7052 6932 
3 7051 7052 6931 
3 6930 7051 6931 
3 7050 7051 6930 
3 6929 7050 6930 
3 7049 7050 6929 
3 6928 7049 6929 
3 7048 7049 6928 
3 6927 7048 6928 
3 7047 7048 6927 
3 6926 7047 6927 
3 7046 7047 6926 
3 6925 7046 6926 
3 7045 7046 6925 
3 6924 7045 6925 
3 7044 7045 6924 
3 6923 7044 6924 
3 7043 7044 6923 
3 6922 7043 6923 
3 7042 7043 6922 
3 6921 7042 6922 
3 7041 7042 6921 
3 6920 7041 6921 
3 7040 7041 6920 
3 6919 7040 6920 
3 7039 7040 6919 
3 6918 7039 6919 
3 7038 7039 6918 
3 6917 7038 6918 
3 7037 7038 6917 
3 6916 7037 6917 
3 7036 7037 6916 
3 6915 7036 6916 
3 7035 7036 6915 
3 6914 7035 6915 
3 7034 7035 6914 
3 6913 7034 6914 
3 7033 7034 6913 
3 6912 7033 6913 
3 7032 7033 6912 
3 6911 7032 6912 
3 7031 7032 6911 
3 6910 7031 6911 
3 7030 7031 6910 
3 6909 7030 6910 
3 7029 7030 6909 
3 6908 7029 6909 
3 7028 7029 6908 
3 6907 7028 6908 
3 7027 7028 6907 
3 6906 7027 6907 
3 7026 7027 6906 
3 6905 7026 6906 
3 7025 7026 6905 
3 6904 7025 6905 
3 7024 7025 6904 
3 6903 7024 6904 
3 7023 7024 6903 
3 6902 7023 6903 
3 7022 7023 6902 
3 6901 7022 6902 
3 7021 7022 6901 
3 6900 7021 6901 
3 7020 7021 6900 
3 6899 7020 6900 
3 7019 7020 6899 
3 6898 7019 6899 
3 7018 7019 6898 
3 6897 7018 6898 
3 7017 7018 6897 
3 6896 7017 6897 
3 7016 7017 6896 
3 6895 7016 6896 
3 7015 7016 6895 
3 6894 7015 6895 
3 7014 7015 6894 
3 6893 7014 6894 
3 7013 7014 6893 
3 6892 7013 6893 
3 7012 7013 6892 
3 6891 7012 6892 
3 7011 7012 6891 
3 6890 7011 6891 
3 7010 7011 6890 
3 6889 7010 6890 
3 7009 7010 6889 
3 6888 7009 6889 
3 7008 7009 6888 
3 6887 7008 6888 
3 7007 7008 6887 
3 6886 7007 6887 
3 7006 7007 6886 
3 6885 7006 6886 
3 7005 7006 6885 
3 6884 7005 6885 
3 7004 7005 6884 
3 6883 7004 6884 
3 7003 7004 6883 
3 6882 7003 6883 
3 7002 7003 6882 
3 6881 7002 6882 
3 7001 7002 6881 
3 6880 7001 6881 
3 7000 7001 6880 
3 6879 7000 6880 
3 6999 7000 6879 
3 6878 6999 6879 
3 6998 6999 6878 
3 6877 6998 6878 
3 6997 6998 6877 
3 6876 6997 6877 
3 6996 6997 6876 
3 6875 6996 6876 
3 6995 6996 6875 
3 6874 6995 6875 
3 6994 6995 6874 
3 6873 6994 6874 
3 6993 6994 6873 
3 6872 6993 6873 
3 6992 6993 6872 
3 6871 6992 6872 
3 6991 6992 6871 
3 6870 6991 6871 
3 6990 6991 6870 
3 6869 6990 6870 
3 6989 6990 6869 
3 6868 6989 6869 
3 6988 6989 6868 
3 6867 6988 6868 
3 6987 6988 6867 
3 6866 6987 6867 
3 6986 6987 6866 
3 6865 6986 6866 
3 6985 6986 6865 
3 6864 6985 6865 
3 6984 6985 6864 
3 6863 6984 6864 
3 6983 6984 6863 
3 6862 6983 6863 
3 6982 6983 6862 
3 6861 6982 6862 
3 6981 6982 6861 
3 6860 6981 6861 
3 6980 6981 6860 
3 6859 6980 6860 
3 6979 6980 6859 
3 6858 6979 6859 
3 6978 6979 6858 
3 6857 6978 6858 
3 6977 6978 6857 
3 6856 6977 6857 
3 6976 6977 6856 
3 6855 6976 6856 
3 6975 6976 6855 
3 6854 6975 6855 
3 6974 6975 6854 
3 6853 6974 6854 
3 6973 6974 6853 
3 6852 6973 6853 
3 6972 6973 6852 
3 6851 6972 6852 
3 6971 6972 6851 
3 6850 6971 6851 
3 6970 6971 6850 
3 6849 6970 6850 
3 6969 6970 6849 
3 6848 6969 6849 
3 6968 6969 6848 
3 6847 6968 6848 
3 6967 6968 6847 
3 6846 6967 6847 
3 6966 6967 6846 
3 6845 6966 6846 
3 6965 6966 6845 
3 6844 6965 6845 
3 6964 6965 6844 
3 6843 6964 6844 
3 6963 6964 6843 
3 6842 6963 6843 
3 6962 6963 6842 
3 6841 6962 6842 
3 6961 6962 6841 
3 6840 6961 6841 
3 6960 6961 6840 
3 6958 7079 6959 
3 7078 7079 6958 
3 6957 7078 6958 
3 7077 7078 6957 
3 6956 7077 6957 
3 7076 7077 6956 
3 6955 7076 6956 
3 7075 7076 6955 
3 6954 7075 6955 
3 7074 7075 6954 
3 6953 7074 6954 
3 7073 7074 6953 
3 6952 7073 6953 
3 7072 7073 6952 
3 6951 7072 6952 
3 7071 7072 6951 
3 6950 7071 6951 
3 7070 7071 6950 
3 6949 7070 6950 
3 7069 7070 6949 
3 6948 7069 6949 
3 7068 7069 6948 
3 6947 7068 6948 
3 7067 7068 6947 
3 6946 7067 6947 
3 7066 7067 6946 
3 6945 7066 6946 
3 7065 7066 6945 
3 6944 7065 6945 
3 7064 7065 6944 
3 6943 7064 6944 
3 7063 7064 6943 
3 6942 7063 6943 
3 7062 7063 6942 
3 6941 7062 6942 
3 7061 7062 6941 
3 6940 7061 6941 
3 7060 7061 6940 
3 6939 7060 6940 
3 7059 7060 6939 
3 6938 7059 6939 
3 7058 7059 6938 
3 7003 7124 7004 
3 7123 7124 7003 
3 7002 7123 7003 
3 7122 7123 7002 
3 7001 7122 7002 
3 7121 7122 7001 
3 7000 7121 7001 
3 7120 7121 7000 
3 6999 7120 7000 
3 7119 7120 6999 
3 6998 7119 6999 
3 7118 7119 6998 
3 6997 7118 6998 
3 7117 7118 6997 
3 6996 7117 6997 
3 7116 7117 6996 
3 6995 7116 6996 
3 7115 7116 6995 
3 6994 7115 6995 
3 7114 7115 6994 
3 6993 7114 6994 
3 7113 7114 6993 
3 6992 7113 6993 
3 7112 7113 6992 
3 6991 7112 6992 
3 7111 7112 6991 
3 6990 7111 6991 
3 7110 7111 6990 
3 6989 7110 6990 
3 7109 7110 6989 
3 6988 7109 6989 
3 7108 7109 6988 
3 6987 7108 6988 
3 7107 7108 6987 
3 6986 7107 6987 
3 7106 7107 6986 
3 6985 7106 6986 
3 7105 7106 6985 
3 6984 7105 6985 
3 7104 7105 6984 
3 6983 7104 6984 
3 7103 7104 6983 
3 6982 7103 6983 
3 7102 7103 6982 
3 6981 7102 6982 
3 7101 7102 6981 
3 6980 7101 6981 
3 7100 7101 6980 
3 6979 7100 6980 
3 7099 7100 6979 
3 6978 7099 6979 
3 7098 7099 6978 
3 6977 7098 6978 
3 7097 7098 6977 
3 6976 7097 6977 
3 7096 7097 6976 
3 6975 7096 6976 
3 7095 7096 6975 
3 6974 7095 6975 
3 7094 7095 6974 
3 6973 7094 6974 
3 7093 7094 6973 
3 6972 7093 6973 
3 7092 7093 6972 
3 6971 7092 6972 
3 7091 7092 6971 
3 6970 7091 6971 
3 7090 7091 6970 
3 6969 7090 6970 
3 7089 7090 6969 
3 6968 7089 6969 
3 7088 7089 6968 
3 6967 7088 6968 
3 7087 7088 6967 
3 6966 7087 6967 
3 7086 7087 6966 
3 6965 7086 6966 
3 7085 7086 6965 
3 6964 7085 6965 
3 7084 7085 6964 
3 6963 7084 6964 
3 7083 7084 6963 
3 6962 7083 6963 
3 7082 7083 6962 
3 6961 7082 6962 
3 7081 7082 6961 
3 6960 7081 6961 
3 7080 7081 6960 
3 6816 6937 6817 
3 6936 6937 6816 
3 6815 6936 6816 
3 6935 6936 6815 
3 6814 6935 6815 
3 6934 6935 6814 
3 6813 6934 6814 
3 6933 6934 6813 
3 6812 6933 6813 
3 6932 6933 6812 
3 6811 6932 6812 
3 6931 6932 6811 
3 6810 6931 6811 
3 6930 6931 6810 
3 6809 6930 6810 
3 6929 6930 6809 
3 6808 6929 6809 
3 6928 6929 6808 
3 6807 6928 6808 
3 6927 6928 6807 
3 6806 6927 6807 
3 6926 6927 6806 
3 6805 6926 6806 
3 6925 6926 6805 
3 6804 6925 6805 
3 6924 6925 6804 
3 6803 6924 6804 
3 6923 6924 6803 
3 6802 6923 6803 
3 6922 6923 6802 
3 6801 6922 6802 
3 6921 6922 6801 
3 6800 6921 6801 
3 6920 6921 6800 
3 6799 6920 6800 
3 6919 6920 6799 
3 6798 6919 6799 
3 6918 6919 6798 
3 6797 6918 6798 
3 6917 6918 6797 
3 6796 6917 6797 
3 6916 6917 6796 
3 6795 6916 6796 
3 6915 6916 6795 
3 6794 6915 6795 
3 6914 6915 6794 
3 6793 6914 6794 
3 6913 6914 6793 
3 6792 6913 6793 
3 6912 6913 6792 
3 6791 6912 6792 
3 6911 6912 6791 
3 6790 6911 6791 
3 6910 6911 6790 
3 6789 6910 6790 
3 6909 6910 6789 
3 6788 6909 6789 
3 6908 6909 6788 
3 6787 6908 6788 
3 6907 6908 6787 
3 6786 6907 6787 
3 6906 6907 6786 
3 6785 6906 6786 
3 6905 6906 6785 
3 6784 6905 6785 
3 6904 6905 6784 
3 6783 6904 6784 
3 6903 6904 6783 
3 6782 6903 6783 
3 6902 6903 6782 
3 6781 6902 6782 
3 6901 6902 6781 
3 6780 6901 6781 
3 6900 6901 6780 
3 6779 6900 6780 
3 6899 6900 6779 
3 6778 6899 6779 
3 6898 6899 6778 
3 6777 6898 6778 
3 6897 6898 6777 
3 6776 6897 6777 
3 6896 6897 6776 
3 6775 6896 6776 
3 6895 6896 6775 
3 6774 6895 6775 
3 6894 6895 6774 
3 6773 6894 6774 
3 6893 6894 6773 
3 6772 6893 6773 
3 6892 6893 6772 
3 6771 6892 6772 
3 6891 6892 6771 
3 6770 6891 6771 
3 6890 6891 6770 
3 6769 6890 6770 
3 6889 6890 6769 
3 6768 6889 6769 
3 6888 6889 6768 
3 6767 6888 6768 
3 6887 6888 6767 
3 6766 6887 6767 
3 6886 6887 6766 
3 6765 6886 6766 
3 6885 6886 6765 
3 6764 6885 6765 
3 6884 6885 6764 
3 6763 6884 6764 
3 6883 6884 6763 
3 6762 6883 6763 
3 6882 6883 6762 
3 6761 6882 6762 
3 6881 6882 6761 
3 6760 6881 6761 
3 6880 6881 6760 
3 6759 6880 6760 
3 6879 6880 6759 
3 6758 6879 6759 
3 6878 6879 6758 
3 6757 6878 6758 
3 6877 6878 6757 
3 6756 6877 6757 
3 6876 6877 6756 
3 6755 6876 6756 
3 6875 6876 6755 
3 6754 6875 6755 
3 6874 6875 6754 
3 6753 6874 6754 
3 6873 6874 6753 
3 6752 6873 6753 
3 6872 6873 6752 
3 6751 6872 6752 
3 6871 6872 6751 
3 6750 6871 6751 
3 6870 6871 6750 
3 6358 6479 6359 
3 6478 6479 6358 
3 6357 6478 6358 
3 6477 6478 6357 
3 6356 6477 6357 
3 6476 6477 6356 
3 6355 6476 6356 
3 6475 6476 6355 
3 6354 6475 6355 
3 6474 6475 6354 
3 6353 6474 6354 
3 6473 6474 6353 
3 6352 6473 6353 
3 6472 6473 6352 
3 6351 6472 6352 
3 6471 6472 6351 
3 6350 6471 6351 
3 6470 6471 6350 
3 6349 6470 6350 
3 6469 6470 6349 
3 6348 6469 6349 
3 6468 6469 6348 
3 6347 6468 6348 
3 6467 6468 6347 
3 6346 6467 6347 
3 6466 6467 6346 
3 6345 6466 6346 
3 6465 6466 6345 
3 6344 6465 6345 
3 6464 6465 6344 
3 6343 6464 6344 
3 6463 6464 6343 
3 6342 6463 6343 
3 6462 6463 6342 
3 6341 6462 6342 
3 6461 6462 6341 
3 6340 6461 6341 
3 6460 6461 6340 
3 6339 6460 6340 
3 6459 6460 6339 
3 6338 6459 6339 
3 6458 6459 6338 
3 6337 6458 6338 
3 6457 6458 6337 
3 6336 6457 6337 
3 6456 6457 6336 
3 6335 6456 6336 
3 6455 6456 6335 
3 6334 6455 6335 
3 6454 6455 6334 
3 6333 6454 6334 
3 6453 6454 6333 
3 6332 6453 6333 
3 6452 6453 6332 
3 6331 6452 6332 
3 6451 6452 6331 
3 6330 6451 6331 
3 6450 6451 6330 
3 6329 6450 6330 
3 6449 6450 6329 
3 6328 6449 6329 
3 6448 6449 6328 
3 6327 6448 6328 
3 6447 6448 6327 
3 6326 6447 6327 
3 6446 6447 6326 
3 6325 6446 6326 
3 6445 6446 6325 
3 6324 6445 6325 
3 6444 6445 6324 
3 6323 6444 6324 
3 6443 6444 6323 
3 6322 6443 6323 
3 6442 6443 6322 
3 6321 6442 6322 
3 6441 6442 6321 
3 6320 6441 6321 
3 6440 6441 6320 
3 6319 6440 6320 
3 6439 6440 6319 
3 6318 6439 6319 
3 6438 6439 6318 
3 6317 6438 6318 
3 6437 6438 6317 
3 6316 6437 6317 
3 6436 6437 6316 
3 6315 6436 6316 
3 6435 6436 6315 
3 6314 6435 6315 
3 6434 6435 6314 
3 6313 6434 6314 
3 6433 6434 6313 
3 6312 6433 6313 
3 6432 6433 6312 
3 6311 6432 6312 
3 6431 6432 6311 
3 6310 6431 6311 
3 6430 6431 6310 
3 6309 6430 6310 
3 6429 6430 6309 
3 6308 6429 6309 
3 6428 6429 6308 
3 6307 6428 6308 
3 6427 6428 6307 
3 6306 6427 6307 
3 6426 6427 6306 
3 6305 6426 6306 
3 6425 6426 6305 
3 6304 6425 6305 
3 6424 6425 6304 
3 6303 6424 6304 
3 6423 6424 6303 
3 6302 6423 6303 
3 6422 6423 6302 
3 6301 6422 6302 
3 6421 6422 6301 
3 6300 6421 6301 
3 6420 6421 6300 
3 6299 6420 6300 
3 6419 6420 6299 
3 6298 6419 6299 
3 6418 6419 6298 
3 6297 6418 6298 
3 6417 6418 6297 
3 6296 6417 6297 
3 6416 6417 6296 
3 6295 6416 6296 
3 6415 6416 6295 
3 6294 6415 6295 
3 6414 6415 6294 
3 6293 6414 6294 
3 6413 6414 6293 
3 6292 6413 6293 
3 6412 6413 6292 
3 6291 6412 6292 
3 6411 6412 6291 
3 6290 6411 6291 
3 6410 6411 6290 
3 6289 6410 6290 
3 6409 6410 6289 
3 6288 6409 6289 
3 6408 6409 6288 
3 6287 6408 6288 
3 6407 6408 6287 
3 6286 6407 6287 
3 6406 6407 6286 
3 6285 6406 6286 
3 6405 6406 6285 
3 6284 6405 6285 
3 6404 6405 6284 
3 6283 6404 6284 
3 6403 6404 6283 
3 6282 6403 6283 
3 6402 6403 6282 
3 6281 6402 6282 
3 6401 6402 6281 
3 6280 6401 6281 
3 6400 6401 6280 
3 6279 6400 6280 
3 6399 6400 6279 
3 6278 6399 6279 
3 6398 6399 6278 
3 6277 6398 6278 
3 6397 6398 6277 
3 6276 6397 6277 
3 6396 6397 6276 
3 6275 6396 6276 
3 6395 6396 6275 
3 6274 6395 6275 
3 6394 6395 6274 
3 6273 6394 6274 
3 6393 6394 6273 
3 6272 6393 6273 
3 6392 6393 6272 
3 6271 6392 6272 
3 6391 6392 6271 
3 6270 6391 6271 
3 6390 6391 6270 
3 6269 6390 6270 
3 6389 6390 6269 
3 6268 6389 6269 
3 6388 6389 6268 
3 6267 6388 6268 
3 6387 6388 6267 
3 6266 6387 6267 
3 6386 6387 6266 
3 6265 6386 6266 
3 6385 6386 6265 
3 6264 6385 6265 
3 6384 6385 6264 
3 6263 6384 6264 
3 6383 6384 6263 
3 6262 6383 6263 
3 6382 6383 6262 
3 6261 6382 6262 
3 6381 6382 6261 
3 6260 6381 6261 
3 6380 6381 6260 
3 6259 6380 6260 
3 6379 6380 6259 
3 6258 6379 6259 
3 6378 6379 6258 
3 6257 6378 6258 
3 6377 6378 6257 
3 6256 6377 6257 
3 6376 6377 6256 
3 6255 6376 6256 
3 6375 6376 6255 
3 6254 6375 6255 
3 6374 6375 6254 
3 6375 6374 6495 
3 6494 6495 6374 
3 6373 6494 6374 
3 6493 6494 6373 
3 6372 6493 6373 
3 6492 6493 6372 
3 6371 6492 6372 
3 6491 6492 6371 
3 6370 6491 6371 
3 6490 6491 6370 
3 6369 6490 6370 
3 6489 6490 6369 
3 6368 6489 6369 
3 6488 6489 6368 
3 6367 6488 6368 
3 6487 6488 6367 
3 6366 6487 6367 
3 6486 6487 6366 
3 6365 6486 6366 
3 6485 6486 6365 
3 6364 6485 6365 
3 6484 6485 6364 
3 6363 6484 6364 
3 6483 6484 6363 
3 6362 6483 6363 
3 6482 6483 6362 
3 6361 6482 6362 
3 6481 6482 6361 
3 6360 6481 6361 
3 6480 6481 6360 
3 6478 6599 6479 
3 6598 6599 6478 
3 6477 6598 6478 
3 6597 6598 6477 
3 6476 6597 6477 
3 6596 6597 6476 
3 6475 6596 6476 
3 6595 6596 6475 
3 6474 6595 6475 
3 6594 6595 6474 
3 6473 6594 6474 
3 6593 6594 6473 
3 6472 6593 6473 
3 6592 6593 6472 
3 6471 6592 6472 
3 6591 6592 6471 
3 6470 6591 6471 
3 6590 6591 6470 
3 6469 6590 6470 
3 6589 6590 6469 
3 6468 6589 6469 
3 6588 6589 6468 
3 6467 6588 6468 
3 6587 6588 6467 
3 6466 6587 6467 
3 6586 6587 6466 
3 6465 6586 6466 
3 6585 6586 6465 
3 6464 6585 6465 
3 6584 6585 6464 
3 6463 6584 6464 
3 6583 6584 6463 
3 6462 6583 6463 
3 6582 6583 6462 
3 6461 6582 6462 
3 6581 6582 6461 
3 6460 6581 6461 
3 6580 6581 6460 
3 6459 6580 6460 
3 6579 6580 6459 
3 6458 6579 6459 
3 6578 6579 6458 
3 6457 6578 6458 
3 6577 6578 6457 
3 6456 6577 6457 
3 6576 6577 6456 
3 6455 6576 6456 
3 6575 6576 6455 
3 6454 6575 6455 
3 6574 6575 6454 
3 6453 6574 6454 
3 6573 6574 6453 
3 6452 6573 6453 
3 6572 6573 6452 
3 6451 6572 6452 
3 6571 6572 6451 
3 6450 6571 6451 
3 6570 6571 6450 
3 6449 6570 6450 
3 6569 6570 6449 
3 6448 6569 6449 
3 6568 6569 6448 
3 6447 6568 6448 
3 6567 6568 6447 
3 6446 6567 6447 
3 6566 6567 6446 
3 6445 6566 6446 
3 6565 6566 6445 
3 6444 6565 6445 
3 6564 6565 6444 
3 6443 6564 6444 
3 6563 6564 6443 
3 6442 6563 6443 
3 6562 6563 6442 
3 6563 6562 6683 
3 6682 6683 6562 
3 6561 6682 6562 
3 6681 6682 6561 
3 6560 6681 6561 
3 6680 6681 6560 
3 6559 6680 6560 
3 6679 6680 6559 
3 6558 6679 6559 
3 6678 6679 6558 
3 6557 6678 6558 
3 6677 6678 6557 
3 6556 6677 6557 
3 6676 6677 6556 
3 6555 6676 6556 
3 6675 6676 6555 
3 6554 6675 6555 
3 6674 6675 6554 
3 6553 6674 6554 
3 6673 6674 6553 
3 6552 6673 6553 
3 6672 6673 6552 
3 6551 6672 6552 
3 6671 6672 6551 
3 6550 6671 6551 
3 6670 6671 6550 
3 6549 6670 6550 
3 6669 6670 6549 
3 6548 6669 6549 
3 6668 6669 6548 
3 6547 6668 6548 
3 6667 6668 6547 
3 6546 6667 6547 
3 6666 6667 6546 
3 6545 6666 6546 
3 6665 6666 6545 
3 6544 6665 6545 
3 6664 6665 6544 
3 6543 6664 6544 
3 6663 6664 6543 
3 6542 6663 6543 
3 6662 6663 6542 
3 6541 6662 6542 
3 6661 6662 6541 
3 6540 6661 6541 
3 6660 6661 6540 
3 6539 6660 6540 
3 6659 6660 6539 
3 6538 6659 6539 
3 6658 6659 6538 
3 6537 6658 6538 
3 6657 6658 6537 
3 6536 6657 6537 
3 6656 6657 6536 
3 6535 6656 6536 
3 6655 6656 6535 
3 6534 6655 6535 
3 6654 6655 6534 
3 6533 6654 6534 
3 6653 6654 6533 
3 6532 6653 6533 
3 6652 6653 6532 
3 6531 6652 6532 
3 6651 6652 6531 
3 6530 6651 6531 
3 6650 6651 6530 
3 6529 6650 6530 
3 6649 6650 6529 
3 6528 6649 6529 
3 6648 6649 6528 
3 6527 6648 6528 
3 6647 6648 6527 
3 6526 6647 6527 
3 6646 6647 6526 
3 6525 6646 6526 
3 6645 6646 6525 
3 6524 6645 6525 
3 6644 6645 6524 
3 6523 6644 6524 
3 6643 6644 6523 
3 6522 6643 6523 
3 6642 6643 6522 
3 6521 6642 6522 
3 6641 6642 6521 
3 6520 6641 6521 
3 6640 6641 6520 
3 6519 6640 6520 
3 6639 6640 6519 
3 6518 6639 6519 
3 6638 6639 6518 
3 6517 6638 6518 
3 6637 6638 6517 
3 6516 6637 6517 
3 6636 6637 6516 
3 6515 6636 6516 
3 6635 6636 6515 
3 6514 6635 6515 
3 6634 6635 6514 
3 6513 6634 6514 
3 6633 6634 6513 
3 6512 6633 6513 
3 6632 6633 6512 
3 6511 6632 6512 
3 6631 6632 6511 
3 6510 6631 6511 
3 6630 6631 6510 
3 6509 6630 6510 
3 6629 6630 6509 
3 6508 6629 6509 
3 6628 6629 6508 
3 6507 6628 6508 
3 6627 6628 6507 
3 6506 6627 6507 
3 6626 6627 6506 
3 6505 6626 6506 
3 6625 6626 6505 
3 6504 6625 6505 
3 6624 6625 6504 
3 6503 6624 6504 
3 6623 6624 6503 
3 6502 6623 6503 
3 6622 6623 6502 
3 6501 6622 6502 
3 6621 6622 6501 
3 6500 6621 6501 
3 6620 6621 6500 
3 6499 6620 6500 
3 6619 6620 6499 
3 6498 6619 6499 
3 6618 6619 6498 
3 6497 6618 6498 
3 6617 6618 6497 
3 6496 6617 6497 
3 6616 6617 6496 
3 6495 6616 6496 
3 6615 6616 6495 
3 6494 6615 6495 
3 6614 6615 6494 
3 6493 6614 6494 
3 6613 6614 6493 
3 6492 6613 6493 
3 6612 6613 6492 
3 6491 6612 6492 
3 6611 6612 6491 
3 6490 6611 6491 
3 6610 6611 6490 
3 6489 6610 6490 
3 6609 6610 6489 
3 6488 6609 6489 
3 6608 6609 6488 
3 6487 6608 6488 
3 6607 6608 6487 
3 6486 6607 6487 
3 6606 6607 6486 
3 6485 6606 6486 
3 6605 6606 6485 
3 6484 6605 6485 
3 6604 6605 6484 
3 6483 6604 6484 
3 6603 6604 6483 
3 6482 6603 6483 
3 6602 6603 6482 
3 6481 6602 6482 
3 6601 6602 6481 
3 6480 6601 6481 
3 6600 6601 6480 
3 6598 6719 6599 
3 6718 6719 6598 
3 6597 6718 6598 
3 6717 6718 6597 
3 6596 6717 6597 
3 6716 6717 6596 
3 6595 6716 6596 
3 6715 6716 6595 
3 6594 6715 6595 
3 6714 6715 6594 
3 6593 6714 6594 
3 6713 6714 6593 
3 6592 6713 6593 
3 6712 6713 6592 
3 6591 6712 6592 
3 6711 6712 6591 
3 6590 6711 6591 
3 6710 6711 6590 
3 6589 6710 6590 
3 6709 6710 6589 
3 6588 6709 6589 
3 6708 6709 6588 
3 6587 6708 6588 
3 6707 6708 6587 
3 6586 6707 6587 
3 6706 6707 6586 
3 6585 6706 6586 
3 6705 6706 6585 
3 6584 6705 6585 
3 6704 6705 6584 
3 6583 6704 6584 
3 6703 6704 6583 
3 6582 6703 6583 
3 6702 6703 6582 
3 6581 6702 6582 
3 6701 6702 6581 
3 6580 6701 6581 
3 6700 6701 6580 
3 6579 6700 6580 
3 6699 6700 6579 
3 6578 6699 6579 
3 6698 6699 6578 
3 6577 6698 6578 
3 6697 6698 6577 
3 6576 6697 6577 
3 6696 6697 6576 
3 6575 6696 6576 
3 6695 6696 6575 
3 6574 6695 6575 
3 6694 6695 6574 
3 6573 6694 6574 
3 6693 6694 6573 
3 6572 6693 6573 
3 6692 6693 6572 
3 6571 6692 6572 
3 6691 6692 6571 
3 6570 6691 6571 
3 6690 6691 6570 
3 6569 6690 6570 
3 6689 6690 6569 
3 6568 6689 6569 
3 6688 6689 6568 
3 6567 6688 6568 
3 6687 6688 6567 
3 6566 6687 6567 
3 6686 6687 6566 
3 6565 6686 6566 
3 6685 6686 6565 
3 6564 6685 6565 
3 6684 6685 6564 
3 6563 6684 6564 
3 6683 6684 6563 
3 6628 6749 6629 
3 6748 6749 6628 
3 6627 6748 6628 
3 6747 6748 6627 
3 6626 6747 6627 
3 6746 6747 6626 
3 6625 6746 6626 
3 6745 6746 6625 
3 6624 6745 6625 
3 6744 6745 6624 
3 6623 6744 6624 
3 6743 6744 6623 
3 6622 6743 6623 
3 6742 6743 6622 
3 6621 6742 6622 
3 6741 6742 6621 
3 6620 6741 6621 
3 6740 6741 6620 
3 6619 6740 6620 
3 6739 6740 6619 
3 6618 6739 6619 
3 6738 6739 6618 
3 6617 6738 6618 
3 6737 6738 6617 
3 6616 6737 6617 
3 6736 6737 6616 
3 6615 6736 6616 
3 6735 6736 6615 
3 6614 6735 6615 
3 6734 6735 6614 
3 6613 6734 6614 
3 6733 6734 6613 
3 6612 6733 6613 
3 6732 6733 6612 
3 6611 6732 6612 
3 6731 6732 6611 
3 6610 6731 6611 
3 6730 6731 6610 
3 6609 6730 6610 
3 6729 6730 6609 
3 6608 6729 6609 
3 6728 6729 6608 
3 6607 6728 6608 
3 6727 6728 6607 
3 6606 6727 6607 
3 6726 6727 6606 
3 6605 6726 6606 
3 6725 6726 6605 
3 6604 6725 6605 
3 6724 6725 6604 
3 6603 6724 6604 
3 6723 6724 6603 
3 6602 6723 6603 
3 6722 6723 6602 
3 6601 6722 6602 
3 6721 6722 6601 
3 6600 6721 6601 
3 6720 6721 6600 
3 6441 6562 6442 
3 6561 6562 6441 
3 6440 6561 6441 
3 6560 6561 6440 
3 6439 6560 6440 
3 6559 6560 6439 
3 6438 6559 6439 
3 6558 6559 6438 
3 6437 6558 6438 
3 6557 6558 6437 
3 6436 6557 6437 
3 6556 6557 6436 
3 6435 6556 6436 
3 6555 6556 6435 
3 6434 6555 6435 
3 6554 6555 6434 
3 6433 6554 6434 
3 6553 6554 6433 
3 6432 6553 6433 
3 6552 6553 6432 
3 6431 6552 6432 
3 6551 6552 6431 
3 6430 6551 6431 
3 6550 6551 6430 
3 6429 6550 6430 
3 6549 6550 6429 
3 6428 6549 6429 
3 6548 6549 6428 
3 6427 6548 6428 
3 6547 6548 6427 
3 6426 6547 6427 
3 6546 6547 6426 
3 6425 6546 6426 
3 6545 6546 6425 
3 6424 6545 6425 
3 6544 6545 6424 
3 6423 6544 6424 
3 6543 6544 6423 
3 6422 6543 6423 
3 6542 6543 6422 
3 6421 6542 6422 
3 6541 6542 6421 
3 6420 6541 6421 
3 6540 6541 6420 
3 6419 6540 6420 
3 6539 6540 6419 
3 6418 6539 6419 
3 6538 6539 6418 
3 6417 6538 6418 
3 6537 6538 6417 
3 6416 6537 6417 
3 6536 6537 6416 
3 6415 6536 6416 
3 6535 6536 6415 
3 6414 6535 6415 
3 6534 6535 6414 
3 6413 6534 6414 
3 6533 6534 6413 
3 6412 6533 6413 
3 6532 6533 6412 
3 6411 6532 6412 
3 6531 6532 6411 
3 6410 6531 6411 
3 6530 6531 6410 
3 6409 6530 6410 
3 6529 6530 6409 
3 6408 6529 6409 
3 6528 6529 6408 
3 6407 6528 6408 
3 6527 6528 6407 
3 6406 6527 6407 
3 6526 6527 6406 
3 6405 6526 6406 
3 6525 6526 6405 
3 6404 6525 6405 
3 6524 6525 6404 
3 6403 6524 6404 
3 6523 6524 6403 
3 6402 6523 6403 
3 6522 6523 6402 
3 6401 6522 6402 
3 6521 6522 6401 
3 6400 6521 6401 
3 6520 6521 6400 
3 6399 6520 6400 
3 6519 6520 6399 
3 6398 6519 6399 
3 6518 6519 6398 
3 6397 6518 6398 
3 6517 6518 6397 
3 6396 6517 6397 
3 6516 6517 6396 
3 6395 6516 6396 
3 6515 6516 6395 
3 6394 6515 6395 
3 6514 6515 6394 
3 6393 6514 6394 
3 6513 6514 6393 
3 6392 6513 6393 
3 6512 6513 6392 
3 6391 6512 6392 
3 6511 6512 6391 
3 6390 6511 6391 
3 6510 6511 6390 
3 6389 6510 6390 
3 6509 6510 6389 
3 6388 6509 6389 
3 6508 6509 6388 
3 6387 6508 6388 
3 6507 6508 6387 
3 6386 6507 6387 
3 6506 6507 6386 
3 6385 6506 6386 
3 6505 6506 6385 
3 6384 6505 6385 
3 6504 6505 6384 
3 6383 6504 6384 
3 6503 6504 6383 
3 6382 6503 6383 
3 6502 6503 6382 
3 6381 6502 6382 
3 6501 6502 6381 
3 6380 6501 6381 
3 6500 6501 6380 
3 6379 6500 6380 
3 6499 6500 6379 
3 6378 6499 6379 
3 6498 6499 6378 
3 6377 6498 6378 
3 6497 6498 6377 
3 6376 6497 6377 
3 6496 6497 6376 
3 6375 6496 6376 
3 6495 6496 6375 
3 6118 6239 6119 
3 6238 6239 6118 
3 6117 6238 6118 
3 6237 6238 6117 
3 6116 6237 6117 
3 6236 6237 6116 
3 6115 6236 6116 
3 6235 6236 6115 
3 6114 6235 6115 
3 6234 6235 6114 
3 6113 6234 6114 
3 6233 6234 6113 
3 6112 6233 6113 
3 6232 6233 6112 
3 6111 6232 6112 
3 6231 6232 6111 
3 6110 6231 6111 
3 6230 6231 6110 
3 6109 6230 6110 
3 6229 6230 6109 
3 6108 6229 6109 
3 6228 6229 6108 
3 6107 6228 6108 
3 6227 6228 6107 
3 6106 6227 6107 
3 6226 6227 6106 
3 6105 6226 6106 
3 6225 6226 6105 
3 6104 6225 6105 
3 6224 6225 6104 
3 6103 6224 6104 
3 6223 6224 6103 
3 6102 6223 6103 
3 6222 6223 6102 
3 6101 6222 6102 
3 6221 6222 6101 
3 6100 6221 6101 
3 6220 6221 6100 
3 6099 6220 6100 
3 6219 6220 6099 
3 6098 6219 6099 
3 6218 6219 6098 
3 6097 6218 6098 
3 6217 6218 6097 
3 6096 6217 6097 
3 6216 6217 6096 
3 6095 6216 6096 
3 6215 6216 6095 
3 6094 6215 6095 
3 6214 6215 6094 
3 6093 6214 6094 
3 6213 6214 6093 
3 6092 6213 6093 
3 6212 6213 6092 
3 6091 6212 6092 
3 6211 6212 6091 
3 6090 6211 6091 
3 6210 6211 6090 
3 6089 6210 6090 
3 6209 6210 6089 
3 6088 6209 6089 
3 6208 6209 6088 
3 6087 6208 6088 
3 6207 6208 6087 
3 6086 6207 6087 
3 6206 6207 6086 
3 6085 6206 6086 
3 6205 6206 6085 
3 6084 6205 6085 
3 6204 6205 6084 
3 6083 6204 6084 
3 6203 6204 6083 
3 6082 6203 6083 
3 6202 6203 6082 
3 6081 6202 6082 
3 6201 6202 6081 
3 6080 6201 6081 
3 6200 6201 6080 
3 6079 6200 6080 
3 6199 6200 6079 
3 6078 6199 6079 
3 6198 6199 6078 
3 6077 6198 6078 
3 6197 6198 6077 
3 6076 6197 6077 
3 6196 6197 6076 
3 6075 6196 6076 
3 6195 6196 6075 
3 6074 6195 6075 
3 6194 6195 6074 
3 6073 6194 6074 
3 6193 6194 6073 
3 6072 6193 6073 
3 6192 6193 6072 
3 6071 6192 6072 
3 6191 6192 6071 
3 6070 6191 6071 
3 6190 6191 6070 
3 6069 6190 6070 
3 6189 6190 6069 
3 6068 6189 6069 
3 6188 6189 6068 
3 6067 6188 6068 
3 6187 6188 6067 
3 6188 6187 6308 
3 6307 6308 6187 
3 6186 6307 6187 
3 6306 6307 6186 
3 6185 6306 6186 
3 6305 6306 6185 
3 6184 6305 6185 
3 6304 6305 6184 
3 6183 6304 6184 
3 6303 6304 6183 
3 6182 6303 6183 
3 6302 6303 6182 
3 6181 6302 6182 
3 6301 6302 6181 
3 6180 6301 6181 
3 6300 6301 6180 
3 6179 6300 6180 
3 6299 6300 6179 
3 6178 6299 6179 
3 6298 6299 6178 
3 6177 6298 6178 
3 6297 6298 6177 
3 6176 6297 6177 
3 6296 6297 6176 
3 6175 6296 6176 
3 6295 6296 6175 
3 6174 6295 6175 
3 6294 6295 6174 
3 6173 6294 6174 
3 6293 6294 6173 
3 6172 6293 6173 
3 6292 6293 6172 
3 6171 6292 6172 
3 6291 6292 6171 
3 6170 6291 6171 
3 6290 6291 6170 
3 6169 6290 6170 
3 6289 6290 6169 
3 6168 6289 6169 
3 6288 6289 6168 
3 6167 6288 6168 
3 6287 6288 6167 
3 6166 6287 6167 
3 6286 6287 6166 
3 6165 6286 6166 
3 6285 6286 6165 
3 6164 6285 6165 
3 6284 6285 6164 
3 6163 6284 6164 
3 6283 6284 6163 
3 6162 6283 6163 
3 6282 6283 6162 
3 6161 6282 6162 
3 6281 6282 6161 
3 6160 6281 6161 
3 6280 6281 6160 
3 6159 6280 6160 
3 6279 6280 6159 
3 6158 6279 6159 
3 6278 6279 6158 
3 6157 6278 6158 
3 6277 6278 6157 
3 6156 6277 6157 
3 6276 6277 6156 
3 6155 6276 6156 
3 6275 6276 6155 
3 6154 6275 6155 
3 6274 6275 6154 
3 6153 6274 6154 
3 6273 6274 6153 
3 6152 6273 6153 
3 6272 6273 6152 
3 6151 6272 6152 
3 6271 6272 6151 
3 6150 6271 6151 
3 6270 6271 6150 
3 6149 6270 6150 
3 6269 6270 6149 
3 6148 6269 6149 
3 6268 6269 6148 
3 6147 6268 6148 
3 6267 6268 6147 
3 6146 6267 6147 
3 6266 6267 6146 
3 6145 6266 6146 
3 6265 6266 6145 
3 6144 6265 6145 
3 6264 6265 6144 
3 6143 6264 6144 
3 6263 6264 6143 
3 6142 6263 6143 
3 6262 6263 6142 
3 6141 6262 6142 
3 6261 6262 6141 
3 6140 6261 6141 
3 6260 6261 6140 
3 6139 6260 6140 
3 6259 6260 6139 
3 6138 6259 6139 
3 6258 6259 6138 
3 6137 6258 6138 
3 6257 6258 6137 
3 6136 6257 6137 
3 6256 6257 6136 
3 6135 6256 6136 
3 6255 6256 6135 
3 6134 6255 6135 
3 6254 6255 6134 
3 6133 6254 6134 
3 6253 6254 6133 
3 6132 6253 6133 
3 6252 6253 6132 
3 6131 6252 6132 
3 6251 6252 6131 
3 6130 6251 6131 
3 6250 6251 6130 
3 6129 6250 6130 
3 6249 6250 6129 
3 6128 6249 6129 
3 6248 6249 6128 
3 6127 6248 6128 
3 6247 6248 6127 
3 6126 6247 6127 
3 6246 6247 6126 
3 6125 6246 6126 
3 6245 6246 6125 
3 6124 6245 6125 
3 6244 6245 6124 
3 6123 6244 6124 
3 6243 6244 6123 
3 6122 6243 6123 
3 6242 6243 6122 
3 6121 6242 6122 
3 6241 6242 6121 
3 6120 6241 6121 
3 6240 6241 6120 
3 6238 6359 6239 
3 6358 6359 6238 
3 6237 6358 6238 
3 6357 6358 6237 
3 6236 6357 6237 
3 6356 6357 6236 
3 6235 6356 6236 
3 6355 6356 6235 
3 6234 6355 6235 
3 6354 6355 6234 
3 6233 6354 6234 
3 6353 6354 6233 
3 6232 6353 6233 
3 6352 6353 6232 
3 6231 6352 6232 
3 6351 6352 6231 
3 6230 6351 6231 
3 6350 6351 6230 
3 6229 6350 6230 
3 6349 6350 6229 
3 6228 6349 6229 
3 6348 6349 6228 
3 6227 6348 6228 
3 6347 6348 6227 
3 6226 6347 6227 
3 6346 6347 6226 
3 6225 6346 6226 
3 6345 6346 6225 
3 6224 6345 6225 
3 6344 6345 6224 
3 6223 6344 6224 
3 6343 6344 6223 
3 6222 6343 6223 
3 6342 6343 6222 
3 6221 6342 6222 
3 6341 6342 6221 
3 6220 6341 6221 
3 6340 6341 6220 
3 6219 6340 6220 
3 6339 6340 6219 
3 6218 6339 6219 
3 6338 6339 6218 
3 6217 6338 6218 
3 6337 6338 6217 
3 6216 6337 6217 
3 6336 6337 6216 
3 6215 6336 6216 
3 6335 6336 6215 
3 6214 6335 6215 
3 6334 6335 6214 
3 6213 6334 6214 
3 6333 6334 6213 
3 6212 6333 6213 
3 6332 6333 6212 
3 6211 6332 6212 
3 6331 6332 6211 
3 6210 6331 6211 
3 6330 6331 6210 
3 6209 6330 6210 
3 6329 6330 6209 
3 6208 6329 6209 
3 6328 6329 6208 
3 6207 6328 6208 
3 6327 6328 6207 
3 6206 6327 6207 
3 6326 6327 6206 
3 6205 6326 6206 
3 6325 6326 6205 
3 6204 6325 6205 
3 6324 6325 6204 
3 6203 6324 6204 
3 6323 6324 6203 
3 6202 6323 6203 
3 6322 6323 6202 
3 6201 6322 6202 
3 6321 6322 6201 
3 6200 6321 6201 
3 6320 6321 6200 
3 6199 6320 6200 
3 6319 6320 6199 
3 6198 6319 6199 
3 6318 6319 6198 
3 6197 6318 6198 
3 6317 6318 6197 
3 6196 6317 6197 
3 6316 6317 6196 
3 6195 6316 6196 
3 6315 6316 6195 
3 6194 6315 6195 
3 6314 6315 6194 
3 6193 6314 6194 
3 6313 6314 6193 
3 6192 6313 6193 
3 6312 6313 6192 
3 6191 6312 6192 
3 6311 6312 6191 
3 6190 6311 6191 
3 6310 6311 6190 
3 6189 6310 6190 
3 6309 6310 6189 
3 6188 6309 6189 
3 6308 6309 6188 
3 6253 6374 6254 
3 6373 6374 6253 
3 6252 6373 6253 
3 6372 6373 6252 
3 6251 6372 6252 
3 6371 6372 6251 
3 6250 6371 6251 
3 6370 6371 6250 
3 6249 6370 6250 
3 6369 6370 6249 
3 6248 6369 6249 
3 6368 6369 6248 
3 6247 6368 6248 
3 6367 6368 6247 
3 6246 6367 6247 
3 6366 6367 6246 
3 6245 6366 6246 
3 6365 6366 6245 
3 6244 6365 6245 
3 6364 6365 6244 
3 6243 6364 6244 
3 6363 6364 6243 
3 6242 6363 6243 
3 6362 6363 6242 
3 6241 6362 6242 
3 6361 6362 6241 
3 6240 6361 6241 
3 6360 6361 6240 
3 6066 6187 6067 
3 6186 6187 6066 
3 6065 6186 6066 
3 6185 6186 6065 
3 6064 6185 6065 
3 6184 6185 6064 
3 6063 6184 6064 
3 6183 6184 6063 
3 6062 6183 6063 
3 6182 6183 6062 
3 6061 6182 6062 
3 6181 6182 6061 
3 6060 6181 6061 
3 6180 6181 6060 
3 6059 6180 6060 
3 6179 6180 6059 
3 6058 6179 6059 
3 6178 6179 6058 
3 6057 6178 6058 
3 6177 6178 6057 
3 6056 6177 6057 
3 6176 6177 6056 
3 6055 6176 6056 
3 6175 6176 6055 
3 6054 6175 6055 
3 6174 6175 6054 
3 6053 6174 6054 
3 6173 6174 6053 
3 6052 6173 6053 
3 6172 6173 6052 
3 6051 6172 6052 
3 6171 6172 6051 
3 6050 6171 6051 
3 6170 6171 6050 
3 6049 6170 6050 
3 6169 6170 6049 
3 6048 6169 6049 
3 6168 6169 6048 
3 6047 6168 6048 
3 6167 6168 6047 
3 6046 6167 6047 
3 6166 6167 6046 
3 6045 6166 6046 
3 6165 6166 6045 
3 6044 6165 6045 
3 6164 6165 6044 
3 6043 6164 6044 
3 6163 6164 6043 
3 6042 6163 6043 
3 6162 6163 6042 
3 6041 6162 6042 
3 6161 6162 6041 
3 6040 6161 6041 
3 6160 6161 6040 
3 6039 6160 6040 
3 6159 6160 6039 
3 6038 6159 6039 
3 6158 6159 6038 
3 6037 6158 6038 
3 6157 6158 6037 
3 6036 6157 6037 
3 6156 6157 6036 
3 6035 6156 6036 
3 6155 6156 6035 
3 6034 6155 6035 
3 6154 6155 6034 
3 6033 6154 6034 
3 6153 6154 6033 
3 6032 6153 6033 
3 6152 6153 6032 
3 6031 6152 6032 
3 6151 6152 6031 
3 6030 6151 6031 
3 6150 6151 6030 
3 6029 6150 6030 
3 6149 6150 6029 
3 6028 6149 6029 
3 6148 6149 6028 
3 6027 6148 6028 
3 6147 6148 6027 
3 6026 6147 6027 
3 6146 6147 6026 
3 6025 6146 6026 
3 6145 6146 6025 
3 6024 6145 6025 
3 6144 6145 6024 
3 6023 6144 6024 
3 6143 6144 6023 
3 6022 6143 6023 
3 6142 6143 6022 
3 6021 6142 6022 
3 6141 6142 6021 
3 6020 6141 6021 
3 6140 6141 6020 
3 6019 6140 6020 
3 6139 6140 6019 
3 6018 6139 6019 
3 6138 6139 6018 
3 6017 6138 6018 
3 6137 6138 6017 
3 6016 6137 6017 
3 6136 6137 6016 
3 6015 6136 6016 
3 6135 6136 6015 
3 6014 6135 6015 
3 6134 6135 6014 
3 6013 6134 6014 
3 6133 6134 6013 
3 6012 6133 6013 
3 6132 6133 6012 
3 6011 6132 6012 
3 6131 6132 6011 
3 6010 6131 6011 
3 6130 6131 6010 
3 6009 6130 6010 
3 6129 6130 6009 
3 6008 6129 6009 
3 6128 6129 6008 
3 6007 6128 6008 
3 6127 6128 6007 
3 6006 6127 6007 
3 6126 6127 6006 
3 6005 6126 6006 
3 6125 6126 6005 
3 6004 6125 6005 
3 6124 6125 6004 
3 6003 6124 6004 
3 6123 6124 6003 
3 6002 6123 6003 
3 6122 6123 6002 
3 6001 6122 6002 
3 6121 6122 6001 
3 6000 6121 6001 
3 6120 6121 6000 
3 2998 3119 2999 
3 3118 3119 2998 
3 2997 3118 2998 
3 3117 3118 2997 
3 2996 3117 2997 
3 3116 3117 2996 
3 2995 3116 2996 
3 3115 3116 2995 
3 2994 3115 2995 
3 3114 3115 2994 
3 2993 3114 2994 
3 3113 3114 2993 
3 2992 3113 2993 
3 3112 3113 2992 
3 2991 3112 2992 
3 3111 3112 2991 
3 2990 3111 2991 
3 3110 3111 2990 
3 2989 3110 2990 
3 3109 3110 2989 
3 2988 3109 2989 
3 3108 3109 2988 
3 2987 3108 2988 
3 3107 3108 2987 
3 2986 3107 2987 
3 3106 3107 2986 
3 2985 3106 2986 
3 3105 3106 2985 
3 2984 3105 2985 
3 3104 3105 2984 
3 2983 3104 2984 
3 3103 3104 2983 
3 2982 3103 2983 
3 3102 3103 2982 
3 2981 3102 2982 
3 3101 3102 2981 
3 2980 3101 2981 
3 3100 3101 2980 
3 2979 3100 2980 
3 3099 3100 2979 
3 2978 3099 2979 
3 3098 3099 2978 
3 2977 3098 2978 
3 3097 3098 2977 
3 2976 3097 2977 
3 3096 3097 2976 
3 2975 3096 2976 
3 3095 3096 2975 
3 2974 3095 2975 
3 3094 3095 2974 
3 2973 3094 2974 
3 3093 3094 2973 
3 2972 3093 2973 
3 3092 3093 2972 
3 2971 3092 2972 
3 3091 3092 2971 
3 2970 3091 2971 
3 3090 3091 2970 
3 2969 3090 2970 
3 3089 3090 2969 
3 2968 3089 2969 
3 3088 3089 2968 
3 2967 3088 2968 
3 3087 3088 2967 
3 2966 3087 2967 
3 3086 3087 2966 
3 2965 3086 2966 
3 3085 3086 2965 
3 2964 3085 2965 
3 3084 3085 2964 
3 2963 3084 2964 
3 3083 3084 2963 
3 2962 3083 2963 
3 3082 3083 2962 
3 2961 3082 2962 
3 3081 3082 2961 
3 2960 3081 2961 
3 3080 3081 2960 
3 2959 3080 2960 
3 3079 3080 2959 
3 2958 3079 2959 
3 3078 3079 2958 
3 2957 3078 2958 
3 3077 3078 2957 
3 2956 3077 2957 
3 3076 3077 2956 
3 2955 3076 2956 
3 3075 3076 2955 
3 2954 3075 2955 
3 3074 3075 2954 
3 2953 3074 2954 
3 3073 3074 2953 
3 2952 3073 2953 
3 3072 3073 2952 
3 2951 3072 2952 
3 3071 3072 2951 
3 2950 3071 2951 
3 3070 3071 2950 
3 2949 3070 2950 
3 3069 3070 2949 
3 2948 3069 2949 
3 3068 3069 2948 
3 2947 3068 2948 
3 3067 3068 2947 
3 2946 3067 2947 
3 3066 3067 2946 
3 2945 3066 2946 
3 3065 3066 2945 
3 2944 3065 2945 
3 3064 3065 2944 
3 2943 3064 2944 
3 3063 3064 2943 
3 2942 3063 2943 
3 3062 3063 2942 
3 2941 3062 2942 
3 3061 3062 2941 
3 2940 3061 2941 
3 3060 3061 2940 
3 2939 3060 2940 
3 3059 3060 2939 
3 2938 3059 2939 
3 3058 3059 2938 
3 2937 3058 2938 
3 3057 3058 2937 
3 2936 3057 2937 
3 3056 3057 2936 
3 2935 3056 2936 
3 3055 3056 2935 
3 2934 3055 2935 
3 3054 3055 2934 
3 2933 3054 2934 
3 3053 3054 2933 
3 2932 3053 2933 
3 3052 3053 2932 
3 2931 3052 2932 
3 3051 3052 2931 
3 2930 3051 2931 
3 3050 3051 2930 
3 2929 3050 2930 
3 3049 3050 2929 
3 2928 3049 2929 
3 3048 3049 2928 
3 2927 3048 2928 
3 3047 3048 2927 
3 2926 3047 2927 
3 3046 3047 2926 
3 2925 3046 2926 
3 3045 3046 2925 
3 2924 3045 2925 
3 3044 3045 2924 
3 2923 3044 2924 
3 3043 3044 2923 
3 2922 3043 2923 
3 3042 3043 2922 
3 2921 3042 2922 
3 3041 3042 2921 
3 2920 3041 2921 
3 3040 3041 2920 
3 2919 3040 2920 
3 3039 3040 2919 
3 2918 3039 2919 
3 3038 3039 2918 
3 2917 3038 2918 
3 3037 3038 2917 
3 2916 3037 2917 
3 3036 3037 2916 
3 2915 3036 2916 
3 3035 3036 2915 
3 2914 3035 2915 
3 3034 3035 2914 
3 2913 3034 2914 
3 3033 3034 2913 
3 2912 3033 2913 
3 3032 3033 2912 
3 2911 3032 2912 
3 3031 3032 2911 
3 2910 3031 2911 
3 3030 3031 2910 
3 2909 3030 2910 
3 3029 3030 2909 
3 2908 3029 2909 
3 3028 3029 2908 
3 2907 3028 2908 
3 3027 3028 2907 
3 2906 3027 2907 
3 3026 3027 2906 
3 2905 3026 2906 
3 3025 3026 2905 
3 2904 3025 2905 
3 3024 3025 2904 
3 2903 3024 2904 
3 3023 3024 2903 
3 2902 3023 2903 
3 3022 3023 2902 
3 2901 3022 2902 
3 3021 3022 2901 
3 2900 3021 2901 
3 3020 3021 2900 
3 2899 3020 2900 
3 3019 3020 2899 
3 2898 3019 2899 
3 3018 3019 2898 
3 2897 3018 2898 
3 3017 3018 2897 
3 2896 3017 2897 
3 3016 3017 2896 
3 2895 3016 2896 
3 3015 3016 2895 
3 2894 3015 2895 
3 3014 3015 2894 
3 2893 3014 2894 
3 3013 3014 2893 
3 2892 3013 2893 
3 3012 3013 2892 
3 2891 3012 2892 
3 3011 3012 2891 
3 2890 3011 2891 
3 3010 3011 2890 
3 2889 3010 2890 
3 3009 3010 2889 
3 2888 3009 2889 
3 3008 3009 2888 
3 2887 3008 2888 
3 3007 3008 2887 
3 2886 3007 2887 
3 3006 3007 2886 
3 2885 3006 2886 
3 3005 3006 2885 
3 2884 3005 2885 
3 3004 3005 2884 
3 2883 3004 2884 
3 3003 3004 2883 
3 2882 3003 2883 
3 3002 3003 2882 
3 2881 3002 2882 
3 3001 3002 2881 
3 2880 3001 2881 
3 3000 3001 2880 
3 4438 4559 4439 
3 4558 4559 4438 
3 4437 4558 4438 
3 4557 4558 4437 
3 4436 4557 4437 
3 4556 4557 4436 
3 4435 4556 4436 
3 4555 4556 4435 
3 4434 4555 4435 
3 4554 4555 4434 
3 4433 4554 4434 
3 4553 4554 4433 
3 4432 4553 4433 
3 4552 4553 4432 
3 4431 4552 4432 
3 4551 4552 4431 
3 4430 4551 4431 
3 4550 4551 4430 
3 4429 4550 4430 
3 4549 4550 4429 
3 4428 4549 4429 
3 4548 4549 4428 
3 4427 4548 4428 
3 4547 4548 4427 
3 4426 4547 4427 
3 4546 4547 4426 
3 4425 4546 4426 
3 4545 4546 4425 
3 4424 4545 4425 
3 4544 4545 4424 
3 4423 4544 4424 
3 4543 4544 4423 
3 4422 4543 4423 
3 4542 4543 4422 
3 4421 4542 4422 
3 4541 4542 4421 
3 4420 4541 4421 
3 4540 4541 4420 
3 4419 4540 4420 
3 4539 4540 4419 
3 4418 4539 4419 
3 4538 4539 4418 
3 4417 4538 4418 
3 4537 4538 4417 
3 4416 4537 4417 
3 4536 4537 4416 
3 4415 4536 4416 
3 4535 4536 4415 
3 4414 4535 4415 
3 4534 4535 4414 
3 4413 4534 4414 
3 4533 4534 4413 
3 4412 4533 4413 
3 4532 4533 4412 
3 4411 4532 4412 
3 4531 4532 4411 
3 4410 4531 4411 
3 4530 4531 4410 
3 4409 4530 4410 
3 4529 4530 4409 
3 4408 4529 4409 
3 4528 4529 4408 
3 4407 4528 4408 
3 4527 4528 4407 
3 4406 4527 4407 
3 4526 4527 4406 
3 4405 4526 4406 
3 4525 4526 4405 
3 4404 4525 4405 
3 4524 4525 4404 
3 4403 4524 4404 
3 4523 4524 4403 
3 4402 4523 4403 
3 4522 4523 4402 
3 4401 4522 4402 
3 4521 4522 4401 
3 4400 4521 4401 
3 4520 4521 4400 
3 4399 4520 4400 
3 4519 4520 4399 
3 4398 4519 4399 
3 4518 4519 4398 
3 4397 4518 4398 
3 4517 4518 4397 
3 4396 4517 4397 
3 4516 4517 4396 
3 4395 4516 4396 
3 4515 4516 4395 
3 4394 4515 4395 
3 4514 4515 4394 
3 4393 4514 4394 
3 4513 4514 4393 
3 4392 4513 4393 
3 4512 4513 4392 
3 4391 4512 4392 
3 4511 4512 4391 
3 4390 4511 4391 
3 4510 4511 4390 
3 4389 4510 4390 
3 4509 4510 4389 
3 4388 4509 4389 
3 4508 4509 4388 
3 4387 4508 4388 
3 4507 4508 4387 
3 4386 4507 4387 
3 4506 4507 4386 
3 4385 4506 4386 
3 4505 4506 4385 
3 4384 4505 4385 
3 4504 4505 4384 
3 4383 4504 4384 
3 4503 4504 4383 
3 4382 4503 4383 
3 4502 4503 4382 
3 4381 4502 4382 
3 4501 4502 4381 
3 4380 4501 4381 
3 4500 4501 4380 
3 4379 4500 4380 
3 4499 4500 4379 
3 4500 4499 4620 
3 4619 4620 4499 
3 4498 4619 4499 
3 4618 4619 4498 
3 4497 4618 4498 
3 4617 4618 4497 
3 4496 4617 4497 
3 4616 4617 4496 
3 4495 4616 4496 
3 4615 4616 4495 
3 4494 4615 4495 
3 4614 4615 4494 
3 4493 4614 4494 
3 4613 4614 4493 
3 4492 4613 4493 
3 4612 4613 4492 
3 4491 4612 4492 
3 4611 4612 4491 
3 4490 4611 4491 
3 4610 4611 4490 
3 4489 4610 4490 
3 4609 4610 4489 
3 4488 4609 4489 
3 4608 4609 4488 
3 4487 4608 4488 
3 4607 4608 4487 
3 4486 4607 4487 
3 4606 4607 4486 
3 4485 4606 4486 
3 4605 4606 4485 
3 4484 4605 4485 
3 4604 4605 4484 
3 4483 4604 4484 
3 4603 4604 4483 
3 4482 4603 4483 
3 4602 4603 4482 
3 4481 4602 4482 
3 4601 4602 4481 
3 4480 4601 4481 
3 4600 4601 4480 
3 4479 4600 4480 
3 4599 4600 4479 
3 4478 4599 4479 
3 4598 4599 4478 
3 4477 4598 4478 
3 4597 4598 4477 
3 4476 4597 4477 
3 4596 4597 4476 
3 4475 4596 4476 
3 4595 4596 4475 
3 4474 4595 4475 
3 4594 4595 4474 
3 4473 4594 4474 
3 4593 4594 4473 
3 4472 4593 4473 
3 4592 4593 4472 
3 4471 4592 4472 
3 4591 4592 4471 
3 4470 4591 4471 
3 4590 4591 4470 
3 4469 4590 4470 
3 4589 4590 4469 
3 4468 4589 4469 
3 4588 4589 4468 
3 4467 4588 4468 
3 4587 4588 4467 
3 4466 4587 4467 
3 4586 4587 4466 
3 4465 4586 4466 
3 4585 4586 4465 
3 4464 4585 4465 
3 4584 4585 4464 
3 4463 4584 4464 
3 4583 4584 4463 
3 4462 4583 4463 
3 4582 4583 4462 
3 4461 4582 4462 
3 4581 4582 4461 
3 4460 4581 4461 
3 4580 4581 4460 
3 4459 4580 4460 
3 4579 4580 4459 
3 4458 4579 4459 
3 4578 4579 4458 
3 4457 4578 4458 
3 4577 4578 4457 
3 4456 4577 4457 
3 4576 4577 4456 
3 4455 4576 4456 
3 4575 4576 4455 
3 4454 4575 4455 
3 4574 4575 4454 
3 4453 4574 4454 
3 4573 4574 4453 
3 4452 4573 4453 
3 4572 4573 4452 
3 4451 4572 4452 
3 4571 4572 4451 
3 4450 4571 4451 
3 4570 4571 4450 
3 4449 4570 4450 
3 4569 4570 4449 
3 4448 4569 4449 
3 4568 4569 4448 
3 4447 4568 4448 
3 4567 4568 4447 
3 4446 4567 4447 
3 4566 4567 4446 
3 4445 4566 4446 
3 4565 4566 4445 
3 4444 4565 4445 
3 4564 4565 4444 
3 4443 4564 4444 
3 4563 4564 4443 
3 4442 4563 4443 
3 4562 4563 4442 
3 4441 4562 4442 
3 4561 4562 4441 
3 4440 4561 4441 
3 4560 4561 4440 
3 5158 5279 5159 
3 5278 5279 5158 
3 5157 5278 5158 
3 5277 5278 5157 
3 5156 5277 5157 
3 5276 5277 5156 
3 5155 5276 5156 
3 5275 5276 5155 
3 5154 5275 5155 
3 5274 5275 5154 
3 5153 5274 5154 
3 5273 5274 5153 
3 5152 5273 5153 
3 5272 5273 5152 
3 5151 5272 5152 
3 5271 5272 5151 
3 5150 5271 5151 
3 5270 5271 5150 
3 5149 5270 5150 
3 5269 5270 5149 
3 5148 5269 5149 
3 5268 5269 5148 
3 5147 5268 5148 
3 5267 5268 5147 
3 5146 5267 5147 
3 5266 5267 5146 
3 5145 5266 5146 
3 5265 5266 5145 
3 5144 5265 5145 
3 5264 5265 5144 
3 5143 5264 5144 
3 5263 5264 5143 
3 5142 5263 5143 
3 5262 5263 5142 
3 5141 5262 5142 
3 5261 5262 5141 
3 5140 5261 5141 
3 5260 5261 5140 
3 5139 5260 5140 
3 5259 5260 5139 
3 5138 5259 5139 
3 5258 5259 5138 
3 5137 5258 5138 
3 5257 5258 5137 
3 5136 5257 5137 
3 5256 5257 5136 
3 5135 5256 5136 
3 5255 5256 5135 
3 5134 5255 5135 
3 5254 5255 5134 
3 5133 5254 5134 
3 5253 5254 5133 
3 5132 5253 5133 
3 5252 5253 5132 
3 5131 5252 5132 
3 5251 5252 5131 
3 5130 5251 5131 
3 5250 5251 5130 
3 5129 5250 5130 
3 5249 5250 5129 
3 5250 5249 5370 
3 5369 5370 5249 
3 5248 5369 5249 
3 5368 5369 5248 
3 5247 5368 5248 
3 5367 5368 5247 
3 5246 5367 5247 
3 5366 5367 5246 
3 5245 5366 5246 
3 5365 5366 5245 
3 5244 5365 5245 
3 5364 5365 5244 
3 5243 5364 5244 
3 5363 5364 5243 
3 5242 5363 5243 
3 5362 5363 5242 
3 5241 5362 5242 
3 5361 5362 5241 
3 5240 5361 5241 
3 5360 5361 5240 
3 5239 5360 5240 
3 5359 5360 5239 
3 5238 5359 5239 
3 5358 5359 5238 
3 5237 5358 5238 
3 5357 5358 5237 
3 5236 5357 5237 
3 5356 5357 5236 
3 5235 5356 5236 
3 5355 5356 5235 
3 5234 5355 5235 
3 5354 5355 5234 
3 5233 5354 5234 
3 5353 5354 5233 
3 5232 5353 5233 
3 5352 5353 5232 
3 5231 5352 5232 
3 5351 5352 5231 
3 5230 5351 5231 
3 5350 5351 5230 
3 5229 5350 5230 
3 5349 5350 5229 
3 5228 5349 5229 
3 5348 5349 5228 
3 5227 5348 5228 
3 5347 5348 5227 
3 5226 5347 5227 
3 5346 5347 5226 
3 5225 5346 5226 
3 5345 5346 5225 
3 5224 5345 5225 
3 5344 5345 5224 
3 5223 5344 5224 
3 5343 5344 5223 
3 5222 5343 5223 
3 5342 5343 5222 
3 5221 5342 5222 
3 5341 5342 5221 
3 5220 5341 5221 
3 5340 5341 5220 
3 5219 5340 5220 
3 5339 5340 5219 
3 5218 5339 5219 
3 5338 5339 5218 
3 5217 5338 5218 
3 5337 5338 5217 
3 5216 5337 5217 
3 5336 5337 5216 
3 5215 5336 5216 
3 5335 5336 5215 
3 5214 5335 5215 
3 5334 5335 5214 
3 5213 5334 5214 
3 5333 5334 5213 
3 5212 5333 5213 
3 5332 5333 5212 
3 5211 5332 5212 
3 5331 5332 5211 
3 5210 5331 5211 
3 5330 5331 5210 
3 5209 5330 5210 
3 5329 5330 5209 
3 5208 5329 5209 
3 5328 5329 5208 
3 5207 5328 5208 
3 5327 5328 5207 
3 5206 5327 5207 
3 5326 5327 5206 
3 5205 5326 5206 
3 5325 5326 5205 
3 5204 5325 5205 
3 5324 5325 5204 
3 5203 5324 5204 
3 5323 5324 5203 
3 5202 5323 5203 
3 5322 5323 5202 
3 5201 5322 5202 
3 5321 5322 5201 
3 5200 5321 5201 
3 5320 5321 5200 
3 5199 5320 5200 
3 5319 5320 5199 
3 5198 5319 5199 
3 5318 5319 5198 
3 5197 5318 5198 
3 5317 5318 5197 
3 5196 5317 5197 
3 5316 5317 5196 
3 5195 5316 5196 
3 5315 5316 5195 
3 5194 5315 5195 
3 5314 5315 5194 
3 5193 5314 5194 
3 5313 5314 5193 
3 5192 5313 5193 
3 5312 5313 5192 
3 5191 5312 5192 
3 5311 5312 5191 
3 5190 5311 5191 
3 5310 5311 5190 
3 5189 5310 5190 
3 5309 5310 5189 
3 5188 5309 5189 
3 5308 5309 5188 
3 5187 5308 5188 
3 5307 5308 5187 
3 5186 5307 5187 
3 5306 5307 5186 
3 5185 5306 5186 
3 5305 5306 5185 
3 5184 5305 5185 
3 5304 5305 5184 
3 5183 5304 5184 
3 5303 5304 5183 
3 5182 5303 5183 
3 5302 5303 5182 
3 5181 5302 5182 
3 5301 5302 5181 
3 5180 5301 5181 
3 5300 5301 5180 
3 5179 5300 5180 
3 5299 5300 5179 
3 5178 5299 5179 
3 5298 5299 5178 
3 5177 5298 5178 
3 5297 5298 5177 
3 5176 5297 5177 
3 5296 5297 5176 
3 5175 5296 5176 
3 5295 5296 5175 
3 5174 5295 5175 
3 5294 5295 5174 
3 5173 5294 5174 
3 5293 5294 5173 
3 5172 5293 5173 
3 5292 5293 5172 
3 5171 5292 5172 
3 5291 5292 5171 
3 5170 5291 5171 
3 5290 5291 5170 
3 5169 5290 5170 
3 5289 5290 5169 
3 5168 5289 5169 
3 5288 5289 5168 
3 5167 5288 5168 
3 5287 5288 5167 
3 5166 5287 5167 
3 5286 5287 5166 
3 5165 5286 5166 
3 5285 5286 5165 
3 5164 5285 5165 
3 5284 5285 5164 
3 5163 5284 5164 
3 5283 5284 5163 
3 5162 5283 5163 
3 5282 5283 5162 
3 5161 5282 5162 
3 5281 5282 5161 
3 5160 5281 5161 
3 5280 5281 5160 
3 5518 5639 5519 
3 5638 5639 5518 
3 5517 5638 5518 
3 5637 5638 5517 
3 5516 5637 5517 
3 5636 5637 5516 
3 5515 5636 5516 
3 5635 5636 5515 
3 5514 5635 5515 
3 5634 5635 5514 
3 5513 5634 5514 
3 5633 5634 5513 
3 5512 5633 5513 
3 5632 5633 5512 
3 5511 5632 5512 
3 5631 5632 5511 
3 5510 5631 5511 
3 5630 5631 5510 
3 5509 5630 5510 
3 5629 5630 5509 
3 5508 5629 5509 
3 5628 5629 5508 
3 5507 5628 5508 
3 5627 5628 5507 
3 5506 5627 5507 
3 5626 5627 5506 
3 5505 5626 5506 
3 5625 5626 5505 
3 5504 5625 5505 
3 5624 5625 5504 
3 5625 5624 5745 
3 5744 5745 5624 
3 5623 5744 5624 
3 5743 5744 5623 
3 5622 5743 5623 
3 5742 5743 5622 
3 5621 5742 5622 
3 5741 5742 5621 
3 5620 5741 5621 
3 5740 5741 5620 
3 5619 5740 5620 
3 5739 5740 5619 
3 5618 5739 5619 
3 5738 5739 5618 
3 5617 5738 5618 
3 5737 5738 5617 
3 5616 5737 5617 
3 5736 5737 5616 
3 5615 5736 5616 
3 5735 5736 5615 
3 5614 5735 5615 
3 5734 5735 5614 
3 5613 5734 5614 
3 5733 5734 5613 
3 5612 5733 5613 
3 5732 5733 5612 
3 5611 5732 5612 
3 5731 5732 5611 
3 5610 5731 5611 
3 5730 5731 5610 
3 5609 5730 5610 
3 5729 5730 5609 
3 5608 5729 5609 
3 5728 5729 5608 
3 5607 5728 5608 
3 5727 5728 5607 
3 5606 5727 5607 
3 5726 5727 5606 
3 5605 5726 5606 
3 5725 5726 5605 
3 5604 5725 5605 
3 5724 5725 5604 
3 5603 5724 5604 
3 5723 5724 5603 
3 5602 5723 5603 
3 5722 5723 5602 
3 5601 5722 5602 
3 5721 5722 5601 
3 5600 5721 5601 
3 5720 5721 5600 
3 5599 5720 5600 
3 5719 5720 5599 
3 5598 5719 5599 
3 5718 5719 5598 
3 5597 5718 5598 
3 5717 5718 5597 
3 5596 5717 5597 
3 5716 5717 5596 
3 5595 5716 5596 
3 5715 5716 5595 
3 5594 5715 5595 
3 5714 5715 5594 
3 5593 5714 5594 
3 5713 5714 5593 
3 5592 5713 5593 
3 5712 5713 5592 
3 5591 5712 5592 
3 5711 5712 5591 
3 5590 5711 5591 
3 5710 5711 5590 
3 5589 5710 5590 
3 5709 5710 5589 
3 5588 5709 5589 
3 5708 5709 5588 
3 5587 5708 5588 
3 5707 5708 5587 
3 5586 5707 5587 
3 5706 5707 5586 
3 5585 5706 5586 
3 5705 5706 5585 
3 5584 5705 5585 
3 5704 5705 5584 
3 5583 5704 5584 
3 5703 5704 5583 
3 5582 5703 5583 
3 5702 5703 5582 
3 5581 5702 5582 
3 5701 5702 5581 
3 5580 5701 5581 
3 5700 5701 5580 
3 5579 5700 5580 
3 5699 5700 5579 
3 5578 5699 5579 
3 5698 5699 5578 
3 5577 5698 5578 
3 5697 5698 5577 
3 5576 5697 5577 
3 5696 5697 5576 
3 5575 5696 5576 
3 5695 5696 5575 
3 5574 5695 5575 
3 5694 5695 5574 
3 5573 5694 5574 
3 5693 5694 5573 
3 5572 5693 5573 
3 5692 5693 5572 
3 5571 5692 5572 
3 5691 5692 5571 
3 5570 5691 5571 
3 5690 5691 5570 
3 5569 5690 5570 
3 5689 5690 5569 
3 5568 5689 5569 
3 5688 5689 5568 
3 5567 5688 5568 
3 5687 5688 5567 
3 5566 5687 5567 
3 5686 5687 5566 
3 5565 5686 5566 
3 5685 5686 5565 
3 5564 5685 5565 
3 5684 5685 5564 
3 5563 5684 5564 
3 5683 5684 5563 
3 5562 5683 5563 
3 5682 5683 5562 
3 5561 5682 5562 
3 5681 5682 5561 
3 5560 5681 5561 
3 5680 5681 5560 
3 5559 5680 5560 
3 5679 5680 5559 
3 5558 5679 5559 
3 5678 5679 5558 
3 5557 5678 5558 
3 5677 5678 5557 
3 5556 5677 5557 
3 5676 5677 5556 
3 5555 5676 5556 
3 5675 5676 5555 
3 5554 5675 5555 
3 5674 5675 5554 
3 5553 5674 5554 
3 5673 5674 5553 
3 5552 5673 5553 
3 5672 5673 5552 
3 5551 5672 5552 
3 5671 5672 5551 
3 5550 5671 5551 
3 5670 5671 5550 
3 5549 5670 5550 
3 5669 5670 5549 
3 5548 5669 5549 
3 5668 5669 5548 
3 5547 5668 5548 
3 5667 5668 5547 
3 5546 5667 5547 
3 5666 5667 5546 
3 5545 5666 5546 
3 5665 5666 5545 
3 5544 5665 5545 
3 5664 5665 5544 
3 5543 5664 5544 
3 5663 5664 5543 
3 5542 5663 5543 
3 5662 5663 5542 
3 5541 5662 5542 
3 5661 5662 5541 
3 5540 5661 5541 
3 5660 5661 5540 
3 5539 5660 5540 
3 5659 5660 5539 
3 5538 5659 5539 
3 5658 5659 5538 
3 5537 5658 5538 
3 5657 5658 5537 
3 5536 5657 5537 
3 5656 5657 5536 
3 5535 5656 5536 
3 5655 5656 5535 
3 5534 5655 5535 
3 5654 5655 5534 
3 5533 5654 5534 
3 5653 5654 5533 
3 5532 5653 5533 
3 5652 5653 5532 
3 5531 5652 5532 
3 5651 5652 5531 
3 5530 5651 5531 
3 5650 5651 5530 
3 5529 5650 5530 
3 5649 5650 5529 
3 5528 5649 5529 
3 5648 5649 5528 
3 5527 5648 5528 
3 5647 5648 5527 
3 5526 5647 5527 
3 5646 5647 5526 
3 5525 5646 5526 
3 5645 5646 5525 
3 5524 5645 5525 
3 5644 5645 5524 
3 5523 5644 5524 
3 5643 5644 5523 
3 5522 5643 5523 
3 5642 5643 5522 
3 5521 5642 5522 
3 5641 5642 5521 
3 5520 5641 5521 
3 5640 5641 5520 
3 5758 5879 5759 
3 5878 5879 5758 
3 5757 5878 5758 
3 5877 5878 5757 
3 5756 5877 5757 
3 5876 5877 5756 
3 5755 5876 5756 
3 5875 5876 5755 
3 5754 5875 5755 
3 5874 5875 5754 
3 5753 5874 5754 
3 5873 5874 5753 
3 5752 5873 5753 
3 5872 5873 5752 
3 5751 5872 5752 
3 5871 5872 5751 
3 5750 5871 5751 
3 5870 5871 5750 
3 5749 5870 5750 
3 5869 5870 5749 
3 5748 5869 5749 
3 5868 5869 5748 
3 5747 5868 5748 
3 5867 5868 5747 
3 5746 5867 5747 
3 5866 5867 5746 
3 5745 5866 5746 
3 5865 5866 5745 
3 5744 5865 5745 
3 5864 5865 5744 
3 5743 5864 5744 
3 5863 5864 5743 
3 5742 5863 5743 
3 5862 5863 5742 
3 5741 5862 5742 
3 5861 5862 5741 
3 5740 5861 5741 
3 5860 5861 5740 
3 5739 5860 5740 
3 5859 5860 5739 
3 5738 5859 5739 
3 5858 5859 5738 
3 5737 5858 5738 
3 5857 5858 5737 
3 5736 5857 5737 
3 5856 5857 5736 
3 5735 5856 5736 
3 5855 5856 5735 
3 5734 5855 5735 
3 5854 5855 5734 
3 5733 5854 5734 
3 5853 5854 5733 
3 5732 5853 5733 
3 5852 5853 5732 
3 5731 5852 5732 
3 5851 5852 5731 
3 5730 5851 5731 
3 5850 5851 5730 
3 5729 5850 5730 
3 5849 5850 5729 
3 5728 5849 5729 
3 5848 5849 5728 
3 5727 5848 5728 
3 5847 5848 5727 
3 5726 5847 5727 
3 5846 5847 5726 
3 5725 5846 5726 
3 5845 5846 5725 
3 5724 5845 5725 
3 5844 5845 5724 
3 5723 5844 5724 
3 5843 5844 5723 
3 5722 5843 5723 
3 5842 5843 5722 
3 5721 5842 5722 
3 5841 5842 5721 
3 5720 5841 5721 
3 5840 5841 5720 
3 5719 5840 5720 
3 5839 5840 5719 
3 5718 5839 5719 
3 5838 5839 5718 
3 5717 5838 5718 
3 5837 5838 5717 
3 5716 5837 5717 
3 5836 5837 5716 
3 5715 5836 5716 
3 5835 5836 5715 
3 5714 5835 5715 
3 5834 5835 5714 
3 5713 5834 5714 
3 5833 5834 5713 
3 5712 5833 5713 
3 5832 5833 5712 
3 5711 5832 5712 
3 5831 5832 5711 
3 5710 5831 5711 
3 5830 5831 5710 
3 5709 5830 5710 
3 5829 5830 5709 
3 5708 5829 5709 
3 5828 5829 5708 
3 5707 5828 5708 
3 5827 5828 5707 
3 5706 5827 5707 
3 5826 5827 5706 
3 5705 5826 5706 
3 5825 5826 5705 
3 5704 5825 5705 
3 5824 5825 5704 
3 5703 5824 5704 
3 5823 5824 5703 
3 5702 5823 5703 
3 5822 5823 5702 
3 5701 5822 5702 
3 5821 5822 5701 
3 5700 5821 5701 
3 5820 5821 5700 
3 5699 5820 5700 
3 5819 5820 5699 
3 5698 5819 5699 
3 5818 5819 5698 
3 5697 5818 5698 
3 5817 5818 5697 
3 5696 5817 5697 
3 5816 5817 5696 
3 5695 5816 5696 
3 5815 5816 5695 
3 5694 5815 5695 
3 5814 5815 5694 
3 5693 5814 5694 
3 5813 5814 5693 
3 5692 5813 5693 
3 5812 5813 5692 
3 5813 5812 5933 
3 5932 5933 5812 
3 5811 5932 5812 
3 5931 5932 5811 
3 5810 5931 5811 
3 5930 5931 5810 
3 5809 5930 5810 
3 5929 5930 5809 
3 5808 5929 5809 
3 5928 5929 5808 
3 5807 5928 5808 
3 5927 5928 5807 
3 5806 5927 5807 
3 5926 5927 5806 
3 5805 5926 5806 
3 5925 5926 5805 
3 5804 5925 5805 
3 5924 5925 5804 
3 5803 5924 5804 
3 5923 5924 5803 
3 5802 5923 5803 
3 5922 5923 5802 
3 5801 5922 5802 
3 5921 5922 5801 
3 5800 5921 5801 
3 5920 5921 5800 
3 5799 5920 5800 
3 5919 5920 5799 
3 5798 5919 5799 
3 5918 5919 5798 
3 5797 5918 5798 
3 5917 5918 5797 
3 5796 5917 5797 
3 5916 5917 5796 
3 5795 5916 5796 
3 5915 5916 5795 
3 5794 5915 5795 
3 5914 5915 5794 
3 5793 5914 5794 
3 5913 5914 5793 
3 5792 5913 5793 
3 5912 5913 5792 
3 5791 5912 5792 
3 5911 5912 5791 
3 5790 5911 5791 
3 5910 5911 5790 
3 5789 5910 5790 
3 5909 5910 5789 
3 5788 5909 5789 
3 5908 5909 5788 
3 5787 5908 5788 
3 5907 5908 5787 
3 5786 5907 5787 
3 5906 5907 5786 
3 5785 5906 5786 
3 5905 5906 5785 
3 5784 5905 5785 
3 5904 5905 5784 
3 5783 5904 5784 
3 5903 5904 5783 
3 5782 5903 5783 
3 5902 5903 5782 
3 5781 5902 5782 
3 5901 5902 5781 
3 5780 5901 5781 
3 5900 5901 5780 
3 5779 5900 5780 
3 5899 5900 5779 
3 5778 5899 5779 
3 5898 5899 5778 
3 5777 5898 5778 
3 5897 5898 5777 
3 5776 5897 5777 
3 5896 5897 5776 
3 5775 5896 5776 
3 5895 5896 5775 
3 5774 5895 5775 
3 5894 5895 5774 
3 5773 5894 5774 
3 5893 5894 5773 
3 5772 5893 5773 
3 5892 5893 5772 
3 5771 5892 5772 
3 5891 5892 5771 
3 5770 5891 5771 
3 5890 5891 5770 
3 5769 5890 5770 
3 5889 5890 5769 
3 5768 5889 5769 
3 5888 5889 5768 
3 5767 5888 5768 
3 5887 5888 5767 
3 5766 5887 5767 
3 5886 5887 5766 
3 5765 5886 5766 
3 5885 5886 5765 
3 5764 5885 5765 
3 5884 5885 5764 
3 5763 5884 5764 
3 5883 5884 5763 
3 5762 5883 5763 
3 5882 5883 5762 
3 5761 5882 5762 
3 5881 5882 5761 
3 5760 5881 5761 
3 5880 5881 5760 
3 5878 5999 5879 
3 5998 5999 5878 
3 5877 5998 5878 
3 5997 5998 5877 
3 5876 5997 5877 
3 5996 5997 5876 
3 5875 5996 5876 
3 5995 5996 5875 
3 5874 5995 5875 
3 5994 5995 5874 
3 5873 5994 5874 
3 5993 5994 5873 
3 5872 5993 5873 
3 5992 5993 5872 
3 5871 5992 5872 
3 5991 5992 5871 
3 5870 5991 5871 
3 5990 5991 5870 
3 5869 5990 5870 
3 5989 5990 5869 
3 5868 5989 5869 
3 5988 5989 5868 
3 5867 5988 5868 
3 5987 5988 5867 
3 5866 5987 5867 
3 5986 5987 5866 
3 5865 5986 5866 
3 5985 5986 5865 
3 5864 5985 5865 
3 5984 5985 5864 
3 5863 5984 5864 
3 5983 5984 5863 
3 5862 5983 5863 
3 5982 5983 5862 
3 5861 5982 5862 
3 5981 5982 5861 
3 5860 5981 5861 
3 5980 5981 5860 
3 5859 5980 5860 
3 5979 5980 5859 
3 5858 5979 5859 
3 5978 5979 5858 
3 5857 5978 5858 
3 5977 5978 5857 
3 5856 5977 5857 
3 5976 5977 5856 
3 5855 5976 5856 
3 5975 5976 5855 
3 5854 5975 5855 
3 5974 5975 5854 
3 5853 5974 5854 
3 5973 5974 5853 
3 5852 5973 5853 
3 5972 5973 5852 
3 5851 5972 5852 
3 5971 5972 5851 
3 5850 5971 5851 
3 5970 5971 5850 
3 5849 5970 5850 
3 5969 5970 5849 
3 5848 5969 5849 
3 5968 5969 5848 
3 5847 5968 5848 
3 5967 5968 5847 
3 5846 5967 5847 
3 5966 5967 5846 
3 5845 5966 5846 
3 5965 5966 5845 
3 5844 5965 5845 
3 5964 5965 5844 
3 5843 5964 5844 
3 5963 5964 5843 
3 5842 5963 5843 
3 5962 5963 5842 
3 5841 5962 5842 
3 5961 5962 5841 
3 5840 5961 5841 
3 5960 5961 5840 
3 5839 5960 5840 
3 5959 5960 5839 
3 5838 5959 5839 
3 5958 5959 5838 
3 5837 5958 5838 
3 5957 5958 5837 
3 5836 5957 5837 
3 5956 5957 5836 
3 5835 5956 5836 
3 5955 5956 5835 
3 5834 5955 5835 
3 5954 5955 5834 
3 5833 5954 5834 
3 5953 5954 5833 
3 5832 5953 5833 
3 5952 5953 5832 
3 5831 5952 5832 
3 5951 5952 5831 
3 5830 5951 5831 
3 5950 5951 5830 
3 5829 5950 5830 
3 5949 5950 5829 
3 5828 5949 5829 
3 5948 5949 5828 
3 5827 5948 5828 
3 5947 5948 5827 
3 5826 5947 5827 
3 5946 5947 5826 
3 5825 5946 5826 
3 5945 5946 5825 
3 5824 5945 5825 
3 5944 5945 5824 
3 5823 5944 5824 
3 5943 5944 5823 
3 5822 5943 5823 
3 5942 5943 5822 
3 5821 5942 5822 
3 5941 5942 5821 
3 5820 5941 5821 
3 5940 5941 5820 
3 5819 5940 5820 
3 5939 5940 5819 
3 5818 5939 5819 
3 5938 5939 5818 
3 5817 5938 5818 
3 5937 5938 5817 
3 5816 5937 5817 
3 5936 5937 5816 
3 5815 5936 5816 
3 5935 5936 5815 
3 5814 5935 5815 
3 5934 5935 5814 
3 5813 5934 5814 
3 5933 5934 5813 
3 5638 5759 5639 
3 5758 5759 5638 
3 5637 5758 5638 
3 5757 5758 5637 
3 5636 5757 5637 
3 5756 5757 5636 
3 5635 5756 5636 
3 5755 5756 5635 
3 5634 5755 5635 
3 5754 5755 5634 
3 5633 5754 5634 
3 5753 5754 5633 
3 5632 5753 5633 
3 5752 5753 5632 
3 5631 5752 5632 
3 5751 5752 5631 
3 5630 5751 5631 
3 5750 5751 5630 
3 5629 5750 5630 
3 5749 5750 5629 
3 5628 5749 5629 
3 5748 5749 5628 
3 5627 5748 5628 
3 5747 5748 5627 
3 5626 5747 5627 
3 5746 5747 5626 
3 5625 5746 5626 
3 5745 5746 5625 
3 5691 5812 5692 
3 5811 5812 5691 
3 5690 5811 5691 
3 5810 5811 5690 
3 5689 5810 5690 
3 5809 5810 5689 
3 5688 5809 5689 
3 5808 5809 5688 
3 5687 5808 5688 
3 5807 5808 5687 
3 5686 5807 5687 
3 5806 5807 5686 
3 5685 5806 5686 
3 5805 5806 5685 
3 5684 5805 5685 
3 5804 5805 5684 
3 5683 5804 5684 
3 5803 5804 5683 
3 5682 5803 5683 
3 5802 5803 5682 
3 5681 5802 5682 
3 5801 5802 5681 
3 5680 5801 5681 
3 5800 5801 5680 
3 5679 5800 5680 
3 5799 5800 5679 
3 5678 5799 5679 
3 5798 5799 5678 
3 5677 5798 5678 
3 5797 5798 5677 
3 5676 5797 5677 
3 5796 5797 5676 
3 5675 5796 5676 
3 5795 5796 5675 
3 5674 5795 5675 
3 5794 5795 5674 
3 5673 5794 5674 
3 5793 5794 5673 
3 5672 5793 5673 
3 5792 5793 5672 
3 5671 5792 5672 
3 5791 5792 5671 
3 5670 5791 5671 
3 5790 5791 5670 
3 5669 5790 5670 
3 5789 5790 5669 
3 5668 5789 5669 
3 5788 5789 5668 
3 5667 5788 5668 
3 5787 5788 5667 
3 5666 5787 5667 
3 5786 5787 5666 
3 5665 5786 5666 
3 5785 5786 5665 
3 5664 5785 5665 
3 5784 5785 5664 
3 5663 5784 5664 
3 5783 5784 5663 
3 5662 5783 5663 
3 5782 5783 5662 
3 5661 5782 5662 
3 5781 5782 5661 
3 5660 5781 5661 
3 5780 5781 5660 
3 5659 5780 5660 
3 5779 5780 5659 
3 5658 5779 5659 
3 5778 5779 5658 
3 5657 5778 5658 
3 5777 5778 5657 
3 5656 5777 5657 
3 5776 5777 5656 
3 5655 5776 5656 
3 5775 5776 5655 
3 5654 5775 5655 
3 5774 5775 5654 
3 5653 5774 5654 
3 5773 5774 5653 
3 5652 5773 5653 
3 5772 5773 5652 
3 5651 5772 5652 
3 5771 5772 5651 
3 5650 5771 5651 
3 5770 5771 5650 
3 5649 5770 5650 
3 5769 5770 5649 
3 5648 5769 5649 
3 5768 5769 5648 
3 5647 5768 5648 
3 5767 5768 5647 
3 5646 5767 5647 
3 5766 5767 5646 
3 5645 5766 5646 
3 5765 5766 5645 
3 5644 5765 5645 
3 5764 5765 5644 
3 5643 5764 5644 
3 5763 5764 5643 
3 5642 5763 5643 
3 5762 5763 5642 
3 5641 5762 5642 
3 5761 5762 5641 
3 5640 5761 5641 
3 5760 5761 5640 
3 5398 5519 5399 
3 5518 5519 5398 
3 5397 5518 5398 
3 5517 5518 5397 
3 5396 5517 5397 
3 5516 5517 5396 
3 5395 5516 5396 
3 5515 5516 5395 
3 5394 5515 5395 
3 5514 5515 5394 
3 5393 5514 5394 
3 5513 5514 5393 
3 5392 5513 5393 
3 5512 5513 5392 
3 5391 5512 5392 
3 5511 5512 5391 
3 5390 5511 5391 
3 5510 5511 5390 
3 5389 5510 5390 
3 5509 5510 5389 
3 5388 5509 5389 
3 5508 5509 5388 
3 5387 5508 5388 
3 5507 5508 5387 
3 5386 5507 5387 
3 5506 5507 5386 
3 5385 5506 5386 
3 5505 5506 5385 
3 5384 5505 5385 
3 5504 5505 5384 
3 5383 5504 5384 
3 5503 5504 5383 
3 5382 5503 5383 
3 5502 5503 5382 
3 5381 5502 5382 
3 5501 5502 5381 
3 5380 5501 5381 
3 5500 5501 5380 
3 5379 5500 5380 
3 5499 5500 5379 
3 5378 5499 5379 
3 5498 5499 5378 
3 5377 5498 5378 
3 5497 5498 5377 
3 5376 5497 5377 
3 5496 5497 5376 
3 5375 5496 5376 
3 5495 5496 5375 
3 5374 5495 5375 
3 5494 5495 5374 
3 5373 5494 5374 
3 5493 5494 5373 
3 5372 5493 5373 
3 5492 5493 5372 
3 5371 5492 5372 
3 5491 5492 5371 
3 5370 5491 5371 
3 5490 5491 5370 
3 5369 5490 5370 
3 5489 5490 5369 
3 5368 5489 5369 
3 5488 5489 5368 
3 5367 5488 5368 
3 5487 5488 5367 
3 5366 5487 5367 
3 5486 5487 5366 
3 5365 5486 5366 
3 5485 5486 5365 
3 5364 5485 5365 
3 5484 5485 5364 
3 5363 5484 5364 
3 5483 5484 5363 
3 5362 5483 5363 
3 5482 5483 5362 
3 5361 5482 5362 
3 5481 5482 5361 
3 5360 5481 5361 
3 5480 5481 5360 
3 5359 5480 5360 
3 5479 5480 5359 
3 5358 5479 5359 
3 5478 5479 5358 
3 5357 5478 5358 
3 5477 5478 5357 
3 5356 5477 5357 
3 5476 5477 5356 
3 5355 5476 5356 
3 5475 5476 5355 
3 5354 5475 5355 
3 5474 5475 5354 
3 5353 5474 5354 
3 5473 5474 5353 
3 5352 5473 5353 
3 5472 5473 5352 
3 5351 5472 5352 
3 5471 5472 5351 
3 5350 5471 5351 
3 5470 5471 5350 
3 5349 5470 5350 
3 5469 5470 5349 
3 5348 5469 5349 
3 5468 5469 5348 
3 5347 5468 5348 
3 5467 5468 5347 
3 5346 5467 5347 
3 5466 5467 5346 
3 5345 5466 5346 
3 5465 5466 5345 
3 5344 5465 5345 
3 5464 5465 5344 
3 5343 5464 5344 
3 5463 5464 5343 
3 5342 5463 5343 
3 5462 5463 5342 
3 5341 5462 5342 
3 5461 5462 5341 
3 5340 5461 5341 
3 5460 5461 5340 
3 5339 5460 5340 
3 5459 5460 5339 
3 5338 5459 5339 
3 5458 5459 5338 
3 5337 5458 5338 
3 5457 5458 5337 
3 5336 5457 5337 
3 5456 5457 5336 
3 5335 5456 5336 
3 5455 5456 5335 
3 5334 5455 5335 
3 5454 5455 5334 
3 5333 5454 5334 
3 5453 5454 5333 
3 5332 5453 5333 
3 5452 5453 5332 
3 5331 5452 5332 
3 5451 5452 5331 
3 5330 5451 5331 
3 5450 5451 5330 
3 5329 5450 5330 
3 5449 5450 5329 
3 5328 5449 5329 
3 5448 5449 5328 
3 5327 5448 5328 
3 5447 5448 5327 
3 5326 5447 5327 
3 5446 5447 5326 
3 5325 5446 5326 
3 5445 5446 5325 
3 5324 5445 5325 
3 5444 5445 5324 
3 5323 5444 5324 
3 5443 5444 5323 
3 5322 5443 5323 
3 5442 5443 5322 
3 5321 5442 5322 
3 5441 5442 5321 
3 5320 5441 5321 
3 5440 5441 5320 
3 5319 5440 5320 
3 5439 5440 5319 
3 5318 5439 5319 
3 5438 5439 5318 
3 5317 5438 5318 
3 5437 5438 5317 
3 5438 5437 5558 
3 5557 5558 5437 
3 5436 5557 5437 
3 5556 5557 5436 
3 5435 5556 5436 
3 5555 5556 5435 
3 5434 5555 5435 
3 5554 5555 5434 
3 5433 5554 5434 
3 5553 5554 5433 
3 5432 5553 5433 
3 5552 5553 5432 
3 5431 5552 5432 
3 5551 5552 5431 
3 5430 5551 5431 
3 5550 5551 5430 
3 5429 5550 5430 
3 5549 5550 5429 
3 5428 5549 5429 
3 5548 5549 5428 
3 5427 5548 5428 
3 5547 5548 5427 
3 5426 5547 5427 
3 5546 5547 5426 
3 5425 5546 5426 
3 5545 5546 5425 
3 5424 5545 5425 
3 5544 5545 5424 
3 5423 5544 5424 
3 5543 5544 5423 
3 5422 5543 5423 
3 5542 5543 5422 
3 5421 5542 5422 
3 5541 5542 5421 
3 5420 5541 5421 
3 5540 5541 5420 
3 5419 5540 5420 
3 5539 5540 5419 
3 5418 5539 5419 
3 5538 5539 5418 
3 5417 5538 5418 
3 5537 5538 5417 
3 5416 5537 5417 
3 5536 5537 5416 
3 5415 5536 5416 
3 5535 5536 5415 
3 5414 5535 5415 
3 5534 5535 5414 
3 5413 5534 5414 
3 5533 5534 5413 
3 5412 5533 5413 
3 5532 5533 5412 
3 5411 5532 5412 
3 5531 5532 5411 
3 5410 5531 5411 
3 5530 5531 5410 
3 5409 5530 5410 
3 5529 5530 5409 
3 5408 5529 5409 
3 5528 5529 5408 
3 5407 5528 5408 
3 5527 5528 5407 
3 5406 5527 5407 
3 5526 5527 5406 
3 5405 5526 5406 
3 5525 5526 5405 
3 5404 5525 5405 
3 5524 5525 5404 
3 5403 5524 5404 
3 5523 5524 5403 
3 5402 5523 5403 
3 5522 5523 5402 
3 5401 5522 5402 
3 5521 5522 5401 
3 5400 5521 5401 
3 5520 5521 5400 
3 5503 5624 5504 
3 5623 5624 5503 
3 5502 5623 5503 
3 5622 5623 5502 
3 5501 5622 5502 
3 5621 5622 5501 
3 5500 5621 5501 
3 5620 5621 5500 
3 5499 5620 5500 
3 5619 5620 5499 
3 5498 5619 5499 
3 5618 5619 5498 
3 5497 5618 5498 
3 5617 5618 5497 
3 5496 5617 5497 
3 5616 5617 5496 
3 5495 5616 5496 
3 5615 5616 5495 
3 5494 5615 5495 
3 5614 5615 5494 
3 5493 5614 5494 
3 5613 5614 5493 
3 5492 5613 5493 
3 5612 5613 5492 
3 5491 5612 5492 
3 5611 5612 5491 
3 5490 5611 5491 
3 5610 5611 5490 
3 5489 5610 5490 
3 5609 5610 5489 
3 5488 5609 5489 
3 5608 5609 5488 
3 5487 5608 5488 
3 5607 5608 5487 
3 5486 5607 5487 
3 5606 5607 5486 
3 5485 5606 5486 
3 5605 5606 5485 
3 5484 5605 5485 
3 5604 5605 5484 
3 5483 5604 5484 
3 5603 5604 5483 
3 5482 5603 5483 
3 5602 5603 5482 
3 5481 5602 5482 
3 5601 5602 5481 
3 5480 5601 5481 
3 5600 5601 5480 
3 5479 5600 5480 
3 5599 5600 5479 
3 5478 5599 5479 
3 5598 5599 5478 
3 5477 5598 5478 
3 5597 5598 5477 
3 5476 5597 5477 
3 5596 5597 5476 
3 5475 5596 5476 
3 5595 5596 5475 
3 5474 5595 5475 
3 5594 5595 5474 
3 5473 5594 5474 
3 5593 5594 5473 
3 5472 5593 5473 
3 5592 5593 5472 
3 5471 5592 5472 
3 5591 5592 5471 
3 5470 5591 5471 
3 5590 5591 5470 
3 5469 5590 5470 
3 5589 5590 5469 
3 5468 5589 5469 
3 5588 5589 5468 
3 5467 5588 5468 
3 5587 5588 5467 
3 5466 5587 5467 
3 5586 5587 5466 
3 5465 5586 5466 
3 5585 5586 5465 
3 5464 5585 5465 
3 5584 5585 5464 
3 5463 5584 5464 
3 5583 5584 5463 
3 5462 5583 5463 
3 5582 5583 5462 
3 5461 5582 5462 
3 5581 5582 5461 
3 5460 5581 5461 
3 5580 5581 5460 
3 5459 5580 5460 
3 5579 5580 5459 
3 5458 5579 5459 
3 5578 5579 5458 
3 5457 5578 5458 
3 5577 5578 5457 
3 5456 5577 5457 
3 5576 5577 5456 
3 5455 5576 5456 
3 5575 5576 5455 
3 5454 5575 5455 
3 5574 5575 5454 
3 5453 5574 5454 
3 5573 5574 5453 
3 5452 5573 5453 
3 5572 5573 5452 
3 5451 5572 5452 
3 5571 5572 5451 
3 5450 5571 5451 
3 5570 5571 5450 
3 5449 5570 5450 
3 5569 5570 5449 
3 5448 5569 5449 
3 5568 5569 5448 
3 5447 5568 5448 
3 5567 5568 5447 
3 5446 5567 5447 
3 5566 5567 5446 
3 5445 5566 5446 
3 5565 5566 5445 
3 5444 5565 5445 
3 5564 5565 5444 
3 5443 5564 5444 
3 5563 5564 5443 
3 5442 5563 5443 
3 5562 5563 5442 
3 5441 5562 5442 
3 5561 5562 5441 
3 5440 5561 5441 
3 5560 5561 5440 
3 5439 5560 5440 
3 5559 5560 5439 
3 5438 5559 5439 
3 5558 5559 5438 
3 5278 5399 5279 
3 5398 5399 5278 
3 5277 5398 5278 
3 5397 5398 5277 
3 5276 5397 5277 
3 5396 5397 5276 
3 5275 5396 5276 
3 5395 5396 5275 
3 5274 5395 5275 
3 5394 5395 5274 
3 5273 5394 5274 
3 5393 5394 5273 
3 5272 5393 5273 
3 5392 5393 5272 
3 5271 5392 5272 
3 5391 5392 5271 
3 5270 5391 5271 
3 5390 5391 5270 
3 5269 5390 5270 
3 5389 5390 5269 
3 5268 5389 5269 
3 5388 5389 5268 
3 5267 5388 5268 
3 5387 5388 5267 
3 5266 5387 5267 
3 5386 5387 5266 
3 5265 5386 5266 
3 5385 5386 5265 
3 5264 5385 5265 
3 5384 5385 5264 
3 5263 5384 5264 
3 5383 5384 5263 
3 5262 5383 5263 
3 5382 5383 5262 
3 5261 5382 5262 
3 5381 5382 5261 
3 5260 5381 5261 
3 5380 5381 5260 
3 5259 5380 5260 
3 5379 5380 5259 
3 5258 5379 5259 
3 5378 5379 5258 
3 5257 5378 5258 
3 5377 5378 5257 
3 5256 5377 5257 
3 5376 5377 5256 
3 5255 5376 5256 
3 5375 5376 5255 
3 5254 5375 5255 
3 5374 5375 5254 
3 5253 5374 5254 
3 5373 5374 5253 
3 5252 5373 5253 
3 5372 5373 5252 
3 5251 5372 5252 
3 5371 5372 5251 
3 5250 5371 5251 
3 5370 5371 5250 
3 5316 5437 5317 
3 5436 5437 5316 
3 5315 5436 5316 
3 5435 5436 5315 
3 5314 5435 5315 
3 5434 5435 5314 
3 5313 5434 5314 
3 5433 5434 5313 
3 5312 5433 5313 
3 5432 5433 5312 
3 5311 5432 5312 
3 5431 5432 5311 
3 5310 5431 5311 
3 5430 5431 5310 
3 5309 5430 5310 
3 5429 5430 5309 
3 5308 5429 5309 
3 5428 5429 5308 
3 5307 5428 5308 
3 5427 5428 5307 
3 5306 5427 5307 
3 5426 5427 5306 
3 5305 5426 5306 
3 5425 5426 5305 
3 5304 5425 5305 
3 5424 5425 5304 
3 5303 5424 5304 
3 5423 5424 5303 
3 5302 5423 5303 
3 5422 5423 5302 
3 5301 5422 5302 
3 5421 5422 5301 
3 5300 5421 5301 
3 5420 5421 5300 
3 5299 5420 5300 
3 5419 5420 5299 
3 5298 5419 5299 
3 5418 5419 5298 
3 5297 5418 5298 
3 5417 5418 5297 
3 5296 5417 5297 
3 5416 5417 5296 
3 5295 5416 5296 
3 5415 5416 5295 
3 5294 5415 5295 
3 5414 5415 5294 
3 5293 5414 5294 
3 5413 5414 5293 
3 5292 5413 5293 
3 5412 5413 5292 
3 5291 5412 5292 
3 5411 5412 5291 
3 5290 5411 5291 
3 5410 5411 5290 
3 5289 5410 5290 
3 5409 5410 5289 
3 5288 5409 5289 
3 5408 5409 5288 
3 5287 5408 5288 
3 5407 5408 5287 
3 5286 5407 5287 
3 5406 5407 5286 
3 5285 5406 5286 
3 5405 5406 5285 
3 5284 5405 5285 
3 5404 5405 5284 
3 5283 5404 5284 
3 5403 5404 5283 
3 5282 5403 5283 
3 5402 5403 5282 
3 5281 5402 5282 
3 5401 5402 5281 
3 5280 5401 5281 
3 5400 5401 5280 
3 4798 4919 4799 
3 4918 4919 4798 
3 4797 4918 4798 
3 4917 4918 4797 
3 4796 4917 4797 
3 4916 4917 4796 
3 4795 4916 4796 
3 4915 4916 4795 
3 4794 4915 4795 
3 4914 4915 4794 
3 4793 4914 4794 
3 4913 4914 4793 
3 4792 4913 4793 
3 4912 4913 4792 
3 4791 4912 4792 
3 4911 4912 4791 
3 4790 4911 4791 
3 4910 4911 4790 
3 4789 4910 4790 
3 4909 4910 4789 
3 4788 4909 4789 
3 4908 4909 4788 
3 4787 4908 4788 
3 4907 4908 4787 
3 4786 4907 4787 
3 4906 4907 4786 
3 4785 4906 4786 
3 4905 4906 4785 
3 4784 4905 4785 
3 4904 4905 4784 
3 4783 4904 4784 
3 4903 4904 4783 
3 4782 4903 4783 
3 4902 4903 4782 
3 4781 4902 4782 
3 4901 4902 4781 
3 4780 4901 4781 
3 4900 4901 4780 
3 4779 4900 4780 
3 4899 4900 4779 
3 4778 4899 4779 
3 4898 4899 4778 
3 4777 4898 4778 
3 4897 4898 4777 
3 4776 4897 4777 
3 4896 4897 4776 
3 4775 4896 4776 
3 4895 4896 4775 
3 4774 4895 4775 
3 4894 4895 4774 
3 4773 4894 4774 
3 4893 4894 4773 
3 4772 4893 4773 
3 4892 4893 4772 
3 4771 4892 4772 
3 4891 4892 4771 
3 4770 4891 4771 
3 4890 4891 4770 
3 4769 4890 4770 
3 4889 4890 4769 
3 4768 4889 4769 
3 4888 4889 4768 
3 4767 4888 4768 
3 4887 4888 4767 
3 4766 4887 4767 
3 4886 4887 4766 
3 4765 4886 4766 
3 4885 4886 4765 
3 4764 4885 4765 
3 4884 4885 4764 
3 4763 4884 4764 
3 4883 4884 4763 
3 4762 4883 4763 
3 4882 4883 4762 
3 4761 4882 4762 
3 4881 4882 4761 
3 4760 4881 4761 
3 4880 4881 4760 
3 4759 4880 4760 
3 4879 4880 4759 
3 4758 4879 4759 
3 4878 4879 4758 
3 4757 4878 4758 
3 4877 4878 4757 
3 4756 4877 4757 
3 4876 4877 4756 
3 4755 4876 4756 
3 4875 4876 4755 
3 4754 4875 4755 
3 4874 4875 4754 
3 4875 4874 4995 
3 4994 4995 4874 
3 4873 4994 4874 
3 4993 4994 4873 
3 4872 4993 4873 
3 4992 4993 4872 
3 4871 4992 4872 
3 4991 4992 4871 
3 4870 4991 4871 
3 4990 4991 4870 
3 4869 4990 4870 
3 4989 4990 4869 
3 4868 4989 4869 
3 4988 4989 4868 
3 4867 4988 4868 
3 4987 4988 4867 
3 4866 4987 4867 
3 4986 4987 4866 
3 4865 4986 4866 
3 4985 4986 4865 
3 4864 4985 4865 
3 4984 4985 4864 
3 4863 4984 4864 
3 4983 4984 4863 
3 4862 4983 4863 
3 4982 4983 4862 
3 4861 4982 4862 
3 4981 4982 4861 
3 4860 4981 4861 
3 4980 4981 4860 
3 4859 4980 4860 
3 4979 4980 4859 
3 4858 4979 4859 
3 4978 4979 4858 
3 4857 4978 4858 
3 4977 4978 4857 
3 4856 4977 4857 
3 4976 4977 4856 
3 4855 4976 4856 
3 4975 4976 4855 
3 4854 4975 4855 
3 4974 4975 4854 
3 4853 4974 4854 
3 4973 4974 4853 
3 4852 4973 4853 
3 4972 4973 4852 
3 4851 4972 4852 
3 4971 4972 4851 
3 4850 4971 4851 
3 4970 4971 4850 
3 4849 4970 4850 
3 4969 4970 4849 
3 4848 4969 4849 
3 4968 4969 4848 
3 4847 4968 4848 
3 4967 4968 4847 
3 4846 4967 4847 
3 4966 4967 4846 
3 4845 4966 4846 
3 4965 4966 4845 
3 4844 4965 4845 
3 4964 4965 4844 
3 4843 4964 4844 
3 4963 4964 4843 
3 4842 4963 4843 
3 4962 4963 4842 
3 4841 4962 4842 
3 4961 4962 4841 
3 4840 4961 4841 
3 4960 4961 4840 
3 4839 4960 4840 
3 4959 4960 4839 
3 4838 4959 4839 
3 4958 4959 4838 
3 4837 4958 4838 
3 4957 4958 4837 
3 4836 4957 4837 
3 4956 4957 4836 
3 4835 4956 4836 
3 4955 4956 4835 
3 4834 4955 4835 
3 4954 4955 4834 
3 4833 4954 4834 
3 4953 4954 4833 
3 4832 4953 4833 
3 4952 4953 4832 
3 4831 4952 4832 
3 4951 4952 4831 
3 4830 4951 4831 
3 4950 4951 4830 
3 4829 4950 4830 
3 4949 4950 4829 
3 4828 4949 4829 
3 4948 4949 4828 
3 4827 4948 4828 
3 4947 4948 4827 
3 4826 4947 4827 
3 4946 4947 4826 
3 4825 4946 4826 
3 4945 4946 4825 
3 4824 4945 4825 
3 4944 4945 4824 
3 4823 4944 4824 
3 4943 4944 4823 
3 4822 4943 4823 
3 4942 4943 4822 
3 4821 4942 4822 
3 4941 4942 4821 
3 4820 4941 4821 
3 4940 4941 4820 
3 4819 4940 4820 
3 4939 4940 4819 
3 4818 4939 4819 
3 4938 4939 4818 
3 4817 4938 4818 
3 4937 4938 4817 
3 4816 4937 4817 
3 4936 4937 4816 
3 4815 4936 4816 
3 4935 4936 4815 
3 4814 4935 4815 
3 4934 4935 4814 
3 4813 4934 4814 
3 4933 4934 4813 
3 4812 4933 4813 
3 4932 4933 4812 
3 4811 4932 4812 
3 4931 4932 4811 
3 4810 4931 4811 
3 4930 4931 4810 
3 4809 4930 4810 
3 4929 4930 4809 
3 4808 4929 4809 
3 4928 4929 4808 
3 4807 4928 4808 
3 4927 4928 4807 
3 4806 4927 4807 
3 4926 4927 4806 
3 4805 4926 4806 
3 4925 4926 4805 
3 4804 4925 4805 
3 4924 4925 4804 
3 4803 4924 4804 
3 4923 4924 4803 
3 4802 4923 4803 
3 4922 4923 4802 
3 4801 4922 4802 
3 4921 4922 4801 
3 4800 4921 4801 
3 4920 4921 4800 
3 5038 5159 5039 
3 5158 5159 5038 
3 5037 5158 5038 
3 5157 5158 5037 
3 5036 5157 5037 
3 5156 5157 5036 
3 5035 5156 5036 
3 5155 5156 5035 
3 5034 5155 5035 
3 5154 5155 5034 
3 5033 5154 5034 
3 5153 5154 5033 
3 5032 5153 5033 
3 5152 5153 5032 
3 5031 5152 5032 
3 5151 5152 5031 
3 5030 5151 5031 
3 5150 5151 5030 
3 5029 5150 5030 
3 5149 5150 5029 
3 5028 5149 5029 
3 5148 5149 5028 
3 5027 5148 5028 
3 5147 5148 5027 
3 5026 5147 5027 
3 5146 5147 5026 
3 5025 5146 5026 
3 5145 5146 5025 
3 5024 5145 5025 
3 5144 5145 5024 
3 5023 5144 5024 
3 5143 5144 5023 
3 5022 5143 5023 
3 5142 5143 5022 
3 5021 5142 5022 
3 5141 5142 5021 
3 5020 5141 5021 
3 5140 5141 5020 
3 5019 5140 5020 
3 5139 5140 5019 
3 5018 5139 5019 
3 5138 5139 5018 
3 5017 5138 5018 
3 5137 5138 5017 
3 5016 5137 5017 
3 5136 5137 5016 
3 5015 5136 5016 
3 5135 5136 5015 
3 5014 5135 5015 
3 5134 5135 5014 
3 5013 5134 5014 
3 5133 5134 5013 
3 5012 5133 5013 
3 5132 5133 5012 
3 5011 5132 5012 
3 5131 5132 5011 
3 5010 5131 5011 
3 5130 5131 5010 
3 5009 5130 5010 
3 5129 5130 5009 
3 5008 5129 5009 
3 5128 5129 5008 
3 5007 5128 5008 
3 5127 5128 5007 
3 5006 5127 5007 
3 5126 5127 5006 
3 5005 5126 5006 
3 5125 5126 5005 
3 5004 5125 5005 
3 5124 5125 5004 
3 5003 5124 5004 
3 5123 5124 5003 
3 5002 5123 5003 
3 5122 5123 5002 
3 5001 5122 5002 
3 5121 5122 5001 
3 5000 5121 5001 
3 5120 5121 5000 
3 4999 5120 5000 
3 5119 5120 4999 
3 4998 5119 4999 
3 5118 5119 4998 
3 4997 5118 4998 
3 5117 5118 4997 
3 4996 5117 4997 
3 5116 5117 4996 
3 4995 5116 4996 
3 5115 5116 4995 
3 4994 5115 4995 
3 5114 5115 4994 
3 4993 5114 4994 
3 5113 5114 4993 
3 4992 5113 4993 
3 5112 5113 4992 
3 4991 5112 4992 
3 5111 5112 4991 
3 4990 5111 4991 
3 5110 5111 4990 
3 4989 5110 4990 
3 5109 5110 4989 
3 4988 5109 4989 
3 5108 5109 4988 
3 4987 5108 4988 
3 5107 5108 4987 
3 4986 5107 4987 
3 5106 5107 4986 
3 4985 5106 4986 
3 5105 5106 4985 
3 4984 5105 4985 
3 5104 5105 4984 
3 4983 5104 4984 
3 5103 5104 4983 
3 4982 5103 4983 
3 5102 5103 4982 
3 4981 5102 4982 
3 5101 5102 4981 
3 4980 5101 4981 
3 5100 5101 4980 
3 4979 5100 4980 
3 5099 5100 4979 
3 4978 5099 4979 
3 5098 5099 4978 
3 4977 5098 4978 
3 5097 5098 4977 
3 4976 5097 4977 
3 5096 5097 4976 
3 4975 5096 4976 
3 5095 5096 4975 
3 4974 5095 4975 
3 5094 5095 4974 
3 4973 5094 4974 
3 5093 5094 4973 
3 4972 5093 4973 
3 5092 5093 4972 
3 4971 5092 4972 
3 5091 5092 4971 
3 4970 5091 4971 
3 5090 5091 4970 
3 4969 5090 4970 
3 5089 5090 4969 
3 4968 5089 4969 
3 5088 5089 4968 
3 4967 5088 4968 
3 5087 5088 4967 
3 4966 5087 4967 
3 5086 5087 4966 
3 4965 5086 4966 
3 5085 5086 4965 
3 4964 5085 4965 
3 5084 5085 4964 
3 4963 5084 4964 
3 5083 5084 4963 
3 4962 5083 4963 
3 5082 5083 4962 
3 4961 5082 4962 
3 5081 5082 4961 
3 4960 5081 4961 
3 5080 5081 4960 
3 4959 5080 4960 
3 5079 5080 4959 
3 4958 5079 4959 
3 5078 5079 4958 
3 4957 5078 4958 
3 5077 5078 4957 
3 4956 5077 4957 
3 5076 5077 4956 
3 4955 5076 4956 
3 5075 5076 4955 
3 4954 5075 4955 
3 5074 5075 4954 
3 4953 5074 4954 
3 5073 5074 4953 
3 4952 5073 4953 
3 5072 5073 4952 
3 4951 5072 4952 
3 5071 5072 4951 
3 4950 5071 4951 
3 5070 5071 4950 
3 4949 5070 4950 
3 5069 5070 4949 
3 4948 5069 4949 
3 5068 5069 4948 
3 4947 5068 4948 
3 5067 5068 4947 
3 4946 5067 4947 
3 5066 5067 4946 
3 4945 5066 4946 
3 5065 5066 4945 
3 4944 5065 4945 
3 5064 5065 4944 
3 4943 5064 4944 
3 5063 5064 4943 
3 4942 5063 4943 
3 5062 5063 4942 
3 5063 5062 5183 
3 5182 5183 5062 
3 5061 5182 5062 
3 5181 5182 5061 
3 5060 5181 5061 
3 5180 5181 5060 
3 5059 5180 5060 
3 5179 5180 5059 
3 5058 5179 5059 
3 5178 5179 5058 
3 5057 5178 5058 
3 5177 5178 5057 
3 5056 5177 5057 
3 5176 5177 5056 
3 5055 5176 5056 
3 5175 5176 5055 
3 5054 5175 5055 
3 5174 5175 5054 
3 5053 5174 5054 
3 5173 5174 5053 
3 5052 5173 5053 
3 5172 5173 5052 
3 5051 5172 5052 
3 5171 5172 5051 
3 5050 5171 5051 
3 5170 5171 5050 
3 5049 5170 5050 
3 5169 5170 5049 
3 5048 5169 5049 
3 5168 5169 5048 
3 5047 5168 5048 
3 5167 5168 5047 
3 5046 5167 5047 
3 5166 5167 5046 
3 5045 5166 5046 
3 5165 5166 5045 
3 5044 5165 5045 
3 5164 5165 5044 
3 5043 5164 5044 
3 5163 5164 5043 
3 5042 5163 5043 
3 5162 5163 5042 
3 5041 5162 5042 
3 5161 5162 5041 
3 5040 5161 5041 
3 5160 5161 5040 
3 5128 5249 5129 
3 5248 5249 5128 
3 5127 5248 5128 
3 5247 5248 5127 
3 5126 5247 5127 
3 5246 5247 5126 
3 5125 5246 5126 
3 5245 5246 5125 
3 5124 5245 5125 
3 5244 5245 5124 
3 5123 5244 5124 
3 5243 5244 5123 
3 5122 5243 5123 
3 5242 5243 5122 
3 5121 5242 5122 
3 5241 5242 5121 
3 5120 5241 5121 
3 5240 5241 5120 
3 5119 5240 5120 
3 5239 5240 5119 
3 5118 5239 5119 
3 5238 5239 5118 
3 5117 5238 5118 
3 5237 5238 5117 
3 5116 5237 5117 
3 5236 5237 5116 
3 5115 5236 5116 
3 5235 5236 5115 
3 5114 5235 5115 
3 5234 5235 5114 
3 5113 5234 5114 
3 5233 5234 5113 
3 5112 5233 5113 
3 5232 5233 5112 
3 5111 5232 5112 
3 5231 5232 5111 
3 5110 5231 5111 
3 5230 5231 5110 
3 5109 5230 5110 
3 5229 5230 5109 
3 5108 5229 5109 
3 5228 5229 5108 
3 5107 5228 5108 
3 5227 5228 5107 
3 5106 5227 5107 
3 5226 5227 5106 
3 5105 5226 5106 
3 5225 5226 5105 
3 5104 5225 5105 
3 5224 5225 5104 
3 5103 5224 5104 
3 5223 5224 5103 
3 5102 5223 5103 
3 5222 5223 5102 
3 5101 5222 5102 
3 5221 5222 5101 
3 5100 5221 5101 
3 5220 5221 5100 
3 5099 5220 5100 
3 5219 5220 5099 
3 5098 5219 5099 
3 5218 5219 5098 
3 5097 5218 5098 
3 5217 5218 5097 
3 5096 5217 5097 
3 5216 5217 5096 
3 5095 5216 5096 
3 5215 5216 5095 
3 5094 5215 5095 
3 5214 5215 5094 
3 5093 5214 5094 
3 5213 5214 5093 
3 5092 5213 5093 
3 5212 5213 5092 
3 5091 5212 5092 
3 5211 5212 5091 
3 5090 5211 5091 
3 5210 5211 5090 
3 5089 5210 5090 
3 5209 5210 5089 
3 5088 5209 5089 
3 5208 5209 5088 
3 5087 5208 5088 
3 5207 5208 5087 
3 5086 5207 5087 
3 5206 5207 5086 
3 5085 5206 5086 
3 5205 5206 5085 
3 5084 5205 5085 
3 5204 5205 5084 
3 5083 5204 5084 
3 5203 5204 5083 
3 5082 5203 5083 
3 5202 5203 5082 
3 5081 5202 5082 
3 5201 5202 5081 
3 5080 5201 5081 
3 5200 5201 5080 
3 5079 5200 5080 
3 5199 5200 5079 
3 5078 5199 5079 
3 5198 5199 5078 
3 5077 5198 5078 
3 5197 5198 5077 
3 5076 5197 5077 
3 5196 5197 5076 
3 5075 5196 5076 
3 5195 5196 5075 
3 5074 5195 5075 
3 5194 5195 5074 
3 5073 5194 5074 
3 5193 5194 5073 
3 5072 5193 5073 
3 5192 5193 5072 
3 5071 5192 5072 
3 5191 5192 5071 
3 5070 5191 5071 
3 5190 5191 5070 
3 5069 5190 5070 
3 5189 5190 5069 
3 5068 5189 5069 
3 5188 5189 5068 
3 5067 5188 5068 
3 5187 5188 5067 
3 5066 5187 5067 
3 5186 5187 5066 
3 5065 5186 5066 
3 5185 5186 5065 
3 5064 5185 5065 
3 5184 5185 5064 
3 5063 5184 5064 
3 5183 5184 5063 
3 4918 5039 4919 
3 5038 5039 4918 
3 4917 5038 4918 
3 5037 5038 4917 
3 4916 5037 4917 
3 5036 5037 4916 
3 4915 5036 4916 
3 5035 5036 4915 
3 4914 5035 4915 
3 5034 5035 4914 
3 4913 5034 4914 
3 5033 5034 4913 
3 4912 5033 4913 
3 5032 5033 4912 
3 4911 5032 4912 
3 5031 5032 4911 
3 4910 5031 4911 
3 5030 5031 4910 
3 4909 5030 4910 
3 5029 5030 4909 
3 4908 5029 4909 
3 5028 5029 4908 
3 4907 5028 4908 
3 5027 5028 4907 
3 4906 5027 4907 
3 5026 5027 4906 
3 4905 5026 4906 
3 5025 5026 4905 
3 4904 5025 4905 
3 5024 5025 4904 
3 4903 5024 4904 
3 5023 5024 4903 
3 4902 5023 4903 
3 5022 5023 4902 
3 4901 5022 4902 
3 5021 5022 4901 
3 4900 5021 4901 
3 5020 5021 4900 
3 4899 5020 4900 
3 5019 5020 4899 
3 4898 5019 4899 
3 5018 5019 4898 
3 4897 5018 4898 
3 5017 5018 4897 
3 4896 5017 4897 
3 5016 5017 4896 
3 4895 5016 4896 
3 5015 5016 4895 
3 4894 5015 4895 
3 5014 5015 4894 
3 4893 5014 4894 
3 5013 5014 4893 
3 4892 5013 4893 
3 5012 5013 4892 
3 4891 5012 4892 
3 5011 5012 4891 
3 4890 5011 4891 
3 5010 5011 4890 
3 4889 5010 4890 
3 5009 5010 4889 
3 4888 5009 4889 
3 5008 5009 4888 
3 4887 5008 4888 
3 5007 5008 4887 
3 4886 5007 4887 
3 5006 5007 4886 
3 4885 5006 4886 
3 5005 5006 4885 
3 4884 5005 4885 
3 5004 5005 4884 
3 4883 5004 4884 
3 5003 5004 4883 
3 4882 5003 4883 
3 5002 5003 4882 
3 4881 5002 4882 
3 5001 5002 4881 
3 4880 5001 4881 
3 5000 5001 4880 
3 4879 5000 4880 
3 4999 5000 4879 
3 4878 4999 4879 
3 4998 4999 4878 
3 4877 4998 4878 
3 4997 4998 4877 
3 4876 4997 4877 
3 4996 4997 4876 
3 4875 4996 4876 
3 4995 4996 4875 
3 4941 5062 4942 
3 5061 5062 4941 
3 4940 5061 4941 
3 5060 5061 4940 
3 4939 5060 4940 
3 5059 5060 4939 
3 4938 5059 4939 
3 5058 5059 4938 
3 4937 5058 4938 
3 5057 5058 4937 
3 4936 5057 4937 
3 5056 5057 4936 
3 4935 5056 4936 
3 5055 5056 4935 
3 4934 5055 4935 
3 5054 5055 4934 
3 4933 5054 4934 
3 5053 5054 4933 
3 4932 5053 4933 
3 5052 5053 4932 
3 4931 5052 4932 
3 5051 5052 4931 
3 4930 5051 4931 
3 5050 5051 4930 
3 4929 5050 4930 
3 5049 5050 4929 
3 4928 5049 4929 
3 5048 5049 4928 
3 4927 5048 4928 
3 5047 5048 4927 
3 4926 5047 4927 
3 5046 5047 4926 
3 4925 5046 4926 
3 5045 5046 4925 
3 4924 5045 4925 
3 5044 5045 4924 
3 4923 5044 4924 
3 5043 5044 4923 
3 4922 5043 4923 
3 5042 5043 4922 
3 4921 5042 4922 
3 5041 5042 4921 
3 4920 5041 4921 
3 5040 5041 4920 
3 4678 4799 4679 
3 4798 4799 4678 
3 4677 4798 4678 
3 4797 4798 4677 
3 4676 4797 4677 
3 4796 4797 4676 
3 4675 4796 4676 
3 4795 4796 4675 
3 4674 4795 4675 
3 4794 4795 4674 
3 4673 4794 4674 
3 4793 4794 4673 
3 4672 4793 4673 
3 4792 4793 4672 
3 4671 4792 4672 
3 4791 4792 4671 
3 4670 4791 4671 
3 4790 4791 4670 
3 4669 4790 4670 
3 4789 4790 4669 
3 4668 4789 4669 
3 4788 4789 4668 
3 4667 4788 4668 
3 4787 4788 4667 
3 4666 4787 4667 
3 4786 4787 4666 
3 4665 4786 4666 
3 4785 4786 4665 
3 4664 4785 4665 
3 4784 4785 4664 
3 4663 4784 4664 
3 4783 4784 4663 
3 4662 4783 4663 
3 4782 4783 4662 
3 4661 4782 4662 
3 4781 4782 4661 
3 4660 4781 4661 
3 4780 4781 4660 
3 4659 4780 4660 
3 4779 4780 4659 
3 4658 4779 4659 
3 4778 4779 4658 
3 4657 4778 4658 
3 4777 4778 4657 
3 4656 4777 4657 
3 4776 4777 4656 
3 4655 4776 4656 
3 4775 4776 4655 
3 4654 4775 4655 
3 4774 4775 4654 
3 4653 4774 4654 
3 4773 4774 4653 
3 4652 4773 4653 
3 4772 4773 4652 
3 4651 4772 4652 
3 4771 4772 4651 
3 4650 4771 4651 
3 4770 4771 4650 
3 4649 4770 4650 
3 4769 4770 4649 
3 4648 4769 4649 
3 4768 4769 4648 
3 4647 4768 4648 
3 4767 4768 4647 
3 4646 4767 4647 
3 4766 4767 4646 
3 4645 4766 4646 
3 4765 4766 4645 
3 4644 4765 4645 
3 4764 4765 4644 
3 4643 4764 4644 
3 4763 4764 4643 
3 4642 4763 4643 
3 4762 4763 4642 
3 4641 4762 4642 
3 4761 4762 4641 
3 4640 4761 4641 
3 4760 4761 4640 
3 4639 4760 4640 
3 4759 4760 4639 
3 4638 4759 4639 
3 4758 4759 4638 
3 4637 4758 4638 
3 4757 4758 4637 
3 4636 4757 4637 
3 4756 4757 4636 
3 4635 4756 4636 
3 4755 4756 4635 
3 4634 4755 4635 
3 4754 4755 4634 
3 4633 4754 4634 
3 4753 4754 4633 
3 4632 4753 4633 
3 4752 4753 4632 
3 4631 4752 4632 
3 4751 4752 4631 
3 4630 4751 4631 
3 4750 4751 4630 
3 4629 4750 4630 
3 4749 4750 4629 
3 4628 4749 4629 
3 4748 4749 4628 
3 4627 4748 4628 
3 4747 4748 4627 
3 4626 4747 4627 
3 4746 4747 4626 
3 4625 4746 4626 
3 4745 4746 4625 
3 4624 4745 4625 
3 4744 4745 4624 
3 4623 4744 4624 
3 4743 4744 4623 
3 4622 4743 4623 
3 4742 4743 4622 
3 4621 4742 4622 
3 4741 4742 4621 
3 4620 4741 4621 
3 4740 4741 4620 
3 4619 4740 4620 
3 4739 4740 4619 
3 4618 4739 4619 
3 4738 4739 4618 
3 4617 4738 4618 
3 4737 4738 4617 
3 4616 4737 4617 
3 4736 4737 4616 
3 4615 4736 4616 
3 4735 4736 4615 
3 4614 4735 4615 
3 4734 4735 4614 
3 4613 4734 4614 
3 4733 4734 4613 
3 4612 4733 4613 
3 4732 4733 4612 
3 4611 4732 4612 
3 4731 4732 4611 
3 4610 4731 4611 
3 4730 4731 4610 
3 4609 4730 4610 
3 4729 4730 4609 
3 4608 4729 4609 
3 4728 4729 4608 
3 4607 4728 4608 
3 4727 4728 4607 
3 4606 4727 4607 
3 4726 4727 4606 
3 4605 4726 4606 
3 4725 4726 4605 
3 4604 4725 4605 
3 4724 4725 4604 
3 4603 4724 4604 
3 4723 4724 4603 
3 4602 4723 4603 
3 4722 4723 4602 
3 4601 4722 4602 
3 4721 4722 4601 
3 4600 4721 4601 
3 4720 4721 4600 
3 4599 4720 4600 
3 4719 4720 4599 
3 4598 4719 4599 
3 4718 4719 4598 
3 4597 4718 4598 
3 4717 4718 4597 
3 4596 4717 4597 
3 4716 4717 4596 
3 4595 4716 4596 
3 4715 4716 4595 
3 4594 4715 4595 
3 4714 4715 4594 
3 4593 4714 4594 
3 4713 4714 4593 
3 4592 4713 4593 
3 4712 4713 4592 
3 4591 4712 4592 
3 4711 4712 4591 
3 4590 4711 4591 
3 4710 4711 4590 
3 4589 4710 4590 
3 4709 4710 4589 
3 4588 4709 4589 
3 4708 4709 4588 
3 4587 4708 4588 
3 4707 4708 4587 
3 4586 4707 4587 
3 4706 4707 4586 
3 4585 4706 4586 
3 4705 4706 4585 
3 4584 4705 4585 
3 4704 4705 4584 
3 4583 4704 4584 
3 4703 4704 4583 
3 4582 4703 4583 
3 4702 4703 4582 
3 4581 4702 4582 
3 4701 4702 4581 
3 4580 4701 4581 
3 4700 4701 4580 
3 4579 4700 4580 
3 4699 4700 4579 
3 4578 4699 4579 
3 4698 4699 4578 
3 4577 4698 4578 
3 4697 4698 4577 
3 4576 4697 4577 
3 4696 4697 4576 
3 4575 4696 4576 
3 4695 4696 4575 
3 4574 4695 4575 
3 4694 4695 4574 
3 4573 4694 4574 
3 4693 4694 4573 
3 4572 4693 4573 
3 4692 4693 4572 
3 4571 4692 4572 
3 4691 4692 4571 
3 4570 4691 4571 
3 4690 4691 4570 
3 4569 4690 4570 
3 4689 4690 4569 
3 4568 4689 4569 
3 4688 4689 4568 
3 4567 4688 4568 
3 4687 4688 4567 
3 4688 4687 4808 
3 4807 4808 4687 
3 4686 4807 4687 
3 4806 4807 4686 
3 4685 4806 4686 
3 4805 4806 4685 
3 4684 4805 4685 
3 4804 4805 4684 
3 4683 4804 4684 
3 4803 4804 4683 
3 4682 4803 4683 
3 4802 4803 4682 
3 4681 4802 4682 
3 4801 4802 4681 
3 4680 4801 4681 
3 4800 4801 4680 
3 4753 4874 4754 
3 4873 4874 4753 
3 4752 4873 4753 
3 4872 4873 4752 
3 4751 4872 4752 
3 4871 4872 4751 
3 4750 4871 4751 
3 4870 4871 4750 
3 4749 4870 4750 
3 4869 4870 4749 
3 4748 4869 4749 
3 4868 4869 4748 
3 4747 4868 4748 
3 4867 4868 4747 
3 4746 4867 4747 
3 4866 4867 4746 
3 4745 4866 4746 
3 4865 4866 4745 
3 4744 4865 4745 
3 4864 4865 4744 
3 4743 4864 4744 
3 4863 4864 4743 
3 4742 4863 4743 
3 4862 4863 4742 
3 4741 4862 4742 
3 4861 4862 4741 
3 4740 4861 4741 
3 4860 4861 4740 
3 4739 4860 4740 
3 4859 4860 4739 
3 4738 4859 4739 
3 4858 4859 4738 
3 4737 4858 4738 
3 4857 4858 4737 
3 4736 4857 4737 
3 4856 4857 4736 
3 4735 4856 4736 
3 4855 4856 4735 
3 4734 4855 4735 
3 4854 4855 4734 
3 4733 4854 4734 
3 4853 4854 4733 
3 4732 4853 4733 
3 4852 4853 4732 
3 4731 4852 4732 
3 4851 4852 4731 
3 4730 4851 4731 
3 4850 4851 4730 
3 4729 4850 4730 
3 4849 4850 4729 
3 4728 4849 4729 
3 4848 4849 4728 
3 4727 4848 4728 
3 4847 4848 4727 
3 4726 4847 4727 
3 4846 4847 4726 
3 4725 4846 4726 
3 4845 4846 4725 
3 4724 4845 4725 
3 4844 4845 4724 
3 4723 4844 4724 
3 4843 4844 4723 
3 4722 4843 4723 
3 4842 4843 4722 
3 4721 4842 4722 
3 4841 4842 4721 
3 4720 4841 4721 
3 4840 4841 4720 
3 4719 4840 4720 
3 4839 4840 4719 
3 4718 4839 4719 
3 4838 4839 4718 
3 4717 4838 4718 
3 4837 4838 4717 
3 4716 4837 4717 
3 4836 4837 4716 
3 4715 4836 4716 
3 4835 4836 4715 
3 4714 4835 4715 
3 4834 4835 4714 
3 4713 4834 4714 
3 4833 4834 4713 
3 4712 4833 4713 
3 4832 4833 4712 
3 4711 4832 4712 
3 4831 4832 4711 
3 4710 4831 4711 
3 4830 4831 4710 
3 4709 4830 4710 
3 4829 4830 4709 
3 4708 4829 4709 
3 4828 4829 4708 
3 4707 4828 4708 
3 4827 4828 4707 
3 4706 4827 4707 
3 4826 4827 4706 
3 4705 4826 4706 
3 4825 4826 4705 
3 4704 4825 4705 
3 4824 4825 4704 
3 4703 4824 4704 
3 4823 4824 4703 
3 4702 4823 4703 
3 4822 4823 4702 
3 4701 4822 4702 
3 4821 4822 4701 
3 4700 4821 4701 
3 4820 4821 4700 
3 4699 4820 4700 
3 4819 4820 4699 
3 4698 4819 4699 
3 4818 4819 4698 
3 4697 4818 4698 
3 4817 4818 4697 
3 4696 4817 4697 
3 4816 4817 4696 
3 4695 4816 4696 
3 4815 4816 4695 
3 4694 4815 4695 
3 4814 4815 4694 
3 4693 4814 4694 
3 4813 4814 4693 
3 4692 4813 4693 
3 4812 4813 4692 
3 4691 4812 4692 
3 4811 4812 4691 
3 4690 4811 4691 
3 4810 4811 4690 
3 4689 4810 4690 
3 4809 4810 4689 
3 4688 4809 4689 
3 4808 4809 4688 
3 4558 4679 4559 
3 4678 4679 4558 
3 4557 4678 4558 
3 4677 4678 4557 
3 4556 4677 4557 
3 4676 4677 4556 
3 4555 4676 4556 
3 4675 4676 4555 
3 4554 4675 4555 
3 4674 4675 4554 
3 4553 4674 4554 
3 4673 4674 4553 
3 4552 4673 4553 
3 4672 4673 4552 
3 4551 4672 4552 
3 4671 4672 4551 
3 4550 4671 4551 
3 4670 4671 4550 
3 4549 4670 4550 
3 4669 4670 4549 
3 4548 4669 4549 
3 4668 4669 4548 
3 4547 4668 4548 
3 4667 4668 4547 
3 4546 4667 4547 
3 4666 4667 4546 
3 4545 4666 4546 
3 4665 4666 4545 
3 4544 4665 4545 
3 4664 4665 4544 
3 4543 4664 4544 
3 4663 4664 4543 
3 4542 4663 4543 
3 4662 4663 4542 
3 4541 4662 4542 
3 4661 4662 4541 
3 4540 4661 4541 
3 4660 4661 4540 
3 4539 4660 4540 
3 4659 4660 4539 
3 4538 4659 4539 
3 4658 4659 4538 
3 4537 4658 4538 
3 4657 4658 4537 
3 4536 4657 4537 
3 4656 4657 4536 
3 4535 4656 4536 
3 4655 4656 4535 
3 4534 4655 4535 
3 4654 4655 4534 
3 4533 4654 4534 
3 4653 4654 4533 
3 4532 4653 4533 
3 4652 4653 4532 
3 4531 4652 4532 
3 4651 4652 4531 
3 4530 4651 4531 
3 4650 4651 4530 
3 4529 4650 4530 
3 4649 4650 4529 
3 4528 4649 4529 
3 4648 4649 4528 
3 4527 4648 4528 
3 4647 4648 4527 
3 4526 4647 4527 
3 4646 4647 4526 
3 4525 4646 4526 
3 4645 4646 4525 
3 4524 4645 4525 
3 4644 4645 4524 
3 4523 4644 4524 
3 4643 4644 4523 
3 4522 4643 4523 
3 4642 4643 4522 
3 4521 4642 4522 
3 4641 4642 4521 
3 4520 4641 4521 
3 4640 4641 4520 
3 4519 4640 4520 
3 4639 4640 4519 
3 4518 4639 4519 
3 4638 4639 4518 
3 4517 4638 4518 
3 4637 4638 4517 
3 4516 4637 4517 
3 4636 4637 4516 
3 4515 4636 4516 
3 4635 4636 4515 
3 4514 4635 4515 
3 4634 4635 4514 
3 4513 4634 4514 
3 4633 4634 4513 
3 4512 4633 4513 
3 4632 4633 4512 
3 4511 4632 4512 
3 4631 4632 4511 
3 4510 4631 4511 
3 4630 4631 4510 
3 4509 4630 4510 
3 4629 4630 4509 
3 4508 4629 4509 
3 4628 4629 4508 
3 4507 4628 4508 
3 4627 4628 4507 
3 4506 4627 4507 
3 4626 4627 4506 
3 4505 4626 4506 
3 4625 4626 4505 
3 4504 4625 4505 
3 4624 4625 4504 
3 4503 4624 4504 
3 4623 4624 4503 
3 4502 4623 4503 
3 4622 4623 4502 
3 4501 4622 4502 
3 4621 4622 4501 
3 4500 4621 4501 
3 4620 4621 4500 
3 4566 4687 4567 
3 4686 4687 4566 
3 4565 4686 4566 
3 4685 4686 4565 
3 4564 4685 4565 
3 4684 4685 4564 
3 4563 4684 4564 
3 4683 4684 4563 
3 4562 4683 4563 
3 4682 4683 4562 
3 4561 4682 4562 
3 4681 4682 4561 
3 4560 4681 4561 
3 4680 4681 4560 
3 3718 3839 3719 
3 3838 3839 3718 
3 3717 3838 3718 
3 3837 3838 3717 
3 3716 3837 3717 
3 3836 3837 3716 
3 3715 3836 3716 
3 3835 3836 3715 
3 3714 3835 3715 
3 3834 3835 3714 
3 3713 3834 3714 
3 3833 3834 3713 
3 3712 3833 3713 
3 3832 3833 3712 
3 3711 3832 3712 
3 3831 3832 3711 
3 3710 3831 3711 
3 3830 3831 3710 
3 3709 3830 3710 
3 3829 3830 3709 
3 3708 3829 3709 
3 3828 3829 3708 
3 3707 3828 3708 
3 3827 3828 3707 
3 3706 3827 3707 
3 3826 3827 3706 
3 3705 3826 3706 
3 3825 3826 3705 
3 3704 3825 3705 
3 3824 3825 3704 
3 3703 3824 3704 
3 3823 3824 3703 
3 3702 3823 3703 
3 3822 3823 3702 
3 3701 3822 3702 
3 3821 3822 3701 
3 3700 3821 3701 
3 3820 3821 3700 
3 3699 3820 3700 
3 3819 3820 3699 
3 3698 3819 3699 
3 3818 3819 3698 
3 3697 3818 3698 
3 3817 3818 3697 
3 3696 3817 3697 
3 3816 3817 3696 
3 3695 3816 3696 
3 3815 3816 3695 
3 3694 3815 3695 
3 3814 3815 3694 
3 3693 3814 3694 
3 3813 3814 3693 
3 3692 3813 3693 
3 3812 3813 3692 
3 3691 3812 3692 
3 3811 3812 3691 
3 3690 3811 3691 
3 3810 3811 3690 
3 3689 3810 3690 
3 3809 3810 3689 
3 3688 3809 3689 
3 3808 3809 3688 
3 3687 3808 3688 
3 3807 3808 3687 
3 3686 3807 3687 
3 3806 3807 3686 
3 3685 3806 3686 
3 3805 3806 3685 
3 3684 3805 3685 
3 3804 3805 3684 
3 3683 3804 3684 
3 3803 3804 3683 
3 3682 3803 3683 
3 3802 3803 3682 
3 3681 3802 3682 
3 3801 3802 3681 
3 3680 3801 3681 
3 3800 3801 3680 
3 3679 3800 3680 
3 3799 3800 3679 
3 3678 3799 3679 
3 3798 3799 3678 
3 3677 3798 3678 
3 3797 3798 3677 
3 3676 3797 3677 
3 3796 3797 3676 
3 3675 3796 3676 
3 3795 3796 3675 
3 3674 3795 3675 
3 3794 3795 3674 
3 3673 3794 3674 
3 3793 3794 3673 
3 3672 3793 3673 
3 3792 3793 3672 
3 3671 3792 3672 
3 3791 3792 3671 
3 3670 3791 3671 
3 3790 3791 3670 
3 3669 3790 3670 
3 3789 3790 3669 
3 3668 3789 3669 
3 3788 3789 3668 
3 3667 3788 3668 
3 3787 3788 3667 
3 3666 3787 3667 
3 3786 3787 3666 
3 3665 3786 3666 
3 3785 3786 3665 
3 3664 3785 3665 
3 3784 3785 3664 
3 3663 3784 3664 
3 3783 3784 3663 
3 3662 3783 3663 
3 3782 3783 3662 
3 3661 3782 3662 
3 3781 3782 3661 
3 3660 3781 3661 
3 3780 3781 3660 
3 3659 3780 3660 
3 3779 3780 3659 
3 3658 3779 3659 
3 3778 3779 3658 
3 3657 3778 3658 
3 3777 3778 3657 
3 3656 3777 3657 
3 3776 3777 3656 
3 3655 3776 3656 
3 3775 3776 3655 
3 3654 3775 3655 
3 3774 3775 3654 
3 3653 3774 3654 
3 3773 3774 3653 
3 3652 3773 3653 
3 3772 3773 3652 
3 3651 3772 3652 
3 3771 3772 3651 
3 3650 3771 3651 
3 3770 3771 3650 
3 3649 3770 3650 
3 3769 3770 3649 
3 3648 3769 3649 
3 3768 3769 3648 
3 3647 3768 3648 
3 3767 3768 3647 
3 3646 3767 3647 
3 3766 3767 3646 
3 3645 3766 3646 
3 3765 3766 3645 
3 3644 3765 3645 
3 3764 3765 3644 
3 3643 3764 3644 
3 3763 3764 3643 
3 3642 3763 3643 
3 3762 3763 3642 
3 3641 3762 3642 
3 3761 3762 3641 
3 3640 3761 3641 
3 3760 3761 3640 
3 3639 3760 3640 
3 3759 3760 3639 
3 3638 3759 3639 
3 3758 3759 3638 
3 3637 3758 3638 
3 3757 3758 3637 
3 3636 3757 3637 
3 3756 3757 3636 
3 3635 3756 3636 
3 3755 3756 3635 
3 3634 3755 3635 
3 3754 3755 3634 
3 3633 3754 3634 
3 3753 3754 3633 
3 3632 3753 3633 
3 3752 3753 3632 
3 3631 3752 3632 
3 3751 3752 3631 
3 3630 3751 3631 
3 3750 3751 3630 
3 3629 3750 3630 
3 3749 3750 3629 
3 3750 3749 3870 
3 3869 3870 3749 
3 3748 3869 3749 
3 3868 3869 3748 
3 3747 3868 3748 
3 3867 3868 3747 
3 3746 3867 3747 
3 3866 3867 3746 
3 3745 3866 3746 
3 3865 3866 3745 
3 3744 3865 3745 
3 3864 3865 3744 
3 3743 3864 3744 
3 3863 3864 3743 
3 3742 3863 3743 
3 3862 3863 3742 
3 3741 3862 3742 
3 3861 3862 3741 
3 3740 3861 3741 
3 3860 3861 3740 
3 3739 3860 3740 
3 3859 3860 3739 
3 3738 3859 3739 
3 3858 3859 3738 
3 3737 3858 3738 
3 3857 3858 3737 
3 3736 3857 3737 
3 3856 3857 3736 
3 3735 3856 3736 
3 3855 3856 3735 
3 3734 3855 3735 
3 3854 3855 3734 
3 3733 3854 3734 
3 3853 3854 3733 
3 3732 3853 3733 
3 3852 3853 3732 
3 3731 3852 3732 
3 3851 3852 3731 
3 3730 3851 3731 
3 3850 3851 3730 
3 3729 3850 3730 
3 3849 3850 3729 
3 3728 3849 3729 
3 3848 3849 3728 
3 3727 3848 3728 
3 3847 3848 3727 
3 3726 3847 3727 
3 3846 3847 3726 
3 3725 3846 3726 
3 3845 3846 3725 
3 3724 3845 3725 
3 3844 3845 3724 
3 3723 3844 3724 
3 3843 3844 3723 
3 3722 3843 3723 
3 3842 3843 3722 
3 3721 3842 3722 
3 3841 3842 3721 
3 3720 3841 3721 
3 3840 3841 3720 
3 4078 4199 4079 
3 4198 4199 4078 
3 4077 4198 4078 
3 4197 4198 4077 
3 4076 4197 4077 
3 4196 4197 4076 
3 4075 4196 4076 
3 4195 4196 4075 
3 4074 4195 4075 
3 4194 4195 4074 
3 4073 4194 4074 
3 4193 4194 4073 
3 4072 4193 4073 
3 4192 4193 4072 
3 4071 4192 4072 
3 4191 4192 4071 
3 4070 4191 4071 
3 4190 4191 4070 
3 4069 4190 4070 
3 4189 4190 4069 
3 4068 4189 4069 
3 4188 4189 4068 
3 4067 4188 4068 
3 4187 4188 4067 
3 4066 4187 4067 
3 4186 4187 4066 
3 4065 4186 4066 
3 4185 4186 4065 
3 4064 4185 4065 
3 4184 4185 4064 
3 4063 4184 4064 
3 4183 4184 4063 
3 4062 4183 4063 
3 4182 4183 4062 
3 4061 4182 4062 
3 4181 4182 4061 
3 4060 4181 4061 
3 4180 4181 4060 
3 4059 4180 4060 
3 4179 4180 4059 
3 4058 4179 4059 
3 4178 4179 4058 
3 4057 4178 4058 
3 4177 4178 4057 
3 4056 4177 4057 
3 4176 4177 4056 
3 4055 4176 4056 
3 4175 4176 4055 
3 4054 4175 4055 
3 4174 4175 4054 
3 4053 4174 4054 
3 4173 4174 4053 
3 4052 4173 4053 
3 4172 4173 4052 
3 4051 4172 4052 
3 4171 4172 4051 
3 4050 4171 4051 
3 4170 4171 4050 
3 4049 4170 4050 
3 4169 4170 4049 
3 4048 4169 4049 
3 4168 4169 4048 
3 4047 4168 4048 
3 4167 4168 4047 
3 4046 4167 4047 
3 4166 4167 4046 
3 4045 4166 4046 
3 4165 4166 4045 
3 4044 4165 4045 
3 4164 4165 4044 
3 4043 4164 4044 
3 4163 4164 4043 
3 4042 4163 4043 
3 4162 4163 4042 
3 4041 4162 4042 
3 4161 4162 4041 
3 4040 4161 4041 
3 4160 4161 4040 
3 4039 4160 4040 
3 4159 4160 4039 
3 4038 4159 4039 
3 4158 4159 4038 
3 4037 4158 4038 
3 4157 4158 4037 
3 4036 4157 4037 
3 4156 4157 4036 
3 4035 4156 4036 
3 4155 4156 4035 
3 4034 4155 4035 
3 4154 4155 4034 
3 4033 4154 4034 
3 4153 4154 4033 
3 4032 4153 4033 
3 4152 4153 4032 
3 4031 4152 4032 
3 4151 4152 4031 
3 4030 4151 4031 
3 4150 4151 4030 
3 4029 4150 4030 
3 4149 4150 4029 
3 4028 4149 4029 
3 4148 4149 4028 
3 4027 4148 4028 
3 4147 4148 4027 
3 4026 4147 4027 
3 4146 4147 4026 
3 4025 4146 4026 
3 4145 4146 4025 
3 4024 4145 4025 
3 4144 4145 4024 
3 4023 4144 4024 
3 4143 4144 4023 
3 4022 4143 4023 
3 4142 4143 4022 
3 4021 4142 4022 
3 4141 4142 4021 
3 4020 4141 4021 
3 4140 4141 4020 
3 4019 4140 4020 
3 4139 4140 4019 
3 4018 4139 4019 
3 4138 4139 4018 
3 4017 4138 4018 
3 4137 4138 4017 
3 4016 4137 4017 
3 4136 4137 4016 
3 4015 4136 4016 
3 4135 4136 4015 
3 4014 4135 4015 
3 4134 4135 4014 
3 4013 4134 4014 
3 4133 4134 4013 
3 4012 4133 4013 
3 4132 4133 4012 
3 4011 4132 4012 
3 4131 4132 4011 
3 4010 4131 4011 
3 4130 4131 4010 
3 4009 4130 4010 
3 4129 4130 4009 
3 4008 4129 4009 
3 4128 4129 4008 
3 4007 4128 4008 
3 4127 4128 4007 
3 4006 4127 4007 
3 4126 4127 4006 
3 4005 4126 4006 
3 4125 4126 4005 
3 4004 4125 4005 
3 4124 4125 4004 
3 4125 4124 4245 
3 4244 4245 4124 
3 4123 4244 4124 
3 4243 4244 4123 
3 4122 4243 4123 
3 4242 4243 4122 
3 4121 4242 4122 
3 4241 4242 4121 
3 4120 4241 4121 
3 4240 4241 4120 
3 4119 4240 4120 
3 4239 4240 4119 
3 4118 4239 4119 
3 4238 4239 4118 
3 4117 4238 4118 
3 4237 4238 4117 
3 4116 4237 4117 
3 4236 4237 4116 
3 4115 4236 4116 
3 4235 4236 4115 
3 4114 4235 4115 
3 4234 4235 4114 
3 4113 4234 4114 
3 4233 4234 4113 
3 4112 4233 4113 
3 4232 4233 4112 
3 4111 4232 4112 
3 4231 4232 4111 
3 4110 4231 4111 
3 4230 4231 4110 
3 4109 4230 4110 
3 4229 4230 4109 
3 4108 4229 4109 
3 4228 4229 4108 
3 4107 4228 4108 
3 4227 4228 4107 
3 4106 4227 4107 
3 4226 4227 4106 
3 4105 4226 4106 
3 4225 4226 4105 
3 4104 4225 4105 
3 4224 4225 4104 
3 4103 4224 4104 
3 4223 4224 4103 
3 4102 4223 4103 
3 4222 4223 4102 
3 4101 4222 4102 
3 4221 4222 4101 
3 4100 4221 4101 
3 4220 4221 4100 
3 4099 4220 4100 
3 4219 4220 4099 
3 4098 4219 4099 
3 4218 4219 4098 
3 4097 4218 4098 
3 4217 4218 4097 
3 4096 4217 4097 
3 4216 4217 4096 
3 4095 4216 4096 
3 4215 4216 4095 
3 4094 4215 4095 
3 4214 4215 4094 
3 4093 4214 4094 
3 4213 4214 4093 
3 4092 4213 4093 
3 4212 4213 4092 
3 4091 4212 4092 
3 4211 4212 4091 
3 4090 4211 4091 
3 4210 4211 4090 
3 4089 4210 4090 
3 4209 4210 4089 
3 4088 4209 4089 
3 4208 4209 4088 
3 4087 4208 4088 
3 4207 4208 4087 
3 4086 4207 4087 
3 4206 4207 4086 
3 4085 4206 4086 
3 4205 4206 4085 
3 4084 4205 4085 
3 4204 4205 4084 
3 4083 4204 4084 
3 4203 4204 4083 
3 4082 4203 4083 
3 4202 4203 4082 
3 4081 4202 4082 
3 4201 4202 4081 
3 4080 4201 4081 
3 4200 4201 4080 
3 4198 4319 4199 
3 4318 4319 4198 
3 4197 4318 4198 
3 4317 4318 4197 
3 4196 4317 4197 
3 4316 4317 4196 
3 4195 4316 4196 
3 4315 4316 4195 
3 4194 4315 4195 
3 4314 4315 4194 
3 4193 4314 4194 
3 4313 4314 4193 
3 4192 4313 4193 
3 4312 4313 4192 
3 4313 4312 4433 
3 4432 4433 4312 
3 4311 4432 4312 
3 4431 4432 4311 
3 4310 4431 4311 
3 4430 4431 4310 
3 4309 4430 4310 
3 4429 4430 4309 
3 4308 4429 4309 
3 4428 4429 4308 
3 4307 4428 4308 
3 4427 4428 4307 
3 4306 4427 4307 
3 4426 4427 4306 
3 4305 4426 4306 
3 4425 4426 4305 
3 4304 4425 4305 
3 4424 4425 4304 
3 4303 4424 4304 
3 4423 4424 4303 
3 4302 4423 4303 
3 4422 4423 4302 
3 4301 4422 4302 
3 4421 4422 4301 
3 4300 4421 4301 
3 4420 4421 4300 
3 4299 4420 4300 
3 4419 4420 4299 
3 4298 4419 4299 
3 4418 4419 4298 
3 4297 4418 4298 
3 4417 4418 4297 
3 4296 4417 4297 
3 4416 4417 4296 
3 4295 4416 4296 
3 4415 4416 4295 
3 4294 4415 4295 
3 4414 4415 4294 
3 4293 4414 4294 
3 4413 4414 4293 
3 4292 4413 4293 
3 4412 4413 4292 
3 4291 4412 4292 
3 4411 4412 4291 
3 4290 4411 4291 
3 4410 4411 4290 
3 4289 4410 4290 
3 4409 4410 4289 
3 4288 4409 4289 
3 4408 4409 4288 
3 4287 4408 4288 
3 4407 4408 4287 
3 4286 4407 4287 
3 4406 4407 4286 
3 4285 4406 4286 
3 4405 4406 4285 
3 4284 4405 4285 
3 4404 4405 4284 
3 4283 4404 4284 
3 4403 4404 4283 
3 4282 4403 4283 
3 4402 4403 4282 
3 4281 4402 4282 
3 4401 4402 4281 
3 4280 4401 4281 
3 4400 4401 4280 
3 4279 4400 4280 
3 4399 4400 4279 
3 4278 4399 4279 
3 4398 4399 4278 
3 4277 4398 4278 
3 4397 4398 4277 
3 4276 4397 4277 
3 4396 4397 4276 
3 4275 4396 4276 
3 4395 4396 4275 
3 4274 4395 4275 
3 4394 4395 4274 
3 4273 4394 4274 
3 4393 4394 4273 
3 4272 4393 4273 
3 4392 4393 4272 
3 4271 4392 4272 
3 4391 4392 4271 
3 4270 4391 4271 
3 4390 4391 4270 
3 4269 4390 4270 
3 4389 4390 4269 
3 4268 4389 4269 
3 4388 4389 4268 
3 4267 4388 4268 
3 4387 4388 4267 
3 4266 4387 4267 
3 4386 4387 4266 
3 4265 4386 4266 
3 4385 4386 4265 
3 4264 4385 4265 
3 4384 4385 4264 
3 4263 4384 4264 
3 4383 4384 4263 
3 4262 4383 4263 
3 4382 4383 4262 
3 4261 4382 4262 
3 4381 4382 4261 
3 4260 4381 4261 
3 4380 4381 4260 
3 4259 4380 4260 
3 4379 4380 4259 
3 4258 4379 4259 
3 4378 4379 4258 
3 4257 4378 4258 
3 4377 4378 4257 
3 4256 4377 4257 
3 4376 4377 4256 
3 4255 4376 4256 
3 4375 4376 4255 
3 4254 4375 4255 
3 4374 4375 4254 
3 4253 4374 4254 
3 4373 4374 4253 
3 4252 4373 4253 
3 4372 4373 4252 
3 4251 4372 4252 
3 4371 4372 4251 
3 4250 4371 4251 
3 4370 4371 4250 
3 4249 4370 4250 
3 4369 4370 4249 
3 4248 4369 4249 
3 4368 4369 4248 
3 4247 4368 4248 
3 4367 4368 4247 
3 4246 4367 4247 
3 4366 4367 4246 
3 4245 4366 4246 
3 4365 4366 4245 
3 4244 4365 4245 
3 4364 4365 4244 
3 4243 4364 4244 
3 4363 4364 4243 
3 4242 4363 4243 
3 4362 4363 4242 
3 4241 4362 4242 
3 4361 4362 4241 
3 4240 4361 4241 
3 4360 4361 4240 
3 4239 4360 4240 
3 4359 4360 4239 
3 4238 4359 4239 
3 4358 4359 4238 
3 4237 4358 4238 
3 4357 4358 4237 
3 4236 4357 4237 
3 4356 4357 4236 
3 4235 4356 4236 
3 4355 4356 4235 
3 4234 4355 4235 
3 4354 4355 4234 
3 4233 4354 4234 
3 4353 4354 4233 
3 4232 4353 4233 
3 4352 4353 4232 
3 4231 4352 4232 
3 4351 4352 4231 
3 4230 4351 4231 
3 4350 4351 4230 
3 4229 4350 4230 
3 4349 4350 4229 
3 4228 4349 4229 
3 4348 4349 4228 
3 4227 4348 4228 
3 4347 4348 4227 
3 4226 4347 4227 
3 4346 4347 4226 
3 4225 4346 4226 
3 4345 4346 4225 
3 4224 4345 4225 
3 4344 4345 4224 
3 4223 4344 4224 
3 4343 4344 4223 
3 4222 4343 4223 
3 4342 4343 4222 
3 4221 4342 4222 
3 4341 4342 4221 
3 4220 4341 4221 
3 4340 4341 4220 
3 4219 4340 4220 
3 4339 4340 4219 
3 4218 4339 4219 
3 4338 4339 4218 
3 4217 4338 4218 
3 4337 4338 4217 
3 4216 4337 4217 
3 4336 4337 4216 
3 4215 4336 4216 
3 4335 4336 4215 
3 4214 4335 4215 
3 4334 4335 4214 
3 4213 4334 4214 
3 4333 4334 4213 
3 4212 4333 4213 
3 4332 4333 4212 
3 4211 4332 4212 
3 4331 4332 4211 
3 4210 4331 4211 
3 4330 4331 4210 
3 4209 4330 4210 
3 4329 4330 4209 
3 4208 4329 4209 
3 4328 4329 4208 
3 4207 4328 4208 
3 4327 4328 4207 
3 4206 4327 4207 
3 4326 4327 4206 
3 4205 4326 4206 
3 4325 4326 4205 
3 4204 4325 4205 
3 4324 4325 4204 
3 4203 4324 4204 
3 4323 4324 4203 
3 4202 4323 4203 
3 4322 4323 4202 
3 4201 4322 4202 
3 4321 4322 4201 
3 4200 4321 4201 
3 4320 4321 4200 
3 4318 4439 4319 
3 4438 4439 4318 
3 4317 4438 4318 
3 4437 4438 4317 
3 4316 4437 4317 
3 4436 4437 4316 
3 4315 4436 4316 
3 4435 4436 4315 
3 4314 4435 4315 
3 4434 4435 4314 
3 4313 4434 4314 
3 4433 4434 4313 
3 4378 4499 4379 
3 4498 4499 4378 
3 4377 4498 4378 
3 4497 4498 4377 
3 4376 4497 4377 
3 4496 4497 4376 
3 4375 4496 4376 
3 4495 4496 4375 
3 4374 4495 4375 
3 4494 4495 4374 
3 4373 4494 4374 
3 4493 4494 4373 
3 4372 4493 4373 
3 4492 4493 4372 
3 4371 4492 4372 
3 4491 4492 4371 
3 4370 4491 4371 
3 4490 4491 4370 
3 4369 4490 4370 
3 4489 4490 4369 
3 4368 4489 4369 
3 4488 4489 4368 
3 4367 4488 4368 
3 4487 4488 4367 
3 4366 4487 4367 
3 4486 4487 4366 
3 4365 4486 4366 
3 4485 4486 4365 
3 4364 4485 4365 
3 4484 4485 4364 
3 4363 4484 4364 
3 4483 4484 4363 
3 4362 4483 4363 
3 4482 4483 4362 
3 4361 4482 4362 
3 4481 4482 4361 
3 4360 4481 4361 
3 4480 4481 4360 
3 4359 4480 4360 
3 4479 4480 4359 
3 4358 4479 4359 
3 4478 4479 4358 
3 4357 4478 4358 
3 4477 4478 4357 
3 4356 4477 4357 
3 4476 4477 4356 
3 4355 4476 4356 
3 4475 4476 4355 
3 4354 4475 4355 
3 4474 4475 4354 
3 4353 4474 4354 
3 4473 4474 4353 
3 4352 4473 4353 
3 4472 4473 4352 
3 4351 4472 4352 
3 4471 4472 4351 
3 4350 4471 4351 
3 4470 4471 4350 
3 4349 4470 4350 
3 4469 4470 4349 
3 4348 4469 4349 
3 4468 4469 4348 
3 4347 4468 4348 
3 4467 4468 4347 
3 4346 4467 4347 
3 4466 4467 4346 
3 4345 4466 4346 
3 4465 4466 4345 
3 4344 4465 4345 
3 4464 4465 4344 
3 4343 4464 4344 
3 4463 4464 4343 
3 4342 4463 4343 
3 4462 4463 4342 
3 4341 4462 4342 
3 4461 4462 4341 
3 4340 4461 4341 
3 4460 4461 4340 
3 4339 4460 4340 
3 4459 4460 4339 
3 4338 4459 4339 
3 4458 4459 4338 
3 4337 4458 4338 
3 4457 4458 4337 
3 4336 4457 4337 
3 4456 4457 4336 
3 4335 4456 4336 
3 4455 4456 4335 
3 4334 4455 4335 
3 4454 4455 4334 
3 4333 4454 4334 
3 4453 4454 4333 
3 4332 4453 4333 
3 4452 4453 4332 
3 4331 4452 4332 
3 4451 4452 4331 
3 4330 4451 4331 
3 4450 4451 4330 
3 4329 4450 4330 
3 4449 4450 4329 
3 4328 4449 4329 
3 4448 4449 4328 
3 4327 4448 4328 
3 4447 4448 4327 
3 4326 4447 4327 
3 4446 4447 4326 
3 4325 4446 4326 
3 4445 4446 4325 
3 4324 4445 4325 
3 4444 4445 4324 
3 4323 4444 4324 
3 4443 4444 4323 
3 4322 4443 4323 
3 4442 4443 4322 
3 4321 4442 4322 
3 4441 4442 4321 
3 4320 4441 4321 
3 4440 4441 4320 
3 4191 4312 4192 
3 4311 4312 4191 
3 4190 4311 4191 
3 4310 4311 4190 
3 4189 4310 4190 
3 4309 4310 4189 
3 4188 4309 4189 
3 4308 4309 4188 
3 4187 4308 4188 
3 4307 4308 4187 
3 4186 4307 4187 
3 4306 4307 4186 
3 4185 4306 4186 
3 4305 4306 4185 
3 4184 4305 4185 
3 4304 4305 4184 
3 4183 4304 4184 
3 4303 4304 4183 
3 4182 4303 4183 
3 4302 4303 4182 
3 4181 4302 4182 
3 4301 4302 4181 
3 4180 4301 4181 
3 4300 4301 4180 
3 4179 4300 4180 
3 4299 4300 4179 
3 4178 4299 4179 
3 4298 4299 4178 
3 4177 4298 4178 
3 4297 4298 4177 
3 4176 4297 4177 
3 4296 4297 4176 
3 4175 4296 4176 
3 4295 4296 4175 
3 4174 4295 4175 
3 4294 4295 4174 
3 4173 4294 4174 
3 4293 4294 4173 
3 4172 4293 4173 
3 4292 4293 4172 
3 4171 4292 4172 
3 4291 4292 4171 
3 4170 4291 4171 
3 4290 4291 4170 
3 4169 4290 4170 
3 4289 4290 4169 
3 4168 4289 4169 
3 4288 4289 4168 
3 4167 4288 4168 
3 4287 4288 4167 
3 4166 4287 4167 
3 4286 4287 4166 
3 4165 4286 4166 
3 4285 4286 4165 
3 4164 4285 4165 
3 4284 4285 4164 
3 4163 4284 4164 
3 4283 4284 4163 
3 4162 4283 4163 
3 4282 4283 4162 
3 4161 4282 4162 
3 4281 4282 4161 
3 4160 4281 4161 
3 4280 4281 4160 
3 4159 4280 4160 
3 4279 4280 4159 
3 4158 4279 4159 
3 4278 4279 4158 
3 4157 4278 4158 
3 4277 4278 4157 
3 4156 4277 4157 
3 4276 4277 4156 
3 4155 4276 4156 
3 4275 4276 4155 
3 4154 4275 4155 
3 4274 4275 4154 
3 4153 4274 4154 
3 4273 4274 4153 
3 4152 4273 4153 
3 4272 4273 4152 
3 4151 4272 4152 
3 4271 4272 4151 
3 4150 4271 4151 
3 4270 4271 4150 
3 4149 4270 4150 
3 4269 4270 4149 
3 4148 4269 4149 
3 4268 4269 4148 
3 4147 4268 4148 
3 4267 4268 4147 
3 4146 4267 4147 
3 4266 4267 4146 
3 4145 4266 4146 
3 4265 4266 4145 
3 4144 4265 4145 
3 4264 4265 4144 
3 4143 4264 4144 
3 4263 4264 4143 
3 4142 4263 4143 
3 4262 4263 4142 
3 4141 4262 4142 
3 4261 4262 4141 
3 4140 4261 4141 
3 4260 4261 4140 
3 4139 4260 4140 
3 4259 4260 4139 
3 4138 4259 4139 
3 4258 4259 4138 
3 4137 4258 4138 
3 4257 4258 4137 
3 4136 4257 4137 
3 4256 4257 4136 
3 4135 4256 4136 
3 4255 4256 4135 
3 4134 4255 4135 
3 4254 4255 4134 
3 4133 4254 4134 
3 4253 4254 4133 
3 4132 4253 4133 
3 4252 4253 4132 
3 4131 4252 4132 
3 4251 4252 4131 
3 4130 4251 4131 
3 4250 4251 4130 
3 4129 4250 4130 
3 4249 4250 4129 
3 4128 4249 4129 
3 4248 4249 4128 
3 4127 4248 4128 
3 4247 4248 4127 
3 4126 4247 4127 
3 4246 4247 4126 
3 4125 4246 4126 
3 4245 4246 4125 
3 3838 3959 3839 
3 3958 3959 3838 
3 3837 3958 3838 
3 3957 3958 3837 
3 3836 3957 3837 
3 3956 3957 3836 
3 3835 3956 3836 
3 3955 3956 3835 
3 3834 3955 3835 
3 3954 3955 3834 
3 3833 3954 3834 
3 3953 3954 3833 
3 3832 3953 3833 
3 3952 3953 3832 
3 3831 3952 3832 
3 3951 3952 3831 
3 3830 3951 3831 
3 3950 3951 3830 
3 3829 3950 3830 
3 3949 3950 3829 
3 3828 3949 3829 
3 3948 3949 3828 
3 3827 3948 3828 
3 3947 3948 3827 
3 3826 3947 3827 
3 3946 3947 3826 
3 3825 3946 3826 
3 3945 3946 3825 
3 3824 3945 3825 
3 3944 3945 3824 
3 3823 3944 3824 
3 3943 3944 3823 
3 3822 3943 3823 
3 3942 3943 3822 
3 3821 3942 3822 
3 3941 3942 3821 
3 3820 3941 3821 
3 3940 3941 3820 
3 3819 3940 3820 
3 3939 3940 3819 
3 3818 3939 3819 
3 3938 3939 3818 
3 3817 3938 3818 
3 3937 3938 3817 
3 3938 3937 4058 
3 4057 4058 3937 
3 3936 4057 3937 
3 4056 4057 3936 
3 3935 4056 3936 
3 4055 4056 3935 
3 3934 4055 3935 
3 4054 4055 3934 
3 3933 4054 3934 
3 4053 4054 3933 
3 3932 4053 3933 
3 4052 4053 3932 
3 3931 4052 3932 
3 4051 4052 3931 
3 3930 4051 3931 
3 4050 4051 3930 
3 3929 4050 3930 
3 4049 4050 3929 
3 3928 4049 3929 
3 4048 4049 3928 
3 3927 4048 3928 
3 4047 4048 3927 
3 3926 4047 3927 
3 4046 4047 3926 
3 3925 4046 3926 
3 4045 4046 3925 
3 3924 4045 3925 
3 4044 4045 3924 
3 3923 4044 3924 
3 4043 4044 3923 
3 3922 4043 3923 
3 4042 4043 3922 
3 3921 4042 3922 
3 4041 4042 3921 
3 3920 4041 3921 
3 4040 4041 3920 
3 3919 4040 3920 
3 4039 4040 3919 
3 3918 4039 3919 
3 4038 4039 3918 
3 3917 4038 3918 
3 4037 4038 3917 
3 3916 4037 3917 
3 4036 4037 3916 
3 3915 4036 3916 
3 4035 4036 3915 
3 3914 4035 3915 
3 4034 4035 3914 
3 3913 4034 3914 
3 4033 4034 3913 
3 3912 4033 3913 
3 4032 4033 3912 
3 3911 4032 3912 
3 4031 4032 3911 
3 3910 4031 3911 
3 4030 4031 3910 
3 3909 4030 3910 
3 4029 4030 3909 
3 3908 4029 3909 
3 4028 4029 3908 
3 3907 4028 3908 
3 4027 4028 3907 
3 3906 4027 3907 
3 4026 4027 3906 
3 3905 4026 3906 
3 4025 4026 3905 
3 3904 4025 3905 
3 4024 4025 3904 
3 3903 4024 3904 
3 4023 4024 3903 
3 3902 4023 3903 
3 4022 4023 3902 
3 3901 4022 3902 
3 4021 4022 3901 
3 3900 4021 3901 
3 4020 4021 3900 
3 3899 4020 3900 
3 4019 4020 3899 
3 3898 4019 3899 
3 4018 4019 3898 
3 3897 4018 3898 
3 4017 4018 3897 
3 3896 4017 3897 
3 4016 4017 3896 
3 3895 4016 3896 
3 4015 4016 3895 
3 3894 4015 3895 
3 4014 4015 3894 
3 3893 4014 3894 
3 4013 4014 3893 
3 3892 4013 3893 
3 4012 4013 3892 
3 3891 4012 3892 
3 4011 4012 3891 
3 3890 4011 3891 
3 4010 4011 3890 
3 3889 4010 3890 
3 4009 4010 3889 
3 3888 4009 3889 
3 4008 4009 3888 
3 3887 4008 3888 
3 4007 4008 3887 
3 3886 4007 3887 
3 4006 4007 3886 
3 3885 4006 3886 
3 4005 4006 3885 
3 3884 4005 3885 
3 4004 4005 3884 
3 3883 4004 3884 
3 4003 4004 3883 
3 3882 4003 3883 
3 4002 4003 3882 
3 3881 4002 3882 
3 4001 4002 3881 
3 3880 4001 3881 
3 4000 4001 3880 
3 3879 4000 3880 
3 3999 4000 3879 
3 3878 3999 3879 
3 3998 3999 3878 
3 3877 3998 3878 
3 3997 3998 3877 
3 3876 3997 3877 
3 3996 3997 3876 
3 3875 3996 3876 
3 3995 3996 3875 
3 3874 3995 3875 
3 3994 3995 3874 
3 3873 3994 3874 
3 3993 3994 3873 
3 3872 3993 3873 
3 3992 3993 3872 
3 3871 3992 3872 
3 3991 3992 3871 
3 3870 3991 3871 
3 3990 3991 3870 
3 3869 3990 3870 
3 3989 3990 3869 
3 3868 3989 3869 
3 3988 3989 3868 
3 3867 3988 3868 
3 3987 3988 3867 
3 3866 3987 3867 
3 3986 3987 3866 
3 3865 3986 3866 
3 3985 3986 3865 
3 3864 3985 3865 
3 3984 3985 3864 
3 3863 3984 3864 
3 3983 3984 3863 
3 3862 3983 3863 
3 3982 3983 3862 
3 3861 3982 3862 
3 3981 3982 3861 
3 3860 3981 3861 
3 3980 3981 3860 
3 3859 3980 3860 
3 3979 3980 3859 
3 3858 3979 3859 
3 3978 3979 3858 
3 3857 3978 3858 
3 3977 3978 3857 
3 3856 3977 3857 
3 3976 3977 3856 
3 3855 3976 3856 
3 3975 3976 3855 
3 3854 3975 3855 
3 3974 3975 3854 
3 3853 3974 3854 
3 3973 3974 3853 
3 3852 3973 3853 
3 3972 3973 3852 
3 3851 3972 3852 
3 3971 3972 3851 
3 3850 3971 3851 
3 3970 3971 3850 
3 3849 3970 3850 
3 3969 3970 3849 
3 3848 3969 3849 
3 3968 3969 3848 
3 3847 3968 3848 
3 3967 3968 3847 
3 3846 3967 3847 
3 3966 3967 3846 
3 3845 3966 3846 
3 3965 3966 3845 
3 3844 3965 3845 
3 3964 3965 3844 
3 3843 3964 3844 
3 3963 3964 3843 
3 3842 3963 3843 
3 3962 3963 3842 
3 3841 3962 3842 
3 3961 3962 3841 
3 3840 3961 3841 
3 3960 3961 3840 
3 3958 4079 3959 
3 4078 4079 3958 
3 3957 4078 3958 
3 4077 4078 3957 
3 3956 4077 3957 
3 4076 4077 3956 
3 3955 4076 3956 
3 4075 4076 3955 
3 3954 4075 3955 
3 4074 4075 3954 
3 3953 4074 3954 
3 4073 4074 3953 
3 3952 4073 3953 
3 4072 4073 3952 
3 3951 4072 3952 
3 4071 4072 3951 
3 3950 4071 3951 
3 4070 4071 3950 
3 3949 4070 3950 
3 4069 4070 3949 
3 3948 4069 3949 
3 4068 4069 3948 
3 3947 4068 3948 
3 4067 4068 3947 
3 3946 4067 3947 
3 4066 4067 3946 
3 3945 4066 3946 
3 4065 4066 3945 
3 3944 4065 3945 
3 4064 4065 3944 
3 3943 4064 3944 
3 4063 4064 3943 
3 3942 4063 3943 
3 4062 4063 3942 
3 3941 4062 3942 
3 4061 4062 3941 
3 3940 4061 3941 
3 4060 4061 3940 
3 3939 4060 3940 
3 4059 4060 3939 
3 3938 4059 3939 
3 4058 4059 3938 
3 4003 4124 4004 
3 4123 4124 4003 
3 4002 4123 4003 
3 4122 4123 4002 
3 4001 4122 4002 
3 4121 4122 4001 
3 4000 4121 4001 
3 4120 4121 4000 
3 3999 4120 4000 
3 4119 4120 3999 
3 3998 4119 3999 
3 4118 4119 3998 
3 3997 4118 3998 
3 4117 4118 3997 
3 3996 4117 3997 
3 4116 4117 3996 
3 3995 4116 3996 
3 4115 4116 3995 
3 3994 4115 3995 
3 4114 4115 3994 
3 3993 4114 3994 
3 4113 4114 3993 
3 3992 4113 3993 
3 4112 4113 3992 
3 3991 4112 3992 
3 4111 4112 3991 
3 3990 4111 3991 
3 4110 4111 3990 
3 3989 4110 3990 
3 4109 4110 3989 
3 3988 4109 3989 
3 4108 4109 3988 
3 3987 4108 3988 
3 4107 4108 3987 
3 3986 4107 3987 
3 4106 4107 3986 
3 3985 4106 3986 
3 4105 4106 3985 
3 3984 4105 3985 
3 4104 4105 3984 
3 3983 4104 3984 
3 4103 4104 3983 
3 3982 4103 3983 
3 4102 4103 3982 
3 3981 4102 3982 
3 4101 4102 3981 
3 3980 4101 3981 
3 4100 4101 3980 
3 3979 4100 3980 
3 4099 4100 3979 
3 3978 4099 3979 
3 4098 4099 3978 
3 3977 4098 3978 
3 4097 4098 3977 
3 3976 4097 3977 
3 4096 4097 3976 
3 3975 4096 3976 
3 4095 4096 3975 
3 3974 4095 3975 
3 4094 4095 3974 
3 3973 4094 3974 
3 4093 4094 3973 
3 3972 4093 3973 
3 4092 4093 3972 
3 3971 4092 3972 
3 4091 4092 3971 
3 3970 4091 3971 
3 4090 4091 3970 
3 3969 4090 3970 
3 4089 4090 3969 
3 3968 4089 3969 
3 4088 4089 3968 
3 3967 4088 3968 
3 4087 4088 3967 
3 3966 4087 3967 
3 4086 4087 3966 
3 3965 4086 3966 
3 4085 4086 3965 
3 3964 4085 3965 
3 4084 4085 3964 
3 3963 4084 3964 
3 4083 4084 3963 
3 3962 4083 3963 
3 4082 4083 3962 
3 3961 4082 3962 
3 4081 4082 3961 
3 3960 4081 3961 
3 4080 4081 3960 
3 3816 3937 3817 
3 3936 3937 3816 
3 3815 3936 3816 
3 3935 3936 3815 
3 3814 3935 3815 
3 3934 3935 3814 
3 3813 3934 3814 
3 3933 3934 3813 
3 3812 3933 3813 
3 3932 3933 3812 
3 3811 3932 3812 
3 3931 3932 3811 
3 3810 3931 3811 
3 3930 3931 3810 
3 3809 3930 3810 
3 3929 3930 3809 
3 3808 3929 3809 
3 3928 3929 3808 
3 3807 3928 3808 
3 3927 3928 3807 
3 3806 3927 3807 
3 3926 3927 3806 
3 3805 3926 3806 
3 3925 3926 3805 
3 3804 3925 3805 
3 3924 3925 3804 
3 3803 3924 3804 
3 3923 3924 3803 
3 3802 3923 3803 
3 3922 3923 3802 
3 3801 3922 3802 
3 3921 3922 3801 
3 3800 3921 3801 
3 3920 3921 3800 
3 3799 3920 3800 
3 3919 3920 3799 
3 3798 3919 3799 
3 3918 3919 3798 
3 3797 3918 3798 
3 3917 3918 3797 
3 3796 3917 3797 
3 3916 3917 3796 
3 3795 3916 3796 
3 3915 3916 3795 
3 3794 3915 3795 
3 3914 3915 3794 
3 3793 3914 3794 
3 3913 3914 3793 
3 3792 3913 3793 
3 3912 3913 3792 
3 3791 3912 3792 
3 3911 3912 3791 
3 3790 3911 3791 
3 3910 3911 3790 
3 3789 3910 3790 
3 3909 3910 3789 
3 3788 3909 3789 
3 3908 3909 3788 
3 3787 3908 3788 
3 3907 3908 3787 
3 3786 3907 3787 
3 3906 3907 3786 
3 3785 3906 3786 
3 3905 3906 3785 
3 3784 3905 3785 
3 3904 3905 3784 
3 3783 3904 3784 
3 3903 3904 3783 
3 3782 3903 3783 
3 3902 3903 3782 
3 3781 3902 3782 
3 3901 3902 3781 
3 3780 3901 3781 
3 3900 3901 3780 
3 3779 3900 3780 
3 3899 3900 3779 
3 3778 3899 3779 
3 3898 3899 3778 
3 3777 3898 3778 
3 3897 3898 3777 
3 3776 3897 3777 
3 3896 3897 3776 
3 3775 3896 3776 
3 3895 3896 3775 
3 3774 3895 3775 
3 3894 3895 3774 
3 3773 3894 3774 
3 3893 3894 3773 
3 3772 3893 3773 
3 3892 3893 3772 
3 3771 3892 3772 
3 3891 3892 3771 
3 3770 3891 3771 
3 3890 3891 3770 
3 3769 3890 3770 
3 3889 3890 3769 
3 3768 3889 3769 
3 3888 3889 3768 
3 3767 3888 3768 
3 3887 3888 3767 
3 3766 3887 3767 
3 3886 3887 3766 
3 3765 3886 3766 
3 3885 3886 3765 
3 3764 3885 3765 
3 3884 3885 3764 
3 3763 3884 3764 
3 3883 3884 3763 
3 3762 3883 3763 
3 3882 3883 3762 
3 3761 3882 3762 
3 3881 3882 3761 
3 3760 3881 3761 
3 3880 3881 3760 
3 3759 3880 3760 
3 3879 3880 3759 
3 3758 3879 3759 
3 3878 3879 3758 
3 3757 3878 3758 
3 3877 3878 3757 
3 3756 3877 3757 
3 3876 3877 3756 
3 3755 3876 3756 
3 3875 3876 3755 
3 3754 3875 3755 
3 3874 3875 3754 
3 3753 3874 3754 
3 3873 3874 3753 
3 3752 3873 3753 
3 3872 3873 3752 
3 3751 3872 3752 
3 3871 3872 3751 
3 3750 3871 3751 
3 3870 3871 3750 
3 3358 3479 3359 
3 3478 3479 3358 
3 3357 3478 3358 
3 3477 3478 3357 
3 3356 3477 3357 
3 3476 3477 3356 
3 3355 3476 3356 
3 3475 3476 3355 
3 3354 3475 3355 
3 3474 3475 3354 
3 3353 3474 3354 
3 3473 3474 3353 
3 3352 3473 3353 
3 3472 3473 3352 
3 3351 3472 3352 
3 3471 3472 3351 
3 3350 3471 3351 
3 3470 3471 3350 
3 3349 3470 3350 
3 3469 3470 3349 
3 3348 3469 3349 
3 3468 3469 3348 
3 3347 3468 3348 
3 3467 3468 3347 
3 3346 3467 3347 
3 3466 3467 3346 
3 3345 3466 3346 
3 3465 3466 3345 
3 3344 3465 3345 
3 3464 3465 3344 
3 3343 3464 3344 
3 3463 3464 3343 
3 3342 3463 3343 
3 3462 3463 3342 
3 3341 3462 3342 
3 3461 3462 3341 
3 3340 3461 3341 
3 3460 3461 3340 
3 3339 3460 3340 
3 3459 3460 3339 
3 3338 3459 3339 
3 3458 3459 3338 
3 3337 3458 3338 
3 3457 3458 3337 
3 3336 3457 3337 
3 3456 3457 3336 
3 3335 3456 3336 
3 3455 3456 3335 
3 3334 3455 3335 
3 3454 3455 3334 
3 3333 3454 3334 
3 3453 3454 3333 
3 3332 3453 3333 
3 3452 3453 3332 
3 3331 3452 3332 
3 3451 3452 3331 
3 3330 3451 3331 
3 3450 3451 3330 
3 3329 3450 3330 
3 3449 3450 3329 
3 3328 3449 3329 
3 3448 3449 3328 
3 3327 3448 3328 
3 3447 3448 3327 
3 3326 3447 3327 
3 3446 3447 3326 
3 3325 3446 3326 
3 3445 3446 3325 
3 3324 3445 3325 
3 3444 3445 3324 
3 3323 3444 3324 
3 3443 3444 3323 
3 3322 3443 3323 
3 3442 3443 3322 
3 3321 3442 3322 
3 3441 3442 3321 
3 3320 3441 3321 
3 3440 3441 3320 
3 3319 3440 3320 
3 3439 3440 3319 
3 3318 3439 3319 
3 3438 3439 3318 
3 3317 3438 3318 
3 3437 3438 3317 
3 3316 3437 3317 
3 3436 3437 3316 
3 3315 3436 3316 
3 3435 3436 3315 
3 3314 3435 3315 
3 3434 3435 3314 
3 3313 3434 3314 
3 3433 3434 3313 
3 3312 3433 3313 
3 3432 3433 3312 
3 3311 3432 3312 
3 3431 3432 3311 
3 3310 3431 3311 
3 3430 3431 3310 
3 3309 3430 3310 
3 3429 3430 3309 
3 3308 3429 3309 
3 3428 3429 3308 
3 3307 3428 3308 
3 3427 3428 3307 
3 3306 3427 3307 
3 3426 3427 3306 
3 3305 3426 3306 
3 3425 3426 3305 
3 3304 3425 3305 
3 3424 3425 3304 
3 3303 3424 3304 
3 3423 3424 3303 
3 3302 3423 3303 
3 3422 3423 3302 
3 3301 3422 3302 
3 3421 3422 3301 
3 3300 3421 3301 
3 3420 3421 3300 
3 3299 3420 3300 
3 3419 3420 3299 
3 3298 3419 3299 
3 3418 3419 3298 
3 3297 3418 3298 
3 3417 3418 3297 
3 3296 3417 3297 
3 3416 3417 3296 
3 3295 3416 3296 
3 3415 3416 3295 
3 3294 3415 3295 
3 3414 3415 3294 
3 3293 3414 3294 
3 3413 3414 3293 
3 3292 3413 3293 
3 3412 3413 3292 
3 3291 3412 3292 
3 3411 3412 3291 
3 3290 3411 3291 
3 3410 3411 3290 
3 3289 3410 3290 
3 3409 3410 3289 
3 3288 3409 3289 
3 3408 3409 3288 
3 3287 3408 3288 
3 3407 3408 3287 
3 3286 3407 3287 
3 3406 3407 3286 
3 3285 3406 3286 
3 3405 3406 3285 
3 3284 3405 3285 
3 3404 3405 3284 
3 3283 3404 3284 
3 3403 3404 3283 
3 3282 3403 3283 
3 3402 3403 3282 
3 3281 3402 3282 
3 3401 3402 3281 
3 3280 3401 3281 
3 3400 3401 3280 
3 3279 3400 3280 
3 3399 3400 3279 
3 3278 3399 3279 
3 3398 3399 3278 
3 3277 3398 3278 
3 3397 3398 3277 
3 3276 3397 3277 
3 3396 3397 3276 
3 3275 3396 3276 
3 3395 3396 3275 
3 3274 3395 3275 
3 3394 3395 3274 
3 3273 3394 3274 
3 3393 3394 3273 
3 3272 3393 3273 
3 3392 3393 3272 
3 3271 3392 3272 
3 3391 3392 3271 
3 3270 3391 3271 
3 3390 3391 3270 
3 3269 3390 3270 
3 3389 3390 3269 
3 3268 3389 3269 
3 3388 3389 3268 
3 3267 3388 3268 
3 3387 3388 3267 
3 3266 3387 3267 
3 3386 3387 3266 
3 3265 3386 3266 
3 3385 3386 3265 
3 3264 3385 3265 
3 3384 3385 3264 
3 3263 3384 3264 
3 3383 3384 3263 
3 3262 3383 3263 
3 3382 3383 3262 
3 3261 3382 3262 
3 3381 3382 3261 
3 3260 3381 3261 
3 3380 3381 3260 
3 3259 3380 3260 
3 3379 3380 3259 
3 3258 3379 3259 
3 3378 3379 3258 
3 3257 3378 3258 
3 3377 3378 3257 
3 3256 3377 3257 
3 3376 3377 3256 
3 3255 3376 3256 
3 3375 3376 3255 
3 3254 3375 3255 
3 3374 3375 3254 
3 3375 3374 3495 
3 3494 3495 3374 
3 3373 3494 3374 
3 3493 3494 3373 
3 3372 3493 3373 
3 3492 3493 3372 
3 3371 3492 3372 
3 3491 3492 3371 
3 3370 3491 3371 
3 3490 3491 3370 
3 3369 3490 3370 
3 3489 3490 3369 
3 3368 3489 3369 
3 3488 3489 3368 
3 3367 3488 3368 
3 3487 3488 3367 
3 3366 3487 3367 
3 3486 3487 3366 
3 3365 3486 3366 
3 3485 3486 3365 
3 3364 3485 3365 
3 3484 3485 3364 
3 3363 3484 3364 
3 3483 3484 3363 
3 3362 3483 3363 
3 3482 3483 3362 
3 3361 3482 3362 
3 3481 3482 3361 
3 3360 3481 3361 
3 3480 3481 3360 
3 3478 3599 3479 
3 3598 3599 3478 
3 3477 3598 3478 
3 3597 3598 3477 
3 3476 3597 3477 
3 3596 3597 3476 
3 3475 3596 3476 
3 3595 3596 3475 
3 3474 3595 3475 
3 3594 3595 3474 
3 3473 3594 3474 
3 3593 3594 3473 
3 3472 3593 3473 
3 3592 3593 3472 
3 3471 3592 3472 
3 3591 3592 3471 
3 3470 3591 3471 
3 3590 3591 3470 
3 3469 3590 3470 
3 3589 3590 3469 
3 3468 3589 3469 
3 3588 3589 3468 
3 3467 3588 3468 
3 3587 3588 3467 
3 3466 3587 3467 
3 3586 3587 3466 
3 3465 3586 3466 
3 3585 3586 3465 
3 3464 3585 3465 
3 3584 3585 3464 
3 3463 3584 3464 
3 3583 3584 3463 
3 3462 3583 3463 
3 3582 3583 3462 
3 3461 3582 3462 
3 3581 3582 3461 
3 3460 3581 3461 
3 3580 3581 3460 
3 3459 3580 3460 
3 3579 3580 3459 
3 3458 3579 3459 
3 3578 3579 3458 
3 3457 3578 3458 
3 3577 3578 3457 
3 3456 3577 3457 
3 3576 3577 3456 
3 3455 3576 3456 
3 3575 3576 3455 
3 3454 3575 3455 
3 3574 3575 3454 
3 3453 3574 3454 
3 3573 3574 3453 
3 3452 3573 3453 
3 3572 3573 3452 
3 3451 3572 3452 
3 3571 3572 3451 
3 3450 3571 3451 
3 3570 3571 3450 
3 3449 3570 3450 
3 3569 3570 3449 
3 3448 3569 3449 
3 3568 3569 3448 
3 3447 3568 3448 
3 3567 3568 3447 
3 3446 3567 3447 
3 3566 3567 3446 
3 3445 3566 3446 
3 3565 3566 3445 
3 3444 3565 3445 
3 3564 3565 3444 
3 3443 3564 3444 
3 3563 3564 3443 
3 3442 3563 3443 
3 3562 3563 3442 
3 3563 3562 3683 
3 3682 3683 3562 
3 3561 3682 3562 
3 3681 3682 3561 
3 3560 3681 3561 
3 3680 3681 3560 
3 3559 3680 3560 
3 3679 3680 3559 
3 3558 3679 3559 
3 3678 3679 3558 
3 3557 3678 3558 
3 3677 3678 3557 
3 3556 3677 3557 
3 3676 3677 3556 
3 3555 3676 3556 
3 3675 3676 3555 
3 3554 3675 3555 
3 3674 3675 3554 
3 3553 3674 3554 
3 3673 3674 3553 
3 3552 3673 3553 
3 3672 3673 3552 
3 3551 3672 3552 
3 3671 3672 3551 
3 3550 3671 3551 
3 3670 3671 3550 
3 3549 3670 3550 
3 3669 3670 3549 
3 3548 3669 3549 
3 3668 3669 3548 
3 3547 3668 3548 
3 3667 3668 3547 
3 3546 3667 3547 
3 3666 3667 3546 
3 3545 3666 3546 
3 3665 3666 3545 
3 3544 3665 3545 
3 3664 3665 3544 
3 3543 3664 3544 
3 3663 3664 3543 
3 3542 3663 3543 
3 3662 3663 3542 
3 3541 3662 3542 
3 3661 3662 3541 
3 3540 3661 3541 
3 3660 3661 3540 
3 3539 3660 3540 
3 3659 3660 3539 
3 3538 3659 3539 
3 3658 3659 3538 
3 3537 3658 3538 
3 3657 3658 3537 
3 3536 3657 3537 
3 3656 3657 3536 
3 3535 3656 3536 
3 3655 3656 3535 
3 3534 3655 3535 
3 3654 3655 3534 
3 3533 3654 3534 
3 3653 3654 3533 
3 3532 3653 3533 
3 3652 3653 3532 
3 3531 3652 3532 
3 3651 3652 3531 
3 3530 3651 3531 
3 3650 3651 3530 
3 3529 3650 3530 
3 3649 3650 3529 
3 3528 3649 3529 
3 3648 3649 3528 
3 3527 3648 3528 
3 3647 3648 3527 
3 3526 3647 3527 
3 3646 3647 3526 
3 3525 3646 3526 
3 3645 3646 3525 
3 3524 3645 3525 
3 3644 3645 3524 
3 3523 3644 3524 
3 3643 3644 3523 
3 3522 3643 3523 
3 3642 3643 3522 
3 3521 3642 3522 
3 3641 3642 3521 
3 3520 3641 3521 
3 3640 3641 3520 
3 3519 3640 3520 
3 3639 3640 3519 
3 3518 3639 3519 
3 3638 3639 3518 
3 3517 3638 3518 
3 3637 3638 3517 
3 3516 3637 3517 
3 3636 3637 3516 
3 3515 3636 3516 
3 3635 3636 3515 
3 3514 3635 3515 
3 3634 3635 3514 
3 3513 3634 3514 
3 3633 3634 3513 
3 3512 3633 3513 
3 3632 3633 3512 
3 3511 3632 3512 
3 3631 3632 3511 
3 3510 3631 3511 
3 3630 3631 3510 
3 3509 3630 3510 
3 3629 3630 3509 
3 3508 3629 3509 
3 3628 3629 3508 
3 3507 3628 3508 
3 3627 3628 3507 
3 3506 3627 3507 
3 3626 3627 3506 
3 3505 3626 3506 
3 3625 3626 3505 
3 3504 3625 3505 
3 3624 3625 3504 
3 3503 3624 3504 
3 3623 3624 3503 
3 3502 3623 3503 
3 3622 3623 3502 
3 3501 3622 3502 
3 3621 3622 3501 
3 3500 3621 3501 
3 3620 3621 3500 
3 3499 3620 3500 
3 3619 3620 3499 
3 3498 3619 3499 
3 3618 3619 3498 
3 3497 3618 3498 
3 3617 3618 3497 
3 3496 3617 3497 
3 3616 3617 3496 
3 3495 3616 3496 
3 3615 3616 3495 
3 3494 3615 3495 
3 3614 3615 3494 
3 3493 3614 3494 
3 3613 3614 3493 
3 3492 3613 3493 
3 3612 3613 3492 
3 3491 3612 3492 
3 3611 3612 3491 
3 3490 3611 3491 
3 3610 3611 3490 
3 3489 3610 3490 
3 3609 3610 3489 
3 3488 3609 3489 
3 3608 3609 3488 
3 3487 3608 3488 
3 3607 3608 3487 
3 3486 3607 3487 
3 3606 3607 3486 
3 3485 3606 3486 
3 3605 3606 3485 
3 3484 3605 3485 
3 3604 3605 3484 
3 3483 3604 3484 
3 3603 3604 3483 
3 3482 3603 3483 
3 3602 3603 3482 
3 3481 3602 3482 
3 3601 3602 3481 
3 3480 3601 3481 
3 3600 3601 3480 
3 3598 3719 3599 
3 3718 3719 3598 
3 3597 3718 3598 
3 3717 3718 3597 
3 3596 3717 3597 
3 3716 3717 3596 
3 3595 3716 3596 
3 3715 3716 3595 
3 3594 3715 3595 
3 3714 3715 3594 
3 3593 3714 3594 
3 3713 3714 3593 
3 3592 3713 3593 
3 3712 3713 3592 
3 3591 3712 3592 
3 3711 3712 3591 
3 3590 3711 3591 
3 3710 3711 3590 
3 3589 3710 3590 
3 3709 3710 3589 
3 3588 3709 3589 
3 3708 3709 3588 
3 3587 3708 3588 
3 3707 3708 3587 
3 3586 3707 3587 
3 3706 3707 3586 
3 3585 3706 3586 
3 3705 3706 3585 
3 3584 3705 3585 
3 3704 3705 3584 
3 3583 3704 3584 
3 3703 3704 3583 
3 3582 3703 3583 
3 3702 3703 3582 
3 3581 3702 3582 
3 3701 3702 3581 
3 3580 3701 3581 
3 3700 3701 3580 
3 3579 3700 3580 
3 3699 3700 3579 
3 3578 3699 3579 
3 3698 3699 3578 
3 3577 3698 3578 
3 3697 3698 3577 
3 3576 3697 3577 
3 3696 3697 3576 
3 3575 3696 3576 
3 3695 3696 3575 
3 3574 3695 3575 
3 3694 3695 3574 
3 3573 3694 3574 
3 3693 3694 3573 
3 3572 3693 3573 
3 3692 3693 3572 
3 3571 3692 3572 
3 3691 3692 3571 
3 3570 3691 3571 
3 3690 3691 3570 
3 3569 3690 3570 
3 3689 3690 3569 
3 3568 3689 3569 
3 3688 3689 3568 
3 3567 3688 3568 
3 3687 3688 3567 
3 3566 3687 3567 
3 3686 3687 3566 
3 3565 3686 3566 
3 3685 3686 3565 
3 3564 3685 3565 
3 3684 3685 3564 
3 3563 3684 3564 
3 3683 3684 3563 
3 3628 3749 3629 
3 3748 3749 3628 
3 3627 3748 3628 
3 3747 3748 3627 
3 3626 3747 3627 
3 3746 3747 3626 
3 3625 3746 3626 
3 3745 3746 3625 
3 3624 3745 3625 
3 3744 3745 3624 
3 3623 3744 3624 
3 3743 3744 3623 
3 3622 3743 3623 
3 3742 3743 3622 
3 3621 3742 3622 
3 3741 3742 3621 
3 3620 3741 3621 
3 3740 3741 3620 
3 3619 3740 3620 
3 3739 3740 3619 
3 3618 3739 3619 
3 3738 3739 3618 
3 3617 3738 3618 
3 3737 3738 3617 
3 3616 3737 3617 
3 3736 3737 3616 
3 3615 3736 3616 
3 3735 3736 3615 
3 3614 3735 3615 
3 3734 3735 3614 
3 3613 3734 3614 
3 3733 3734 3613 
3 3612 3733 3613 
3 3732 3733 3612 
3 3611 3732 3612 
3 3731 3732 3611 
3 3610 3731 3611 
3 3730 3731 3610 
3 3609 3730 3610 
3 3729 3730 3609 
3 3608 3729 3609 
3 3728 3729 3608 
3 3607 3728 3608 
3 3727 3728 3607 
3 3606 3727 3607 
3 3726 3727 3606 
3 3605 3726 3606 
3 3725 3726 3605 
3 3604 3725 3605 
3 3724 3725 3604 
3 3603 3724 3604 
3 3723 3724 3603 
3 3602 3723 3603 
3 3722 3723 3602 
3 3601 3722 3602 
3 3721 3722 3601 
3 3600 3721 3601 
3 3720 3721 3600 
3 3441 3562 3442 
3 3561 3562 3441 
3 3440 3561 3441 
3 3560 3561 3440 
3 3439 3560 3440 
3 3559 3560 3439 
3 3438 3559 3439 
3 3558 3559 3438 
3 3437 3558 3438 
3 3557 3558 3437 
3 3436 3557 3437 
3 3556 3557 3436 
3 3435 3556 3436 
3 3555 3556 3435 
3 3434 3555 3435 
3 3554 3555 3434 
3 3433 3554 3434 
3 3553 3554 3433 
3 3432 3553 3433 
3 3552 3553 3432 
3 3431 3552 3432 
3 3551 3552 3431 
3 3430 3551 3431 
3 3550 3551 3430 
3 3429 3550 3430 
3 3549 3550 3429 
3 3428 3549 3429 
3 3548 3549 3428 
3 3427 3548 3428 
3 3547 3548 3427 
3 3426 3547 3427 
3 3546 3547 3426 
3 3425 3546 3426 
3 3545 3546 3425 
3 3424 3545 3425 
3 3544 3545 3424 
3 3423 3544 3424 
3 3543 3544 3423 
3 3422 3543 3423 
3 3542 3543 3422 
3 3421 3542 3422 
3 3541 3542 3421 
3 3420 3541 3421 
3 3540 3541 3420 
3 3419 3540 3420 
3 3539 3540 3419 
3 3418 3539 3419 
3 3538 3539 3418 
3 3417 3538 3418 
3 3537 3538 3417 
3 3416 3537 3417 
3 3536 3537 3416 
3 3415 3536 3416 
3 3535 3536 3415 
3 3414 3535 3415 
3 3534 3535 3414 
3 3413 3534 3414 
3 3533 3534 3413 
3 3412 3533 3413 
3 3532 3533 3412 
3 3411 3532 3412 
3 3531 3532 3411 
3 3410 3531 3411 
3 3530 3531 3410 
3 3409 3530 3410 
3 3529 3530 3409 
3 3408 3529 3409 
3 3528 3529 3408 
3 3407 3528 3408 
3 3527 3528 3407 
3 3406 3527 3407 
3 3526 3527 3406 
3 3405 3526 3406 
3 3525 3526 3405 
3 3404 3525 3405 
3 3524 3525 3404 
3 3403 3524 3404 
3 3523 3524 3403 
3 3402 3523 3403 
3 3522 3523 3402 
3 3401 3522 3402 
3 3521 3522 3401 
3 3400 3521 3401 
3 3520 3521 3400 
3 3399 3520 3400 
3 3519 3520 3399 
3 3398 3519 3399 
3 3518 3519 3398 
3 3397 3518 3398 
3 3517 3518 3397 
3 3396 3517 3397 
3 3516 3517 3396 
3 3395 3516 3396 
3 3515 3516 3395 
3 3394 3515 3395 
3 3514 3515 3394 
3 3393 3514 3394 
3 3513 3514 3393 
3 3392 3513 3393 
3 3512 3513 3392 
3 3391 3512 3392 
3 3511 3512 3391 
3 3390 3511 3391 
3 3510 3511 3390 
3 3389 3510 3390 
3 3509 3510 3389 
3 3388 3509 3389 
3 3508 3509 3388 
3 3387 3508 3388 
3 3507 3508 3387 
3 3386 3507 3387 
3 3506 3507 3386 
3 3385 3506 3386 
3 3505 3506 3385 
3 3384 3505 3385 
3 3504 3505 3384 
3 3383 3504 3384 
3 3503 3504 3383 
3 3382 3503 3383 
3 3502 3503 3382 
3 3381 3502 3382 
3 3501 3502 3381 
3 3380 3501 3381 
3 3500 3501 3380 
3 3379 3500 3380 
3 3499 3500 3379 
3 3378 3499 3379 
3 3498 3499 3378 
3 3377 3498 3378 
3 3497 3498 3377 
3 3376 3497 3377 
3 3496 3497 3376 
3 3375 3496 3376 
3 3495 3496 3375 
3 3118 3239 3119 
3 3238 3239 3118 
3 3117 3238 3118 
3 3237 3238 3117 
3 3116 3237 3117 
3 3236 3237 3116 
3 3115 3236 3116 
3 3235 3236 3115 
3 3114 3235 3115 
3 3234 3235 3114 
3 3113 3234 3114 
3 3233 3234 3113 
3 3112 3233 3113 
3 3232 3233 3112 
3 3111 3232 3112 
3 3231 3232 3111 
3 3110 3231 3111 
3 3230 3231 3110 
3 3109 3230 3110 
3 3229 3230 3109 
3 3108 3229 3109 
3 3228 3229 3108 
3 3107 3228 3108 
3 3227 3228 3107 
3 3106 3227 3107 
3 3226 3227 3106 
3 3105 3226 3106 
3 3225 3226 3105 
3 3104 3225 3105 
3 3224 3225 3104 
3 3103 3224 3104 
3 3223 3224 3103 
3 3102 3223 3103 
3 3222 3223 3102 
3 3101 3222 3102 
3 3221 3222 3101 
3 3100 3221 3101 
3 3220 3221 3100 
3 3099 3220 3100 
3 3219 3220 3099 
3 3098 3219 3099 
3 3218 3219 3098 
3 3097 3218 3098 
3 3217 3218 3097 
3 3096 3217 3097 
3 3216 3217 3096 
3 3095 3216 3096 
3 3215 3216 3095 
3 3094 3215 3095 
3 3214 3215 3094 
3 3093 3214 3094 
3 3213 3214 3093 
3 3092 3213 3093 
3 3212 3213 3092 
3 3091 3212 3092 
3 3211 3212 3091 
3 3090 3211 3091 
3 3210 3211 3090 
3 3089 3210 3090 
3 3209 3210 3089 
3 3088 3209 3089 
3 3208 3209 3088 
3 3087 3208 3088 
3 3207 3208 3087 
3 3086 3207 3087 
3 3206 3207 3086 
3 3085 3206 3086 
3 3205 3206 3085 
3 3084 3205 3085 
3 3204 3205 3084 
3 3083 3204 3084 
3 3203 3204 3083 
3 3082 3203 3083 
3 3202 3203 3082 
3 3081 3202 3082 
3 3201 3202 3081 
3 3080 3201 3081 
3 3200 3201 3080 
3 3079 3200 3080 
3 3199 3200 3079 
3 3078 3199 3079 
3 3198 3199 3078 
3 3077 3198 3078 
3 3197 3198 3077 
3 3076 3197 3077 
3 3196 3197 3076 
3 3075 3196 3076 
3 3195 3196 3075 
3 3074 3195 3075 
3 3194 3195 3074 
3 3073 3194 3074 
3 3193 3194 3073 
3 3072 3193 3073 
3 3192 3193 3072 
3 3071 3192 3072 
3 3191 3192 3071 
3 3070 3191 3071 
3 3190 3191 3070 
3 3069 3190 3070 
3 3189 3190 3069 
3 3068 3189 3069 
3 3188 3189 3068 
3 3067 3188 3068 
3 3187 3188 3067 
3 3188 3187 3308 
3 3307 3308 3187 
3 3186 3307 3187 
3 3306 3307 3186 
3 3185 3306 3186 
3 3305 3306 3185 
3 3184 3305 3185 
3 3304 3305 3184 
3 3183 3304 3184 
3 3303 3304 3183 
3 3182 3303 3183 
3 3302 3303 3182 
3 3181 3302 3182 
3 3301 3302 3181 
3 3180 3301 3181 
3 3300 3301 3180 
3 3179 3300 3180 
3 3299 3300 3179 
3 3178 3299 3179 
3 3298 3299 3178 
3 3177 3298 3178 
3 3297 3298 3177 
3 3176 3297 3177 
3 3296 3297 3176 
3 3175 3296 3176 
3 3295 3296 3175 
3 3174 3295 3175 
3 3294 3295 3174 
3 3173 3294 3174 
3 3293 3294 3173 
3 3172 3293 3173 
3 3292 3293 3172 
3 3171 3292 3172 
3 3291 3292 3171 
3 3170 3291 3171 
3 3290 3291 3170 
3 3169 3290 3170 
3 3289 3290 3169 
3 3168 3289 3169 
3 3288 3289 3168 
3 3167 3288 3168 
3 3287 3288 3167 
3 3166 3287 3167 
3 3286 3287 3166 
3 3165 3286 3166 
3 3285 3286 3165 
3 3164 3285 3165 
3 3284 3285 3164 
3 3163 3284 3164 
3 3283 3284 3163 
3 3162 3283 3163 
3 3282 3283 3162 
3 3161 3282 3162 
3 3281 3282 3161 
3 3160 3281 3161 
3 3280 3281 3160 
3 3159 3280 3160 
3 3279 3280 3159 
3 3158 3279 3159 
3 3278 3279 3158 
3 3157 3278 3158 
3 3277 3278 3157 
3 3156 3277 3157 
3 3276 3277 3156 
3 3155 3276 3156 
3 3275 3276 3155 
3 3154 3275 3155 
3 3274 3275 3154 
3 3153 3274 3154 
3 3273 3274 3153 
3 3152 3273 3153 
3 3272 3273 3152 
3 3151 3272 3152 
3 3271 3272 3151 
3 3150 3271 3151 
3 3270 3271 3150 
3 3149 3270 3150 
3 3269 3270 3149 
3 3148 3269 3149 
3 3268 3269 3148 
3 3147 3268 3148 
3 3267 3268 3147 
3 3146 3267 3147 
3 3266 3267 3146 
3 3145 3266 3146 
3 3265 3266 3145 
3 3144 3265 3145 
3 3264 3265 3144 
3 3143 3264 3144 
3 3263 3264 3143 
3 3142 3263 3143 
3 3262 3263 3142 
3 3141 3262 3142 
3 3261 3262 3141 
3 3140 3261 3141 
3 3260 3261 3140 
3 3139 3260 3140 
3 3259 3260 3139 
3 3138 3259 3139 
3 3258 3259 3138 
3 3137 3258 3138 
3 3257 3258 3137 
3 3136 3257 3137 
3 3256 3257 3136 
3 3135 3256 3136 
3 3255 3256 3135 
3 3134 3255 3135 
3 3254 3255 3134 
3 3133 3254 3134 
3 3253 3254 3133 
3 3132 3253 3133 
3 3252 3253 3132 
3 3131 3252 3132 
3 3251 3252 3131 
3 3130 3251 3131 
3 3250 3251 3130 
3 3129 3250 3130 
3 3249 3250 3129 
3 3128 3249 3129 
3 3248 3249 3128 
3 3127 3248 3128 
3 3247 3248 3127 
3 3126 3247 3127 
3 3246 3247 3126 
3 3125 3246 3126 
3 3245 3246 3125 
3 3124 3245 3125 
3 3244 3245 3124 
3 3123 3244 3124 
3 3243 3244 3123 
3 3122 3243 3123 
3 3242 3243 3122 
3 3121 3242 3122 
3 3241 3242 3121 
3 3120 3241 3121 
3 3240 3241 3120 
3 3238 3359 3239 
3 3358 3359 3238 
3 3237 3358 3238 
3 3357 3358 3237 
3 3236 3357 3237 
3 3356 3357 3236 
3 3235 3356 3236 
3 3355 3356 3235 
3 3234 3355 3235 
3 3354 3355 3234 
3 3233 3354 3234 
3 3353 3354 3233 
3 3232 3353 3233 
3 3352 3353 3232 
3 3231 3352 3232 
3 3351 3352 3231 
3 3230 3351 3231 
3 3350 3351 3230 
3 3229 3350 3230 
3 3349 3350 3229 
3 3228 3349 3229 
3 3348 3349 3228 
3 3227 3348 3228 
3 3347 3348 3227 
3 3226 3347 3227 
3 3346 3347 3226 
3 3225 3346 3226 
3 3345 3346 3225 
3 3224 3345 3225 
3 3344 3345 3224 
3 3223 3344 3224 
3 3343 3344 3223 
3 3222 3343 3223 
3 3342 3343 3222 
3 3221 3342 3222 
3 3341 3342 3221 
3 3220 3341 3221 
3 3340 3341 3220 
3 3219 3340 3220 
3 3339 3340 3219 
3 3218 3339 3219 
3 3338 3339 3218 
3 3217 3338 3218 
3 3337 3338 3217 
3 3216 3337 3217 
3 3336 3337 3216 
3 3215 3336 3216 
3 3335 3336 3215 
3 3214 3335 3215 
3 3334 3335 3214 
3 3213 3334 3214 
3 3333 3334 3213 
3 3212 3333 3213 
3 3332 3333 3212 
3 3211 3332 3212 
3 3331 3332 3211 
3 3210 3331 3211 
3 3330 3331 3210 
3 3209 3330 3210 
3 3329 3330 3209 
3 3208 3329 3209 
3 3328 3329 3208 
3 3207 3328 3208 
3 3327 3328 3207 
3 3206 3327 3207 
3 3326 3327 3206 
3 3205 3326 3206 
3 3325 3326 3205 
3 3204 3325 3205 
3 3324 3325 3204 
3 3203 3324 3204 
3 3323 3324 3203 
3 3202 3323 3203 
3 3322 3323 3202 
3 3201 3322 3202 
3 3321 3322 3201 
3 3200 3321 3201 
3 3320 3321 3200 
3 3199 3320 3200 
3 3319 3320 3199 
3 3198 3319 3199 
3 3318 3319 3198 
3 3197 3318 3198 
3 3317 3318 3197 
3 3196 3317 3197 
3 3316 3317 3196 
3 3195 3316 3196 
3 3315 3316 3195 
3 3194 3315 3195 
3 3314 3315 3194 
3 3193 3314 3194 
3 3313 3314 3193 
3 3192 3313 3193 
3 3312 3313 3192 
3 3191 3312 3192 
3 3311 3312 3191 
3 3190 3311 3191 
3 3310 3311 3190 
3 3189 3310 3190 
3 3309 3310 3189 
3 3188 3309 3189 
3 3308 3309 3188 
3 3253 3374 3254 
3 3373 3374 3253 
3 3252 3373 3253 
3 3372 3373 3252 
3 3251 3372 3252 
3 3371 3372 3251 
3 3250 3371 3251 
3 3370 3371 3250 
3 3249 3370 3250 
3 3369 3370 3249 
3 3248 3369 3249 
3 3368 3369 3248 
3 3247 3368 3248 
3 3367 3368 3247 
3 3246 3367 3247 
3 3366 3367 3246 
3 3245 3366 3246 
3 3365 3366 3245 
3 3244 3365 3245 
3 3364 3365 3244 
3 3243 3364 3244 
3 3363 3364 3243 
3 3242 3363 3243 
3 3362 3363 3242 
3 3241 3362 3242 
3 3361 3362 3241 
3 3240 3361 3241 
3 3360 3361 3240 
3 3066 3187 3067 
3 3186 3187 3066 
3 3065 3186 3066 
3 3185 3186 3065 
3 3064 3185 3065 
3 3184 3185 3064 
3 3063 3184 3064 
3 3183 3184 3063 
3 3062 3183 3063 
3 3182 3183 3062 
3 3061 3182 3062 
3 3181 3182 3061 
3 3060 3181 3061 
3 3180 3181 3060 
3 3059 3180 3060 
3 3179 3180 3059 
3 3058 3179 3059 
3 3178 3179 3058 
3 3057 3178 3058 
3 3177 3178 3057 
3 3056 3177 3057 
3 3176 3177 3056 
3 3055 3176 3056 
3 3175 3176 3055 
3 3054 3175 3055 
3 3174 3175 3054 
3 3053 3174 3054 
3 3173 3174 3053 
3 3052 3173 3053 
3 3172 3173 3052 
3 3051 3172 3052 
3 3171 3172 3051 
3 3050 3171 3051 
3 3170 3171 3050 
3 3049 3170 3050 
3 3169 3170 3049 
3 3048 3169 3049 
3 3168 3169 3048 
3 3047 3168 3048 
3 3167 3168 3047 
3 3046 3167 3047 
3 3166 3167 3046 
3 3045 3166 3046 
3 3165 3166 3045 
3 3044 3165 3045 
3 3164 3165 3044 
3 3043 3164 3044 
3 3163 3164 3043 
3 3042 3163 3043 
3 3162 3163 3042 
3 3041 3162 3042 
3 3161 3162 3041 
3 3040 3161 3041 
3 3160 3161 3040 
3 3039 3160 3040 
3 3159 3160 3039 
3 3038 3159 3039 
3 3158 3159 3038 
3 3037 3158 3038 
3 3157 3158 3037 
3 3036 3157 3037 
3 3156 3157 3036 
3 3035 3156 3036 
3 3155 3156 3035 
3 3034 3155 3035 
3 3154 3155 3034 
3 3033 3154 3034 
3 3153 3154 3033 
3 3032 3153 3033 
3 3152 3153 3032 
3 3031 3152 3032 
3 3151 3152 3031 
3 3030 3151 3031 
3 3150 3151 3030 
3 3029 3150 3030 
3 3149 3150 3029 
3 3028 3149 3029 
3 3148 3149 3028 
3 3027 3148 3028 
3 3147 3148 3027 
3 3026 3147 3027 
3 3146 3147 3026 
3 3025 3146 3026 
3 3145 3146 3025 
3 3024 3145 3025 
3 3144 3145 3024 
3 3023 3144 3024 
3 3143 3144 3023 
3 3022 3143 3023 
3 3142 3143 3022 
3 3021 3142 3022 
3 3141 3142 3021 
3 3020 3141 3021 
3 3140 3141 3020 
3 3019 3140 3020 
3 3139 3140 3019 
3 3018 3139 3019 
3 3138 3139 3018 
3 3017 3138 3018 
3 3137 3138 3017 
3 3016 3137 3017 
3 3136 3137 3016 
3 3015 3136 3016 
3 3135 3136 3015 
3 3014 3135 3015 
3 3134 3135 3014 
3 3013 3134 3014 
3 3133 3134 3013 
3 3012 3133 3013 
3 3132 3133 3012 
3 3011 3132 3012 
3 3131 3132 3011 
3 3010 3131 3011 
3 3130 3131 3010 
3 3009 3130 3010 
3 3129 3130 3009 
3 3008 3129 3009 
3 3128 3129 3008 
3 3007 3128 3008 
3 3127 3128 3007 
3 3006 3127 3007 
3 3126 3127 3006 
3 3005 3126 3006 
3 3125 3126 3005 
3 3004 3125 3005 
3 3124 3125 3004 
3 3003 3124 3004 
3 3123 3124 3003 
3 3002 3123 3003 
3 3122 3123 3002 
3 3001 3122 3002 
3 3121 3122 3001 
3 3000 3121 3001 
3 3120 3121 3000 
3 1438 1559 1439 
3 1558 1559 1438 
3 1437 1558 1438 
3 1557 1558 1437 
3 1436 1557 1437 
3 1556 1557 1436 
3 1435 1556 1436 
3 1555 1556 1435 
3 1434 1555 1435 
3 1554 1555 1434 
3 1433 1554 1434 
3 1553 1554 1433 
3 1432 1553 1433 
3 1552 1553 1432 
3 1431 1552 1432 
3 1551 1552 1431 
3 1430 1551 1431 
3 1550 1551 1430 
3 1429 1550 1430 
3 1549 1550 1429 
3 1428 1549 1429 
3 1548 1549 1428 
3 1427 1548 1428 
3 1547 1548 1427 
3 1426 1547 1427 
3 1546 1547 1426 
3 1425 1546 1426 
3 1545 1546 1425 
3 1424 1545 1425 
3 1544 1545 1424 
3 1423 1544 1424 
3 1543 1544 1423 
3 1422 1543 1423 
3 1542 1543 1422 
3 1421 1542 1422 
3 1541 1542 1421 
3 1420 1541 1421 
3 1540 1541 1420 
3 1419 1540 1420 
3 1539 1540 1419 
3 1418 1539 1419 
3 1538 1539 1418 
3 1417 1538 1418 
3 1537 1538 1417 
3 1416 1537 1417 
3 1536 1537 1416 
3 1415 1536 1416 
3 1535 1536 1415 
3 1414 1535 1415 
3 1534 1535 1414 
3 1413 1534 1414 
3 1533 1534 1413 
3 1412 1533 1413 
3 1532 1533 1412 
3 1411 1532 1412 
3 1531 1532 1411 
3 1410 1531 1411 
3 1530 1531 1410 
3 1409 1530 1410 
3 1529 1530 1409 
3 1408 1529 1409 
3 1528 1529 1408 
3 1407 1528 1408 
3 1527 1528 1407 
3 1406 1527 1407 
3 1526 1527 1406 
3 1405 1526 1406 
3 1525 1526 1405 
3 1404 1525 1405 
3 1524 1525 1404 
3 1403 1524 1404 
3 1523 1524 1403 
3 1402 1523 1403 
3 1522 1523 1402 
3 1401 1522 1402 
3 1521 1522 1401 
3 1400 1521 1401 
3 1520 1521 1400 
3 1399 1520 1400 
3 1519 1520 1399 
3 1398 1519 1399 
3 1518 1519 1398 
3 1397 1518 1398 
3 1517 1518 1397 
3 1396 1517 1397 
3 1516 1517 1396 
3 1395 1516 1396 
3 1515 1516 1395 
3 1394 1515 1395 
3 1514 1515 1394 
3 1393 1514 1394 
3 1513 1514 1393 
3 1392 1513 1393 
3 1512 1513 1392 
3 1391 1512 1392 
3 1511 1512 1391 
3 1390 1511 1391 
3 1510 1511 1390 
3 1389 1510 1390 
3 1509 1510 1389 
3 1388 1509 1389 
3 1508 1509 1388 
3 1387 1508 1388 
3 1507 1508 1387 
3 1386 1507 1387 
3 1506 1507 1386 
3 1385 1506 1386 
3 1505 1506 1385 
3 1384 1505 1385 
3 1504 1505 1384 
3 1383 1504 1384 
3 1503 1504 1383 
3 1382 1503 1383 
3 1502 1503 1382 
3 1381 1502 1382 
3 1501 1502 1381 
3 1380 1501 1381 
3 1500 1501 1380 
3 1379 1500 1380 
3 1499 1500 1379 
3 1500 1499 1620 
3 1619 1620 1499 
3 1498 1619 1499 
3 1618 1619 1498 
3 1497 1618 1498 
3 1617 1618 1497 
3 1496 1617 1497 
3 1616 1617 1496 
3 1495 1616 1496 
3 1615 1616 1495 
3 1494 1615 1495 
3 1614 1615 1494 
3 1493 1614 1494 
3 1613 1614 1493 
3 1492 1613 1493 
3 1612 1613 1492 
3 1491 1612 1492 
3 1611 1612 1491 
3 1490 1611 1491 
3 1610 1611 1490 
3 1489 1610 1490 
3 1609 1610 1489 
3 1488 1609 1489 
3 1608 1609 1488 
3 1487 1608 1488 
3 1607 1608 1487 
3 1486 1607 1487 
3 1606 1607 1486 
3 1485 1606 1486 
3 1605 1606 1485 
3 1484 1605 1485 
3 1604 1605 1484 
3 1483 1604 1484 
3 1603 1604 1483 
3 1482 1603 1483 
3 1602 1603 1482 
3 1481 1602 1482 
3 1601 1602 1481 
3 1480 1601 1481 
3 1600 1601 1480 
3 1479 1600 1480 
3 1599 1600 1479 
3 1478 1599 1479 
3 1598 1599 1478 
3 1477 1598 1478 
3 1597 1598 1477 
3 1476 1597 1477 
3 1596 1597 1476 
3 1475 1596 1476 
3 1595 1596 1475 
3 1474 1595 1475 
3 1594 1595 1474 
3 1473 1594 1474 
3 1593 1594 1473 
3 1472 1593 1473 
3 1592 1593 1472 
3 1471 1592 1472 
3 1591 1592 1471 
3 1470 1591 1471 
3 1590 1591 1470 
3 1469 1590 1470 
3 1589 1590 1469 
3 1468 1589 1469 
3 1588 1589 1468 
3 1467 1588 1468 
3 1587 1588 1467 
3 1466 1587 1467 
3 1586 1587 1466 
3 1465 1586 1466 
3 1585 1586 1465 
3 1464 1585 1465 
3 1584 1585 1464 
3 1463 1584 1464 
3 1583 1584 1463 
3 1462 1583 1463 
3 1582 1583 1462 
3 1461 1582 1462 
3 1581 1582 1461 
3 1460 1581 1461 
3 1580 1581 1460 
3 1459 1580 1460 
3 1579 1580 1459 
3 1458 1579 1459 
3 1578 1579 1458 
3 1457 1578 1458 
3 1577 1578 1457 
3 1456 1577 1457 
3 1576 1577 1456 
3 1455 1576 1456 
3 1575 1576 1455 
3 1454 1575 1455 
3 1574 1575 1454 
3 1453 1574 1454 
3 1573 1574 1453 
3 1452 1573 1453 
3 1572 1573 1452 
3 1451 1572 1452 
3 1571 1572 1451 
3 1450 1571 1451 
3 1570 1571 1450 
3 1449 1570 1450 
3 1569 1570 1449 
3 1448 1569 1449 
3 1568 1569 1448 
3 1447 1568 1448 
3 1567 1568 1447 
3 1446 1567 1447 
3 1566 1567 1446 
3 1445 1566 1446 
3 1565 1566 1445 
3 1444 1565 1445 
3 1564 1565 1444 
3 1443 1564 1444 
3 1563 1564 1443 
3 1442 1563 1443 
3 1562 1563 1442 
3 1441 1562 1442 
3 1561 1562 1441 
3 1440 1561 1441 
3 1560 1561 1440 
3 2158 2279 2159 
3 2278 2279 2158 
3 2157 2278 2158 
3 2277 2278 2157 
3 2156 2277 2157 
3 2276 2277 2156 
3 2155 2276 2156 
3 2275 2276 2155 
3 2154 2275 2155 
3 2274 2275 2154 
3 2153 2274 2154 
3 2273 2274 2153 
3 2152 2273 2153 
3 2272 2273 2152 
3 2151 2272 2152 
3 2271 2272 2151 
3 2150 2271 2151 
3 2270 2271 2150 
3 2149 2270 2150 
3 2269 2270 2149 
3 2148 2269 2149 
3 2268 2269 2148 
3 2147 2268 2148 
3 2267 2268 2147 
3 2146 2267 2147 
3 2266 2267 2146 
3 2145 2266 2146 
3 2265 2266 2145 
3 2144 2265 2145 
3 2264 2265 2144 
3 2143 2264 2144 
3 2263 2264 2143 
3 2142 2263 2143 
3 2262 2263 2142 
3 2141 2262 2142 
3 2261 2262 2141 
3 2140 2261 2141 
3 2260 2261 2140 
3 2139 2260 2140 
3 2259 2260 2139 
3 2138 2259 2139 
3 2258 2259 2138 
3 2137 2258 2138 
3 2257 2258 2137 
3 2136 2257 2137 
3 2256 2257 2136 
3 2135 2256 2136 
3 2255 2256 2135 
3 2134 2255 2135 
3 2254 2255 2134 
3 2133 2254 2134 
3 2253 2254 2133 
3 2132 2253 2133 
3 2252 2253 2132 
3 2131 2252 2132 
3 2251 2252 2131 
3 2130 2251 2131 
3 2250 2251 2130 
3 2129 2250 2130 
3 2249 2250 2129 
3 2250 2249 2370 
3 2369 2370 2249 
3 2248 2369 2249 
3 2368 2369 2248 
3 2247 2368 2248 
3 2367 2368 2247 
3 2246 2367 2247 
3 2366 2367 2246 
3 2245 2366 2246 
3 2365 2366 2245 
3 2244 2365 2245 
3 2364 2365 2244 
3 2243 2364 2244 
3 2363 2364 2243 
3 2242 2363 2243 
3 2362 2363 2242 
3 2241 2362 2242 
3 2361 2362 2241 
3 2240 2361 2241 
3 2360 2361 2240 
3 2239 2360 2240 
3 2359 2360 2239 
3 2238 2359 2239 
3 2358 2359 2238 
3 2237 2358 2238 
3 2357 2358 2237 
3 2236 2357 2237 
3 2356 2357 2236 
3 2235 2356 2236 
3 2355 2356 2235 
3 2234 2355 2235 
3 2354 2355 2234 
3 2233 2354 2234 
3 2353 2354 2233 
3 2232 2353 2233 
3 2352 2353 2232 
3 2231 2352 2232 
3 2351 2352 2231 
3 2230 2351 2231 
3 2350 2351 2230 
3 2229 2350 2230 
3 2349 2350 2229 
3 2228 2349 2229 
3 2348 2349 2228 
3 2227 2348 2228 
3 2347 2348 2227 
3 2226 2347 2227 
3 2346 2347 2226 
3 2225 2346 2226 
3 2345 2346 2225 
3 2224 2345 2225 
3 2344 2345 2224 
3 2223 2344 2224 
3 2343 2344 2223 
3 2222 2343 2223 
3 2342 2343 2222 
3 2221 2342 2222 
3 2341 2342 2221 
3 2220 2341 2221 
3 2340 2341 2220 
3 2219 2340 2220 
3 2339 2340 2219 
3 2218 2339 2219 
3 2338 2339 2218 
3 2217 2338 2218 
3 2337 2338 2217 
3 2216 2337 2217 
3 2336 2337 2216 
3 2215 2336 2216 
3 2335 2336 2215 
3 2214 2335 2215 
3 2334 2335 2214 
3 2213 2334 2214 
3 2333 2334 2213 
3 2212 2333 2213 
3 2332 2333 2212 
3 2211 2332 2212 
3 2331 2332 2211 
3 2210 2331 2211 
3 2330 2331 2210 
3 2209 2330 2210 
3 2329 2330 2209 
3 2208 2329 2209 
3 2328 2329 2208 
3 2207 2328 2208 
3 2327 2328 2207 
3 2206 2327 2207 
3 2326 2327 2206 
3 2205 2326 2206 
3 2325 2326 2205 
3 2204 2325 2205 
3 2324 2325 2204 
3 2203 2324 2204 
3 2323 2324 2203 
3 2202 2323 2203 
3 2322 2323 2202 
3 2201 2322 2202 
3 2321 2322 2201 
3 2200 2321 2201 
3 2320 2321 2200 
3 2199 2320 2200 
3 2319 2320 2199 
3 2198 2319 2199 
3 2318 2319 2198 
3 2197 2318 2198 
3 2317 2318 2197 
3 2196 2317 2197 
3 2316 2317 2196 
3 2195 2316 2196 
3 2315 2316 2195 
3 2194 2315 2195 
3 2314 2315 2194 
3 2193 2314 2194 
3 2313 2314 2193 
3 2192 2313 2193 
3 2312 2313 2192 
3 2191 2312 2192 
3 2311 2312 2191 
3 2190 2311 2191 
3 2310 2311 2190 
3 2189 2310 2190 
3 2309 2310 2189 
3 2188 2309 2189 
3 2308 2309 2188 
3 2187 2308 2188 
3 2307 2308 2187 
3 2186 2307 2187 
3 2306 2307 2186 
3 2185 2306 2186 
3 2305 2306 2185 
3 2184 2305 2185 
3 2304 2305 2184 
3 2183 2304 2184 
3 2303 2304 2183 
3 2182 2303 2183 
3 2302 2303 2182 
3 2181 2302 2182 
3 2301 2302 2181 
3 2180 2301 2181 
3 2300 2301 2180 
3 2179 2300 2180 
3 2299 2300 2179 
3 2178 2299 2179 
3 2298 2299 2178 
3 2177 2298 2178 
3 2297 2298 2177 
3 2176 2297 2177 
3 2296 2297 2176 
3 2175 2296 2176 
3 2295 2296 2175 
3 2174 2295 2175 
3 2294 2295 2174 
3 2173 2294 2174 
3 2293 2294 2173 
3 2172 2293 2173 
3 2292 2293 2172 
3 2171 2292 2172 
3 2291 2292 2171 
3 2170 2291 2171 
3 2290 2291 2170 
3 2169 2290 2170 
3 2289 2290 2169 
3 2168 2289 2169 
3 2288 2289 2168 
3 2167 2288 2168 
3 2287 2288 2167 
3 2166 2287 2167 
3 2286 2287 2166 
3 2165 2286 2166 
3 2285 2286 2165 
3 2164 2285 2165 
3 2284 2285 2164 
3 2163 2284 2164 
3 2283 2284 2163 
3 2162 2283 2163 
3 2282 2283 2162 
3 2161 2282 2162 
3 2281 2282 2161 
3 2160 2281 2161 
3 2280 2281 2160 
3 2518 2639 2519 
3 2638 2639 2518 
3 2517 2638 2518 
3 2637 2638 2517 
3 2516 2637 2517 
3 2636 2637 2516 
3 2515 2636 2516 
3 2635 2636 2515 
3 2514 2635 2515 
3 2634 2635 2514 
3 2513 2634 2514 
3 2633 2634 2513 
3 2512 2633 2513 
3 2632 2633 2512 
3 2511 2632 2512 
3 2631 2632 2511 
3 2510 2631 2511 
3 2630 2631 2510 
3 2509 2630 2510 
3 2629 2630 2509 
3 2508 2629 2509 
3 2628 2629 2508 
3 2507 2628 2508 
3 2627 2628 2507 
3 2506 2627 2507 
3 2626 2627 2506 
3 2505 2626 2506 
3 2625 2626 2505 
3 2504 2625 2505 
3 2624 2625 2504 
3 2625 2624 2745 
3 2744 2745 2624 
3 2623 2744 2624 
3 2743 2744 2623 
3 2622 2743 2623 
3 2742 2743 2622 
3 2621 2742 2622 
3 2741 2742 2621 
3 2620 2741 2621 
3 2740 2741 2620 
3 2619 2740 2620 
3 2739 2740 2619 
3 2618 2739 2619 
3 2738 2739 2618 
3 2617 2738 2618 
3 2737 2738 2617 
3 2616 2737 2617 
3 2736 2737 2616 
3 2615 2736 2616 
3 2735 2736 2615 
3 2614 2735 2615 
3 2734 2735 2614 
3 2613 2734 2614 
3 2733 2734 2613 
3 2612 2733 2613 
3 2732 2733 2612 
3 2611 2732 2612 
3 2731 2732 2611 
3 2610 2731 2611 
3 2730 2731 2610 
3 2609 2730 2610 
3 2729 2730 2609 
3 2608 2729 2609 
3 2728 2729 2608 
3 2607 2728 2608 
3 2727 2728 2607 
3 2606 2727 2607 
3 2726 2727 2606 
3 2605 2726 2606 
3 2725 2726 2605 
3 2604 2725 2605 
3 2724 2725 2604 
3 2603 2724 2604 
3 2723 2724 2603 
3 2602 2723 2603 
3 2722 2723 2602 
3 2601 2722 2602 
3 2721 2722 2601 
3 2600 2721 2601 
3 2720 2721 2600 
3 2599 2720 2600 
3 2719 2720 2599 
3 2598 2719 2599 
3 2718 2719 2598 
3 2597 2718 2598 
3 2717 2718 2597 
3 2596 2717 2597 
3 2716 2717 2596 
3 2595 2716 2596 
3 2715 2716 2595 
3 2594 2715 2595 
3 2714 2715 2594 
3 2593 2714 2594 
3 2713 2714 2593 
3 2592 2713 2593 
3 2712 2713 2592 
3 2591 2712 2592 
3 2711 2712 2591 
3 2590 2711 2591 
3 2710 2711 2590 
3 2589 2710 2590 
3 2709 2710 2589 
3 2588 2709 2589 
3 2708 2709 2588 
3 2587 2708 2588 
3 2707 2708 2587 
3 2586 2707 2587 
3 2706 2707 2586 
3 2585 2706 2586 
3 2705 2706 2585 
3 2584 2705 2585 
3 2704 2705 2584 
3 2583 2704 2584 
3 2703 2704 2583 
3 2582 2703 2583 
3 2702 2703 2582 
3 2581 2702 2582 
3 2701 2702 2581 
3 2580 2701 2581 
3 2700 2701 2580 
3 2579 2700 2580 
3 2699 2700 2579 
3 2578 2699 2579 
3 2698 2699 2578 
3 2577 2698 2578 
3 2697 2698 2577 
3 2576 2697 2577 
3 2696 2697 2576 
3 2575 2696 2576 
3 2695 2696 2575 
3 2574 2695 2575 
3 2694 2695 2574 
3 2573 2694 2574 
3 2693 2694 2573 
3 2572 2693 2573 
3 2692 2693 2572 
3 2571 2692 2572 
3 2691 2692 2571 
3 2570 2691 2571 
3 2690 2691 2570 
3 2569 2690 2570 
3 2689 2690 2569 
3 2568 2689 2569 
3 2688 2689 2568 
3 2567 2688 2568 
3 2687 2688 2567 
3 2566 2687 2567 
3 2686 2687 2566 
3 2565 2686 2566 
3 2685 2686 2565 
3 2564 2685 2565 
3 2684 2685 2564 
3 2563 2684 2564 
3 2683 2684 2563 
3 2562 2683 2563 
3 2682 2683 2562 
3 2561 2682 2562 
3 2681 2682 2561 
3 2560 2681 2561 
3 2680 2681 2560 
3 2559 2680 2560 
3 2679 2680 2559 
3 2558 2679 2559 
3 2678 2679 2558 
3 2557 2678 2558 
3 2677 2678 2557 
3 2556 2677 2557 
3 2676 2677 2556 
3 2555 2676 2556 
3 2675 2676 2555 
3 2554 2675 2555 
3 2674 2675 2554 
3 2553 2674 2554 
3 2673 2674 2553 
3 2552 2673 2553 
3 2672 2673 2552 
3 2551 2672 2552 
3 2671 2672 2551 
3 2550 2671 2551 
3 2670 2671 2550 
3 2549 2670 2550 
3 2669 2670 2549 
3 2548 2669 2549 
3 2668 2669 2548 
3 2547 2668 2548 
3 2667 2668 2547 
3 2546 2667 2547 
3 2666 2667 2546 
3 2545 2666 2546 
3 2665 2666 2545 
3 2544 2665 2545 
3 2664 2665 2544 
3 2543 2664 2544 
3 2663 2664 2543 
3 2542 2663 2543 
3 2662 2663 2542 
3 2541 2662 2542 
3 2661 2662 2541 
3 2540 2661 2541 
3 2660 2661 2540 
3 2539 2660 2540 
3 2659 2660 2539 
3 2538 2659 2539 
3 2658 2659 2538 
3 2537 2658 2538 
3 2657 2658 2537 
3 2536 2657 2537 
3 2656 2657 2536 
3 2535 2656 2536 
3 2655 2656 2535 
3 2534 2655 2535 
3 2654 2655 2534 
3 2533 2654 2534 
3 2653 2654 2533 
3 2532 2653 2533 
3 2652 2653 2532 
3 2531 2652 2532 
3 2651 2652 2531 
3 2530 2651 2531 
3 2650 2651 2530 
3 2529 2650 2530 
3 2649 2650 2529 
3 2528 2649 2529 
3 2648 2649 2528 
3 2527 2648 2528 
3 2647 2648 2527 
3 2526 2647 2527 
3 2646 2647 2526 
3 2525 2646 2526 
3 2645 2646 2525 
3 2524 2645 2525 
3 2644 2645 2524 
3 2523 2644 2524 
3 2643 2644 2523 
3 2522 2643 2523 
3 2642 2643 2522 
3 2521 2642 2522 
3 2641 2642 2521 
3 2520 2641 2521 
3 2640 2641 2520 
3 2758 2879 2759 
3 2878 2879 2758 
3 2757 2878 2758 
3 2877 2878 2757 
3 2756 2877 2757 
3 2876 2877 2756 
3 2755 2876 2756 
3 2875 2876 2755 
3 2754 2875 2755 
3 2874 2875 2754 
3 2753 2874 2754 
3 2873 2874 2753 
3 2752 2873 2753 
3 2872 2873 2752 
3 2751 2872 2752 
3 2871 2872 2751 
3 2750 2871 2751 
3 2870 2871 2750 
3 2749 2870 2750 
3 2869 2870 2749 
3 2748 2869 2749 
3 2868 2869 2748 
3 2747 2868 2748 
3 2867 2868 2747 
3 2746 2867 2747 
3 2866 2867 2746 
3 2745 2866 2746 
3 2865 2866 2745 
3 2744 2865 2745 
3 2864 2865 2744 
3 2743 2864 2744 
3 2863 2864 2743 
3 2742 2863 2743 
3 2862 2863 2742 
3 2741 2862 2742 
3 2861 2862 2741 
3 2740 2861 2741 
3 2860 2861 2740 
3 2739 2860 2740 
3 2859 2860 2739 
3 2738 2859 2739 
3 2858 2859 2738 
3 2737 2858 2738 
3 2857 2858 2737 
3 2736 2857 2737 
3 2856 2857 2736 
3 2735 2856 2736 
3 2855 2856 2735 
3 2734 2855 2735 
3 2854 2855 2734 
3 2733 2854 2734 
3 2853 2854 2733 
3 2732 2853 2733 
3 2852 2853 2732 
3 2731 2852 2732 
3 2851 2852 2731 
3 2730 2851 2731 
3 2850 2851 2730 
3 2729 2850 2730 
3 2849 2850 2729 
3 2728 2849 2729 
3 2848 2849 2728 
3 2727 2848 2728 
3 2847 2848 2727 
3 2726 2847 2727 
3 2846 2847 2726 
3 2725 2846 2726 
3 2845 2846 2725 
3 2724 2845 2725 
3 2844 2845 2724 
3 2723 2844 2724 
3 2843 2844 2723 
3 2722 2843 2723 
3 2842 2843 2722 
3 2721 2842 2722 
3 2841 2842 2721 
3 2720 2841 2721 
3 2840 2841 2720 
3 2719 2840 2720 
3 2839 2840 2719 
3 2718 2839 2719 
3 2838 2839 2718 
3 2717 2838 2718 
3 2837 2838 2717 
3 2716 2837 2717 
3 2836 2837 2716 
3 2715 2836 2716 
3 2835 2836 2715 
3 2714 2835 2715 
3 2834 2835 2714 
3 2713 2834 2714 
3 2833 2834 2713 
3 2712 2833 2713 
3 2832 2833 2712 
3 2711 2832 2712 
3 2831 2832 2711 
3 2710 2831 2711 
3 2830 2831 2710 
3 2709 2830 2710 
3 2829 2830 2709 
3 2708 2829 2709 
3 2828 2829 2708 
3 2707 2828 2708 
3 2827 2828 2707 
3 2706 2827 2707 
3 2826 2827 2706 
3 2705 2826 2706 
3 2825 2826 2705 
3 2704 2825 2705 
3 2824 2825 2704 
3 2703 2824 2704 
3 2823 2824 2703 
3 2702 2823 2703 
3 2822 2823 2702 
3 2701 2822 2702 
3 2821 2822 2701 
3 2700 2821 2701 
3 2820 2821 2700 
3 2699 2820 2700 
3 2819 2820 2699 
3 2698 2819 2699 
3 2818 2819 2698 
3 2697 2818 2698 
3 2817 2818 2697 
3 2696 2817 2697 
3 2816 2817 2696 
3 2695 2816 2696 
3 2815 2816 2695 
3 2694 2815 2695 
3 2814 2815 2694 
3 2693 2814 2694 
3 2813 2814 2693 
3 2692 2813 2693 
3 2812 2813 2692 
3 2813 2812 2933 
3 2932 2933 2812 
3 2811 2932 2812 
3 2931 2932 2811 
3 2810 2931 2811 
3 2930 2931 2810 
3 2809 2930 2810 
3 2929 2930 2809 
3 2808 2929 2809 
3 2928 2929 2808 
3 2807 2928 2808 
3 2927 2928 2807 
3 2806 2927 2807 
3 2926 2927 2806 
3 2805 2926 2806 
3 2925 2926 2805 
3 2804 2925 2805 
3 2924 2925 2804 
3 2803 2924 2804 
3 2923 2924 2803 
3 2802 2923 2803 
3 2922 2923 2802 
3 2801 2922 2802 
3 2921 2922 2801 
3 2800 2921 2801 
3 2920 2921 2800 
3 2799 2920 2800 
3 2919 2920 2799 
3 2798 2919 2799 
3 2918 2919 2798 
3 2797 2918 2798 
3 2917 2918 2797 
3 2796 2917 2797 
3 2916 2917 2796 
3 2795 2916 2796 
3 2915 2916 2795 
3 2794 2915 2795 
3 2914 2915 2794 
3 2793 2914 2794 
3 2913 2914 2793 
3 2792 2913 2793 
3 2912 2913 2792 
3 2791 2912 2792 
3 2911 2912 2791 
3 2790 2911 2791 
3 2910 2911 2790 
3 2789 2910 2790 
3 2909 2910 2789 
3 2788 2909 2789 
3 2908 2909 2788 
3 2787 2908 2788 
3 2907 2908 2787 
3 2786 2907 2787 
3 2906 2907 2786 
3 2785 2906 2786 
3 2905 2906 2785 
3 2784 2905 2785 
3 2904 2905 2784 
3 2783 2904 2784 
3 2903 2904 2783 
3 2782 2903 2783 
3 2902 2903 2782 
3 2781 2902 2782 
3 2901 2902 2781 
3 2780 2901 2781 
3 2900 2901 2780 
3 2779 2900 2780 
3 2899 2900 2779 
3 2778 2899 2779 
3 2898 2899 2778 
3 2777 2898 2778 
3 2897 2898 2777 
3 2776 2897 2777 
3 2896 2897 2776 
3 2775 2896 2776 
3 2895 2896 2775 
3 2774 2895 2775 
3 2894 2895 2774 
3 2773 2894 2774 
3 2893 2894 2773 
3 2772 2893 2773 
3 2892 2893 2772 
3 2771 2892 2772 
3 2891 2892 2771 
3 2770 2891 2771 
3 2890 2891 2770 
3 2769 2890 2770 
3 2889 2890 2769 
3 2768 2889 2769 
3 2888 2889 2768 
3 2767 2888 2768 
3 2887 2888 2767 
3 2766 2887 2767 
3 2886 2887 2766 
3 2765 2886 2766 
3 2885 2886 2765 
3 2764 2885 2765 
3 2884 2885 2764 
3 2763 2884 2764 
3 2883 2884 2763 
3 2762 2883 2763 
3 2882 2883 2762 
3 2761 2882 2762 
3 2881 2882 2761 
3 2760 2881 2761 
3 2880 2881 2760 
3 2878 2999 2879 
3 2998 2999 2878 
3 2877 2998 2878 
3 2997 2998 2877 
3 2876 2997 2877 
3 2996 2997 2876 
3 2875 2996 2876 
3 2995 2996 2875 
3 2874 2995 2875 
3 2994 2995 2874 
3 2873 2994 2874 
3 2993 2994 2873 
3 2872 2993 2873 
3 2992 2993 2872 
3 2871 2992 2872 
3 2991 2992 2871 
3 2870 2991 2871 
3 2990 2991 2870 
3 2869 2990 2870 
3 2989 2990 2869 
3 2868 2989 2869 
3 2988 2989 2868 
3 2867 2988 2868 
3 2987 2988 2867 
3 2866 2987 2867 
3 2986 2987 2866 
3 2865 2986 2866 
3 2985 2986 2865 
3 2864 2985 2865 
3 2984 2985 2864 
3 2863 2984 2864 
3 2983 2984 2863 
3 2862 2983 2863 
3 2982 2983 2862 
3 2861 2982 2862 
3 2981 2982 2861 
3 2860 2981 2861 
3 2980 2981 2860 
3 2859 2980 2860 
3 2979 2980 2859 
3 2858 2979 2859 
3 2978 2979 2858 
3 2857 2978 2858 
3 2977 2978 2857 
3 2856 2977 2857 
3 2976 2977 2856 
3 2855 2976 2856 
3 2975 2976 2855 
3 2854 2975 2855 
3 2974 2975 2854 
3 2853 2974 2854 
3 2973 2974 2853 
3 2852 2973 2853 
3 2972 2973 2852 
3 2851 2972 2852 
3 2971 2972 2851 
3 2850 2971 2851 
3 2970 2971 2850 
3 2849 2970 2850 
3 2969 2970 2849 
3 2848 2969 2849 
3 2968 2969 2848 
3 2847 2968 2848 
3 2967 2968 2847 
3 2846 2967 2847 
3 2966 2967 2846 
3 2845 2966 2846 
3 2965 2966 2845 
3 2844 2965 2845 
3 2964 2965 2844 
3 2843 2964 2844 
3 2963 2964 2843 
3 2842 2963 2843 
3 2962 2963 2842 
3 2841 2962 2842 
3 2961 2962 2841 
3 2840 2961 2841 
3 2960 2961 2840 
3 2839 2960 2840 
3 2959 2960 2839 
3 2838 2959 2839 
3 2958 2959 2838 
3 2837 2958 2838 
3 2957 2958 2837 
3 2836 2957 2837 
3 2956 2957 2836 
3 2835 2956 2836 
3 2955 2956 2835 
3 2834 2955 2835 
3 2954 2955 2834 
3 2833 2954 2834 
3 2953 2954 2833 
3 2832 2953 2833 
3 2952 2953 2832 
3 2831 2952 2832 
3 2951 2952 2831 
3 2830 2951 2831 
3 2950 2951 2830 
3 2829 2950 2830 
3 2949 2950 2829 
3 2828 2949 2829 
3 2948 2949 2828 
3 2827 2948 2828 
3 2947 2948 2827 
3 2826 2947 2827 
3 2946 2947 2826 
3 2825 2946 2826 
3 2945 2946 2825 
3 2824 2945 2825 
3 2944 2945 2824 
3 2823 2944 2824 
3 2943 2944 2823 
3 2822 2943 2823 
3 2942 2943 2822 
3 2821 2942 2822 
3 2941 2942 2821 
3 2820 2941 2821 
3 2940 2941 2820 
3 2819 2940 2820 
3 2939 2940 2819 
3 2818 2939 2819 
3 2938 2939 2818 
3 2817 2938 2818 
3 2937 2938 2817 
3 2816 2937 2817 
3 2936 2937 2816 
3 2815 2936 2816 
3 2935 2936 2815 
3 2814 2935 2815 
3 2934 2935 2814 
3 2813 2934 2814 
3 2933 2934 2813 
3 2638 2759 2639 
3 2758 2759 2638 
3 2637 2758 2638 
3 2757 2758 2637 
3 2636 2757 2637 
3 2756 2757 2636 
3 2635 2756 2636 
3 2755 2756 2635 
3 2634 2755 2635 
3 2754 2755 2634 
3 2633 2754 2634 
3 2753 2754 2633 
3 2632 2753 2633 
3 2752 2753 2632 
3 2631 2752 2632 
3 2751 2752 2631 
3 2630 2751 2631 
3 2750 2751 2630 
3 2629 2750 2630 
3 2749 2750 2629 
3 2628 2749 2629 
3 2748 2749 2628 
3 2627 2748 2628 
3 2747 2748 2627 
3 2626 2747 2627 
3 2746 2747 2626 
3 2625 2746 2626 
3 2745 2746 2625 
3 2691 2812 2692 
3 2811 2812 2691 
3 2690 2811 2691 
3 2810 2811 2690 
3 2689 2810 2690 
3 2809 2810 2689 
3 2688 2809 2689 
3 2808 2809 2688 
3 2687 2808 2688 
3 2807 2808 2687 
3 2686 2807 2687 
3 2806 2807 2686 
3 2685 2806 2686 
3 2805 2806 2685 
3 2684 2805 2685 
3 2804 2805 2684 
3 2683 2804 2684 
3 2803 2804 2683 
3 2682 2803 2683 
3 2802 2803 2682 
3 2681 2802 2682 
3 2801 2802 2681 
3 2680 2801 2681 
3 2800 2801 2680 
3 2679 2800 2680 
3 2799 2800 2679 
3 2678 2799 2679 
3 2798 2799 2678 
3 2677 2798 2678 
3 2797 2798 2677 
3 2676 2797 2677 
3 2796 2797 2676 
3 2675 2796 2676 
3 2795 2796 2675 
3 2674 2795 2675 
3 2794 2795 2674 
3 2673 2794 2674 
3 2793 2794 2673 
3 2672 2793 2673 
3 2792 2793 2672 
3 2671 2792 2672 
3 2791 2792 2671 
3 2670 2791 2671 
3 2790 2791 2670 
3 2669 2790 2670 
3 2789 2790 2669 
3 2668 2789 2669 
3 2788 2789 2668 
3 2667 2788 2668 
3 2787 2788 2667 
3 2666 2787 2667 
3 2786 2787 2666 
3 2665 2786 2666 
3 2785 2786 2665 
3 2664 2785 2665 
3 2784 2785 2664 
3 2663 2784 2664 
3 2783 2784 2663 
3 2662 2783 2663 
3 2782 2783 2662 
3 2661 2782 2662 
3 2781 2782 2661 
3 2660 2781 2661 
3 2780 2781 2660 
3 2659 2780 2660 
3 2779 2780 2659 
3 2658 2779 2659 
3 2778 2779 2658 
3 2657 2778 2658 
3 2777 2778 2657 
3 2656 2777 2657 
3 2776 2777 2656 
3 2655 2776 2656 
3 2775 2776 2655 
3 2654 2775 2655 
3 2774 2775 2654 
3 2653 2774 2654 
3 2773 2774 2653 
3 2652 2773 2653 
3 2772 2773 2652 
3 2651 2772 2652 
3 2771 2772 2651 
3 2650 2771 2651 
3 2770 2771 2650 
3 2649 2770 2650 
3 2769 2770 2649 
3 2648 2769 2649 
3 2768 2769 2648 
3 2647 2768 2648 
3 2767 2768 2647 
3 2646 2767 2647 
3 2766 2767 2646 
3 2645 2766 2646 
3 2765 2766 2645 
3 2644 2765 2645 
3 2764 2765 2644 
3 2643 2764 2644 
3 2763 2764 2643 
3 2642 2763 2643 
3 2762 2763 2642 
3 2641 2762 2642 
3 2761 2762 2641 
3 2640 2761 2641 
3 2760 2761 2640 
3 2398 2519 2399 
3 2518 2519 2398 
3 2397 2518 2398 
3 2517 2518 2397 
3 2396 2517 2397 
3 2516 2517 2396 
3 2395 2516 2396 
3 2515 2516 2395 
3 2394 2515 2395 
3 2514 2515 2394 
3 2393 2514 2394 
3 2513 2514 2393 
3 2392 2513 2393 
3 2512 2513 2392 
3 2391 2512 2392 
3 2511 2512 2391 
3 2390 2511 2391 
3 2510 2511 2390 
3 2389 2510 2390 
3 2509 2510 2389 
3 2388 2509 2389 
3 2508 2509 2388 
3 2387 2508 2388 
3 2507 2508 2387 
3 2386 2507 2387 
3 2506 2507 2386 
3 2385 2506 2386 
3 2505 2506 2385 
3 2384 2505 2385 
3 2504 2505 2384 
3 2383 2504 2384 
3 2503 2504 2383 
3 2382 2503 2383 
3 2502 2503 2382 
3 2381 2502 2382 
3 2501 2502 2381 
3 2380 2501 2381 
3 2500 2501 2380 
3 2379 2500 2380 
3 2499 2500 2379 
3 2378 2499 2379 
3 2498 2499 2378 
3 2377 2498 2378 
3 2497 2498 2377 
3 2376 2497 2377 
3 2496 2497 2376 
3 2375 2496 2376 
3 2495 2496 2375 
3 2374 2495 2375 
3 2494 2495 2374 
3 2373 2494 2374 
3 2493 2494 2373 
3 2372 2493 2373 
3 2492 2493 2372 
3 2371 2492 2372 
3 2491 2492 2371 
3 2370 2491 2371 
3 2490 2491 2370 
3 2369 2490 2370 
3 2489 2490 2369 
3 2368 2489 2369 
3 2488 2489 2368 
3 2367 2488 2368 
3 2487 2488 2367 
3 2366 2487 2367 
3 2486 2487 2366 
3 2365 2486 2366 
3 2485 2486 2365 
3 2364 2485 2365 
3 2484 2485 2364 
3 2363 2484 2364 
3 2483 2484 2363 
3 2362 2483 2363 
3 2482 2483 2362 
3 2361 2482 2362 
3 2481 2482 2361 
3 2360 2481 2361 
3 2480 2481 2360 
3 2359 2480 2360 
3 2479 2480 2359 
3 2358 2479 2359 
3 2478 2479 2358 
3 2357 2478 2358 
3 2477 2478 2357 
3 2356 2477 2357 
3 2476 2477 2356 
3 2355 2476 2356 
3 2475 2476 2355 
3 2354 2475 2355 
3 2474 2475 2354 
3 2353 2474 2354 
3 2473 2474 2353 
3 2352 2473 2353 
3 2472 2473 2352 
3 2351 2472 2352 
3 2471 2472 2351 
3 2350 2471 2351 
3 2470 2471 2350 
3 2349 2470 2350 
3 2469 2470 2349 
3 2348 2469 2349 
3 2468 2469 2348 
3 2347 2468 2348 
3 2467 2468 2347 
3 2346 2467 2347 
3 2466 2467 2346 
3 2345 2466 2346 
3 2465 2466 2345 
3 2344 2465 2345 
3 2464 2465 2344 
3 2343 2464 2344 
3 2463 2464 2343 
3 2342 2463 2343 
3 2462 2463 2342 
3 2341 2462 2342 
3 2461 2462 2341 
3 2340 2461 2341 
3 2460 2461 2340 
3 2339 2460 2340 
3 2459 2460 2339 
3 2338 2459 2339 
3 2458 2459 2338 
3 2337 2458 2338 
3 2457 2458 2337 
3 2336 2457 2337 
3 2456 2457 2336 
3 2335 2456 2336 
3 2455 2456 2335 
3 2334 2455 2335 
3 2454 2455 2334 
3 2333 2454 2334 
3 2453 2454 2333 
3 2332 2453 2333 
3 2452 2453 2332 
3 2331 2452 2332 
3 2451 2452 2331 
3 2330 2451 2331 
3 2450 2451 2330 
3 2329 2450 2330 
3 2449 2450 2329 
3 2328 2449 2329 
3 2448 2449 2328 
3 2327 2448 2328 
3 2447 2448 2327 
3 2326 2447 2327 
3 2446 2447 2326 
3 2325 2446 2326 
3 2445 2446 2325 
3 2324 2445 2325 
3 2444 2445 2324 
3 2323 2444 2324 
3 2443 2444 2323 
3 2322 2443 2323 
3 2442 2443 2322 
3 2321 2442 2322 
3 2441 2442 2321 
3 2320 2441 2321 
3 2440 2441 2320 
3 2319 2440 2320 
3 2439 2440 2319 
3 2318 2439 2319 
3 2438 2439 2318 
3 2317 2438 2318 
3 2437 2438 2317 
3 2438 2437 2558 
3 2557 2558 2437 
3 2436 2557 2437 
3 2556 2557 2436 
3 2435 2556 2436 
3 2555 2556 2435 
3 2434 2555 2435 
3 2554 2555 2434 
3 2433 2554 2434 
3 2553 2554 2433 
3 2432 2553 2433 
3 2552 2553 2432 
3 2431 2552 2432 
3 2551 2552 2431 
3 2430 2551 2431 
3 2550 2551 2430 
3 2429 2550 2430 
3 2549 2550 2429 
3 2428 2549 2429 
3 2548 2549 2428 
3 2427 2548 2428 
3 2547 2548 2427 
3 2426 2547 2427 
3 2546 2547 2426 
3 2425 2546 2426 
3 2545 2546 2425 
3 2424 2545 2425 
3 2544 2545 2424 
3 2423 2544 2424 
3 2543 2544 2423 
3 2422 2543 2423 
3 2542 2543 2422 
3 2421 2542 2422 
3 2541 2542 2421 
3 2420 2541 2421 
3 2540 2541 2420 
3 2419 2540 2420 
3 2539 2540 2419 
3 2418 2539 2419 
3 2538 2539 2418 
3 2417 2538 2418 
3 2537 2538 2417 
3 2416 2537 2417 
3 2536 2537 2416 
3 2415 2536 2416 
3 2535 2536 2415 
3 2414 2535 2415 
3 2534 2535 2414 
3 2413 2534 2414 
3 2533 2534 2413 
3 2412 2533 2413 
3 2532 2533 2412 
3 2411 2532 2412 
3 2531 2532 2411 
3 2410 2531 2411 
3 2530 2531 2410 
3 2409 2530 2410 
3 2529 2530 2409 
3 2408 2529 2409 
3 2528 2529 2408 
3 2407 2528 2408 
3 2527 2528 2407 
3 2406 2527 2407 
3 2526 2527 2406 
3 2405 2526 2406 
3 2525 2526 2405 
3 2404 2525 2405 
3 2524 2525 2404 
3 2403 2524 2404 
3 2523 2524 2403 
3 2402 2523 2403 
3 2522 2523 2402 
3 2401 2522 2402 
3 2521 2522 2401 
3 2400 2521 2401 
3 2520 2521 2400 
3 2503 2624 2504 
3 2623 2624 2503 
3 2502 2623 2503 
3 2622 2623 2502 
3 2501 2622 2502 
3 2621 2622 2501 
3 2500 2621 2501 
3 2620 2621 2500 
3 2499 2620 2500 
3 2619 2620 2499 
3 2498 2619 2499 
3 2618 2619 2498 
3 2497 2618 2498 
3 2617 2618 2497 
3 2496 2617 2497 
3 2616 2617 2496 
3 2495 2616 2496 
3 2615 2616 2495 
3 2494 2615 2495 
3 2614 2615 2494 
3 2493 2614 2494 
3 2613 2614 2493 
3 2492 2613 2493 
3 2612 2613 2492 
3 2491 2612 2492 
3 2611 2612 2491 
3 2490 2611 2491 
3 2610 2611 2490 
3 2489 2610 2490 
3 2609 2610 2489 
3 2488 2609 2489 
3 2608 2609 2488 
3 2487 2608 2488 
3 2607 2608 2487 
3 2486 2607 2487 
3 2606 2607 2486 
3 2485 2606 2486 
3 2605 2606 2485 
3 2484 2605 2485 
3 2604 2605 2484 
3 2483 2604 2484 
3 2603 2604 2483 
3 2482 2603 2483 
3 2602 2603 2482 
3 2481 2602 2482 
3 2601 2602 2481 
3 2480 2601 2481 
3 2600 2601 2480 
3 2479 2600 2480 
3 2599 2600 2479 
3 2478 2599 2479 
3 2598 2599 2478 
3 2477 2598 2478 
3 2597 2598 2477 
3 2476 2597 2477 
3 2596 2597 2476 
3 2475 2596 2476 
3 2595 2596 2475 
3 2474 2595 2475 
3 2594 2595 2474 
3 2473 2594 2474 
3 2593 2594 2473 
3 2472 2593 2473 
3 2592 2593 2472 
3 2471 2592 2472 
3 2591 2592 2471 
3 2470 2591 2471 
3 2590 2591 2470 
3 2469 2590 2470 
3 2589 2590 2469 
3 2468 2589 2469 
3 2588 2589 2468 
3 2467 2588 2468 
3 2587 2588 2467 
3 2466 2587 2467 
3 2586 2587 2466 
3 2465 2586 2466 
3 2585 2586 2465 
3 2464 2585 2465 
3 2584 2585 2464 
3 2463 2584 2464 
3 2583 2584 2463 
3 2462 2583 2463 
3 2582 2583 2462 
3 2461 2582 2462 
3 2581 2582 2461 
3 2460 2581 2461 
3 2580 2581 2460 
3 2459 2580 2460 
3 2579 2580 2459 
3 2458 2579 2459 
3 2578 2579 2458 
3 2457 2578 2458 
3 2577 2578 2457 
3 2456 2577 2457 
3 2576 2577 2456 
3 2455 2576 2456 
3 2575 2576 2455 
3 2454 2575 2455 
3 2574 2575 2454 
3 2453 2574 2454 
3 2573 2574 2453 
3 2452 2573 2453 
3 2572 2573 2452 
3 2451 2572 2452 
3 2571 2572 2451 
3 2450 2571 2451 
3 2570 2571 2450 
3 2449 2570 2450 
3 2569 2570 2449 
3 2448 2569 2449 
3 2568 2569 2448 
3 2447 2568 2448 
3 2567 2568 2447 
3 2446 2567 2447 
3 2566 2567 2446 
3 2445 2566 2446 
3 2565 2566 2445 
3 2444 2565 2445 
3 2564 2565 2444 
3 2443 2564 2444 
3 2563 2564 2443 
3 2442 2563 2443 
3 2562 2563 2442 
3 2441 2562 2442 
3 2561 2562 2441 
3 2440 2561 2441 
3 2560 2561 2440 
3 2439 2560 2440 
3 2559 2560 2439 
3 2438 2559 2439 
3 2558 2559 2438 
3 2278 2399 2279 
3 2398 2399 2278 
3 2277 2398 2278 
3 2397 2398 2277 
3 2276 2397 2277 
3 2396 2397 2276 
3 2275 2396 2276 
3 2395 2396 2275 
3 2274 2395 2275 
3 2394 2395 2274 
3 2273 2394 2274 
3 2393 2394 2273 
3 2272 2393 2273 
3 2392 2393 2272 
3 2271 2392 2272 
3 2391 2392 2271 
3 2270 2391 2271 
3 2390 2391 2270 
3 2269 2390 2270 
3 2389 2390 2269 
3 2268 2389 2269 
3 2388 2389 2268 
3 2267 2388 2268 
3 2387 2388 2267 
3 2266 2387 2267 
3 2386 2387 2266 
3 2265 2386 2266 
3 2385 2386 2265 
3 2264 2385 2265 
3 2384 2385 2264 
3 2263 2384 2264 
3 2383 2384 2263 
3 2262 2383 2263 
3 2382 2383 2262 
3 2261 2382 2262 
3 2381 2382 2261 
3 2260 2381 2261 
3 2380 2381 2260 
3 2259 2380 2260 
3 2379 2380 2259 
3 2258 2379 2259 
3 2378 2379 2258 
3 2257 2378 2258 
3 2377 2378 2257 
3 2256 2377 2257 
3 2376 2377 2256 
3 2255 2376 2256 
3 2375 2376 2255 
3 2254 2375 2255 
3 2374 2375 2254 
3 2253 2374 2254 
3 2373 2374 2253 
3 2252 2373 2253 
3 2372 2373 2252 
3 2251 2372 2252 
3 2371 2372 2251 
3 2250 2371 2251 
3 2370 2371 2250 
3 2316 2437 2317 
3 2436 2437 2316 
3 2315 2436 2316 
3 2435 2436 2315 
3 2314 2435 2315 
3 2434 2435 2314 
3 2313 2434 2314 
3 2433 2434 2313 
3 2312 2433 2313 
3 2432 2433 2312 
3 2311 2432 2312 
3 2431 2432 2311 
3 2310 2431 2311 
3 2430 2431 2310 
3 2309 2430 2310 
3 2429 2430 2309 
3 2308 2429 2309 
3 2428 2429 2308 
3 2307 2428 2308 
3 2427 2428 2307 
3 2306 2427 2307 
3 2426 2427 2306 
3 2305 2426 2306 
3 2425 2426 2305 
3 2304 2425 2305 
3 2424 2425 2304 
3 2303 2424 2304 
3 2423 2424 2303 
3 2302 2423 2303 
3 2422 2423 2302 
3 2301 2422 2302 
3 2421 2422 2301 
3 2300 2421 2301 
3 2420 2421 2300 
3 2299 2420 2300 
3 2419 2420 2299 
3 2298 2419 2299 
3 2418 2419 2298 
3 2297 2418 2298 
3 2417 2418 2297 
3 2296 2417 2297 
3 2416 2417 2296 
3 2295 2416 2296 
3 2415 2416 2295 
3 2294 2415 2295 
3 2414 2415 2294 
3 2293 2414 2294 
3 2413 2414 2293 
3 2292 2413 2293 
3 2412 2413 2292 
3 2291 2412 2292 
3 2411 2412 2291 
3 2290 2411 2291 
3 2410 2411 2290 
3 2289 2410 2290 
3 2409 2410 2289 
3 2288 2409 2289 
3 2408 2409 2288 
3 2287 2408 2288 
3 2407 2408 2287 
3 2286 2407 2287 
3 2406 2407 2286 
3 2285 2406 2286 
3 2405 2406 2285 
3 2284 2405 2285 
3 2404 2405 2284 
3 2283 2404 2284 
3 2403 2404 2283 
3 2282 2403 2283 
3 2402 2403 2282 
3 2281 2402 2282 
3 2401 2402 2281 
3 2280 2401 2281 
3 2400 2401 2280 
3 1798 1919 1799 
3 1918 1919 1798 
3 1797 1918 1798 
3 1917 1918 1797 
3 1796 1917 1797 
3 1916 1917 1796 
3 1795 1916 1796 
3 1915 1916 1795 
3 1794 1915 1795 
3 1914 1915 1794 
3 1793 1914 1794 
3 1913 1914 1793 
3 1792 1913 1793 
3 1912 1913 1792 
3 1791 1912 1792 
3 1911 1912 1791 
3 1790 1911 1791 
3 1910 1911 1790 
3 1789 1910 1790 
3 1909 1910 1789 
3 1788 1909 1789 
3 1908 1909 1788 
3 1787 1908 1788 
3 1907 1908 1787 
3 1786 1907 1787 
3 1906 1907 1786 
3 1785 1906 1786 
3 1905 1906 1785 
3 1784 1905 1785 
3 1904 1905 1784 
3 1783 1904 1784 
3 1903 1904 1783 
3 1782 1903 1783 
3 1902 1903 1782 
3 1781 1902 1782 
3 1901 1902 1781 
3 1780 1901 1781 
3 1900 1901 1780 
3 1779 1900 1780 
3 1899 1900 1779 
3 1778 1899 1779 
3 1898 1899 1778 
3 1777 1898 1778 
3 1897 1898 1777 
3 1776 1897 1777 
3 1896 1897 1776 
3 1775 1896 1776 
3 1895 1896 1775 
3 1774 1895 1775 
3 1894 1895 1774 
3 1773 1894 1774 
3 1893 1894 1773 
3 1772 1893 1773 
3 1892 1893 1772 
3 1771 1892 1772 
3 1891 1892 1771 
3 1770 1891 1771 
3 1890 1891 1770 
3 1769 1890 1770 
3 1889 1890 1769 
3 1768 1889 1769 
3 1888 1889 1768 
3 1767 1888 1768 
3 1887 1888 1767 
3 1766 1887 1767 
3 1886 1887 1766 
3 1765 1886 1766 
3 1885 1886 1765 
3 1764 1885 1765 
3 1884 1885 1764 
3 1763 1884 1764 
3 1883 1884 1763 
3 1762 1883 1763 
3 1882 1883 1762 
3 1761 1882 1762 
3 1881 1882 1761 
3 1760 1881 1761 
3 1880 1881 1760 
3 1759 1880 1760 
3 1879 1880 1759 
3 1758 1879 1759 
3 1878 1879 1758 
3 1757 1878 1758 
3 1877 1878 1757 
3 1756 1877 1757 
3 1876 1877 1756 
3 1755 1876 1756 
3 1875 1876 1755 
3 1754 1875 1755 
3 1874 1875 1754 
3 1875 1874 1995 
3 1994 1995 1874 
3 1873 1994 1874 
3 1993 1994 1873 
3 1872 1993 1873 
3 1992 1993 1872 
3 1871 1992 1872 
3 1991 1992 1871 
3 1870 1991 1871 
3 1990 1991 1870 
3 1869 1990 1870 
3 1989 1990 1869 
3 1868 1989 1869 
3 1988 1989 1868 
3 1867 1988 1868 
3 1987 1988 1867 
3 1866 1987 1867 
3 1986 1987 1866 
3 1865 1986 1866 
3 1985 1986 1865 
3 1864 1985 1865 
3 1984 1985 1864 
3 1863 1984 1864 
3 1983 1984 1863 
3 1862 1983 1863 
3 1982 1983 1862 
3 1861 1982 1862 
3 1981 1982 1861 
3 1860 1981 1861 
3 1980 1981 1860 
3 1859 1980 1860 
3 1979 1980 1859 
3 1858 1979 1859 
3 1978 1979 1858 
3 1857 1978 1858 
3 1977 1978 1857 
3 1856 1977 1857 
3 1976 1977 1856 
3 1855 1976 1856 
3 1975 1976 1855 
3 1854 1975 1855 
3 1974 1975 1854 
3 1853 1974 1854 
3 1973 1974 1853 
3 1852 1973 1853 
3 1972 1973 1852 
3 1851 1972 1852 
3 1971 1972 1851 
3 1850 1971 1851 
3 1970 1971 1850 
3 1849 1970 1850 
3 1969 1970 1849 
3 1848 1969 1849 
3 1968 1969 1848 
3 1847 1968 1848 
3 1967 1968 1847 
3 1846 1967 1847 
3 1966 1967 1846 
3 1845 1966 1846 
3 1965 1966 1845 
3 1844 1965 1845 
3 1964 1965 1844 
3 1843 1964 1844 
3 1963 1964 1843 
3 1842 1963 1843 
3 1962 1963 1842 
3 1841 1962 1842 
3 1961 1962 1841 
3 1840 1961 1841 
3 1960 1961 1840 
3 1839 1960 1840 
3 1959 1960 1839 
3 1838 1959 1839 
3 1958 1959 1838 
3 1837 1958 1838 
3 1957 1958 1837 
3 1836 1957 1837 
3 1956 1957 1836 
3 1835 1956 1836 
3 1955 1956 1835 
3 1834 1955 1835 
3 1954 1955 1834 
3 1833 1954 1834 
3 1953 1954 1833 
3 1832 1953 1833 
3 1952 1953 1832 
3 1831 1952 1832 
3 1951 1952 1831 
3 1830 1951 1831 
3 1950 1951 1830 
3 1829 1950 1830 
3 1949 1950 1829 
3 1828 1949 1829 
3 1948 1949 1828 
3 1827 1948 1828 
3 1947 1948 1827 
3 1826 1947 1827 
3 1946 1947 1826 
3 1825 1946 1826 
3 1945 1946 1825 
3 1824 1945 1825 
3 1944 1945 1824 
3 1823 1944 1824 
3 1943 1944 1823 
3 1822 1943 1823 
3 1942 1943 1822 
3 1821 1942 1822 
3 1941 1942 1821 
3 1820 1941 1821 
3 1940 1941 1820 
3 1819 1940 1820 
3 1939 1940 1819 
3 1818 1939 1819 
3 1938 1939 1818 
3 1817 1938 1818 
3 1937 1938 1817 
3 1816 1937 1817 
3 1936 1937 1816 
3 1815 1936 1816 
3 1935 1936 1815 
3 1814 1935 1815 
3 1934 1935 1814 
3 1813 1934 1814 
3 1933 1934 1813 
3 1812 1933 1813 
3 1932 1933 1812 
3 1811 1932 1812 
3 1931 1932 1811 
3 1810 1931 1811 
3 1930 1931 1810 
3 1809 1930 1810 
3 1929 1930 1809 
3 1808 1929 1809 
3 1928 1929 1808 
3 1807 1928 1808 
3 1927 1928 1807 
3 1806 1927 1807 
3 1926 1927 1806 
3 1805 1926 1806 
3 1925 1926 1805 
3 1804 1925 1805 
3 1924 1925 1804 
3 1803 1924 1804 
3 1923 1924 1803 
3 1802 1923 1803 
3 1922 1923 1802 
3 1801 1922 1802 
3 1921 1922 1801 
3 1800 1921 1801 
3 1920 1921 1800 
3 2038 2159 2039 
3 2158 2159 2038 
3 2037 2158 2038 
3 2157 2158 2037 
3 2036 2157 2037 
3 2156 2157 2036 
3 2035 2156 2036 
3 2155 2156 2035 
3 2034 2155 2035 
3 2154 2155 2034 
3 2033 2154 2034 
3 2153 2154 2033 
3 2032 2153 2033 
3 2152 2153 2032 
3 2031 2152 2032 
3 2151 2152 2031 
3 2030 2151 2031 
3 2150 2151 2030 
3 2029 2150 2030 
3 2149 2150 2029 
3 2028 2149 2029 
3 2148 2149 2028 
3 2027 2148 2028 
3 2147 2148 2027 
3 2026 2147 2027 
3 2146 2147 2026 
3 2025 2146 2026 
3 2145 2146 2025 
3 2024 2145 2025 
3 2144 2145 2024 
3 2023 2144 2024 
3 2143 2144 2023 
3 2022 2143 2023 
3 2142 2143 2022 
3 2021 2142 2022 
3 2141 2142 2021 
3 2020 2141 2021 
3 2140 2141 2020 
3 2019 2140 2020 
3 2139 2140 2019 
3 2018 2139 2019 
3 2138 2139 2018 
3 2017 2138 2018 
3 2137 2138 2017 
3 2016 2137 2017 
3 2136 2137 2016 
3 2015 2136 2016 
3 2135 2136 2015 
3 2014 2135 2015 
3 2134 2135 2014 
3 2013 2134 2014 
3 2133 2134 2013 
3 2012 2133 2013 
3 2132 2133 2012 
3 2011 2132 2012 
3 2131 2132 2011 
3 2010 2131 2011 
3 2130 2131 2010 
3 2009 2130 2010 
3 2129 2130 2009 
3 2008 2129 2009 
3 2128 2129 2008 
3 2007 2128 2008 
3 2127 2128 2007 
3 2006 2127 2007 
3 2126 2127 2006 
3 2005 2126 2006 
3 2125 2126 2005 
3 2004 2125 2005 
3 2124 2125 2004 
3 2003 2124 2004 
3 2123 2124 2003 
3 2002 2123 2003 
3 2122 2123 2002 
3 2001 2122 2002 
3 2121 2122 2001 
3 2000 2121 2001 
3 2120 2121 2000 
3 1999 2120 2000 
3 2119 2120 1999 
3 1998 2119 1999 
3 2118 2119 1998 
3 1997 2118 1998 
3 2117 2118 1997 
3 1996 2117 1997 
3 2116 2117 1996 
3 1995 2116 1996 
3 2115 2116 1995 
3 1994 2115 1995 
3 2114 2115 1994 
3 1993 2114 1994 
3 2113 2114 1993 
3 1992 2113 1993 
3 2112 2113 1992 
3 1991 2112 1992 
3 2111 2112 1991 
3 1990 2111 1991 
3 2110 2111 1990 
3 1989 2110 1990 
3 2109 2110 1989 
3 1988 2109 1989 
3 2108 2109 1988 
3 1987 2108 1988 
3 2107 2108 1987 
3 1986 2107 1987 
3 2106 2107 1986 
3 1985 2106 1986 
3 2105 2106 1985 
3 1984 2105 1985 
3 2104 2105 1984 
3 1983 2104 1984 
3 2103 2104 1983 
3 1982 2103 1983 
3 2102 2103 1982 
3 1981 2102 1982 
3 2101 2102 1981 
3 1980 2101 1981 
3 2100 2101 1980 
3 1979 2100 1980 
3 2099 2100 1979 
3 1978 2099 1979 
3 2098 2099 1978 
3 1977 2098 1978 
3 2097 2098 1977 
3 1976 2097 1977 
3 2096 2097 1976 
3 1975 2096 1976 
3 2095 2096 1975 
3 1974 2095 1975 
3 2094 2095 1974 
3 1973 2094 1974 
3 2093 2094 1973 
3 1972 2093 1973 
3 2092 2093 1972 
3 1971 2092 1972 
3 2091 2092 1971 
3 1970 2091 1971 
3 2090 2091 1970 
3 1969 2090 1970 
3 2089 2090 1969 
3 1968 2089 1969 
3 2088 2089 1968 
3 1967 2088 1968 
3 2087 2088 1967 
3 1966 2087 1967 
3 2086 2087 1966 
3 1965 2086 1966 
3 2085 2086 1965 
3 1964 2085 1965 
3 2084 2085 1964 
3 1963 2084 1964 
3 2083 2084 1963 
3 1962 2083 1963 
3 2082 2083 1962 
3 1961 2082 1962 
3 2081 2082 1961 
3 1960 2081 1961 
3 2080 2081 1960 
3 1959 2080 1960 
3 2079 2080 1959 
3 1958 2079 1959 
3 2078 2079 1958 
3 1957 2078 1958 
3 2077 2078 1957 
3 1956 2077 1957 
3 2076 2077 1956 
3 1955 2076 1956 
3 2075 2076 1955 
3 1954 2075 1955 
3 2074 2075 1954 
3 1953 2074 1954 
3 2073 2074 1953 
3 1952 2073 1953 
3 2072 2073 1952 
3 1951 2072 1952 
3 2071 2072 1951 
3 1950 2071 1951 
3 2070 2071 1950 
3 1949 2070 1950 
3 2069 2070 1949 
3 1948 2069 1949 
3 2068 2069 1948 
3 1947 2068 1948 
3 2067 2068 1947 
3 1946 2067 1947 
3 2066 2067 1946 
3 1945 2066 1946 
3 2065 2066 1945 
3 1944 2065 1945 
3 2064 2065 1944 
3 1943 2064 1944 
3 2063 2064 1943 
3 1942 2063 1943 
3 2062 2063 1942 
3 2063 2062 2183 
3 2182 2183 2062 
3 2061 2182 2062 
3 2181 2182 2061 
3 2060 2181 2061 
3 2180 2181 2060 
3 2059 2180 2060 
3 2179 2180 2059 
3 2058 2179 2059 
3 2178 2179 2058 
3 2057 2178 2058 
3 2177 2178 2057 
3 2056 2177 2057 
3 2176 2177 2056 
3 2055 2176 2056 
3 2175 2176 2055 
3 2054 2175 2055 
3 2174 2175 2054 
3 2053 2174 2054 
3 2173 2174 2053 
3 2052 2173 2053 
3 2172 2173 2052 
3 2051 2172 2052 
3 2171 2172 2051 
3 2050 2171 2051 
3 2170 2171 2050 
3 2049 2170 2050 
3 2169 2170 2049 
3 2048 2169 2049 
3 2168 2169 2048 
3 2047 2168 2048 
3 2167 2168 2047 
3 2046 2167 2047 
3 2166 2167 2046 
3 2045 2166 2046 
3 2165 2166 2045 
3 2044 2165 2045 
3 2164 2165 2044 
3 2043 2164 2044 
3 2163 2164 2043 
3 2042 2163 2043 
3 2162 2163 2042 
3 2041 2162 2042 
3 2161 2162 2041 
3 2040 2161 2041 
3 2160 2161 2040 
3 2128 2249 2129 
3 2248 2249 2128 
3 2127 2248 2128 
3 2247 2248 2127 
3 2126 2247 2127 
3 2246 2247 2126 
3 2125 2246 2126 
3 2245 2246 2125 
3 2124 2245 2125 
3 2244 2245 2124 
3 2123 2244 2124 
3 2243 2244 2123 
3 2122 2243 2123 
3 2242 2243 2122 
3 2121 2242 2122 
3 2241 2242 2121 
3 2120 2241 2121 
3 2240 2241 2120 
3 2119 2240 2120 
3 2239 2240 2119 
3 2118 2239 2119 
3 2238 2239 2118 
3 2117 2238 2118 
3 2237 2238 2117 
3 2116 2237 2117 
3 2236 2237 2116 
3 2115 2236 2116 
3 2235 2236 2115 
3 2114 2235 2115 
3 2234 2235 2114 
3 2113 2234 2114 
3 2233 2234 2113 
3 2112 2233 2113 
3 2232 2233 2112 
3 2111 2232 2112 
3 2231 2232 2111 
3 2110 2231 2111 
3 2230 2231 2110 
3 2109 2230 2110 
3 2229 2230 2109 
3 2108 2229 2109 
3 2228 2229 2108 
3 2107 2228 2108 
3 2227 2228 2107 
3 2106 2227 2107 
3 2226 2227 2106 
3 2105 2226 2106 
3 2225 2226 2105 
3 2104 2225 2105 
3 2224 2225 2104 
3 2103 2224 2104 
3 2223 2224 2103 
3 2102 2223 2103 
3 2222 2223 2102 
3 2101 2222 2102 
3 2221 2222 2101 
3 2100 2221 2101 
3 2220 2221 2100 
3 2099 2220 2100 
3 2219 2220 2099 
3 2098 2219 2099 
3 2218 2219 2098 
3 2097 2218 2098 
3 2217 2218 2097 
3 2096 2217 2097 
3 2216 2217 2096 
3 2095 2216 2096 
3 2215 2216 2095 
3 2094 2215 2095 
3 2214 2215 2094 
3 2093 2214 2094 
3 2213 2214 2093 
3 2092 2213 2093 
3 2212 2213 2092 
3 2091 2212 2092 
3 2211 2212 2091 
3 2090 2211 2091 
3 2210 2211 2090 
3 2089 2210 2090 
3 2209 2210 2089 
3 2088 2209 2089 
3 2208 2209 2088 
3 2087 2208 2088 
3 2207 2208 2087 
3 2086 2207 2087 
3 2206 2207 2086 
3 2085 2206 2086 
3 2205 2206 2085 
3 2084 2205 2085 
3 2204 2205 2084 
3 2083 2204 2084 
3 2203 2204 2083 
3 2082 2203 2083 
3 2202 2203 2082 
3 2081 2202 2082 
3 2201 2202 2081 
3 2080 2201 2081 
3 2200 2201 2080 
3 2079 2200 2080 
3 2199 2200 2079 
3 2078 2199 2079 
3 2198 2199 2078 
3 2077 2198 2078 
3 2197 2198 2077 
3 2076 2197 2077 
3 2196 2197 2076 
3 2075 2196 2076 
3 2195 2196 2075 
3 2074 2195 2075 
3 2194 2195 2074 
3 2073 2194 2074 
3 2193 2194 2073 
3 2072 2193 2073 
3 2192 2193 2072 
3 2071 2192 2072 
3 2191 2192 2071 
3 2070 2191 2071 
3 2190 2191 2070 
3 2069 2190 2070 
3 2189 2190 2069 
3 2068 2189 2069 
3 2188 2189 2068 
3 2067 2188 2068 
3 2187 2188 2067 
3 2066 2187 2067 
3 2186 2187 2066 
3 2065 2186 2066 
3 2185 2186 2065 
3 2064 2185 2065 
3 2184 2185 2064 
3 2063 2184 2064 
3 2183 2184 2063 
3 1918 2039 1919 
3 2038 2039 1918 
3 1917 2038 1918 
3 2037 2038 1917 
3 1916 2037 1917 
3 2036 2037 1916 
3 1915 2036 1916 
3 2035 2036 1915 
3 1914 2035 1915 
3 2034 2035 1914 
3 1913 2034 1914 
3 2033 2034 1913 
3 1912 2033 1913 
3 2032 2033 1912 
3 1911 2032 1912 
3 2031 2032 1911 
3 1910 2031 1911 
3 2030 2031 1910 
3 1909 2030 1910 
3 2029 2030 1909 
3 1908 2029 1909 
3 2028 2029 1908 
3 1907 2028 1908 
3 2027 2028 1907 
3 1906 2027 1907 
3 2026 2027 1906 
3 1905 2026 1906 
3 2025 2026 1905 
3 1904 2025 1905 
3 2024 2025 1904 
3 1903 2024 1904 
3 2023 2024 1903 
3 1902 2023 1903 
3 2022 2023 1902 
3 1901 2022 1902 
3 2021 2022 1901 
3 1900 2021 1901 
3 2020 2021 1900 
3 1899 2020 1900 
3 2019 2020 1899 
3 1898 2019 1899 
3 2018 2019 1898 
3 1897 2018 1898 
3 2017 2018 1897 
3 1896 2017 1897 
3 2016 2017 1896 
3 1895 2016 1896 
3 2015 2016 1895 
3 1894 2015 1895 
3 2014 2015 1894 
3 1893 2014 1894 
3 2013 2014 1893 
3 1892 2013 1893 
3 2012 2013 1892 
3 1891 2012 1892 
3 2011 2012 1891 
3 1890 2011 1891 
3 2010 2011 1890 
3 1889 2010 1890 
3 2009 2010 1889 
3 1888 2009 1889 
3 2008 2009 1888 
3 1887 2008 1888 
3 2007 2008 1887 
3 1886 2007 1887 
3 2006 2007 1886 
3 1885 2006 1886 
3 2005 2006 1885 
3 1884 2005 1885 
3 2004 2005 1884 
3 1883 2004 1884 
3 2003 2004 1883 
3 1882 2003 1883 
3 2002 2003 1882 
3 1881 2002 1882 
3 2001 2002 1881 
3 1880 2001 1881 
3 2000 2001 1880 
3 1879 2000 1880 
3 1999 2000 1879 
3 1878 1999 1879 
3 1998 1999 1878 
3 1877 1998 1878 
3 1997 1998 1877 
3 1876 1997 1877 
3 1996 1997 1876 
3 1875 1996 1876 
3 1995 1996 1875 
3 1941 2062 1942 
3 2061 2062 1941 
3 1940 2061 1941 
3 2060 2061 1940 
3 1939 2060 1940 
3 2059 2060 1939 
3 1938 2059 1939 
3 2058 2059 1938 
3 1937 2058 1938 
3 2057 2058 1937 
3 1936 2057 1937 
3 2056 2057 1936 
3 1935 2056 1936 
3 2055 2056 1935 
3 1934 2055 1935 
3 2054 2055 1934 
3 1933 2054 1934 
3 2053 2054 1933 
3 1932 2053 1933 
3 2052 2053 1932 
3 1931 2052 1932 
3 2051 2052 1931 
3 1930 2051 1931 
3 2050 2051 1930 
3 1929 2050 1930 
3 2049 2050 1929 
3 1928 2049 1929 
3 2048 2049 1928 
3 1927 2048 1928 
3 2047 2048 1927 
3 1926 2047 1927 
3 2046 2047 1926 
3 1925 2046 1926 
3 2045 2046 1925 
3 1924 2045 1925 
3 2044 2045 1924 
3 1923 2044 1924 
3 2043 2044 1923 
3 1922 2043 1923 
3 2042 2043 1922 
3 1921 2042 1922 
3 2041 2042 1921 
3 1920 2041 1921 
3 2040 2041 1920 
3 1678 1799 1679 
3 1798 1799 1678 
3 1677 1798 1678 
3 1797 1798 1677 
3 1676 1797 1677 
3 1796 1797 1676 
3 1675 1796 1676 
3 1795 1796 1675 
3 1674 1795 1675 
3 1794 1795 1674 
3 1673 1794 1674 
3 1793 1794 1673 
3 1672 1793 1673 
3 1792 1793 1672 
3 1671 1792 1672 
3 1791 1792 1671 
3 1670 1791 1671 
3 1790 1791 1670 
3 1669 1790 1670 
3 1789 1790 1669 
3 1668 1789 1669 
3 1788 1789 1668 
3 1667 1788 1668 
3 1787 1788 1667 
3 1666 1787 1667 
3 1786 1787 1666 
3 1665 1786 1666 
3 1785 1786 1665 
3 1664 1785 1665 
3 1784 1785 1664 
3 1663 1784 1664 
3 1783 1784 1663 
3 1662 1783 1663 
3 1782 1783 1662 
3 1661 1782 1662 
3 1781 1782 1661 
3 1660 1781 1661 
3 1780 1781 1660 
3 1659 1780 1660 
3 1779 1780 1659 
3 1658 1779 1659 
3 1778 1779 1658 
3 1657 1778 1658 
3 1777 1778 1657 
3 1656 1777 1657 
3 1776 1777 1656 
3 1655 1776 1656 
3 1775 1776 1655 
3 1654 1775 1655 
3 1774 1775 1654 
3 1653 1774 1654 
3 1773 1774 1653 
3 1652 1773 1653 
3 1772 1773 1652 
3 1651 1772 1652 
3 1771 1772 1651 
3 1650 1771 1651 
3 1770 1771 1650 
3 1649 1770 1650 
3 1769 1770 1649 
3 1648 1769 1649 
3 1768 1769 1648 
3 1647 1768 1648 
3 1767 1768 1647 
3 1646 1767 1647 
3 1766 1767 1646 
3 1645 1766 1646 
3 1765 1766 1645 
3 1644 1765 1645 
3 1764 1765 1644 
3 1643 1764 1644 
3 1763 1764 1643 
3 1642 1763 1643 
3 1762 1763 1642 
3 1641 1762 1642 
3 1761 1762 1641 
3 1640 1761 1641 
3 1760 1761 1640 
3 1639 1760 1640 
3 1759 1760 1639 
3 1638 1759 1639 
3 1758 1759 1638 
3 1637 1758 1638 
3 1757 1758 1637 
3 1636 1757 1637 
3 1756 1757 1636 
3 1635 1756 1636 
3 1755 1756 1635 
3 1634 1755 1635 
3 1754 1755 1634 
3 1633 1754 1634 
3 1753 1754 1633 
3 1632 1753 1633 
3 1752 1753 1632 
3 1631 1752 1632 
3 1751 1752 1631 
3 1630 1751 1631 
3 1750 1751 1630 
3 1629 1750 1630 
3 1749 1750 1629 
3 1628 1749 1629 
3 1748 1749 1628 
3 1627 1748 1628 
3 1747 1748 1627 
3 1626 1747 1627 
3 1746 1747 1626 
3 1625 1746 1626 
3 1745 1746 1625 
3 1624 1745 1625 
3 1744 1745 1624 
3 1623 1744 1624 
3 1743 1744 1623 
3 1622 1743 1623 
3 1742 1743 1622 
3 1621 1742 1622 
3 1741 1742 1621 
3 1620 1741 1621 
3 1740 1741 1620 
3 1619 1740 1620 
3 1739 1740 1619 
3 1618 1739 1619 
3 1738 1739 1618 
3 1617 1738 1618 
3 1737 1738 1617 
3 1616 1737 1617 
3 1736 1737 1616 
3 1615 1736 1616 
3 1735 1736 1615 
3 1614 1735 1615 
3 1734 1735 1614 
3 1613 1734 1614 
3 1733 1734 1613 
3 1612 1733 1613 
3 1732 1733 1612 
3 1611 1732 1612 
3 1731 1732 1611 
3 1610 1731 1611 
3 1730 1731 1610 
3 1609 1730 1610 
3 1729 1730 1609 
3 1608 1729 1609 
3 1728 1729 1608 
3 1607 1728 1608 
3 1727 1728 1607 
3 1606 1727 1607 
3 1726 1727 1606 
3 1605 1726 1606 
3 1725 1726 1605 
3 1604 1725 1605 
3 1724 1725 1604 
3 1603 1724 1604 
3 1723 1724 1603 
3 1602 1723 1603 
3 1722 1723 1602 
3 1601 1722 1602 
3 1721 1722 1601 
3 1600 1721 1601 
3 1720 1721 1600 
3 1599 1720 1600 
3 1719 1720 1599 
3 1598 1719 1599 
3 1718 1719 1598 
3 1597 1718 1598 
3 1717 1718 1597 
3 1596 1717 1597 
3 1716 1717 1596 
3 1595 1716 1596 
3 1715 1716 1595 
3 1594 1715 1595 
3 1714 1715 1594 
3 1593 1714 1594 
3 1713 1714 1593 
3 1592 1713 1593 
3 1712 1713 1592 
3 1591 1712 1592 
3 1711 1712 1591 
3 1590 1711 1591 
3 1710 1711 1590 
3 1589 1710 1590 
3 1709 1710 1589 
3 1588 1709 1589 
3 1708 1709 1588 
3 1587 1708 1588 
3 1707 1708 1587 
3 1586 1707 1587 
3 1706 1707 1586 
3 1585 1706 1586 
3 1705 1706 1585 
3 1584 1705 1585 
3 1704 1705 1584 
3 1583 1704 1584 
3 1703 1704 1583 
3 1582 1703 1583 
3 1702 1703 1582 
3 1581 1702 1582 
3 1701 1702 1581 
3 1580 1701 1581 
3 1700 1701 1580 
3 1579 1700 1580 
3 1699 1700 1579 
3 1578 1699 1579 
3 1698 1699 1578 
3 1577 1698 1578 
3 1697 1698 1577 
3 1576 1697 1577 
3 1696 1697 1576 
3 1575 1696 1576 
3 1695 1696 1575 
3 1574 1695 1575 
3 1694 1695 1574 
3 1573 1694 1574 
3 1693 1694 1573 
3 1572 1693 1573 
3 1692 1693 1572 
3 1571 1692 1572 
3 1691 1692 1571 
3 1570 1691 1571 
3 1690 1691 1570 
3 1569 1690 1570 
3 1689 1690 1569 
3 1568 1689 1569 
3 1688 1689 1568 
3 1567 1688 1568 
3 1687 1688 1567 
3 1688 1687 1808 
3 1807 1808 1687 
3 1686 1807 1687 
3 1806 1807 1686 
3 1685 1806 1686 
3 1805 1806 1685 
3 1684 1805 1685 
3 1804 1805 1684 
3 1683 1804 1684 
3 1803 1804 1683 
3 1682 1803 1683 
3 1802 1803 1682 
3 1681 1802 1682 
3 1801 1802 1681 
3 1680 1801 1681 
3 1800 1801 1680 
3 1753 1874 1754 
3 1873 1874 1753 
3 1752 1873 1753 
3 1872 1873 1752 
3 1751 1872 1752 
3 1871 1872 1751 
3 1750 1871 1751 
3 1870 1871 1750 
3 1749 1870 1750 
3 1869 1870 1749 
3 1748 1869 1749 
3 1868 1869 1748 
3 1747 1868 1748 
3 1867 1868 1747 
3 1746 1867 1747 
3 1866 1867 1746 
3 1745 1866 1746 
3 1865 1866 1745 
3 1744 1865 1745 
3 1864 1865 1744 
3 1743 1864 1744 
3 1863 1864 1743 
3 1742 1863 1743 
3 1862 1863 1742 
3 1741 1862 1742 
3 1861 1862 1741 
3 1740 1861 1741 
3 1860 1861 1740 
3 1739 1860 1740 
3 1859 1860 1739 
3 1738 1859 1739 
3 1858 1859 1738 
3 1737 1858 1738 
3 1857 1858 1737 
3 1736 1857 1737 
3 1856 1857 1736 
3 1735 1856 1736 
3 1855 1856 1735 
3 1734 1855 1735 
3 1854 1855 1734 
3 1733 1854 1734 
3 1853 1854 1733 
3 1732 1853 1733 
3 1852 1853 1732 
3 1731 1852 1732 
3 1851 1852 1731 
3 1730 1851 1731 
3 1850 1851 1730 
3 1729 1850 1730 
3 1849 1850 1729 
3 1728 1849 1729 
3 1848 1849 1728 
3 1727 1848 1728 
3 1847 1848 1727 
3 1726 1847 1727 
3 1846 1847 1726 
3 1725 1846 1726 
3 1845 1846 1725 
3 1724 1845 1725 
3 1844 1845 1724 
3 1723 1844 1724 
3 1843 1844 1723 
3 1722 1843 1723 
3 1842 1843 1722 
3 1721 1842 1722 
3 1841 1842 1721 
3 1720 1841 1721 
3 1840 1841 1720 
3 1719 1840 1720 
3 1839 1840 1719 
3 1718 1839 1719 
3 1838 1839 1718 
3 1717 1838 1718 
3 1837 1838 1717 
3 1716 1837 1717 
3 1836 1837 1716 
3 1715 1836 1716 
3 1835 1836 1715 
3 1714 1835 1715 
3 1834 1835 1714 
3 1713 1834 1714 
3 1833 1834 1713 
3 1712 1833 1713 
3 1832 1833 1712 
3 1711 1832 1712 
3 1831 1832 1711 
3 1710 1831 1711 
3 1830 1831 1710 
3 1709 1830 1710 
3 1829 1830 1709 
3 1708 1829 1709 
3 1828 1829 1708 
3 1707 1828 1708 
3 1827 1828 1707 
3 1706 1827 1707 
3 1826 1827 1706 
3 1705 1826 1706 
3 1825 1826 1705 
3 1704 1825 1705 
3 1824 1825 1704 
3 1703 1824 1704 
3 1823 1824 1703 
3 1702 1823 1703 
3 1822 1823 1702 
3 1701 1822 1702 
3 1821 1822 1701 
3 1700 1821 1701 
3 1820 1821 1700 
3 1699 1820 1700 
3 1819 1820 1699 
3 1698 1819 1699 
3 1818 1819 1698 
3 1697 1818 1698 
3 1817 1818 1697 
3 1696 1817 1697 
3 1816 1817 1696 
3 1695 1816 1696 
3 1815 1816 1695 
3 1694 1815 1695 
3 1814 1815 1694 
3 1693 1814 1694 
3 1813 1814 1693 
3 1692 1813 1693 
3 1812 1813 1692 
3 1691 1812 1692 
3 1811 1812 1691 
3 1690 1811 1691 
3 1810 1811 1690 
3 1689 1810 1690 
3 1809 1810 1689 
3 1688 1809 1689 
3 1808 1809 1688 
3 1558 1679 1559 
3 1678 1679 1558 
3 1557 1678 1558 
3 1677 1678 1557 
3 1556 1677 1557 
3 1676 1677 1556 
3 1555 1676 1556 
3 1675 1676 1555 
3 1554 1675 1555 
3 1674 1675 1554 
3 1553 1674 1554 
3 1673 1674 1553 
3 1552 1673 1553 
3 1672 1673 1552 
3 1551 1672 1552 
3 1671 1672 1551 
3 1550 1671 1551 
3 1670 1671 1550 
3 1549 1670 1550 
3 1669 1670 1549 
3 1548 1669 1549 
3 1668 1669 1548 
3 1547 1668 1548 
3 1667 1668 1547 
3 1546 1667 1547 
3 1666 1667 1546 
3 1545 1666 1546 
3 1665 1666 1545 
3 1544 1665 1545 
3 1664 1665 1544 
3 1543 1664 1544 
3 1663 1664 1543 
3 1542 1663 1543 
3 1662 1663 1542 
3 1541 1662 1542 
3 1661 1662 1541 
3 1540 1661 1541 
3 1660 1661 1540 
3 1539 1660 1540 
3 1659 1660 1539 
3 1538 1659 1539 
3 1658 1659 1538 
3 1537 1658 1538 
3 1657 1658 1537 
3 1536 1657 1537 
3 1656 1657 1536 
3 1535 1656 1536 
3 1655 1656 1535 
3 1534 1655 1535 
3 1654 1655 1534 
3 1533 1654 1534 
3 1653 1654 1533 
3 1532 1653 1533 
3 1652 1653 1532 
3 1531 1652 1532 
3 1651 1652 1531 
3 1530 1651 1531 
3 1650 1651 1530 
3 1529 1650 1530 
3 1649 1650 1529 
3 1528 1649 1529 
3 1648 1649 1528 
3 1527 1648 1528 
3 1647 1648 1527 
3 1526 1647 1527 
3 1646 1647 1526 
3 1525 1646 1526 
3 1645 1646 1525 
3 1524 1645 1525 
3 1644 1645 1524 
3 1523 1644 1524 
3 1643 1644 1523 
3 1522 1643 1523 
3 1642 1643 1522 
3 1521 1642 1522 
3 1641 1642 1521 
3 1520 1641 1521 
3 1640 1641 1520 
3 1519 1640 1520 
3 1639 1640 1519 
3 1518 1639 1519 
3 1638 1639 1518 
3 1517 1638 1518 
3 1637 1638 1517 
3 1516 1637 1517 
3 1636 1637 1516 
3 1515 1636 1516 
3 1635 1636 1515 
3 1514 1635 1515 
3 1634 1635 1514 
3 1513 1634 1514 
3 1633 1634 1513 
3 1512 1633 1513 
3 1632 1633 1512 
3 1511 1632 1512 
3 1631 1632 1511 
3 1510 1631 1511 
3 1630 1631 1510 
3 1509 1630 1510 
3 1629 1630 1509 
3 1508 1629 1509 
3 1628 1629 1508 
3 1507 1628 1508 
3 1627 1628 1507 
3 1506 1627 1507 
3 1626 1627 1506 
3 1505 1626 1506 
3 1625 1626 1505 
3 1504 1625 1505 
3 1624 1625 1504 
3 1503 1624 1504 
3 1623 1624 1503 
3 1502 1623 1503 
3 1622 1623 1502 
3 1501 1622 1502 
3 1621 1622 1501 
3 1500 1621 1501 
3 1620 1621 1500 
3 1566 1687 1567 
3 1686 1687 1566 
3 1565 1686 1566 
3 1685 1686 1565 
3 1564 1685 1565 
3 1684 1685 1564 
3 1563 1684 1564 
3 1683 1684 1563 
3 1562 1683 1563 
3 1682 1683 1562 
3 1561 1682 1562 
3 1681 1682 1561 
3 1560 1681 1561 
3 1680 1681 1560 
3 718 839 719 
3 838 839 718 
3 717 838 718 
3 837 838 717 
3 716 837 717 
3 836 837 716 
3 715 836 716 
3 835 836 715 
3 714 835 715 
3 834 835 714 
3 713 834 714 
3 833 834 713 
3 712 833 713 
3 832 833 712 
3 711 832 712 
3 831 832 711 
3 710 831 711 
3 830 831 710 
3 709 830 710 
3 829 830 709 
3 708 829 709 
3 828 829 708 
3 707 828 708 
3 827 828 707 
3 706 827 707 
3 826 827 706 
3 705 826 706 
3 825 826 705 
3 704 825 705 
3 824 825 704 
3 703 824 704 
3 823 824 703 
3 702 823 703 
3 822 823 702 
3 701 822 702 
3 821 822 701 
3 700 821 701 
3 820 821 700 
3 699 820 700 
3 819 820 699 
3 698 819 699 
3 818 819 698 
3 697 818 698 
3 817 818 697 
3 696 817 697 
3 816 817 696 
3 695 816 696 
3 815 816 695 
3 694 815 695 
3 814 815 694 
3 693 814 694 
3 813 814 693 
3 692 813 693 
3 812 813 692 
3 691 812 692 
3 811 812 691 
3 690 811 691 
3 810 811 690 
3 689 810 690 
3 809 810 689 
3 688 809 689 
3 808 809 688 
3 687 808 688 
3 807 808 687 
3 686 807 687 
3 806 807 686 
3 685 806 686 
3 805 806 685 
3 684 805 685 
3 804 805 684 
3 683 804 684 
3 803 804 683 
3 682 803 683 
3 802 803 682 
3 681 802 682 
3 801 802 681 
3 680 801 681 
3 800 801 680 
3 679 800 680 
3 799 800 679 
3 678 799 679 
3 798 799 678 
3 677 798 678 
3 797 798 677 
3 676 797 677 
3 796 797 676 
3 675 796 676 
3 795 796 675 
3 674 795 675 
3 794 795 674 
3 673 794 674 
3 793 794 673 
3 672 793 673 
3 792 793 672 
3 671 792 672 
3 791 792 671 
3 670 791 671 
3 790 791 670 
3 669 790 670 
3 789 790 669 
3 668 789 669 
3 788 789 668 
3 667 788 668 
3 787 788 667 
3 666 787 667 
3 786 787 666 
3 665 786 666 
3 785 786 665 
3 664 785 665 
3 784 785 664 
3 663 784 664 
3 783 784 663 
3 662 783 663 
3 782 783 662 
3 661 782 662 
3 781 782 661 
3 660 781 661 
3 780 781 660 
3 659 780 660 
3 779 780 659 
3 658 779 659 
3 778 779 658 
3 657 778 658 
3 777 778 657 
3 656 777 657 
3 776 777 656 
3 655 776 656 
3 775 776 655 
3 654 775 655 
3 774 775 654 
3 653 774 654 
3 773 774 653 
3 652 773 653 
3 772 773 652 
3 651 772 652 
3 771 772 651 
3 650 771 651 
3 770 771 650 
3 649 770 650 
3 769 770 649 
3 648 769 649 
3 768 769 648 
3 647 768 648 
3 767 768 647 
3 646 767 647 
3 766 767 646 
3 645 766 646 
3 765 766 645 
3 644 765 645 
3 764 765 644 
3 643 764 644 
3 763 764 643 
3 642 763 643 
3 762 763 642 
3 641 762 642 
3 761 762 641 
3 640 761 641 
3 760 761 640 
3 639 760 640 
3 759 760 639 
3 638 759 639 
3 758 759 638 
3 637 758 638 
3 757 758 637 
3 636 757 637 
3 756 757 636 
3 635 756 636 
3 755 756 635 
3 634 755 635 
3 754 755 634 
3 633 754 634 
3 753 754 633 
3 632 753 633 
3 752 753 632 
3 631 752 632 
3 751 752 631 
3 630 751 631 
3 750 751 630 
3 629 750 630 
3 749 750 629 
3 750 749 870 
3 869 870 749 
3 748 869 749 
3 868 869 748 
3 747 868 748 
3 867 868 747 
3 746 867 747 
3 866 867 746 
3 745 866 746 
3 865 866 745 
3 744 865 745 
3 864 865 744 
3 743 864 744 
3 863 864 743 
3 742 863 743 
3 862 863 742 
3 741 862 742 
3 861 862 741 
3 740 861 741 
3 860 861 740 
3 739 860 740 
3 859 860 739 
3 738 859 739 
3 858 859 738 
3 737 858 738 
3 857 858 737 
3 736 857 737 
3 856 857 736 
3 735 856 736 
3 855 856 735 
3 734 855 735 
3 854 855 734 
3 733 854 734 
3 853 854 733 
3 732 853 733 
3 852 853 732 
3 731 852 732 
3 851 852 731 
3 730 851 731 
3 850 851 730 
3 729 850 730 
3 849 850 729 
3 728 849 729 
3 848 849 728 
3 727 848 728 
3 847 848 727 
3 726 847 727 
3 846 847 726 
3 725 846 726 
3 845 846 725 
3 724 845 725 
3 844 845 724 
3 723 844 724 
3 843 844 723 
3 722 843 723 
3 842 843 722 
3 721 842 722 
3 841 842 721 
3 720 841 721 
3 840 841 720 
3 1078 1199 1079 
3 1198 1199 1078 
3 1077 1198 1078 
3 1197 1198 1077 
3 1076 1197 1077 
3 1196 1197 1076 
3 1075 1196 1076 
3 1195 1196 1075 
3 1074 1195 1075 
3 1194 1195 1074 
3 1073 1194 1074 
3 1193 1194 1073 
3 1072 1193 1073 
3 1192 1193 1072 
3 1071 1192 1072 
3 1191 1192 1071 
3 1070 1191 1071 
3 1190 1191 1070 
3 1069 1190 1070 
3 1189 1190 1069 
3 1068 1189 1069 
3 1188 1189 1068 
3 1067 1188 1068 
3 1187 1188 1067 
3 1066 1187 1067 
3 1186 1187 1066 
3 1065 1186 1066 
3 1185 1186 1065 
3 1064 1185 1065 
3 1184 1185 1064 
3 1063 1184 1064 
3 1183 1184 1063 
3 1062 1183 1063 
3 1182 1183 1062 
3 1061 1182 1062 
3 1181 1182 1061 
3 1060 1181 1061 
3 1180 1181 1060 
3 1059 1180 1060 
3 1179 1180 1059 
3 1058 1179 1059 
3 1178 1179 1058 
3 1057 1178 1058 
3 1177 1178 1057 
3 1056 1177 1057 
3 1176 1177 1056 
3 1055 1176 1056 
3 1175 1176 1055 
3 1054 1175 1055 
3 1174 1175 1054 
3 1053 1174 1054 
3 1173 1174 1053 
3 1052 1173 1053 
3 1172 1173 1052 
3 1051 1172 1052 
3 1171 1172 1051 
3 1050 1171 1051 
3 1170 1171 1050 
3 1049 1170 1050 
3 1169 1170 1049 
3 1048 1169 1049 
3 1168 1169 1048 
3 1047 1168 1048 
3 1167 1168 1047 
3 1046 1167 1047 
3 1166 1167 1046 
3 1045 1166 1046 
3 1165 1166 1045 
3 1044 1165 1045 
3 1164 1165 1044 
3 1043 1164 1044 
3 1163 1164 1043 
3 1042 1163 1043 
3 1162 1163 1042 
3 1041 1162 1042 
3 1161 1162 1041 
3 1040 1161 1041 
3 1160 1161 1040 
3 1039 1160 1040 
3 1159 1160 1039 
3 1038 1159 1039 
3 1158 1159 1038 
3 1037 1158 1038 
3 1157 1158 1037 
3 1036 1157 1037 
3 1156 1157 1036 
3 1035 1156 1036 
3 1155 1156 1035 
3 1034 1155 1035 
3 1154 1155 1034 
3 1033 1154 1034 
3 1153 1154 1033 
3 1032 1153 1033 
3 1152 1153 1032 
3 1031 1152 1032 
3 1151 1152 1031 
3 1030 1151 1031 
3 1150 1151 1030 
3 1029 1150 1030 
3 1149 1150 1029 
3 1028 1149 1029 
3 1148 1149 1028 
3 1027 1148 1028 
3 1147 1148 1027 
3 1026 1147 1027 
3 1146 1147 1026 
3 1025 1146 1026 
3 1145 1146 1025 
3 1024 1145 1025 
3 1144 1145 1024 
3 1023 1144 1024 
3 1143 1144 1023 
3 1022 1143 1023 
3 1142 1143 1022 
3 1021 1142 1022 
3 1141 1142 1021 
3 1020 1141 1021 
3 1140 1141 1020 
3 1019 1140 1020 
3 1139 1140 1019 
3 1018 1139 1019 
3 1138 1139 1018 
3 1017 1138 1018 
3 1137 1138 1017 
3 1016 1137 1017 
3 1136 1137 1016 
3 1015 1136 1016 
3 1135 1136 1015 
3 1014 1135 1015 
3 1134 1135 1014 
3 1013 1134 1014 
3 1133 1134 1013 
3 1012 1133 1013 
3 1132 1133 1012 
3 1011 1132 1012 
3 1131 1132 1011 
3 1010 1131 1011 
3 1130 1131 1010 
3 1009 1130 1010 
3 1129 1130 1009 
3 1008 1129 1009 
3 1128 1129 1008 
3 1007 1128 1008 
3 1127 1128 1007 
3 1006 1127 1007 
3 1126 1127 1006 
3 1005 1126 1006 
3 1125 1126 1005 
3 1004 1125 1005 
3 1124 1125 1004 
3 1125 1124 1245 
3 1244 1245 1124 
3 1123 1244 1124 
3 1243 1244 1123 
3 1122 1243 1123 
3 1242 1243 1122 
3 1121 1242 1122 
3 1241 1242 1121 
3 1120 1241 1121 
3 1240 1241 1120 
3 1119 1240 1120 
3 1239 1240 1119 
3 1118 1239 1119 
3 1238 1239 1118 
3 1117 1238 1118 
3 1237 1238 1117 
3 1116 1237 1117 
3 1236 1237 1116 
3 1115 1236 1116 
3 1235 1236 1115 
3 1114 1235 1115 
3 1234 1235 1114 
3 1113 1234 1114 
3 1233 1234 1113 
3 1112 1233 1113 
3 1232 1233 1112 
3 1111 1232 1112 
3 1231 1232 1111 
3 1110 1231 1111 
3 1230 1231 1110 
3 1109 1230 1110 
3 1229 1230 1109 
3 1108 1229 1109 
3 1228 1229 1108 
3 1107 1228 1108 
3 1227 1228 1107 
3 1106 1227 1107 
3 1226 1227 1106 
3 1105 1226 1106 
3 1225 1226 1105 
3 1104 1225 1105 
3 1224 1225 1104 
3 1103 1224 1104 
3 1223 1224 1103 
3 1102 1223 1103 
3 1222 1223 1102 
3 1101 1222 1102 
3 1221 1222 1101 
3 1100 1221 1101 
3 1220 1221 1100 
3 1099 1220 1100 
3 1219 1220 1099 
3 1098 1219 1099 
3 1218 1219 1098 
3 1097 1218 1098 
3 1217 1218 1097 
3 1096 1217 1097 
3 1216 1217 1096 
3 1095 1216 1096 
3 1215 1216 1095 
3 1094 1215 1095 
3 1214 1215 1094 
3 1093 1214 1094 
3 1213 1214 1093 
3 1092 1213 1093 
3 1212 1213 1092 
3 1091 1212 1092 
3 1211 1212 1091 
3 1090 1211 1091 
3 1210 1211 1090 
3 1089 1210 1090 
3 1209 1210 1089 
3 1088 1209 1089 
3 1208 1209 1088 
3 1087 1208 1088 
3 1207 1208 1087 
3 1086 1207 1087 
3 1206 1207 1086 
3 1085 1206 1086 
3 1205 1206 1085 
3 1084 1205 1085 
3 1204 1205 1084 
3 1083 1204 1084 
3 1203 1204 1083 
3 1082 1203 1083 
3 1202 1203 1082 
3 1081 1202 1082 
3 1201 1202 1081 
3 1080 1201 1081 
3 1200 1201 1080 
3 1198 1319 1199 
3 1318 1319 1198 
3 1197 1318 1198 
3 1317 1318 1197 
3 1196 1317 1197 
3 1316 1317 1196 
3 1195 1316 1196 
3 1315 1316 1195 
3 1194 1315 1195 
3 1314 1315 1194 
3 1193 1314 1194 
3 1313 1314 1193 
3 1192 1313 1193 
3 1312 1313 1192 
3 1313 1312 1433 
3 1432 1433 1312 
3 1311 1432 1312 
3 1431 1432 1311 
3 1310 1431 1311 
3 1430 1431 1310 
3 1309 1430 1310 
3 1429 1430 1309 
3 1308 1429 1309 
3 1428 1429 1308 
3 1307 1428 1308 
3 1427 1428 1307 
3 1306 1427 1307 
3 1426 1427 1306 
3 1305 1426 1306 
3 1425 1426 1305 
3 1304 1425 1305 
3 1424 1425 1304 
3 1303 1424 1304 
3 1423 1424 1303 
3 1302 1423 1303 
3 1422 1423 1302 
3 1301 1422 1302 
3 1421 1422 1301 
3 1300 1421 1301 
3 1420 1421 1300 
3 1299 1420 1300 
3 1419 1420 1299 
3 1298 1419 1299 
3 1418 1419 1298 
3 1297 1418 1298 
3 1417 1418 1297 
3 1296 1417 1297 
3 1416 1417 1296 
3 1295 1416 1296 
3 1415 1416 1295 
3 1294 1415 1295 
3 1414 1415 1294 
3 1293 1414 1294 
3 1413 1414 1293 
3 1292 1413 1293 
3 1412 1413 1292 
3 1291 1412 1292 
3 1411 1412 1291 
3 1290 1411 1291 
3 1410 1411 1290 
3 1289 1410 1290 
3 1409 1410 1289 
3 1288 1409 1289 
3 1408 1409 1288 
3 1287 1408 1288 
3 1407 1408 1287 
3 1286 1407 1287 
3 1406 1407 1286 
3 1285 1406 1286 
3 1405 1406 1285 
3 1284 1405 1285 
3 1404 1405 1284 
3 1283 1404 1284 
3 1403 1404 1283 
3 1282 1403 1283 
3 1402 1403 1282 
3 1281 1402 1282 
3 1401 1402 1281 
3 1280 1401 1281 
3 1400 1401 1280 
3 1279 1400 1280 
3 1399 1400 1279 
3 1278 1399 1279 
3 1398 1399 1278 
3 1277 1398 1278 
3 1397 1398 1277 
3 1276 1397 1277 
3 1396 1397 1276 
3 1275 1396 1276 
3 1395 1396 1275 
3 1274 1395 1275 
3 1394 1395 1274 
3 1273 1394 1274 
3 1393 1394 1273 
3 1272 1393 1273 
3 1392 1393 1272 
3 1271 1392 1272 
3 1391 1392 1271 
3 1270 1391 1271 
3 1390 1391 1270 
3 1269 1390 1270 
3 1389 1390 1269 
3 1268 1389 1269 
3 1388 1389 1268 
3 1267 1388 1268 
3 1387 1388 1267 
3 1266 1387 1267 
3 1386 1387 1266 
3 1265 1386 1266 
3 1385 1386 1265 
3 1264 1385 1265 
3 1384 1385 1264 
3 1263 1384 1264 
3 1383 1384 1263 
3 1262 1383 1263 
3 1382 1383 1262 
3 1261 1382 1262 
3 1381 1382 1261 
3 1260 1381 1261 
3 1380 1381 1260 
3 1259 1380 1260 
3 1379 1380 1259 
3 1258 1379 1259 
3 1378 1379 1258 
3 1257 1378 1258 
3 1377 1378 1257 
3 1256 1377 1257 
3 1376 1377 1256 
3 1255 1376 1256 
3 1375 1376 1255 
3 1254 1375 1255 
3 1374 1375 1254 
3 1253 1374 1254 
3 1373 1374 1253 
3 1252 1373 1253 
3 1372 1373 1252 
3 1251 1372 1252 
3 1371 1372 1251 
3 1250 1371 1251 
3 1370 1371 1250 
3 1249 1370 1250 
3 1369 1370 1249 
3 1248 1369 1249 
3 1368 1369 1248 
3 1247 1368 1248 
3 1367 1368 1247 
3 1246 1367 1247 
3 1366 1367 1246 
3 1245 1366 1246 
3 1365 1366 1245 
3 1244 1365 1245 
3 1364 1365 1244 
3 1243 1364 1244 
3 1363 1364 1243 
3 1242 1363 1243 
3 1362 1363 1242 
3 1241 1362 1242 
3 1361 1362 1241 
3 1240 1361 1241 
3 1360 1361 1240 
3 1239 1360 1240 
3 1359 1360 1239 
3 1238 1359 1239 
3 1358 1359 1238 
3 1237 1358 1238 
3 1357 1358 1237 
3 1236 1357 1237 
3 1356 1357 1236 
3 1235 1356 1236 
3 1355 1356 1235 
3 1234 1355 1235 
3 1354 1355 1234 
3 1233 1354 1234 
3 1353 1354 1233 
3 1232 1353 1233 
3 1352 1353 1232 
3 1231 1352 1232 
3 1351 1352 1231 
3 1230 1351 1231 
3 1350 1351 1230 
3 1229 1350 1230 
3 1349 1350 1229 
3 1228 1349 1229 
3 1348 1349 1228 
3 1227 1348 1228 
3 1347 1348 1227 
3 1226 1347 1227 
3 1346 1347 1226 
3 1225 1346 1226 
3 1345 1346 1225 
3 1224 1345 1225 
3 1344 1345 1224 
3 1223 1344 1224 
3 1343 1344 1223 
3 1222 1343 1223 
3 1342 1343 1222 
3 1221 1342 1222 
3 1341 1342 1221 
3 1220 1341 1221 
3 1340 1341 1220 
3 1219 1340 1220 
3 1339 1340 1219 
3 1218 1339 1219 
3 1338 1339 1218 
3 1217 1338 1218 
3 1337 1338 1217 
3 1216 1337 1217 
3 1336 1337 1216 
3 1215 1336 1216 
3 1335 1336 1215 
3 1214 1335 1215 
3 1334 1335 1214 
3 1213 1334 1214 
3 1333 1334 1213 
3 1212 1333 1213 
3 1332 1333 1212 
3 1211 1332 1212 
3 1331 1332 1211 
3 1210 1331 1211 
3 1330 1331 1210 
3 1209 1330 1210 
3 1329 1330 1209 
3 1208 1329 1209 
3 1328 1329 1208 
3 1207 1328 1208 
3 1327 1328 1207 
3 1206 1327 1207 
3 1326 1327 1206 
3 1205 1326 1206 
3 1325 1326 1205 
3 1204 1325 1205 
3 1324 1325 1204 
3 1203 1324 1204 
3 1323 1324 1203 
3 1202 1323 1203 
3 1322 1323 1202 
3 1201 1322 1202 
3 1321 1322 1201 
3 1200 1321 1201 
3 1320 1321 1200 
3 1318 1439 1319 
3 1438 1439 1318 
3 1317 1438 1318 
3 1437 1438 1317 
3 1316 1437 1317 
3 1436 1437 1316 
3 1315 1436 1316 
3 1435 1436 1315 
3 1314 1435 1315 
3 1434 1435 1314 
3 1313 1434 1314 
3 1433 1434 1313 
3 1378 1499 1379 
3 1498 1499 1378 
3 1377 1498 1378 
3 1497 1498 1377 
3 1376 1497 1377 
3 1496 1497 1376 
3 1375 1496 1376 
3 1495 1496 1375 
3 1374 1495 1375 
3 1494 1495 1374 
3 1373 1494 1374 
3 1493 1494 1373 
3 1372 1493 1373 
3 1492 1493 1372 
3 1371 1492 1372 
3 1491 1492 1371 
3 1370 1491 1371 
3 1490 1491 1370 
3 1369 1490 1370 
3 1489 1490 1369 
3 1368 1489 1369 
3 1488 1489 1368 
3 1367 1488 1368 
3 1487 1488 1367 
3 1366 1487 1367 
3 1486 1487 1366 
3 1365 1486 1366 
3 1485 1486 1365 
3 1364 1485 1365 
3 1484 1485 1364 
3 1363 1484 1364 
3 1483 1484 1363 
3 1362 1483 1363 
3 1482 1483 1362 
3 1361 1482 1362 
3 1481 1482 1361 
3 1360 1481 1361 
3 1480 1481 1360 
3 1359 1480 1360 
3 1479 1480 1359 
3 1358 1479 1359 
3 1478 1479 1358 
3 1357 1478 1358 
3 1477 1478 1357 
3 1356 1477 1357 
3 1476 1477 1356 
3 1355 1476 1356 
3 1475 1476 1355 
3 1354 1475 1355 
3 1474 1475 1354 
3 1353 1474 1354 
3 1473 1474 1353 
3 1352 1473 1353 
3 1472 1473 1352 
3 1351 1472 1352 
3 1471 1472 1351 
3 1350 1471 1351 
3 1470 1471 1350 
3 1349 1470 1350 
3 1469 1470 1349 
3 1348 1469 1349 
3 1468 1469 1348 
3 1347 1468 1348 
3 1467 1468 1347 
3 1346 1467 1347 
3 1466 1467 1346 
3 1345 1466 1346 
3 1465 1466 1345 
3 1344 1465 1345 
3 1464 1465 1344 
3 1343 1464 1344 
3 1463 1464 1343 
3 1342 1463 1343 
3 1462 1463 1342 
3 1341 1462 1342 
3 1461 1462 1341 
3 1340 1461 1341 
3 1460 1461 1340 
3 1339 1460 1340 
3 1459 1460 1339 
3 1338 1459 1339 
3 1458 1459 1338 
3 1337 1458 1338 
3 1457 1458 1337 
3 1336 1457 1337 
3 1456 1457 1336 
3 1335 1456 1336 
3 1455 1456 1335 
3 1334 1455 1335 
3 1454 1455 1334 
3 1333 1454 1334 
3 1453 1454 1333 
3 1332 1453 1333 
3 1452 1453 1332 
3 1331 1452 1332 
3 1451 1452 1331 
3 1330 1451 1331 
3 1450 1451 1330 
3 1329 1450 1330 
3 1449 1450 1329 
3 1328 1449 1329 
3 1448 1449 1328 
3 1327 1448 1328 
3 1447 1448 1327 
3 1326 1447 1327 
3 1446 1447 1326 
3 1325 1446 1326 
3 1445 1446 1325 
3 1324 1445 1325 
3 1444 1445 1324 
3 1323 1444 1324 
3 1443 1444 1323 
3 1322 1443 1323 
3 1442 1443 1322 
3 1321 1442 1322 
3 1441 1442 1321 
3 1320 1441 1321 
3 1440 1441 1320 
3 1191 1312 1192 
3 1311 1312 1191 
3 1190 1311 1191 
3 1310 1311 1190 
3 1189 1310 1190 
3 1309 1310 1189 
3 1188 1309 1189 
3 1308 1309 1188 
3 1187 1308 1188 
3 1307 1308 1187 
3 1186 1307 1187 
3 1306 1307 1186 
3 1185 1306 1186 
3 1305 1306 1185 
3 1184 1305 1185 
3 1304 1305 1184 
3 1183 1304 1184 
3 1303 1304 1183 
3 1182 1303 1183 
3 1302 1303 1182 
3 1181 1302 1182 
3 1301 1302 1181 
3 1180 1301 1181 
3 1300 1301 1180 
3 1179 1300 1180 
3 1299 1300 1179 
3 1178 1299 1179 
3 1298 1299 1178 
3 1177 1298 1178 
3 1297 1298 1177 
3 1176 1297 1177 
3 1296 1297 1176 
3 1175 1296 1176 
3 1295 1296 1175 
3 1174 1295 1175 
3 1294 1295 1174 
3 1173 1294 1174 
3 1293 1294 1173 
3 1172 1293 1173 
3 1292 1293 1172 
3 1171 1292 1172 
3 1291 1292 1171 
3 1170 1291 1171 
3 1290 1291 1170 
3 1169 1290 1170 
3 1289 1290 1169 
3 1168 1289 1169 
3 1288 1289 1168 
3 1167 1288 1168 
3 1287 1288 1167 
3 1166 1287 1167 
3 1286 1287 1166 
3 1165 1286 1166 
3 1285 1286 1165 
3 1164 1285 1165 
3 1284 1285 1164 
3 1163 1284 1164 
3 1283 1284 1163 
3 1162 1283 1163 
3 1282 1283 1162 
3 1161 1282 1162 
3 1281 1282 1161 
3 1160 1281 1161 
3 1280 1281 1160 
3 1159 1280 1160 
3 1279 1280 1159 
3 1158 1279 1159 
3 1278 1279 1158 
3 1157 1278 1158 
3 1277 1278 1157 
3 1156 1277 1157 
3 1276 1277 1156 
3 1155 1276 1156 
3 1275 1276 1155 
3 1154 1275 1155 
3 1274 1275 1154 
3 1153 1274 1154 
3 1273 1274 1153 
3 1152 1273 1153 
3 1272 1273 1152 
3 1151 1272 1152 
3 1271 1272 1151 
3 1150 1271 1151 
3 1270 1271 1150 
3 1149 1270 1150 
3 1269 1270 1149 
3 1148 1269 1149 
3 1268 1269 1148 
3 1147 1268 1148 
3 1267 1268 1147 
3 1146 1267 1147 
3 1266 1267 1146 
3 1145 1266 1146 
3 1265 1266 1145 
3 1144 1265 1145 
3 1264 1265 1144 
3 1143 1264 1144 
3 1263 1264 1143 
3 1142 1263 1143 
3 1262 1263 1142 
3 1141 1262 1142 
3 1261 1262 1141 
3 1140 1261 1141 
3 1260 1261 1140 
3 1139 1260 1140 
3 1259 1260 1139 
3 1138 1259 1139 
3 1258 1259 1138 
3 1137 1258 1138 
3 1257 1258 1137 
3 1136 1257 1137 
3 1256 1257 1136 
3 1135 1256 1136 
3 1255 1256 1135 
3 1134 1255 1135 
3 1254 1255 1134 
3 1133 1254 1134 
3 1253 1254 1133 
3 1132 1253 1133 
3 1252 1253 1132 
3 1131 1252 1132 
3 1251 1252 1131 
3 1130 1251 1131 
3 1250 1251 1130 
3 1129 1250 1130 
3 1249 1250 1129 
3 1128 1249 1129 
3 1248 1249 1128 
3 1127 1248 1128 
3 1247 1248 1127 
3 1126 1247 1127 
3 1246 1247 1126 
3 1125 1246 1126 
3 1245 1246 1125 
3 838 959 839 
3 958 959 838 
3 837 958 838 
3 957 958 837 
3 836 957 837 
3 956 957 836 
3 835 956 836 
3 955 956 835 
3 834 955 835 
3 954 955 834 
3 833 954 834 
3 953 954 833 
3 832 953 833 
3 952 953 832 
3 831 952 832 
3 951 952 831 
3 830 951 831 
3 950 951 830 
3 829 950 830 
3 949 950 829 
3 828 949 829 
3 948 949 828 
3 827 948 828 
3 947 948 827 
3 826 947 827 
3 946 947 826 
3 825 946 826 
3 945 946 825 
3 824 945 825 
3 944 945 824 
3 823 944 824 
3 943 944 823 
3 822 943 823 
3 942 943 822 
3 821 942 822 
3 941 942 821 
3 820 941 821 
3 940 941 820 
3 819 940 820 
3 939 940 819 
3 818 939 819 
3 938 939 818 
3 817 938 818 
3 937 938 817 
3 938 937 1058 
3 1057 1058 937 
3 936 1057 937 
3 1056 1057 936 
3 935 1056 936 
3 1055 1056 935 
3 934 1055 935 
3 1054 1055 934 
3 933 1054 934 
3 1053 1054 933 
3 932 1053 933 
3 1052 1053 932 
3 931 1052 932 
3 1051 1052 931 
3 930 1051 931 
3 1050 1051 930 
3 929 1050 930 
3 1049 1050 929 
3 928 1049 929 
3 1048 1049 928 
3 927 1048 928 
3 1047 1048 927 
3 926 1047 927 
3 1046 1047 926 
3 925 1046 926 
3 1045 1046 925 
3 924 1045 925 
3 1044 1045 924 
3 923 1044 924 
3 1043 1044 923 
3 922 1043 923 
3 1042 1043 922 
3 921 1042 922 
3 1041 1042 921 
3 920 1041 921 
3 1040 1041 920 
3 919 1040 920 
3 1039 1040 919 
3 918 1039 919 
3 1038 1039 918 
3 917 1038 918 
3 1037 1038 917 
3 916 1037 917 
3 1036 1037 916 
3 915 1036 916 
3 1035 1036 915 
3 914 1035 915 
3 1034 1035 914 
3 913 1034 914 
3 1033 1034 913 
3 912 1033 913 
3 1032 1033 912 
3 911 1032 912 
3 1031 1032 911 
3 910 1031 911 
3 1030 1031 910 
3 909 1030 910 
3 1029 1030 909 
3 908 1029 909 
3 1028 1029 908 
3 907 1028 908 
3 1027 1028 907 
3 906 1027 907 
3 1026 1027 906 
3 905 1026 906 
3 1025 1026 905 
3 904 1025 905 
3 1024 1025 904 
3 903 1024 904 
3 1023 1024 903 
3 902 1023 903 
3 1022 1023 902 
3 901 1022 902 
3 1021 1022 901 
3 900 1021 901 
3 1020 1021 900 
3 899 1020 900 
3 1019 1020 899 
3 898 1019 899 
3 1018 1019 898 
3 897 1018 898 
3 1017 1018 897 
3 896 1017 897 
3 1016 1017 896 
3 895 1016 896 
3 1015 1016 895 
3 894 1015 895 
3 1014 1015 894 
3 893 1014 894 
3 1013 1014 893 
3 892 1013 893 
3 1012 1013 892 
3 891 1012 892 
3 1011 1012 891 
3 890 1011 891 
3 1010 1011 890 
3 889 1010 890 
3 1009 1010 889 
3 888 1009 889 
3 1008 1009 888 
3 887 1008 888 
3 1007 1008 887 
3 886 1007 887 
3 1006 1007 886 
3 885 1006 886 
3 1005 1006 885 
3 884 1005 885 
3 1004 1005 884 
3 883 1004 884 
3 1003 1004 883 
3 882 1003 883 
3 1002 1003 882 
3 881 1002 882 
3 1001 1002 881 
3 880 1001 881 
3 1000 1001 880 
3 879 1000 880 
3 999 1000 879 
3 878 999 879 
3 998 999 878 
3 877 998 878 
3 997 998 877 
3 876 997 877 
3 996 997 876 
3 875 996 876 
3 995 996 875 
3 874 995 875 
3 994 995 874 
3 873 994 874 
3 993 994 873 
3 872 993 873 
3 992 993 872 
3 871 992 872 
3 991 992 871 
3 870 991 871 
3 990 991 870 
3 869 990 870 
3 989 990 869 
3 868 989 869 
3 988 989 868 
3 867 988 868 
3 987 988 867 
3 866 987 867 
3 986 987 866 
3 865 986 866 
3 985 986 865 
3 864 985 865 
3 984 985 864 
3 863 984 864 
3 983 984 863 
3 862 983 863 
3 982 983 862 
3 861 982 862 
3 981 982 861 
3 860 981 861 
3 980 981 860 
3 859 980 860 
3 979 980 859 
3 858 979 859 
3 978 979 858 
3 857 978 858 
3 977 978 857 
3 856 977 857 
3 976 977 856 
3 855 976 856 
3 975 976 855 
3 854 975 855 
3 974 975 854 
3 853 974 854 
3 973 974 853 
3 852 973 853 
3 972 973 852 
3 851 972 852 
3 971 972 851 
3 850 971 851 
3 970 971 850 
3 849 970 850 
3 969 970 849 
3 848 969 849 
3 968 969 848 
3 847 968 848 
3 967 968 847 
3 846 967 847 
3 966 967 846 
3 845 966 846 
3 965 966 845 
3 844 965 845 
3 964 965 844 
3 843 964 844 
3 963 964 843 
3 842 963 843 
3 962 963 842 
3 841 962 842 
3 961 962 841 
3 840 961 841 
3 960 961 840 
3 958 1079 959 
3 1078 1079 958 
3 957 1078 958 
3 1077 1078 957 
3 956 1077 957 
3 1076 1077 956 
3 955 1076 956 
3 1075 1076 955 
3 954 1075 955 
3 1074 1075 954 
3 953 1074 954 
3 1073 1074 953 
3 952 1073 953 
3 1072 1073 952 
3 951 1072 952 
3 1071 1072 951 
3 950 1071 951 
3 1070 1071 950 
3 949 1070 950 
3 1069 1070 949 
3 948 1069 949 
3 1068 1069 948 
3 947 1068 948 
3 1067 1068 947 
3 946 1067 947 
3 1066 1067 946 
3 945 1066 946 
3 1065 1066 945 
3 944 1065 945 
3 1064 1065 944 
3 943 1064 944 
3 1063 1064 943 
3 942 1063 943 
3 1062 1063 942 
3 941 1062 942 
3 1061 1062 941 
3 940 1061 941 
3 1060 1061 940 
3 939 1060 940 
3 1059 1060 939 
3 938 1059 939 
3 1058 1059 938 
3 1003 1124 1004 
3 1123 1124 1003 
3 1002 1123 1003 
3 1122 1123 1002 
3 1001 1122 1002 
3 1121 1122 1001 
3 1000 1121 1001 
3 1120 1121 1000 
3 999 1120 1000 
3 1119 1120 999 
3 998 1119 999 
3 1118 1119 998 
3 997 1118 998 
3 1117 1118 997 
3 996 1117 997 
3 1116 1117 996 
3 995 1116 996 
3 1115 1116 995 
3 994 1115 995 
3 1114 1115 994 
3 993 1114 994 
3 1113 1114 993 
3 992 1113 993 
3 1112 1113 992 
3 991 1112 992 
3 1111 1112 991 
3 990 1111 991 
3 1110 1111 990 
3 989 1110 990 
3 1109 1110 989 
3 988 1109 989 
3 1108 1109 988 
3 987 1108 988 
3 1107 1108 987 
3 986 1107 987 
3 1106 1107 986 
3 985 1106 986 
3 1105 1106 985 
3 984 1105 985 
3 1104 1105 984 
3 983 1104 984 
3 1103 1104 983 
3 982 1103 983 
3 1102 1103 982 
3 981 1102 982 
3 1101 1102 981 
3 980 1101 981 
3 1100 1101 980 
3 979 1100 980 
3 1099 1100 979 
3 978 1099 979 
3 1098 1099 978 
3 977 1098 978 
3 1097 1098 977 
3 976 1097 977 
3 1096 1097 976 
3 975 1096 976 
3 1095 1096 975 
3 974 1095 975 
3 1094 1095 974 
3 973 1094 974 
3 1093 1094 973 
3 972 1093 973 
3 1092 1093 972 
3 971 1092 972 
3 1091 1092 971 
3 970 1091 971 
3 1090 1091 970 
3 969 1090 970 
3 1089 1090 969 
3 968 1089 969 
3 1088 1089 968 
3 967 1088 968 
3 1087 1088 967 
3 966 1087 967 
3 1086 1087 966 
3 965 1086 966 
3 1085 1086 965 
3 964 1085 965 
3 1084 1085 964 
3 963 1084 964 
3 1083 1084 963 
3 962 1083 963 
3 1082 1083 962 
3 961 1082 962 
3 1081 1082 961 
3 960 1081 961 
3 1080 1081 960 
3 816 937 817 
3 936 937 816 
3 815 936 816 
3 935 936 815 
3 814 935 815 
3 934 935 814 
3 813 934 814 
3 933 934 813 
3 812 933 813 
3 932 933 812 
3 811 932 812 
3 931 932 811 
3 810 931 811 
3 930 931 810 
3 809 930 810 
3 929 930 809 
3 808 929 809 
3 928 929 808 
3 807 928 808 
3 927 928 807 
3 806 927 807 
3 926 927 806 
3 805 926 806 
3 925 926 805 
3 804 925 805 
3 924 925 804 
3 803 924 804 
3 923 924 803 
3 802 923 803 
3 922 923 802 
3 801 922 802 
3 921 922 801 
3 800 921 801 
3 920 921 800 
3 799 920 800 
3 919 920 799 
3 798 919 799 
3 918 919 798 
3 797 918 798 
3 917 918 797 
3 796 917 797 
3 916 917 796 
3 795 916 796 
3 915 916 795 
3 794 915 795 
3 914 915 794 
3 793 914 794 
3 913 914 793 
3 792 913 793 
3 912 913 792 
3 791 912 792 
3 911 912 791 
3 790 911 791 
3 910 911 790 
3 789 910 790 
3 909 910 789 
3 788 909 789 
3 908 909 788 
3 787 908 788 
3 907 908 787 
3 786 907 787 
3 906 907 786 
3 785 906 786 
3 905 906 785 
3 784 905 785 
3 904 905 784 
3 783 904 784 
3 903 904 783 
3 782 903 783 
3 902 903 782 
3 781 902 782 
3 901 902 781 
3 780 901 781 
3 900 901 780 
3 779 900 780 
3 899 900 779 
3 778 899 779 
3 898 899 778 
3 777 898 778 
3 897 898 777 
3 776 897 777 
3 896 897 776 
3 775 896 776 
3 895 896 775 
3 774 895 775 
3 894 895 774 
3 773 894 774 
3 893 894 773 
3 772 893 773 
3 892 893 772 
3 771 892 772 
3 891 892 771 
3 770 891 771 
3 890 891 770 
3 769 890 770 
3 889 890 769 
3 768 889 769 
3 888 889 768 
3 767 888 768 
3 887 888 767 
3 766 887 767 
3 886 887 766 
3 765 886 766 
3 885 886 765 
3 764 885 765 
3 884 885 764 
3 763 884 764 
3 883 884 763 
3 762 883 763 
3 882 883 762 
3 761 882 762 
3 881 882 761 
3 760 881 761 
3 880 881 760 
3 759 880 760 
3 879 880 759 
3 758 879 759 
3 878 879 758 
3 757 878 758 
3 877 878 757 
3 756 877 757 
3 876 877 756 
3 755 876 756 
3 875 876 755 
3 754 875 755 
3 874 875 754 
3 753 874 754 
3 873 874 753 
3 752 873 753 
3 872 873 752 
3 751 872 752 
3 871 872 751 
3 750 871 751 
3 870 871 750 
3 358 479 359 
3 478 479 358 
3 357 478 358 
3 477 478 357 
3 356 477 357 
3 476 477 356 
3 355 476 356 
3 475 476 355 
3 354 475 355 
3 474 475 354 
3 353 474 354 
3 473 474 353 
3 352 473 353 
3 472 473 352 
3 351 472 352 
3 471 472 351 
3 350 471 351 
3 470 471 350 
3 349 470 350 
3 469 470 349 
3 348 469 349 
3 468 469 348 
3 347 468 348 
3 467 468 347 
3 346 467 347 
3 466 467 346 
3 345 466 346 
3 465 466 345 
3 344 465 345 
3 464 465 344 
3 343 464 344 
3 463 464 343 
3 342 463 343 
3 462 463 342 
3 341 462 342 
3 461 462 341 
3 340 461 341 
3 460 461 340 
3 339 460 340 
3 459 460 339 
3 338 459 339 
3 458 459 338 
3 337 458 338 
3 457 458 337 
3 336 457 337 
3 456 457 336 
3 335 456 336 
3 455 456 335 
3 334 455 335 
3 454 455 334 
3 333 454 334 
3 453 454 333 
3 332 453 333 
3 452 453 332 
3 331 452 332 
3 451 452 331 
3 330 451 331 
3 450 451 330 
3 329 450 330 
3 449 450 329 
3 328 449 329 
3 448 449 328 
3 327 448 328 
3 447 448 327 
3 326 447 327 
3 446 447 326 
3 325 446 326 
3 445 446 325 
3 324 445 325 
3 444 445 324 
3 323 444 324 
3 443 444 323 
3 322 443 323 
3 442 443 322 
3 321 442 322 
3 441 442 321 
3 320 441 321 
3 440 441 320 
3 319 440 320 
3 439 440 319 
3 318 439 319 
3 438 439 318 
3 317 438 318 
3 437 438 317 
3 316 437 317 
3 436 437 316 
3 315 436 316 
3 435 436 315 
3 314 435 315 
3 434 435 314 
3 313 434 314 
3 433 434 313 
3 312 433 313 
3 432 433 312 
3 311 432 312 
3 431 432 311 
3 310 431 311 
3 430 431 310 
3 309 430 310 
3 429 430 309 
3 308 429 309 
3 428 429 308 
3 307 428 308 
3 427 428 307 
3 306 427 307 
3 426 427 306 
3 305 426 306 
3 425 426 305 
3 304 425 305 
3 424 425 304 
3 303 424 304 
3 423 424 303 
3 302 423 303 
3 422 423 302 
3 301 422 302 
3 421 422 301 
3 300 421 301 
3 420 421 300 
3 299 420 300 
3 419 420 299 
3 298 419 299 
3 418 419 298 
3 297 418 298 
3 417 418 297 
3 296 417 297 
3 416 417 296 
3 295 416 296 
3 415 416 295 
3 294 415 295 
3 414 415 294 
3 293 414 294 
3 413 414 293 
3 292 413 293 
3 412 413 292 
3 291 412 292 
3 411 412 291 
3 290 411 291 
3 410 411 290 
3 289 410 290 
3 409 410 289 
3 288 409 289 
3 408 409 288 
3 287 408 288 
3 407 408 287 
3 286 407 287 
3 406 407 286 
3 285 406 286 
3 405 406 285 
3 284 405 285 
3 404 405 284 
3 283 404 284 
3 403 404 283 
3 282 403 283 
3 402 403 282 
3 281 402 282 
3 401 402 281 
3 280 401 281 
3 400 401 280 
3 279 400 280 
3 399 400 279 
3 278 399 279 
3 398 399 278 
3 277 398 278 
3 397 398 277 
3 276 397 277 
3 396 397 276 
3 275 396 276 
3 395 396 275 
3 274 395 275 
3 394 395 274 
3 273 394 274 
3 393 394 273 
3 272 393 273 
3 392 393 272 
3 271 392 272 
3 391 392 271 
3 270 391 271 
3 390 391 270 
3 269 390 270 
3 389 390 269 
3 268 389 269 
3 388 389 268 
3 267 388 268 
3 387 388 267 
3 266 387 267 
3 386 387 266 
3 265 386 266 
3 385 386 265 
3 264 385 265 
3 384 385 264 
3 263 384 264 
3 383 384 263 
3 262 383 263 
3 382 383 262 
3 261 382 262 
3 381 382 261 
3 260 381 261 
3 380 381 260 
3 259 380 260 
3 379 380 259 
3 258 379 259 
3 378 379 258 
3 257 378 258 
3 377 378 257 
3 256 377 257 
3 376 377 256 
3 255 376 256 
3 375 376 255 
3 254 375 255 
3 374 375 254 
3 375 374 495 
3 494 495 374 
3 373 494 374 
3 493 494 373 
3 372 493 373 
3 492 493 372 
3 371 492 372 
3 491 492 371 
3 370 491 371 
3 490 491 370 
3 369 490 370 
3 489 490 369 
3 368 489 369 
3 488 489 368 
3 367 488 368 
3 487 488 367 
3 366 487 367 
3 486 487 366 
3 365 486 366 
3 485 486 365 
3 364 485 365 
3 484 485 364 
3 363 484 364 
3 483 484 363 
3 362 483 363 
3 482 483 362 
3 361 482 362 
3 481 482 361 
3 360 481 361 
3 480 481 360 
3 478 599 479 
3 598 599 478 
3 477 598 478 
3 597 598 477 
3 476 597 477 
3 596 597 476 
3 475 596 476 
3 595 596 475 
3 474 595 475 
3 594 595 474 
3 473 594 474 
3 593 594 473 
3 472 593 473 
3 592 593 472 
3 471 592 472 
3 591 592 471 
3 470 591 471 
3 590 591 470 
3 469 590 470 
3 589 590 469 
3 468 589 469 
3 588 589 468 
3 467 588 468 
3 587 588 467 
3 466 587 467 
3 586 587 466 
3 465 586 466 
3 585 586 465 
3 464 585 465 
3 584 585 464 
3 463 584 464 
3 583 584 463 
3 462 583 463 
3 582 583 462 
3 461 582 462 
3 581 582 461 
3 460 581 461 
3 580 581 460 
3 459 580 460 
3 579 580 459 
3 458 579 459 
3 578 579 458 
3 457 578 458 
3 577 578 457 
3 456 577 457 
3 576 577 456 
3 455 576 456 
3 575 576 455 
3 454 575 455 
3 574 575 454 
3 453 574 454 
3 573 574 453 
3 452 573 453 
3 572 573 452 
3 451 572 452 
3 571 572 451 
3 450 571 451 
3 570 571 450 
3 449 570 450 
3 569 570 449 
3 448 569 449 
3 568 569 448 
3 447 568 448 
3 567 568 447 
3 446 567 447 
3 566 567 446 
3 445 566 446 
3 565 566 445 
3 444 565 445 
3 564 565 444 
3 443 564 444 
3 563 564 443 
3 442 563 443 
3 562 563 442 
3 563 562 683 
3 682 683 562 
3 561 682 562 
3 681 682 561 
3 560 681 561 
3 680 681 560 
3 559 680 560 
3 679 680 559 
3 558 679 559 
3 678 679 558 
3 557 678 558 
3 677 678 557 
3 556 677 557 
3 676 677 556 
3 555 676 556 
3 675 676 555 
3 554 675 555 
3 674 675 554 
3 553 674 554 
3 673 674 553 
3 552 673 553 
3 672 673 552 
3 551 672 552 
3 671 672 551 
3 550 671 551 
3 670 671 550 
3 549 670 550 
3 669 670 549 
3 548 669 549 
3 668 669 548 
3 547 668 548 
3 667 668 547 
3 546 667 547 
3 666 667 546 
3 545 666 546 
3 665 666 545 
3 544 665 545 
3 664 665 544 
3 543 664 544 
3 663 664 543 
3 542 663 543 
3 662 663 542 
3 541 662 542 
3 661 662 541 
3 540 661 541 
3 660 661 540 
3 539 660 540 
3 659 660 539 
3 538 659 539 
3 658 659 538 
3 537 658 538 
3 657 658 537 
3 536 657 537 
3 656 657 536 
3 535 656 536 
3 655 656 535 
3 534 655 535 
3 654 655 534 
3 533 654 534 
3 653 654 533 
3 532 653 533 
3 652 653 532 
3 531 652 532 
3 651 652 531 
3 530 651 531 
3 650 651 530 
3 529 650 530 
3 649 650 529 
3 528 649 529 
3 648 649 528 
3 527 648 528 
3 647 648 527 
3 526 647 527 
3 646 647 526 
3 525 646 526 
3 645 646 525 
3 524 645 525 
3 644 645 524 
3 523 644 524 
3 643 644 523 
3 522 643 523 
3 642 643 522 
3 521 642 522 
3 641 642 521 
3 520 641 521 
3 640 641 520 
3 519 640 520 
3 639 640 519 
3 518 639 519 
3 638 639 518 
3 517 638 518 
3 637 638 517 
3 516 637 517 
3 636 637 516 
3 515 636 516 
3 635 636 515 
3 514 635 515 
3 634 635 514 
3 513 634 514 
3 633 634 513 
3 512 633 513 
3 632 633 512 
3 511 632 512 
3 631 632 511 
3 510 631 511 
3 630 631 510 
3 509 630 510 
3 629 630 509 
3 508 629 509 
3 628 629 508 
3 507 628 508 
3 627 628 507 
3 506 627 507 
3 626 627 506 
3 505 626 506 
3 625 626 505 
3 504 625 505 
3 624 625 504 
3 503 624 504 
3 623 624 503 
3 502 623 503 
3 622 623 502 
3 501 622 502 
3 621 622 501 
3 500 621 501 
3 620 621 500 
3 499 620 500 
3 619 620 499 
3 498 619 499 
3 618 619 498 
3 497 618 498 
3 617 618 497 
3 496 617 497 
3 616 617 496 
3 495 616 496 
3 615 616 495 
3 494 615 495 
3 614 615 494 
3 493 614 494 
3 613 614 493 
3 492 613 493 
3 612 613 492 
3 491 612 492 
3 611 612 491 
3 490 611 491 
3 610 611 490 
3 489 610 490 
3 609 610 489 
3 488 609 489 
3 608 609 488 
3 487 608 488 
3 607 608 487 
3 486 607 487 
3 606 607 486 
3 485 606 486 
3 605 606 485 
3 484 605 485 
3 604 605 484 
3 483 604 484 
3 603 604 483 
3 482 603 483 
3 602 603 482 
3 481 602 482 
3 601 602 481 
3 480 601 481 
3 600 601 480 
3 598 719 599 
3 718 719 598 
3 597 718 598 
3 717 718 597 
3 596 717 597 
3 716 717 596 
3 595 716 596 
3 715 716 595 
3 594 715 595 
3 714 715 594 
3 593 714 594 
3 713 714 593 
3 592 713 593 
3 712 713 592 
3 591 712 592 
3 711 712 591 
3 590 711 591 
3 710 711 590 
3 589 710 590 
3 709 710 589 
3 588 709 589 
3 708 709 588 
3 587 708 588 
3 707 708 587 
3 586 707 587 
3 706 707 586 
3 585 706 586 
3 705 706 585 
3 584 705 585 
3 704 705 584 
3 583 704 584 
3 703 704 583 
3 582 703 583 
3 702 703 582 
3 581 702 582 
3 701 702 581 
3 580 701 581 
3 700 701 580 
3 579 700 580 
3 699 700 579 
3 578 699 579 
3 698 699 578 
3 577 698 578 
3 697 698 577 
3 576 697 577 
3 696 697 576 
3 575 696 576 
3 695 696 575 
3 574 695 575 
3 694 695 574 
3 573 694 574 
3 693 694 573 
3 572 693 573 
3 692 693 572 
3 571 692 572 
3 691 692 571 
3 570 691 571 
3 690 691 570 
3 569 690 570 
3 689 690 569 
3 568 689 569 
3 688 689 568 
3 567 688 568 
3 687 688 567 
3 566 687 567 
3 686 687 566 
3 565 686 566 
3 685 686 565 
3 564 685 565 
3 684 685 564 
3 563 684 564 
3 683 684 563 
3 628 749 629 
3 748 749 628 
3 627 748 628 
3 747 748 627 
3 626 747 627 
3 746 747 626 
3 625 746 626 
3 745 746 625 
3 624 745 625 
3 744 745 624 
3 623 744 624 
3 743 744 623 
3 622 743 623 
3 742 743 622 
3 621 742 622 
3 741 742 621 
3 620 741 621 
3 740 741 620 
3 619 740 620 
3 739 740 619 
3 618 739 619 
3 738 739 618 
3 617 738 618 
3 737 738 617 
3 616 737 617 
3 736 737 616 
3 615 736 616 
3 735 736 615 
3 614 735 615 
3 734 735 614 
3 613 734 614 
3 733 734 613 
3 612 733 613 
3 732 733 612 
3 611 732 612 
3 731 732 611 
3 610 731 611 
3 730 731 610 
3 609 730 610 
3 729 730 609 
3 608 729 609 
3 728 729 608 
3 607 728 608 
3 727 728 607 
3 606 727 607 
3 726 727 606 
3 605 726 606 
3 725 726 605 
3 604 725 605 
3 724 725 604 
3 603 724 604 
3 723 724 603 
3 602 723 603 
3 722 723 602 
3 601 722 602 
3 721 722 601 
3 600 721 601 
3 720 721 600 
3 441 562 442 
3 561 562 441 
3 440 561 441 
3 560 561 440 
3 439 560 440 
3 559 560 439 
3 438 559 439 
3 558 559 438 
3 437 558 438 
3 557 558 437 
3 436 557 437 
3 556 557 436 
3 435 556 436 
3 555 556 435 
3 434 555 435 
3 554 555 434 
3 433 554 434 
3 553 554 433 
3 432 553 433 
3 552 553 432 
3 431 552 432 
3 551 552 431 
3 430 551 431 
3 550 551 430 
3 429 550 430 
3 549 550 429 
3 428 549 429 
3 548 549 428 
3 427 548 428 
3 547 548 427 
3 426 547 427 
3 546 547 426 
3 425 546 426 
3 545 546 425 
3 424 545 425 
3 544 545 424 
3 423 544 424 
3 543 544 423 
3 422 543 423 
3 542 543 422 
3 421 542 422 
3 541 542 421 
3 420 541 421 
3 540 541 420 
3 419 540 420 
3 539 540 419 
3 418 539 419 
3 538 539 418 
3 417 538 418 
3 537 538 417 
3 416 537 417 
3 536 537 416 
3 415 536 416 
3 535 536 415 
3 414 535 415 
3 534 535 414 
3 413 534 414 
3 533 534 413 
3 412 533 413 
3 532 533 412 
3 411 532 412 
3 531 532 411 
3 410 531 411 
3 530 531 410 
3 409 530 410 
3 529 530 409 
3 408 529 409 
3 528 529 408 
3 407 528 408 
3 527 528 407 
3 406 527 407 
3 526 527 406 
3 405 526 406 
3 525 526 405 
3 404 525 405 
3 524 525 404 
3 403 524 404 
3 523 524 403 
3 402 523 403 
3 522 523 402 
3 401 522 402 
3 521 522 401 
3 400 521 401 
3 520 521 400 
3 399 520 400 
3 519 520 399 
3 398 519 399 
3 518 519 398 
3 397 518 398 
3 517 518 397 
3 396 517 397 
3 516 517 396 
3 395 516 396 
3 515 516 395 
3 394 515 395 
3 514 515 394 
3 393 514 394 
3 513 514 393 
3 392 513 393 
3 512 513 392 
3 391 512 392 
3 511 512 391 
3 390 511 391 
3 510 511 390 
3 389 510 390 
3 509 510 389 
3 388 509 389 
3 508 509 388 
3 387 508 388 
3 507 508 387 
3 386 507 387 
3 506 507 386 
3 385 506 386 
3 505 506 385 
3 384 505 385 
3 504 505 384 
3 383 504 384 
3 503 504 383 
3 382 503 383 
3 502 503 382 
3 381 502 382 
3 501 502 381 
3 380 501 381 
3 500 501 380 
3 379 500 380 
3 499 500 379 
3 378 499 379 
3 498 499 378 
3 377 498 378 
3 497 498 377 
3 376 497 377 
3 496 497 376 
3 375 496 376 
3 495 496 375 
3 118 239 119 
3 238 239 118 
3 117 238 118 
3 237 238 117 
3 116 237 117 
3 236 237 116 
3 115 236 116 
3 235 236 115 
3 114 235 115 
3 234 235 114 
3 113 234 114 
3 233 234 113 
3 112 233 113 
3 232 233 112 
3 111 232 112 
3 231 232 111 
3 110 231 111 
3 230 231 110 
3 109 230 110 
3 229 230 109 
3 108 229 109 
3 228 229 108 
3 107 228 108 
3 227 228 107 
3 106 227 107 
3 226 227 106 
3 105 226 106 
3 225 226 105 
3 104 225 105 
3 224 225 104 
3 103 224 104 
3 223 224 103 
3 102 223 103 
3 222 223 102 
3 101 222 102 
3 221 222 101 
3 100 221 101 
3 220 221 100 
3 99 220 100 
3 219 220 99 
3 98 219 99 
3 218 219 98 
3 97 218 98 
3 217 218 97 
3 96 217 97 
3 216 217 96 
3 95 216 96 
3 215 216 95 
3 94 215 95 
3 214 215 94 
3 93 214 94 
3 213 214 93 
3 92 213 93 
3 212 213 92 
3 91 212 92 
3 211 212 91 
3 90 211 91 
3 210 211 90 
3 89 210 90 
3 209 210 89 
3 88 209 89 
3 208 209 88 
3 87 208 88 
3 207 208 87 
3 86 207 87 
3 206 207 86 
3 85 206 86 
3 205 206 85 
3 84 205 85 
3 204 205 84 
3 83 204 84 
3 203 204 83 
3 82 203 83 
3 202 203 82 
3 81 202 82 
3 201 202 81 
3 80 201 81 
3 200 201 80 
3 79 200 80 
3 199 200 79 
3 78 199 79 
3 198 199 78 
3 77 198 78 
3 197 198 77 
3 76 197 77 
3 196 197 76 
3 75 196 76 
3 195 196 75 
3 74 195 75 
3 194 195 74 
3 73 194 74 
3 193 194 73 
3 72 193 73 
3 192 193 72 
3 71 192 72 
3 191 192 71 
3 70 191 71 
3 190 191 70 
3 69 190 70 
3 189 190 69 
3 68 189 69 
3 188 189 68 
3 67 188 68 
3 187 188 67 
3 188 187 308 
3 307 308 187 
3 186 307 187 
3 306 307 186 
3 185 306 186 
3 305 306 185 
3 184 305 185 
3 304 305 184 
3 183 304 184 
3 303 304 183 
3 182 303 183 
3 302 303 182 
3 181 302 182 
3 301 302 181 
3 180 301 181 
3 300 301 180 
3 179 300 180 
3 299 300 179 
3 178 299 179 
3 298 299 178 
3 177 298 178 
3 297 298 177 
3 176 297 177 
3 296 297 176 
3 175 296 176 
3 295 296 175 
3 174 295 175 
3 294 295 174 
3 173 294 174 
3 293 294 173 
3 172 293 173 
3 292 293 172 
3 171 292 172 
3 291 292 171 
3 170 291 171 
3 290 291 170 
3 169 290 170 
3 289 290 169 
3 168 289 169 
3 288 289 168 
3 167 288 168 
3 287 288 167 
3 166 287 167 
3 286 287 166 
3 165 286 166 
3 285 286 165 
3 164 285 165 
3 284 285 164 
3 163 284 164 
3 283 284 163 
3 162 283 163 
3 282 283 162 
3 161 282 162 
3 281 282 161 
3 160 281 161 
3 280 281 160 
3 159 280 160 
3 279 280 159 
3 158 279 159 
3 278 279 158 
3 157 278 158 
3 277 278 157 
3 156 277 157 
3 276 277 156 
3 155 276 156 
3 275 276 155 
3 154 275 155 
3 274 275 154 
3 153 274 154 
3 273 274 153 
3 152 273 153 
3 272 273 152 
3 151 272 152 
3 271 272 151 
3 150 271 151 
3 270 271 150 
3 149 270 150 
3 269 270 149 
3 148 269 149 
3 268 269 148 
3 147 268 148 
3 267 268 147 
3 146 267 147 
3 266 267 146 
3 145 266 146 
3 265 266 145 
3 144 265 145 
3 264 265 144 
3 143 264 144 
3 263 264 143 
3 142 263 143 
3 262 263 142 
3 141 262 142 
3 261 262 141 
3 140 261 141 
3 260 261 140 
3 139 260 140 
3 259 260 139 
3 138 259 139 
3 258 259 138 
3 137 258 138 
3 257 258 137 
3 136 257 137 
3 256 257 136 
3 135 256 136 
3 255 256 135 
3 134 255 135 
3 254 255 134 
3 133 254 134 
3 253 254 133 
3 132 253 133 
3 252 253 132 
3 131 252 132 
3 251 252 131 
3 130 251 131 
3 250 251 130 
3 129 250 130 
3 249 250 129 
3 128 249 129 
3 248 249 128 
3 127 248 128 
3 247 248 127 
3 126 247 127 
3 246 247 126 
3 125 246 126 
3 245 246 125 
3 124 245 125 
3 244 245 124 
3 123 244 124 
3 243 244 123 
3 122 243 123 
3 242 243 122 
3 121 242 122 
3 241 242 121 
3 120 241 121 
3 240 241 120 
3 238 359 239 
3 358 359 238 
3 237 358 238 
3 357 358 237 
3 236 357 237 
3 356 357 236 
3 235 356 236 
3 355 356 235 
3 234 355 235 
3 354 355 234 
3 233 354 234 
3 353 354 233 
3 232 353 233 
3 352 353 232 
3 231 352 232 
3 351 352 231 
3 230 351 231 
3 350 351 230 
3 229 350 230 
3 349 350 229 
3 228 349 229 
3 348 349 228 
3 227 348 228 
3 347 348 227 
3 226 347 227 
3 346 347 226 
3 225 346 226 
3 345 346 225 
3 224 345 225 
3 344 345 224 
3 223 344 224 
3 343 344 223 
3 222 343 223 
3 342 343 222 
3 221 342 222 
3 341 342 221 
3 220 341 221 
3 340 341 220 
3 219 340 220 
3 339 340 219 
3 218 339 219 
3 338 339 218 
3 217 338 218 
3 337 338 217 
3 216 337 217 
3 336 337 216 
3 215 336 216 
3 335 336 215 
3 214 335 215 
3 334 335 214 
3 213 334 214 
3 333 334 213 
3 212 333 213 
3 332 333 212 
3 211 332 212 
3 331 332 211 
3 210 331 211 
3 330 331 210 
3 209 330 210 
3 329 330 209 
3 208 329 209 
3 328 329 208 
3 207 328 208 
3 327 328 207 
3 206 327 207 
3 326 327 206 
3 205 326 206 
3 325 326 205 
3 204 325 205 
3 324 325 204 
3 203 324 204 
3 323 324 203 
3 202 323 203 
3 322 323 202 
3 201 322 202 
3 321 322 201 
3 200 321 201 
3 320 321 200 
3 199 320 200 
3 319 320 199 
3 198 319 199 
3 318 319 198 
3 197 318 198 
3 317 318 197 
3 196 317 197 
3 316 317 196 
3 195 316 196 
3 315 316 195 
3 194 315 195 
3 314 315 194 
3 193 314 194 
3 313 314 193 
3 192 313 193 
3 312 313 192 
3 191 312 192 
3 311 312 191 
3 190 311 191 
3 310 311 190 
3 189 310 190 
3 309 310 189 
3 188 309 189 
3 308 309 188 
3 253 374 254 
3 373 374 253 
3 252 373 253 
3 372 373 252 
3 251 372 252 
3 371 372 251 
3 250 371 251 
3 370 371 250 
3 249 370 250 
3 369 370 249 
3 248 369 249 
3 368 369 248 
3 247 368 248 
3 367 368 247 
3 246 367 247 
3 366 367 246 
3 245 366 246 
3 365 366 245 
3 244 365 245 
3 364 365 244 
3 243 364 244 
3 363 364 243 
3 242 363 243 
3 362 363 242 
3 241 362 242 
3 361 362 241 
3 240 361 241 
3 360 361 240 
3 66 187 67 
3 186 187 66 
3 65 186 66 
3 185 186 65 
3 64 185 65 
3 184 185 64 
3 63 184 64 
3 183 184 63 
3 62 183 63 
3 182 183 62 
3 61 182 62 
3 181 182 61 
3 60 181 61 
3 180 181 60 
3 59 180 60 
3 179 180 59 
3 58 179 59 
3 178 179 58 
3 57 178 58 
3 177 178 57 
3 56 177 57 
3 176 177 56 
3 55 176 56 
3 175 176 55 
3 54 175 55 
3 174 175 54 
3 53 174 54 
3 173 174 53 
3 52 173 53 
3 172 173 52 
3 51 172 52 
3 171 172 51 
3 50 171 51 
3 170 171 50 
3 49 170 50 
3 169 170 49 
3 48 169 49 
3 168 169 48 
3 47 168 48 
3 167 168 47 
3 46 167 47 
3 166 167 46 
3 45 166 46 
3 165 166 45 
3 44 165 45 
3 164 165 44 
3 43 164 44 
3 163 164 43 
3 42 163 43 
3 162 163 42 
3 41 162 42 
3 161 162 41 
3 40 161 41 
3 160 161 40 
3 39 160 40 
3 159 160 39 
3 38 159 39 
3 158 159 38 
3 37 158 38 
3 157 158 37 
3 36 157 37 
3 156 157 36 
3 35 156 36 
3 155 156 35 
3 34 155 35 
3 154 155 34 
3 33 154 34 
3 153 154 33 
3 32 153 33 
3 152 153 32 
3 31 152 32 
3 151 152 31 
3 30 151 31 
3 150 151 30 
3 29 150 30 
3 149 150 29 
3 28 149 29 
3 148 149 28 
3 27 148 28 
3 147 148 27 
3 26 147 27 
3 146 147 26 
3 25 146 26 
3 145 146 25 
3 24 145 25 
3 144 145 24 
3 23 144 24 
3 143 144 23 
3 22 143 23 
3 142 143 22 
3 21 142 22 
3 141 142 21 
3 20 141 21 
3 140 141 20 
3 19 140 20 
3 139 140 19 
3 18 139 19 
3 138 139 18 
3 17 138 18 
3 137 138 17 
3 16 137 17 
3 136 137 16 
3 15 136 16 
3 135 136 15 
3 14 135 15 
3 134 135 14 
3 13 134 14 
3 133 134 13 
3 12 133 13 
3 132 133 12 
3 11 132 12 
3 131 132 11 
3 10 131 11 
3 130 131 10 
3 9 130 10 
3 129 130 9 
3 8 129 9 
3 128 129 8 
3 7 128 8 
3 127 128 7 
3 6 127 7 
3 126 127 6 
3 5 126 6 
3 125 126 5 
3 4 125 5 
3 124 125 4 
3 3 124 4 
3 123 124 3 
3 2 123 3 
3 122 123 2 
3 1 122 2 
3 121 122 1 
3 0 121 1 
3 120 121 0 
