OFF
15384 30292 0
0 0 162 
0 1 162 
0 2 155 
0 3 158 
0 4 156 
0 6 156 
0 7 159 
0 8 156 
0 10 164 
0 11 162 
0 12 163 
0 13 160 
0 14 161 
0 15 160 
0 16 166 
0 17 167 
0 18 172 
0 19 172 
0 21 153 
0 22 146 
0 23 130 
0 24 107 
0 25 87 
0 26 84 
0 27 93 
0 28 88 
0 29 87 
0 30 87 
0 32 93 
0 33 94 
0 34 101 
0 35 97 
0 36 99 
0 37 99 
0 38 95 
0 39 98 
0 41 97 
0 42 95 
0 43 102 
0 44 99 
0 45 101 
0 46 98 
0 47 105 
0 48 106 
0 49 111 
0 50 102 
0 51 103 
0 52 108 
0 53 107 
0 54 110 
0 55 102 
0 57 106 
0 58 107 
0 59 102 
0 61 104 
0 62 99 
0 63 102 
0 64 95 
0 65 99 
0 66 94 
0 67 99 
0 68 99 
0 69 107 
0 70 103 
0 71 104 
0 72 96 
0 73 89 
0 74 80 
0 75 83 
0 76 74 
0 77 82 
0 78 81 
0 79 82 
0 80 88 
0 81 82 
0 82 78 
0 83 75 
0 84 75 
0 85 73 
0 86 73 
0 87 62 
0 88 57 
0 89 57 
0 90 58 
0 91 65 
0 92 45 
0 93 49 
0 94 47 
0 95 48 
0 96 44 
0 97 47 
0 98 55 
0 99 95 
0 100 128 
0 101 139 
0 102 129 
0 103 129 
0 104 71 
0 105 37 
0 106 31 
0 107 31 
0 108 32 
0 111 29 
0 112 31 
0 113 32 
0 114 42 
0 116 36 
0 117 39 
0 118 49 
0 119 73 
0 120 84 
0 121 73 
0 122 54 
0 123 44 
0 124 49 
0 125 51 
0 126 48 
0 127 46 
1 0 162 
1 1 162 
1 3 156 
1 4 157 
1 5 155 
1 6 152 
1 7 161 
1 8 160 
1 9 157 
1 10 163 
1 13 157 
1 14 158 
1 15 170 
1 16 174 
1 17 170 
1 18 170 
1 19 160 
1 21 144 
1 22 124 
1 23 102 
1 24 80 
1 25 81 
1 26 94 
1 27 93 
1 28 86 
1 29 90 
1 30 89 
1 32 97 
1 33 98 
1 34 99 
1 35 94 
1 36 99 
1 37 96 
1 38 94 
1 39 97 
1 40 97 
1 41 99 
1 42 102 
1 43 98 
1 44 97 
1 45 99 
1 46 101 
1 47 106 
1 48 107 
1 49 105 
1 50 103 
1 52 110 
1 53 108 
1 54 107 
1 56 105 
1 57 103 
1 58 104 
1 59 104 
1 60 103 
1 61 109 
1 62 101 
1 63 100 
1 64 100 
1 65 100 
1 66 97 
1 67 98 
1 68 98 
1 69 99 
1 70 102 
1 71 99 
1 72 94 
1 73 103 
1 75 76 
1 76 82 
1 77 76 
1 78 86 
1 79 77 
1 80 83 
1 81 85 
1 82 74 
1 83 75 
1 84 68 
1 86 59 
1 87 60 
1 88 52 
1 89 62 
1 90 51 
1 91 45 
1 92 50 
1 93 44 
1 94 44 
1 95 46 
1 96 47 
1 97 49 
1 98 54 
1 99 70 
1 100 127 
1 101 139 
1 102 139 
1 103 128 
1 104 109 
1 105 78 
1 106 47 
1 107 43 
1 108 30 
1 109 32 
1 110 28 
1 111 36 
1 112 36 
1 113 33 
1 114 36 
1 115 39 
1 116 35 
1 117 33 
1 118 45 
1 119 80 
1 120 90 
1 121 98 
1 122 93 
1 123 63 
1 124 53 
1 126 53 
2 0 165 
2 1 165 
2 3 161 
2 4 155 
2 5 158 
2 6 159 
2 7 156 
2 8 158 
2 11 159 
2 12 159 
2 13 157 
2 14 169 
2 15 171 
2 16 170 
2 17 164 
2 18 161 
2 19 152 
2 20 136 
2 21 117 
2 22 90 
2 23 87 
2 24 88 
2 25 87 
2 26 93 
2 27 96 
2 28 93 
2 29 95 
2 30 90 
2 32 94 
2 33 99 
2 35 100 
2 36 106 
2 37 105 
2 38 96 
2 39 101 
2 40 92 
2 41 91 
2 42 96 
2 43 96 
2 44 99 
2 45 102 
2 46 108 
2 47 105 
2 48 105 
2 50 103 
2 51 115 
2 52 106 
2 53 104 
2 54 101 
2 55 102 
2 56 108 
2 57 99 
2 59 98 
2 60 98 
2 61 100 
2 62 105 
2 63 105 
2 64 104 
2 65 97 
2 66 93 
2 67 100 
2 68 96 
2 69 98 
2 70 94 
2 71 95 
2 72 94 
2 73 84 
2 74 76 
2 75 71 
2 76 75 
2 77 79 
2 78 78 
2 80 80 
2 81 74 
2 82 78 
2 83 85 
2 84 74 
2 85 71 
2 86 63 
2 89 59 
2 90 57 
2 91 53 
2 92 51 
2 93 52 
2 94 47 
2 95 49 
2 96 54 
2 97 40 
2 98 59 
2 100 96 
2 101 132 
2 102 153 
2 103 153 
2 104 136 
2 105 127 
2 106 106 
2 107 95 
2 108 91 
2 109 74 
2 110 79 
2 111 63 
2 112 46 
2 113 50 
2 114 39 
2 115 38 
2 116 41 
2 117 33 
2 118 56 
2 119 79 
2 120 100 
2 121 108 
2 122 113 
2 123 93 
2 124 78 
2 125 65 
2 126 59 
2 127 58 
3 0 155 
3 1 155 
3 2 158 
3 3 156 
3 4 158 
3 5 157 
3 6 158 
3 7 159 
3 8 158 
3 9 161 
3 11 162 
3 12 170 
3 13 171 
3 14 169 
3 15 162 
3 16 158 
3 17 150 
3 18 138 
3 19 118 
3 20 96 
3 21 78 
3 22 86 
3 23 92 
3 24 90 
3 25 87 
3 26 96 
3 27 88 
3 28 94 
3 29 86 
3 30 87 
3 31 91 
3 32 99 
3 33 99 
3 34 99 
3 35 101 
3 36 97 
3 37 103 
3 38 97 
3 39 96 
3 40 91 
3 41 97 
3 42 104 
3 43 100 
3 44 94 
3 45 95 
3 46 97 
3 47 97 
3 48 106 
3 49 105 
3 51 105 
3 52 104 
3 54 103 
3 55 109 
3 57 104 
3 58 100 
3 59 98 
3 60 102 
3 61 97 
3 62 105 
3 63 102 
3 64 97 
3 65 96 
3 66 91 
3 67 94 
3 68 100 
3 69 96 
3 70 90 
3 71 89 
3 72 86 
3 73 83 
3 74 78 
3 75 74 
3 76 77 
3 77 77 
3 78 74 
3 80 75 
3 81 79 
3 83 80 
3 84 78 
3 85 67 
3 86 68 
3 88 68 
3 89 66 
3 90 59 
3 91 56 
3 92 51 
3 93 47 
3 94 52 
3 95 46 
3 96 41 
3 97 44 
3 98 45 
3 99 52 
3 100 81 
3 101 110 
3 102 139 
3 103 152 
3 104 159 
3 105 163 
3 106 167 
3 107 161 
3 108 153 
3 109 152 
3 110 150 
3 111 148 
3 112 143 
3 113 136 
3 114 124 
3 115 128 
3 116 104 
3 117 111 
3 118 104 
3 119 102 
3 120 122 
3 121 132 
3 122 110 
3 123 105 
3 124 83 
3 125 67 
3 126 58 
3 127 55 
4 0 157 
4 1 157 
4 2 155 
4 4 152 
4 5 157 
4 6 159 
4 8 160 
4 9 167 
4 10 165 
4 11 173 
4 12 172 
4 14 158 
4 15 152 
4 16 142 
4 17 129 
4 18 102 
4 19 81 
4 20 83 
4 21 88 
4 22 91 
4 23 93 
4 24 90 
4 25 90 
4 26 89 
4 28 92 
4 29 85 
4 30 92 
4 31 96 
4 32 96 
4 33 98 
4 34 100 
4 35 103 
4 36 103 
4 37 103 
4 38 96 
4 39 96 
4 40 97 
4 41 96 
4 42 98 
4 43 100 
4 44 103 
4 45 100 
4 46 98 
4 47 98 
4 49 101 
4 50 103 
4 51 96 
4 52 96 
4 53 98 
4 54 100 
4 55 97 
4 56 98 
4 57 99 
4 58 93 
4 59 99 
4 60 99 
4 61 101 
4 63 102 
4 64 100 
4 65 93 
4 66 90 
4 67 90 
4 68 90 
4 70 83 
4 71 81 
4 72 84 
4 73 74 
4 74 75 
4 75 73 
4 76 74 
4 77 64 
4 78 67 
4 81 69 
4 82 68 
4 83 69 
4 85 66 
4 86 67 
4 87 64 
4 88 64 
4 89 60 
4 90 55 
4 91 52 
4 92 45 
4 93 52 
4 94 51 
4 95 62 
4 96 48 
4 97 39 
4 98 41 
4 99 49 
4 100 61 
4 101 85 
4 102 114 
4 104 160 
4 105 169 
4 106 170 
4 107 173 
4 108 169 
4 109 174 
4 110 176 
4 111 172 
4 112 174 
4 113 167 
4 114 164 
4 115 161 
4 116 174 
4 117 169 
4 118 166 
4 119 167 
4 120 165 
4 121 168 
4 122 159 
4 123 148 
4 124 134 
4 125 140 
4 126 154 
4 127 157 
5 0 153 
5 1 153 
5 3 156 
5 4 155 
5 5 153 
5 6 157 
5 7 159 
5 8 157 
5 9 164 
5 10 170 
5 12 159 
5 15 127 
5 16 105 
5 17 80 
5 18 76 
5 19 78 
5 20 85 
5 21 84 
5 22 82 
5 23 89 
5 24 87 
5 25 86 
5 26 89 
5 27 88 
5 28 81 
5 29 83 
5 30 87 
5 31 89 
5 32 106 
5 34 99 
5 35 95 
5 36 100 
5 37 99 
5 39 93 
5 40 98 
5 41 102 
5 42 99 
5 43 101 
5 44 100 
5 45 108 
5 46 105 
5 47 105 
5 48 102 
5 50 99 
5 51 101 
5 52 97 
5 53 98 
5 54 96 
5 55 95 
5 58 95 
5 59 89 
5 60 101 
5 62 94 
5 63 99 
5 64 93 
5 65 92 
5 66 79 
5 67 85 
5 68 82 
5 69 84 
5 70 82 
5 71 77 
5 72 68 
5 73 70 
5 74 70 
5 76 59 
5 77 57 
5 78 55 
5 79 54 
5 80 62 
5 81 67 
5 82 66 
5 83 67 
5 84 61 
5 85 67 
5 86 69 
5 87 59 
5 88 62 
5 89 67 
5 90 70 
5 91 72 
5 92 110 
5 93 102 
5 94 100 
5 95 82 
5 96 75 
5 97 73 
5 98 61 
5 99 68 
5 100 63 
5 101 79 
5 102 90 
5 103 112 
5 104 135 
5 105 144 
5 106 153 
5 107 160 
5 108 156 
5 109 158 
5 110 160 
5 111 163 
5 112 170 
5 113 161 
5 114 166 
5 115 158 
5 116 172 
5 117 176 
5 118 179 
5 119 184 
5 120 182 
5 121 181 
5 122 174 
5 123 176 
5 124 173 
5 125 195 
5 126 199 
5 127 197 
6 0 153 
6 1 153 
6 2 156 
6 3 151 
6 4 154 
6 5 153 
6 6 153 
6 7 157 
6 8 167 
6 9 165 
6 11 156 
6 12 150 
6 13 143 
6 14 128 
6 15 109 
6 16 91 
6 17 84 
6 18 95 
6 19 93 
6 20 94 
6 21 97 
6 22 99 
6 23 93 
6 24 94 
6 25 93 
6 26 97 
6 27 99 
6 28 92 
6 29 89 
6 30 91 
6 31 90 
6 32 97 
6 33 94 
6 34 100 
6 35 107 
6 36 101 
6 37 102 
6 38 99 
6 39 105 
6 40 96 
6 41 95 
6 42 104 
6 43 108 
6 44 107 
6 45 105 
6 46 107 
6 47 110 
6 48 111 
6 49 107 
6 50 101 
6 51 100 
6 52 95 
6 53 92 
6 54 91 
6 55 87 
6 56 92 
6 57 91 
6 58 95 
6 59 87 
6 60 88 
6 61 85 
6 62 87 
6 63 87 
6 64 82 
6 65 81 
6 66 75 
6 67 71 
6 68 68 
6 69 72 
6 70 69 
6 71 54 
6 72 61 
6 73 57 
6 74 61 
6 75 54 
6 76 53 
6 77 48 
6 78 47 
6 79 41 
6 80 43 
6 81 55 
6 82 76 
6 83 86 
6 84 83 
6 85 79 
6 86 78 
6 87 78 
6 88 83 
6 89 95 
6 90 94 
6 91 86 
6 92 97 
6 93 103 
6 94 103 
6 95 99 
6 97 93 
6 98 74 
6 99 57 
6 100 52 
6 101 50 
6 102 53 
6 103 65 
6 104 72 
6 105 86 
6 106 97 
6 107 80 
6 108 91 
6 109 95 
6 110 110 
6 111 117 
6 112 113 
6 113 122 
6 114 134 
6 115 133 
6 116 143 
6 117 146 
6 118 161 
6 119 169 
6 120 174 
6 121 171 
6 122 170 
6 123 171 
6 124 172 
6 125 196 
6 126 203 
6 127 200 
7 0 156 
7 1 156 
7 2 152 
7 4 150 
7 6 162 
7 7 165 
7 9 167 
7 10 160 
7 12 148 
7 13 145 
7 14 127 
7 15 128 
7 16 127 
7 17 131 
7 18 129 
7 19 128 
7 20 133 
7 21 126 
7 22 129 
7 23 125 
7 24 130 
7 25 122 
7 26 127 
7 27 128 
7 28 126 
7 29 120 
7 30 124 
7 31 119 
7 32 123 
7 33 126 
7 34 125 
7 36 125 
7 37 127 
7 38 119 
7 39 127 
7 40 127 
7 41 127 
7 42 131 
7 43 129 
7 44 132 
7 45 133 
7 46 129 
7 47 133 
7 49 125 
7 50 127 
7 51 127 
7 52 121 
7 53 119 
7 54 124 
7 55 120 
7 56 119 
7 57 119 
7 58 115 
7 59 120 
7 61 114 
7 62 114 
7 63 114 
7 64 115 
7 65 110 
7 66 104 
7 67 108 
7 68 106 
7 69 101 
7 70 102 
7 71 92 
7 72 90 
7 74 89 
7 75 87 
7 76 88 
7 77 86 
7 78 83 
7 79 84 
7 80 88 
7 81 103 
7 82 112 
7 83 123 
7 84 128 
7 85 124 
7 86 122 
7 87 122 
7 88 123 
7 89 120 
7 90 120 
7 91 113 
7 92 114 
7 94 116 
7 95 122 
7 96 122 
7 97 104 
7 98 97 
7 99 81 
7 100 65 
7 101 64 
7 102 54 
7 103 56 
7 104 54 
7 105 48 
7 106 38 
7 107 38 
7 108 36 
7 109 35 
7 110 35 
7 111 34 
7 112 39 
7 113 47 
7 114 58 
7 115 65 
7 116 63 
7 117 67 
7 118 75 
7 119 98 
7 120 115 
7 121 123 
7 122 118 
7 123 127 
7 124 132 
7 125 163 
7 126 186 
7 127 185 
8 0 153 
8 1 153 
8 2 154 
8 3 155 
8 4 161 
8 5 163 
8 6 166 
8 7 167 
8 8 169 
8 10 164 
8 11 154 
8 12 148 
8 13 146 
8 14 147 
8 15 150 
8 16 152 
8 17 150 
8 18 153 
8 19 149 
8 20 152 
8 21 151 
8 22 149 
8 23 152 
8 24 146 
8 25 146 
8 26 144 
8 27 149 
8 28 146 
8 29 144 
8 30 145 
8 32 145 
8 33 145 
8 34 144 
8 35 149 
8 36 148 
8 38 147 
8 39 148 
8 40 153 
8 41 151 
8 43 149 
8 44 150 
8 45 155 
8 46 149 
8 49 151 
8 50 148 
8 51 148 
8 53 149 
8 54 143 
8 55 146 
8 56 145 
8 57 146 
8 58 145 
8 59 147 
8 60 146 
8 61 137 
8 62 146 
8 63 147 
8 64 145 
8 65 142 
8 66 141 
8 67 139 
8 68 142 
8 69 142 
8 70 140 
8 71 137 
8 72 137 
8 73 139 
8 74 139 
8 75 138 
8 76 140 
8 77 137 
8 79 130 
8 80 131 
8 81 142 
8 82 144 
8 83 154 
8 84 151 
8 85 149 
8 86 149 
8 87 153 
8 88 151 
8 89 152 
8 90 151 
8 91 146 
8 92 137 
8 93 139 
8 94 138 
8 95 142 
8 96 140 
8 97 142 
8 98 136 
8 99 125 
8 100 112 
8 101 111 
8 102 118 
8 103 113 
8 104 111 
8 105 113 
8 106 115 
8 107 111 
8 108 110 
8 109 108 
8 110 99 
8 111 96 
8 112 95 
8 113 91 
8 114 91 
8 115 86 
8 116 83 
8 117 87 
8 118 88 
8 119 84 
8 120 98 
8 121 95 
8 122 96 
8 123 95 
8 124 99 
8 125 103 
8 126 101 
8 127 100 
9 0 158 
9 1 158 
9 2 161 
9 3 162 
9 4 171 
9 5 165 
9 6 169 
9 7 165 
9 8 168 
9 9 161 
9 11 156 
9 12 162 
9 13 160 
9 14 161 
9 15 161 
9 16 166 
9 17 162 
9 18 165 
9 19 166 
9 20 163 
9 21 164 
9 22 161 
9 23 162 
9 24 157 
9 25 158 
9 26 159 
9 27 160 
9 28 159 
9 29 162 
9 30 159 
9 32 159 
9 33 158 
9 34 162 
9 35 157 
9 36 165 
9 37 167 
9 38 162 
9 39 165 
9 41 164 
9 42 165 
9 43 163 
9 45 166 
9 46 168 
9 48 165 
9 49 164 
9 50 167 
9 51 165 
9 52 167 
9 53 160 
9 54 159 
9 55 162 
9 56 164 
9 57 162 
9 58 164 
9 59 158 
9 60 165 
9 61 165 
9 63 160 
9 64 161 
9 65 164 
9 66 162 
9 67 167 
9 69 166 
9 70 164 
9 71 160 
9 72 159 
9 73 160 
9 74 164 
9 75 161 
9 76 159 
9 77 157 
9 79 159 
9 80 160 
9 81 159 
9 82 163 
9 83 162 
9 84 162 
9 85 163 
9 86 163 
9 87 164 
9 88 164 
9 89 163 
9 90 159 
9 91 160 
9 92 155 
9 93 155 
9 95 158 
9 96 159 
9 97 161 
9 98 156 
9 99 156 
9 100 151 
9 101 153 
9 102 151 
9 103 153 
9 104 156 
9 105 159 
9 106 155 
9 108 154 
9 109 157 
9 110 159 
9 111 155 
9 112 152 
9 113 151 
9 114 150 
9 115 146 
9 116 141 
9 117 144 
9 118 143 
9 119 141 
9 120 140 
9 121 138 
9 122 142 
9 123 133 
9 124 132 
9 125 135 
9 126 130 
9 127 135 
10 0 166 
10 1 166 
10 2 170 
10 3 170 
10 4 166 
10 5 168 
10 6 164 
10 7 159 
10 8 159 
10 9 156 
10 10 159 
10 11 164 
10 12 163 
10 13 165 
10 14 166 
10 15 162 
10 16 167 
10 17 168 
10 18 171 
10 21 168 
10 22 172 
10 24 164 
10 25 167 
10 26 166 
10 28 168 
10 29 166 
10 30 166 
10 31 166 
10 32 169 
10 33 166 
10 34 165 
10 35 166 
10 38 173 
10 39 172 
10 40 173 
10 41 175 
10 42 174 
10 43 169 
10 45 173 
10 46 171 
10 47 174 
10 48 170 
10 49 171 
10 50 174 
10 51 170 
10 52 172 
10 53 172 
10 54 176 
10 55 169 
10 56 172 
10 57 172 
10 58 171 
10 59 173 
10 60 168 
10 61 172 
10 62 172 
10 63 176 
10 64 175 
10 65 172 
10 66 175 
10 67 175 
10 68 178 
10 69 178 
10 70 175 
10 71 172 
10 72 174 
10 73 175 
10 74 176 
10 75 171 
10 76 174 
10 77 172 
10 78 170 
10 79 175 
10 80 172 
10 81 171 
10 82 170 
10 83 168 
10 85 171 
10 86 167 
10 88 175 
10 89 172 
10 90 171 
10 91 177 
10 92 177 
10 93 173 
10 94 176 
10 95 172 
10 96 172 
10 97 174 
10 98 171 
10 99 175 
10 100 170 
10 101 166 
10 102 167 
10 103 171 
10 104 176 
10 105 173 
10 106 175 
10 108 177 
10 109 178 
10 110 177 
10 111 175 
10 112 173 
10 113 169 
10 114 173 
10 115 169 
10 116 167 
10 117 167 
10 118 167 
10 119 165 
10 120 168 
10 121 167 
10 122 167 
10 123 165 
10 124 162 
10 125 165 
10 126 164 
10 127 162 
11 0 170 
11 1 170 
11 2 171 
11 3 169 
11 4 166 
11 5 162 
11 6 165 
11 7 160 
11 8 157 
11 9 157 
11 10 161 
11 11 156 
11 12 161 
11 13 162 
11 14 161 
11 15 165 
11 16 164 
11 17 165 
11 18 165 
11 19 166 
11 20 167 
11 22 169 
11 23 164 
11 24 168 
11 25 166 
11 28 164 
11 29 161 
11 33 170 
11 34 171 
11 35 170 
11 36 175 
11 37 175 
11 38 173 
11 39 175 
11 40 169 
11 41 172 
11 42 174 
11 43 170 
11 44 175 
11 45 172 
11 46 176 
11 47 171 
11 48 168 
11 49 167 
11 50 171 
11 51 170 
11 52 171 
11 53 171 
11 54 174 
11 55 172 
11 56 172 
11 57 174 
11 58 174 
11 59 175 
11 60 175 
11 61 175 
11 62 175 
11 63 177 
11 64 173 
11 65 179 
11 66 174 
11 67 176 
11 68 180 
11 69 179 
11 70 176 
11 71 181 
11 72 177 
11 73 180 
11 74 178 
11 75 175 
11 76 175 
11 78 170 
11 79 171 
11 80 174 
11 81 172 
11 82 172 
11 83 169 
11 84 172 
11 85 173 
11 86 174 
11 87 176 
11 88 182 
11 89 177 
11 93 178 
11 94 175 
11 95 176 
11 96 174 
11 97 170 
11 98 174 
11 99 169 
11 100 174 
11 101 172 
11 102 172 
11 103 176 
11 104 177 
11 105 182 
11 106 177 
11 107 179 
11 108 177 
11 109 179 
11 110 178 
11 112 175 
11 113 177 
11 115 173 
11 116 176 
11 117 173 
11 118 175 
11 119 175 
11 120 178 
11 121 174 
11 122 178 
11 123 177 
11 124 174 
11 125 177 
11 126 175 
11 127 176 
12 0 172 
12 1 172 
12 2 173 
12 3 164 
12 4 167 
12 5 160 
12 6 159 
12 7 157 
12 9 161 
12 10 161 
12 11 162 
12 12 164 
12 13 164 
12 14 166 
12 15 162 
12 16 163 
12 17 165 
12 18 162 
12 19 160 
12 20 164 
12 21 166 
12 22 169 
12 23 167 
12 24 164 
12 25 170 
12 26 165 
12 27 162 
12 28 164 
12 29 162 
12 30 162 
12 31 162 
12 32 167 
12 33 164 
12 34 169 
12 35 171 
12 36 171 
12 38 174 
12 39 172 
12 40 172 
12 41 170 
12 42 171 
12 43 170 
12 44 173 
12 45 174 
12 46 174 
12 47 169 
12 48 169 
12 49 169 
12 50 170 
12 51 172 
12 52 175 
12 53 175 
12 54 175 
12 55 173 
12 56 174 
12 57 171 
12 58 175 
12 59 176 
12 60 179 
12 61 173 
12 62 174 
12 63 173 
12 64 177 
12 65 178 
12 67 181 
12 68 179 
12 69 181 
12 70 182 
12 71 180 
12 72 184 
12 73 182 
12 74 182 
12 75 180 
12 76 174 
12 77 172 
12 78 176 
12 79 175 
12 81 175 
12 82 173 
12 83 172 
12 84 175 
12 85 172 
12 86 176 
12 87 178 
12 88 177 
12 89 179 
12 91 179 
12 92 177 
12 93 176 
12 94 173 
12 96 178 
12 97 173 
12 98 171 
12 99 171 
12 100 174 
12 101 169 
12 102 171 
12 103 172 
12 104 172 
12 105 178 
12 106 173 
12 107 178 
12 108 178 
12 109 178 
12 110 176 
12 111 171 
12 112 179 
12 113 176 
12 116 177 
12 117 174 
12 118 174 
12 119 174 
12 120 178 
12 122 178 
12 123 182 
12 124 181 
12 125 182 
12 126 182 
12 127 177 
13 0 168 
13 1 168 
13 2 164 
13 3 167 
13 4 156 
13 5 156 
13 6 158 
13 7 159 
13 9 159 
13 10 158 
13 11 162 
13 12 161 
13 13 163 
13 14 161 
13 15 161 
13 16 167 
13 17 161 
13 18 163 
13 19 159 
13 20 163 
13 21 156 
13 22 157 
13 23 158 
13 24 158 
13 25 163 
13 26 159 
13 27 163 
13 28 163 
13 29 162 
13 30 159 
13 31 160 
13 32 163 
13 33 164 
13 34 164 
13 35 170 
13 36 171 
13 37 171 
13 38 170 
13 39 174 
13 40 169 
13 41 171 
13 42 170 
13 43 168 
13 44 169 
13 45 168 
13 46 173 
13 47 173 
13 48 172 
13 49 173 
13 50 172 
13 51 173 
13 52 170 
13 53 174 
13 54 175 
13 55 172 
13 56 175 
13 57 171 
13 58 175 
13 59 174 
13 60 172 
13 61 172 
13 62 178 
13 63 178 
13 64 176 
13 65 173 
13 66 176 
13 67 179 
13 68 179 
13 69 180 
13 70 187 
13 71 184 
13 72 183 
13 73 178 
13 74 183 
13 75 177 
13 76 179 
13 77 173 
13 78 178 
13 79 180 
13 80 180 
13 81 182 
13 82 182 
13 83 178 
13 84 179 
13 85 178 
13 86 182 
13 87 182 
13 88 181 
13 89 183 
13 91 183 
13 92 181 
13 93 181 
13 94 179 
13 95 178 
13 96 176 
13 97 175 
13 98 177 
13 99 174 
13 100 173 
13 101 174 
13 102 173 
13 103 179 
13 104 182 
13 105 179 
13 106 178 
13 107 181 
13 108 180 
13 109 182 
13 110 178 
13 111 175 
13 112 179 
13 113 180 
13 114 179 
13 115 177 
13 116 177 
13 117 179 
13 118 180 
13 119 178 
13 120 182 
13 122 182 
13 123 181 
13 125 183 
13 126 183 
13 127 180 
14 0 147 
14 1 147 
14 2 146 
14 3 141 
14 4 143 
14 5 147 
14 6 149 
14 7 147 
14 8 152 
14 9 146 
14 10 146 
14 11 148 
14 12 152 
14 13 147 
14 14 144 
14 15 149 
14 16 150 
14 17 144 
14 18 144 
14 19 146 
14 20 145 
14 21 142 
14 22 140 
14 23 143 
14 24 144 
14 25 144 
14 26 145 
14 27 142 
14 28 143 
14 29 146 
14 30 141 
14 31 145 
14 32 146 
14 33 155 
14 34 152 
14 35 154 
14 36 154 
14 37 156 
14 38 150 
14 39 156 
14 40 153 
14 42 156 
14 43 157 
14 44 156 
14 45 157 
14 46 156 
14 47 156 
14 48 155 
14 49 156 
14 50 159 
14 51 155 
14 52 162 
14 53 157 
14 54 160 
14 55 163 
14 56 161 
14 57 159 
14 58 161 
14 59 159 
14 60 160 
14 61 163 
14 62 161 
14 63 160 
14 64 163 
14 65 159 
14 66 162 
14 67 164 
14 68 163 
14 69 163 
14 70 166 
14 71 166 
14 72 168 
14 73 163 
14 74 167 
14 75 163 
14 76 164 
14 77 165 
14 78 164 
14 79 167 
14 80 175 
14 81 168 
14 82 168 
14 83 170 
14 84 168 
14 85 169 
14 86 174 
14 87 170 
14 88 172 
14 89 172 
14 90 174 
14 91 172 
14 92 170 
14 93 165 
14 94 169 
14 95 169 
14 96 173 
14 97 167 
14 98 167 
14 99 169 
14 100 188 
14 101 168 
14 102 167 
14 103 165 
14 104 169 
14 105 168 
14 106 170 
14 107 173 
14 108 179 
14 109 174 
14 110 172 
14 111 169 
14 112 175 
14 113 176 
14 114 171 
14 116 175 
14 117 174 
14 118 175 
14 119 176 
14 120 178 
14 121 179 
14 122 178 
14 123 179 
14 124 177 
14 125 180 
14 126 177 
14 127 180 
15 0 130 
15 1 130 
15 2 124 
15 3 125 
15 4 129 
15 5 130 
15 6 127 
15 7 123 
15 8 132 
15 9 132 
15 10 122 
15 11 124 
15 12 130 
15 13 126 
15 14 129 
15 15 130 
15 16 124 
15 17 126 
15 18 121 
15 19 126 
15 20 122 
15 21 118 
15 22 124 
15 23 123 
15 24 119 
15 25 120 
15 27 122 
15 28 119 
15 29 122 
15 30 121 
15 31 120 
15 32 119 
15 33 122 
15 34 122 
15 35 128 
15 36 130 
15 37 120 
15 38 129 
15 39 130 
15 40 127 
15 41 135 
15 42 133 
15 43 129 
15 44 130 
15 45 133 
15 46 137 
15 47 135 
15 49 136 
15 50 140 
15 51 135 
15 52 133 
15 53 134 
15 54 140 
15 55 138 
15 56 141 
15 57 138 
15 58 139 
15 59 142 
15 60 137 
15 61 139 
15 62 142 
15 63 140 
15 64 142 
15 65 142 
15 66 142 
15 67 139 
15 68 140 
15 69 140 
15 70 143 
15 71 142 
15 72 143 
15 73 140 
15 74 144 
15 75 144 
15 76 144 
15 77 142 
15 78 144 
15 79 144 
15 80 143 
15 81 145 
15 82 144 
15 83 148 
15 84 147 
15 85 149 
15 86 148 
15 87 150 
15 88 147 
15 89 151 
15 90 180 
15 91 148 
15 92 150 
15 93 151 
15 95 151 
15 96 146 
15 97 144 
15 98 138 
15 99 181 
15 100 154 
15 101 150 
15 102 144 
15 103 150 
15 104 147 
15 105 149 
15 106 152 
15 107 156 
15 108 155 
15 109 157 
15 110 156 
15 112 157 
15 113 152 
15 114 152 
15 116 159 
15 117 160 
15 118 161 
15 119 157 
15 120 159 
15 121 160 
15 122 165 
15 123 166 
15 124 164 
15 125 127 
15 126 148 
15 127 115 
16 0 97 
16 2 96 
16 3 100 
16 4 98 
16 5 102 
16 6 99 
16 7 95 
16 8 100 
16 9 97 
16 10 95 
16 11 95 
16 12 92 
16 13 97 
16 14 91 
16 15 88 
16 16 93 
16 17 86 
16 18 81 
16 19 84 
16 20 88 
16 21 83 
16 22 89 
16 23 92 
16 24 89 
16 25 88 
16 26 99 
16 27 96 
16 28 91 
16 30 78 
16 31 85 
16 32 83 
16 33 86 
16 34 89 
16 35 95 
16 36 92 
16 37 86 
16 38 91 
16 39 84 
16 40 87 
16 41 92 
16 42 100 
16 43 91 
16 44 90 
16 45 91 
16 46 93 
16 47 91 
16 49 89 
16 50 93 
16 51 87 
16 52 91 
16 53 91 
16 54 94 
16 55 96 
16 56 97 
16 57 102 
16 58 97 
16 59 99 
16 61 93 
16 62 94 
16 63 93 
16 64 99 
16 65 98 
16 66 100 
16 67 103 
16 68 106 
16 69 104 
16 70 106 
16 71 104 
16 72 105 
16 73 106 
16 74 107 
16 75 104 
16 76 107 
16 77 99 
16 78 104 
16 79 105 
16 80 113 
16 81 113 
16 82 111 
16 83 111 
16 84 108 
16 85 112 
16 86 115 
16 87 110 
16 88 112 
16 89 120 
16 90 120 
16 91 107 
16 92 109 
16 93 110 
16 95 107 
16 96 104 
16 97 92 
16 98 154 
16 99 118 
16 100 109 
16 101 111 
16 102 194 
16 103 219 
16 104 166 
16 105 214 
16 106 106 
16 107 115 
16 108 158 
16 109 128 
16 110 121 
16 111 139 
16 112 154 
16 113 160 
16 114 162 
16 115 136 
16 116 126 
16 117 114 
16 118 77 
16 119 98 
16 120 97 
16 121 122 
16 122 86 
16 123 68 
16 124 63 
16 125 49 
16 126 86 
16 127 78 
17 0 87 
17 2 87 
17 3 88 
17 4 90 
17 5 87 
17 6 89 
17 7 85 
17 8 86 
17 9 85 
17 10 81 
17 11 87 
17 12 82 
17 13 83 
17 14 78 
17 15 82 
17 16 75 
17 17 69 
17 18 71 
17 19 73 
17 20 66 
17 21 74 
17 22 71 
17 23 71 
17 24 80 
17 25 76 
17 26 77 
17 27 76 
17 28 71 
17 29 70 
17 30 69 
17 31 72 
17 32 77 
17 33 76 
17 34 78 
17 35 77 
17 36 78 
17 37 79 
17 38 76 
17 39 75 
17 40 77 
17 41 77 
17 42 71 
17 43 73 
17 44 75 
17 45 69 
17 46 72 
17 47 76 
17 48 76 
17 49 70 
17 50 74 
17 51 75 
17 52 71 
17 53 69 
17 54 69 
17 55 67 
17 56 67 
17 57 76 
17 58 82 
17 59 75 
17 61 70 
17 62 77 
17 63 79 
17 64 73 
17 65 74 
17 66 73 
17 67 71 
17 68 80 
17 69 79 
17 70 79 
17 71 85 
17 72 77 
17 73 78 
17 74 73 
17 75 73 
17 76 68 
17 77 72 
17 78 74 
17 79 68 
17 80 108 
17 81 75 
17 82 72 
17 83 75 
17 84 78 
17 85 70 
17 86 71 
17 87 71 
17 88 84 
17 89 129 
17 90 62 
17 91 68 
17 92 63 
17 93 71 
17 94 66 
17 95 67 
17 96 53 
17 97 121 
17 98 153 
17 99 56 
17 100 78 
17 101 160 
17 102 70 
17 103 145 
17 104 64 
17 105 70 
17 106 70 
17 107 177 
17 108 112 
17 109 48 
17 110 67 
17 111 60 
17 112 52 
17 113 58 
17 114 63 
17 115 59 
17 116 81 
17 117 96 
17 118 91 
17 119 114 
17 120 91 
17 121 92 
17 122 96 
17 123 55 
17 124 50 
17 125 55 
17 126 46 
17 127 66 
18 0 103 
18 1 103 
18 2 94 
18 3 89 
18 4 91 
18 5 96 
18 6 98 
18 7 95 
18 9 101 
18 10 91 
18 11 92 
18 12 95 
18 13 95 
18 14 88 
18 15 100 
18 16 82 
18 17 83 
18 18 87 
18 19 84 
18 20 82 
18 21 88 
18 22 83 
18 23 84 
18 24 89 
18 25 87 
18 26 88 
18 27 88 
18 28 86 
18 29 79 
18 30 75 
18 31 69 
18 32 81 
18 33 80 
18 34 87 
18 35 85 
18 36 92 
18 37 83 
18 39 89 
18 40 89 
18 41 85 
18 42 88 
18 43 83 
18 44 82 
18 45 85 
18 46 84 
18 47 84 
18 48 83 
18 49 87 
18 50 83 
18 51 82 
18 52 83 
18 53 80 
18 54 80 
18 55 82 
18 56 81 
18 57 79 
18 58 89 
18 59 87 
18 61 87 
18 62 88 
18 63 87 
18 64 84 
18 65 84 
18 66 85 
18 67 87 
18 68 90 
18 69 96 
18 71 91 
18 72 92 
18 73 92 
18 75 89 
18 76 91 
18 77 85 
18 78 77 
18 79 85 
18 80 127 
18 81 87 
18 82 84 
18 83 87 
18 84 87 
18 85 85 
18 86 82 
18 87 108 
18 88 116 
18 89 75 
18 90 79 
18 91 91 
18 92 96 
18 93 84 
18 94 83 
18 95 81 
18 96 101 
18 97 159 
18 98 81 
18 99 55 
18 100 183 
18 101 158 
18 102 86 
18 103 36 
18 104 37 
18 105 37 
18 106 40 
18 107 48 
18 108 58 
18 109 52 
18 110 72 
18 111 47 
18 112 45 
18 113 43 
18 114 57 
18 115 52 
18 116 84 
18 117 96 
18 118 69 
18 119 56 
18 120 45 
18 122 37 
18 123 52 
18 124 46 
18 125 48 
18 126 65 
18 127 38 
19 0 105 
19 1 105 
19 2 104 
19 3 100 
19 4 103 
19 6 102 
19 7 101 
19 10 106 
19 11 104 
19 12 95 
19 13 102 
19 15 96 
19 16 95 
19 17 94 
19 18 88 
19 19 97 
19 20 94 
19 21 99 
19 22 90 
19 23 96 
19 24 96 
19 25 93 
19 27 95 
19 28 89 
19 29 85 
19 30 90 
19 31 83 
19 32 94 
19 33 97 
19 34 94 
19 35 90 
19 36 88 
19 37 92 
19 39 97 
19 41 92 
19 42 94 
19 43 98 
19 45 97 
19 46 92 
19 47 94 
19 48 85 
19 49 94 
19 50 91 
19 51 92 
19 54 92 
19 55 90 
19 56 90 
19 57 95 
19 58 92 
19 59 97 
19 60 95 
19 61 88 
19 62 97 
19 63 91 
19 64 92 
19 65 89 
19 66 92 
19 67 93 
19 68 102 
19 69 102 
19 70 103 
19 71 98 
19 72 96 
19 73 98 
19 74 99 
19 75 106 
19 76 100 
19 77 110 
19 78 111 
19 79 124 
19 80 94 
19 81 93 
19 82 97 
19 83 95 
19 84 93 
19 85 87 
19 86 146 
19 87 91 
19 88 83 
19 89 92 
19 90 141 
19 91 109 
19 92 96 
19 93 121 
19 94 105 
19 95 121 
19 96 87 
19 97 70 
19 98 81 
19 99 164 
19 100 45 
19 101 39 
19 102 49 
19 103 38 
19 104 48 
19 105 46 
19 106 45 
19 107 47 
19 108 42 
19 109 63 
19 110 43 
19 112 51 
19 113 48 
19 114 40 
19 115 41 
19 116 37 
19 117 35 
19 118 52 
19 119 52 
19 120 52 
19 122 46 
19 123 46 
19 124 56 
19 125 58 
19 126 63 
19 127 63 
20 0 110 
20 1 110 
20 2 105 
20 3 103 
20 5 106 
20 6 109 
20 7 102 
20 8 103 
20 9 99 
20 10 105 
20 11 106 
20 12 103 
20 13 102 
20 15 105 
20 16 96 
20 17 95 
20 18 101 
20 19 101 
20 20 92 
20 21 99 
20 22 92 
20 23 96 
20 24 97 
20 25 95 
20 27 96 
20 28 96 
20 29 89 
20 30 95 
20 31 94 
20 32 96 
20 33 97 
20 34 103 
20 35 99 
20 36 97 
20 39 98 
20 40 95 
20 41 97 
20 42 94 
20 44 96 
20 45 100 
20 46 97 
20 47 91 
20 48 97 
20 49 97 
20 51 92 
20 52 91 
20 53 95 
20 54 96 
20 55 94 
20 56 91 
20 57 99 
20 58 98 
20 59 104 
20 60 100 
20 61 96 
20 62 99 
20 63 100 
20 64 97 
20 65 101 
20 67 102 
20 68 97 
20 69 106 
20 71 109 
20 72 106 
20 73 102 
20 74 109 
20 75 105 
20 76 106 
20 77 144 
20 78 118 
20 79 108 
20 80 103 
20 81 106 
20 82 101 
20 83 101 
20 84 106 
20 85 146 
20 86 99 
20 87 103 
20 88 139 
20 89 140 
20 90 105 
20 91 102 
20 92 94 
20 93 90 
20 94 85 
20 95 53 
20 96 50 
20 97 53 
20 98 40 
20 99 36 
20 100 39 
20 102 41 
20 103 58 
20 104 42 
20 105 42 
20 106 47 
20 107 58 
20 108 52 
20 109 42 
20 110 46 
20 111 43 
20 112 46 
20 113 38 
20 114 43 
20 115 45 
20 116 58 
20 117 46 
20 118 40 
20 119 54 
20 120 43 
20 122 46 
20 123 49 
20 124 42 
20 125 44 
20 126 63 
20 127 58 
21 0 104 
21 1 104 
21 2 104 
21 4 109 
21 6 104 
21 7 105 
21 8 108 
21 9 103 
21 10 100 
21 11 107 
21 13 105 
21 14 107 
21 15 101 
21 16 90 
21 17 102 
21 18 96 
21 19 96 
21 20 98 
21 21 103 
21 22 97 
21 23 97 
21 24 92 
21 25 100 
21 26 94 
21 27 101 
21 28 91 
21 29 99 
21 30 96 
21 31 100 
21 32 99 
21 34 96 
21 36 98 
21 37 96 
21 39 104 
21 40 101 
21 41 98 
21 42 96 
21 43 97 
21 44 97 
21 45 98 
21 46 99 
21 47 101 
21 48 96 
21 49 96 
21 50 97 
21 51 101 
21 52 100 
21 54 95 
21 55 101 
21 56 103 
21 58 102 
21 59 99 
21 60 102 
21 61 100 
21 62 100 
21 63 103 
21 64 105 
21 65 105 
21 66 98 
21 67 102 
21 68 111 
21 69 111 
21 70 115 
21 72 108 
21 73 148 
21 74 114 
21 75 113 
21 76 103 
21 77 129 
21 78 111 
21 79 110 
21 80 119 
21 81 112 
21 82 114 
21 83 120 
21 84 142 
21 85 119 
21 86 131 
21 87 145 
21 88 133 
21 89 113 
21 90 109 
21 91 73 
21 92 73 
21 93 65 
21 94 82 
21 95 54 
21 96 67 
21 97 39 
21 98 40 
21 99 34 
21 100 38 
21 102 47 
21 103 53 
21 104 46 
21 105 45 
21 106 75 
21 107 45 
21 108 45 
21 109 41 
21 111 45 
21 112 50 
21 113 60 
21 114 90 
21 115 44 
21 116 45 
21 117 46 
21 118 44 
21 119 72 
21 120 53 
21 121 39 
21 122 47 
21 123 56 
21 124 56 
21 125 53 
21 126 58 
21 127 77 
22 0 108 
22 1 108 
22 2 102 
22 3 107 
22 4 97 
22 5 101 
22 6 101 
22 7 104 
22 8 107 
22 9 102 
22 11 100 
22 13 100 
22 14 99 
22 15 98 
22 16 99 
22 17 98 
22 18 103 
22 19 99 
22 20 103 
22 22 103 
22 23 97 
22 24 99 
22 25 98 
22 26 103 
22 27 101 
22 28 98 
22 29 97 
22 30 95 
22 31 95 
22 32 95 
22 33 97 
22 34 101 
22 35 99 
22 36 98 
22 37 101 
22 38 97 
22 39 102 
22 40 95 
22 41 95 
22 42 97 
22 43 94 
22 44 100 
22 45 99 
22 46 95 
22 47 98 
22 48 103 
22 50 92 
22 51 95 
22 52 94 
22 54 100 
22 55 95 
22 56 95 
22 57 105 
22 58 105 
22 59 105 
22 60 100 
22 61 103 
22 62 100 
22 63 102 
22 64 99 
22 65 96 
22 68 100 
22 69 108 
22 70 110 
22 71 111 
22 72 109 
22 73 157 
22 74 131 
22 75 117 
22 76 135 
22 77 135 
22 78 130 
22 79 108 
22 80 87 
22 81 60 
22 82 97 
22 83 89 
22 84 85 
22 85 59 
22 86 59 
22 87 51 
22 88 46 
22 89 68 
22 90 63 
22 91 53 
22 93 88 
22 94 96 
22 95 128 
22 96 76 
22 97 88 
22 98 95 
22 99 90 
22 100 42 
22 101 64 
22 102 38 
22 103 61 
22 104 69 
22 105 54 
22 106 43 
22 107 46 
22 108 50 
22 109 46 
22 111 42 
22 112 43 
22 113 59 
22 114 64 
22 115 48 
22 116 44 
22 117 45 
22 118 55 
22 119 41 
22 120 44 
22 121 58 
22 122 57 
22 123 71 
22 124 74 
22 126 56 
22 127 53 
23 0 110 
23 1 110 
23 2 107 
23 3 102 
23 4 105 
23 5 105 
23 7 105 
23 8 100 
23 9 104 
23 10 102 
23 11 104 
23 12 108 
23 14 104 
23 15 97 
23 16 98 
23 17 103 
23 18 94 
23 20 94 
23 21 105 
23 22 104 
23 23 100 
23 24 100 
23 25 97 
23 26 103 
23 27 102 
23 28 106 
23 29 94 
23 30 100 
23 31 99 
23 32 101 
23 33 106 
23 34 103 
23 35 103 
23 36 100 
23 37 98 
23 38 98 
23 39 99 
23 40 98 
23 41 102 
23 42 100 
23 43 99 
23 45 96 
23 46 104 
23 48 94 
23 49 98 
23 50 101 
23 51 98 
23 52 97 
23 53 95 
23 55 101 
23 56 102 
23 57 102 
23 58 102 
23 59 105 
23 60 105 
23 62 103 
23 63 103 
23 64 97 
23 65 99 
23 66 97 
23 67 107 
23 68 106 
23 69 37 
23 70 97 
23 71 144 
23 72 122 
23 73 150 
23 74 105 
23 75 63 
23 76 140 
23 77 42 
23 78 51 
23 79 70 
23 80 60 
23 81 58 
23 82 62 
23 83 50 
23 84 60 
23 85 68 
23 86 52 
23 87 49 
23 88 60 
23 89 84 
23 90 149 
23 91 139 
23 92 66 
23 93 53 
23 94 46 
23 95 41 
23 96 62 
23 97 54 
23 98 57 
23 99 43 
23 100 98 
23 101 88 
23 103 62 
23 104 56 
23 105 45 
23 106 51 
23 107 52 
23 108 57 
23 109 46 
23 110 55 
23 111 71 
23 113 72 
23 114 48 
23 115 44 
23 116 46 
23 117 64 
23 118 56 
23 119 45 
23 120 55 
23 121 56 
23 122 46 
23 123 49 
23 124 56 
23 125 55 
23 126 62 
23 127 78 
24 0 109 
24 1 109 
24 2 101 
24 3 100 
24 4 101 
24 5 105 
24 6 105 
24 7 103 
24 8 104 
24 9 101 
24 10 100 
24 11 101 
24 12 101 
24 13 104 
24 14 106 
24 15 98 
24 16 101 
24 17 102 
24 18 103 
24 19 101 
24 20 102 
24 21 99 
24 22 103 
24 23 98 
24 24 104 
24 25 98 
24 26 98 
24 27 99 
24 28 102 
24 29 101 
24 30 102 
24 31 97 
24 32 102 
24 34 102 
24 35 98 
24 36 96 
24 38 95 
24 39 98 
24 40 97 
24 41 98 
24 42 98 
24 43 100 
24 44 100 
24 45 96 
24 46 99 
24 47 98 
24 48 105 
24 49 102 
24 50 95 
24 51 97 
24 52 97 
24 53 94 
24 55 97 
24 56 99 
24 57 104 
24 58 103 
24 59 101 
24 60 98 
24 61 100 
24 63 93 
24 64 97 
24 65 96 
24 66 94 
24 67 102 
24 68 108 
24 69 55 
24 70 138 
24 71 167 
24 72 115 
24 73 144 
24 74 105 
24 75 104 
24 76 46 
24 77 95 
24 78 117 
24 79 86 
24 80 96 
24 81 83 
24 82 85 
24 83 63 
24 84 65 
24 85 123 
24 86 103 
24 87 106 
24 88 40 
24 89 66 
24 90 51 
24 91 48 
24 92 49 
24 93 40 
24 94 52 
24 95 67 
24 96 70 
24 97 55 
24 98 83 
24 99 60 
24 100 32 
24 101 39 
24 102 95 
24 103 57 
24 104 42 
24 105 50 
24 106 44 
24 107 47 
24 108 38 
24 109 43 
24 110 88 
24 111 47 
24 112 53 
24 113 47 
24 114 40 
24 115 43 
24 116 68 
24 117 51 
24 118 53 
24 119 54 
24 120 63 
24 121 55 
24 122 76 
24 123 79 
24 124 62 
24 125 50 
24 126 67 
24 127 75 
25 0 104 
25 1 104 
25 2 106 
25 3 102 
25 4 99 
25 5 103 
25 6 103 
25 8 102 
25 9 107 
25 10 107 
25 11 101 
25 12 104 
25 13 98 
25 14 105 
25 15 107 
25 16 105 
25 17 100 
25 18 93 
25 19 99 
25 20 98 
25 21 98 
25 22 103 
25 23 104 
25 24 97 
25 25 102 
25 26 98 
25 27 103 
25 28 104 
25 29 94 
25 30 101 
25 33 101 
25 34 91 
25 36 102 
25 37 98 
25 38 98 
25 40 97 
25 41 103 
25 42 101 
25 43 94 
25 44 98 
25 45 100 
25 46 100 
25 48 104 
25 49 93 
25 51 97 
25 52 100 
25 53 101 
25 54 94 
25 55 104 
25 58 98 
25 60 101 
25 61 105 
25 62 104 
25 63 98 
25 64 93 
25 65 92 
25 66 88 
25 67 96 
25 68 62 
25 69 127 
25 70 124 
25 71 115 
25 72 111 
25 73 60 
25 74 85 
25 75 94 
25 76 112 
25 77 131 
25 78 76 
25 79 126 
25 80 108 
25 81 119 
25 82 69 
25 83 63 
25 84 126 
25 85 39 
25 86 55 
25 87 53 
25 88 75 
25 89 52 
25 90 47 
25 91 34 
25 92 47 
25 93 63 
25 94 64 
25 95 57 
25 96 84 
25 97 59 
25 98 59 
25 99 57 
25 100 49 
25 101 35 
25 102 126 
25 103 66 
25 104 44 
25 105 41 
25 106 48 
25 107 39 
25 108 56 
25 109 143 
25 110 42 
25 111 51 
25 112 57 
25 113 46 
25 114 65 
25 115 52 
25 116 57 
25 117 61 
25 118 65 
25 119 52 
25 120 51 
25 121 52 
25 122 48 
25 123 39 
25 124 37 
25 125 85 
25 126 84 
25 127 54 
26 0 108 
26 1 108 
26 2 109 
26 3 113 
26 6 108 
26 7 108 
26 8 106 
26 9 110 
26 10 106 
26 11 110 
26 12 112 
26 13 108 
26 14 111 
26 15 107 
26 16 107 
26 17 101 
26 19 112 
26 20 105 
26 21 100 
26 22 107 
26 23 106 
26 24 99 
26 25 102 
26 26 102 
26 27 105 
26 28 111 
26 29 101 
26 30 103 
26 31 102 
26 32 111 
26 33 110 
26 34 109 
26 35 99 
26 36 105 
26 37 98 
26 38 105 
26 39 100 
26 40 101 
26 41 102 
26 42 99 
26 43 104 
26 44 99 
26 45 98 
26 46 106 
26 47 98 
26 48 108 
26 49 96 
26 50 96 
26 51 99 
26 52 100 
26 53 100 
26 55 100 
26 56 102 
26 57 98 
26 58 107 
26 59 104 
26 60 106 
26 61 104 
26 62 103 
26 63 107 
26 64 105 
26 65 90 
26 66 85 
26 67 51 
26 68 57 
26 69 144 
26 70 145 
26 71 71 
26 72 147 
26 73 73 
26 74 93 
26 75 128 
26 76 81 
26 77 120 
26 78 84 
26 79 63 
26 80 71 
26 81 61 
26 82 43 
26 83 142 
26 84 55 
26 85 58 
26 86 72 
26 87 65 
26 88 68 
26 89 69 
26 90 106 
26 91 93 
26 92 55 
26 93 42 
26 94 45 
26 96 50 
26 97 47 
26 98 58 
26 99 107 
26 100 116 
26 101 138 
26 102 75 
26 103 63 
26 104 79 
26 105 104 
26 106 116 
26 107 151 
26 108 138 
26 109 118 
26 110 86 
26 111 89 
26 112 72 
26 113 58 
26 114 73 
26 115 57 
26 116 48 
26 117 50 
26 118 44 
26 119 52 
26 120 46 
26 121 47 
26 122 47 
26 123 44 
26 124 48 
26 125 49 
26 126 51 
26 127 68 
27 0 113 
27 1 113 
27 2 109 
27 3 112 
27 4 114 
27 5 113 
27 6 108 
27 7 114 
27 8 117 
27 9 116 
27 10 115 
27 11 110 
27 12 111 
27 13 113 
27 14 123 
27 15 112 
27 16 104 
27 17 109 
27 18 111 
27 19 105 
27 20 103 
27 21 110 
27 23 107 
27 24 108 
27 25 109 
27 26 107 
27 27 106 
27 28 109 
27 29 106 
27 30 107 
27 31 107 
27 32 108 
27 33 111 
27 34 108 
27 35 108 
27 36 103 
27 37 107 
27 38 102 
27 39 98 
27 40 99 
27 41 106 
27 42 105 
27 43 106 
27 44 101 
27 45 99 
27 46 100 
27 47 94 
27 48 99 
27 49 97 
27 50 106 
27 51 102 
27 52 104 
27 53 104 
27 55 106 
27 56 104 
27 57 107 
27 58 112 
27 59 104 
27 61 111 
27 62 105 
27 63 108 
27 64 106 
27 65 119 
27 66 198 
27 67 185 
27 68 141 
27 69 153 
27 70 65 
27 71 66 
27 72 119 
27 73 56 
27 74 67 
27 75 70 
27 76 136 
27 77 56 
27 78 56 
27 79 70 
27 80 57 
27 81 58 
27 82 116 
27 83 44 
27 84 48 
27 85 69 
27 86 62 
27 87 59 
27 88 52 
27 89 60 
27 90 99 
27 91 48 
27 92 57 
27 93 61 
27 94 55 
27 95 45 
27 96 53 
27 97 43 
27 98 47 
27 99 61 
27 100 77 
27 101 72 
27 102 61 
27 103 65 
27 104 64 
27 105 49 
27 106 43 
27 107 37 
27 108 37 
27 109 36 
27 110 52 
27 111 59 
27 112 52 
27 113 65 
27 114 46 
27 115 55 
27 116 56 
27 117 63 
27 118 79 
27 119 59 
27 120 46 
27 121 66 
27 122 81 
27 123 69 
27 124 84 
27 125 87 
27 126 139 
27 127 137 
28 0 112 
28 1 112 
28 2 118 
28 3 119 
28 4 114 
28 5 121 
28 6 120 
28 7 116 
28 8 117 
28 9 118 
28 10 114 
28 11 117 
28 12 111 
28 13 119 
28 14 120 
28 15 119 
28 16 118 
28 17 113 
28 18 112 
28 19 107 
28 20 112 
28 21 113 
28 22 107 
28 23 107 
28 24 116 
28 25 109 
28 26 107 
28 27 118 
28 28 108 
28 29 110 
28 30 110 
28 31 109 
28 32 112 
28 33 113 
28 34 111 
28 35 105 
28 36 110 
28 38 105 
28 39 104 
28 40 99 
28 41 95 
28 42 94 
28 43 92 
28 44 88 
28 45 94 
28 46 99 
28 47 98 
28 48 99 
28 49 99 
28 50 108 
28 51 104 
28 52 107 
28 53 103 
28 54 107 
28 55 109 
28 56 112 
28 57 120 
28 58 114 
28 59 118 
28 60 114 
28 61 111 
28 62 115 
28 63 104 
28 64 112 
28 65 200 
28 66 182 
28 67 107 
28 68 168 
28 69 153 
28 70 80 
28 71 89 
28 72 56 
28 73 62 
28 74 61 
28 75 118 
28 76 53 
28 77 55 
28 78 87 
28 79 71 
28 80 143 
28 81 81 
28 82 93 
28 83 80 
28 84 74 
28 85 72 
28 86 59 
28 87 57 
28 88 56 
28 89 47 
28 90 96 
28 91 84 
28 92 108 
28 93 70 
28 94 79 
28 95 101 
28 96 48 
28 97 44 
28 98 61 
28 99 55 
28 100 107 
28 101 68 
28 102 68 
28 103 59 
28 104 56 
28 105 63 
28 106 83 
28 107 74 
28 108 41 
28 109 43 
28 110 49 
28 111 48 
28 112 60 
28 113 49 
28 114 69 
28 115 67 
28 116 86 
28 117 71 
28 118 58 
28 119 74 
28 120 77 
28 121 83 
28 122 97 
28 123 76 
28 124 56 
28 125 67 
28 126 51 
28 127 61 
29 0 125 
29 1 125 
29 2 119 
29 3 122 
29 4 121 
29 5 118 
29 7 123 
29 8 122 
29 10 121 
29 11 120 
29 12 121 
29 13 119 
29 14 122 
29 15 116 
29 16 119 
29 17 114 
29 19 114 
29 20 117 
29 21 112 
29 22 114 
29 23 116 
29 24 118 
29 25 119 
29 26 117 
29 27 119 
29 28 116 
29 29 110 
29 30 111 
29 31 114 
29 32 112 
29 33 114 
29 34 108 
29 35 110 
29 36 97 
29 37 97 
29 38 91 
29 39 89 
29 40 87 
29 41 91 
29 42 82 
29 43 79 
29 44 79 
29 45 83 
29 46 81 
29 47 84 
29 48 89 
29 49 96 
29 50 102 
29 51 102 
29 52 111 
29 53 115 
29 55 113 
29 56 111 
29 57 120 
29 58 112 
29 59 114 
29 60 121 
29 61 115 
29 62 117 
29 63 119 
29 64 135 
29 65 134 
29 66 137 
29 67 181 
29 68 222 
29 69 76 
29 70 57 
29 71 40 
29 72 48 
29 73 69 
29 74 110 
29 75 46 
29 76 73 
29 77 78 
29 78 119 
29 79 51 
29 80 51 
29 81 110 
29 82 82 
29 83 62 
29 84 76 
29 85 92 
29 86 78 
29 87 126 
29 88 142 
29 89 180 
29 90 169 
29 91 133 
29 92 123 
29 93 109 
29 94 108 
29 95 122 
29 96 120 
29 97 133 
29 98 121 
29 99 70 
29 100 32 
29 101 46 
29 102 102 
29 103 46 
29 104 45 
29 105 41 
29 106 39 
29 107 35 
29 108 44 
29 109 57 
29 110 83 
29 111 42 
29 112 48 
29 113 49 
29 114 72 
29 115 52 
29 116 47 
29 117 54 
29 118 56 
29 119 55 
29 120 55 
29 121 52 
29 122 55 
29 123 50 
29 124 39 
29 125 45 
29 126 49 
29 127 62 
30 0 123 
30 1 123 
30 2 125 
30 3 122 
30 4 118 
30 5 125 
30 6 120 
30 7 121 
30 9 119 
30 11 121 
30 12 120 
30 13 115 
30 14 122 
30 15 119 
30 16 113 
30 17 113 
30 18 114 
30 19 109 
30 20 119 
30 21 116 
30 22 117 
30 23 113 
30 24 111 
30 25 112 
30 26 117 
30 27 108 
30 28 112 
30 30 110 
30 31 104 
30 32 105 
30 33 100 
30 34 93 
30 35 99 
30 36 131 
30 37 196 
30 38 213 
30 39 216 
30 40 222 
30 41 219 
30 42 211 
30 43 217 
30 44 218 
30 45 219 
30 46 195 
30 47 120 
30 48 77 
30 49 81 
30 50 95 
30 51 98 
30 52 109 
30 54 113 
30 55 114 
30 57 114 
30 58 117 
30 59 123 
30 62 120 
30 63 142 
30 64 149 
30 66 150 
30 67 147 
30 68 207 
30 69 41 
30 70 40 
30 71 60 
30 72 108 
30 73 101 
30 74 74 
30 75 85 
30 76 62 
30 77 75 
30 78 91 
30 79 113 
30 80 107 
30 81 71 
30 82 68 
30 83 112 
30 84 94 
30 85 68 
30 86 78 
30 87 108 
30 88 95 
30 89 73 
30 90 131 
30 91 88 
30 92 83 
30 93 101 
30 94 65 
30 95 49 
30 96 64 
30 97 137 
30 98 135 
30 99 125 
30 100 131 
30 101 99 
30 102 62 
30 103 46 
30 104 92 
30 105 96 
30 106 47 
30 107 59 
30 108 60 
30 109 38 
30 110 46 
30 111 58 
30 112 69 
30 113 59 
30 114 43 
30 115 64 
30 116 41 
30 117 41 
30 118 61 
30 120 59 
30 121 86 
30 122 98 
30 123 103 
30 124 112 
30 125 105 
30 126 111 
30 127 117 
31 0 122 
31 1 122 
31 2 125 
31 3 130 
31 4 125 
31 5 123 
31 6 127 
31 7 125 
31 8 119 
31 9 123 
31 10 120 
31 11 129 
31 12 124 
31 13 121 
31 14 127 
31 15 119 
31 16 119 
31 17 117 
31 18 114 
31 19 117 
31 20 124 
31 21 123 
31 22 117 
31 23 119 
31 24 117 
31 26 120 
31 27 119 
31 28 111 
31 29 108 
31 30 107 
31 31 151 
31 32 213 
31 33 218 
31 34 214 
31 35 208 
31 36 200 
31 37 201 
31 38 192 
31 40 189 
31 41 188 
31 42 203 
31 43 201 
31 44 201 
31 45 189 
31 46 198 
31 47 185 
31 48 203 
31 49 219 
31 50 119 
31 51 84 
31 52 93 
31 53 99 
31 54 101 
31 55 108 
31 56 113 
31 57 118 
31 58 115 
31 59 118 
31 60 117 
31 61 117 
31 62 125 
31 63 144 
31 64 153 
31 66 153 
31 67 137 
31 68 75 
31 69 72 
31 70 37 
31 71 59 
31 72 104 
31 73 119 
31 74 124 
31 75 130 
31 76 140 
31 77 99 
31 78 112 
31 79 98 
31 80 65 
31 81 99 
31 82 74 
31 83 107 
31 84 86 
31 85 65 
31 86 72 
31 87 85 
31 88 104 
31 89 95 
31 90 74 
31 91 108 
31 92 138 
31 93 117 
31 94 122 
31 95 63 
31 96 77 
31 97 84 
31 98 91 
31 99 131 
31 100 119 
31 101 56 
31 102 63 
31 103 86 
31 104 39 
31 105 44 
31 106 99 
31 107 57 
31 108 53 
31 109 33 
31 110 47 
31 111 46 
31 112 39 
31 113 40 
31 114 49 
31 115 43 
31 116 55 
31 117 46 
31 118 50 
31 119 41 
31 120 47 
31 121 46 
31 122 62 
31 123 116 
31 124 124 
31 125 83 
31 126 86 
31 127 75 
32 0 131 
32 1 131 
32 2 122 
32 3 124 
32 4 129 
32 5 123 
32 6 130 
32 7 127 
32 8 125 
32 9 120 
32 10 126 
32 11 128 
32 12 123 
32 13 129 
32 14 126 
32 15 117 
32 16 124 
32 17 120 
32 18 122 
32 19 122 
32 20 123 
32 21 121 
32 22 121 
32 23 124 
32 24 119 
32 25 130 
32 26 117 
32 27 114 
32 28 143 
32 29 217 
32 30 195 
32 31 195 
32 32 173 
32 33 158 
32 34 144 
32 35 148 
32 37 156 
32 38 155 
32 39 174 
32 40 174 
32 41 180 
32 42 190 
32 43 171 
32 44 183 
32 45 176 
32 46 187 
32 47 190 
32 48 185 
32 49 185 
32 51 221 
32 52 92 
32 53 86 
32 54 90 
32 55 94 
32 56 100 
32 57 112 
32 58 118 
32 59 126 
32 60 124 
32 61 168 
32 62 173 
32 63 137 
32 64 147 
32 65 156 
32 66 129 
32 67 115 
32 68 47 
32 69 95 
32 70 151 
32 71 79 
32 72 117 
32 73 98 
32 74 78 
32 75 107 
32 76 132 
32 77 65 
32 78 95 
32 79 133 
32 80 161 
32 81 159 
32 82 112 
32 83 83 
32 84 115 
32 85 58 
32 86 84 
32 87 69 
32 88 106 
32 89 108 
32 90 64 
32 91 100 
32 92 117 
32 93 106 
32 94 133 
32 95 107 
32 96 86 
32 97 54 
32 98 42 
32 99 123 
32 100 75 
32 101 108 
32 102 86 
32 103 79 
32 104 110 
32 105 105 
32 106 62 
32 107 54 
32 108 44 
32 109 47 
32 110 43 
32 111 53 
32 112 35 
32 113 43 
32 114 46 
32 115 40 
32 116 40 
32 117 52 
32 118 41 
32 119 50 
32 120 44 
32 121 38 
32 122 46 
32 123 59 
32 124 36 
32 125 101 
32 126 146 
32 127 76 
33 0 128 
33 1 128 
33 2 129 
33 3 127 
33 6 125 
33 7 119 
33 8 129 
33 9 126 
33 10 121 
33 12 124 
33 13 129 
33 14 121 
33 15 128 
33 16 123 
33 18 112 
33 19 120 
33 20 126 
33 21 124 
33 22 122 
33 23 121 
33 24 122 
33 25 120 
33 26 146 
33 27 170 
33 28 144 
33 29 117 
33 30 132 
33 31 117 
33 32 109 
33 33 103 
33 35 126 
33 36 132 
33 37 138 
33 38 138 
33 39 170 
33 40 181 
33 41 169 
33 42 157 
33 43 148 
33 44 159 
33 45 170 
33 46 179 
33 47 184 
33 48 176 
33 49 189 
33 51 216 
33 52 205 
33 53 216 
33 54 217 
33 55 223 
33 56 167 
33 57 112 
33 58 110 
33 59 117 
33 60 146 
33 61 159 
33 62 54 
33 63 49 
33 64 182 
33 65 107 
33 66 79 
33 67 39 
33 68 38 
33 69 133 
33 70 78 
33 71 106 
33 72 65 
33 73 120 
33 74 87 
33 75 58 
33 76 51 
33 77 56 
33 78 82 
33 79 132 
33 80 62 
33 81 52 
33 82 88 
33 83 146 
33 84 132 
33 85 116 
33 86 45 
33 87 121 
33 88 81 
33 89 77 
33 90 130 
33 91 65 
33 92 113 
33 93 101 
33 95 120 
33 96 126 
33 97 139 
33 98 80 
33 99 120 
33 100 80 
33 101 131 
33 102 68 
33 103 57 
33 104 47 
33 105 81 
33 106 45 
33 107 45 
33 108 48 
33 109 54 
33 110 75 
33 111 74 
33 112 40 
33 113 43 
33 114 96 
33 115 79 
33 116 56 
33 117 49 
33 118 61 
33 119 43 
33 120 55 
33 121 87 
33 122 92 
33 123 46 
33 124 50 
33 125 40 
33 126 41 
33 127 101 
34 0 134 
34 1 134 
34 2 133 
34 3 129 
34 4 125 
34 5 131 
34 6 126 
34 7 135 
34 8 128 
34 9 127 
34 10 129 
34 11 124 
34 12 127 
34 13 122 
34 14 128 
34 15 125 
34 16 119 
34 17 120 
34 18 121 
34 19 125 
34 20 119 
34 21 125 
34 22 121 
34 23 123 
34 24 126 
34 25 144 
34 26 114 
34 27 98 
34 28 102 
34 29 103 
34 30 96 
34 31 98 
34 32 104 
34 33 97 
34 34 94 
34 35 107 
34 36 100 
34 37 111 
34 38 116 
34 39 157 
34 40 152 
34 41 146 
34 42 148 
34 43 152 
34 44 129 
34 45 129 
34 46 129 
34 47 130 
34 48 150 
34 49 191 
34 50 163 
34 51 182 
34 52 195 
34 53 199 
34 54 219 
34 55 214 
34 56 218 
34 57 223 
34 58 197 
34 59 128 
34 60 97 
34 61 62 
34 62 38 
34 63 62 
34 64 167 
34 65 79 
34 66 45 
34 67 35 
34 68 100 
34 69 71 
34 70 107 
34 71 95 
34 72 109 
34 73 46 
34 74 62 
34 75 42 
34 76 59 
34 77 60 
34 78 41 
34 79 39 
34 80 49 
34 81 61 
34 82 126 
34 83 138 
34 84 153 
34 85 110 
34 86 129 
34 87 60 
34 88 143 
34 89 60 
34 90 116 
34 91 133 
34 92 84 
34 93 88 
34 94 107 
34 95 134 
34 96 101 
34 97 66 
34 98 109 
34 99 166 
34 100 56 
34 101 66 
34 102 58 
34 103 76 
34 104 74 
34 105 49 
34 106 91 
34 107 62 
34 108 80 
34 109 63 
34 110 43 
34 111 70 
34 112 91 
34 113 87 
34 114 48 
34 115 49 
34 116 66 
34 117 32 
34 118 49 
34 119 45 
34 121 51 
34 122 45 
34 123 65 
34 124 117 
34 125 100 
34 126 50 
34 127 58 
35 0 131 
35 1 131 
35 3 128 
35 4 132 
35 5 131 
35 6 125 
35 7 128 
35 8 128 
35 9 126 
35 11 124 
35 12 121 
35 13 123 
35 14 129 
35 15 125 
35 16 127 
35 17 123 
35 18 125 
35 19 118 
35 20 118 
35 21 127 
35 22 123 
35 23 127 
35 24 117 
35 25 108 
35 26 103 
35 27 104 
35 29 97 
35 30 107 
35 31 104 
35 32 108 
35 33 103 
35 34 94 
35 35 101 
35 36 95 
35 37 108 
35 38 119 
35 39 122 
35 40 142 
35 41 142 
35 42 143 
35 43 141 
35 44 136 
35 45 123 
35 46 108 
35 47 152 
35 48 118 
35 49 174 
35 50 187 
35 51 180 
35 52 198 
35 53 197 
35 54 195 
35 55 140 
35 56 113 
35 57 109 
35 58 127 
35 59 112 
35 60 138 
35 61 89 
35 62 84 
35 63 81 
35 64 102 
35 65 40 
35 66 46 
35 67 120 
35 68 83 
35 69 36 
35 70 72 
35 71 51 
35 72 36 
35 73 41 
35 74 49 
35 75 62 
35 76 72 
35 77 58 
35 78 47 
35 79 42 
35 80 55 
35 81 39 
35 82 38 
35 83 46 
35 84 84 
35 85 136 
35 86 122 
35 87 100 
35 88 55 
35 89 115 
35 90 103 
35 91 107 
35 92 119 
35 93 132 
35 94 116 
35 95 112 
35 96 113 
35 97 128 
35 98 112 
35 99 82 
35 100 96 
35 101 62 
35 102 98 
35 103 67 
35 104 71 
35 105 95 
35 106 94 
35 107 89 
35 108 104 
35 109 52 
35 110 48 
35 111 47 
35 112 36 
35 113 97 
35 114 56 
35 115 71 
35 116 94 
35 117 101 
35 118 36 
35 119 52 
35 120 65 
35 121 81 
35 122 47 
35 123 44 
35 124 31 
35 125 76 
35 126 75 
35 127 123 
36 0 134 
36 1 134 
36 3 130 
36 4 134 
36 5 126 
36 6 130 
36 7 127 
36 8 130 
36 9 129 
36 11 123 
36 12 125 
36 13 125 
36 14 126 
36 15 123 
36 16 123 
36 17 124 
36 18 126 
36 19 123 
36 20 122 
36 21 122 
36 22 124 
36 23 107 
36 24 109 
36 25 110 
36 26 106 
36 27 104 
36 28 110 
36 29 109 
36 30 113 
36 31 107 
36 32 111 
36 33 98 
36 34 104 
36 35 94 
36 36 104 
36 37 99 
36 38 103 
36 39 116 
36 40 112 
36 41 119 
36 42 130 
36 43 142 
36 44 140 
36 45 152 
36 46 134 
36 47 156 
36 48 136 
36 49 167 
36 50 127 
36 51 146 
36 52 103 
36 53 141 
36 54 109 
36 55 102 
36 56 115 
36 57 117 
36 58 110 
36 59 109 
36 60 128 
36 61 134 
36 62 185 
36 63 140 
36 64 92 
36 65 35 
36 66 128 
36 67 41 
36 68 51 
36 69 41 
36 70 40 
36 71 35 
36 72 49 
36 73 40 
36 74 47 
36 75 51 
36 76 49 
36 77 37 
36 78 45 
36 79 63 
36 80 49 
36 81 89 
36 82 38 
36 83 46 
36 84 95 
36 85 157 
36 86 91 
36 87 96 
36 88 45 
36 89 111 
36 90 139 
36 91 101 
36 92 74 
36 93 98 
36 94 96 
36 95 138 
36 96 122 
36 97 140 
36 98 95 
36 99 119 
36 100 98 
36 101 114 
36 102 97 
36 103 89 
36 104 98 
36 105 64 
36 106 117 
36 107 101 
36 108 115 
36 109 108 
36 110 74 
36 111 34 
36 112 85 
36 113 49 
36 114 89 
36 115 118 
36 116 133 
36 117 99 
36 118 99 
36 119 48 
36 120 57 
36 121 59 
36 122 62 
36 123 117 
36 124 88 
36 125 34 
36 126 62 
36 127 38 
37 0 133 
37 1 133 
37 4 129 
37 6 129 
37 7 131 
37 8 126 
37 9 124 
37 10 121 
37 11 125 
37 12 130 
37 13 129 
37 14 131 
37 15 126 
37 16 123 
37 17 124 
37 18 123 
37 19 122 
37 20 128 
37 21 125 
37 22 110 
37 23 104 
37 24 111 
37 25 117 
37 26 123 
37 27 112 
37 28 104 
37 29 117 
37 30 103 
37 31 116 
37 32 111 
37 33 113 
37 34 99 
37 35 96 
37 36 102 
37 37 109 
37 39 97 
37 40 105 
37 41 107 
37 42 104 
37 43 103 
37 44 119 
37 45 109 
37 46 115 
37 47 150 
37 48 142 
37 49 100 
37 50 96 
37 51 130 
37 52 125 
37 53 126 
37 54 128 
37 55 115 
37 56 109 
37 57 120 
37 58 123 
37 59 138 
37 60 128 
37 61 130 
37 62 126 
37 63 76 
37 64 59 
37 65 116 
37 66 39 
37 67 86 
37 68 85 
37 69 45 
37 70 65 
37 71 75 
37 72 98 
37 73 47 
37 74 47 
37 75 51 
37 76 41 
37 77 33 
37 78 34 
37 79 30 
37 80 41 
37 81 45 
37 82 167 
37 83 138 
37 84 98 
37 85 55 
37 86 37 
37 87 89 
37 88 117 
37 89 146 
37 90 132 
37 91 146 
37 92 134 
37 93 104 
37 94 108 
37 95 105 
37 96 163 
37 97 145 
37 98 151 
37 99 90 
37 100 123 
37 101 98 
37 102 127 
37 103 92 
37 104 86 
37 105 98 
37 106 63 
37 107 70 
37 108 78 
37 109 69 
37 110 113 
37 111 64 
37 112 82 
37 113 106 
37 114 43 
37 115 94 
37 116 83 
37 117 142 
37 118 134 
37 119 77 
37 120 56 
37 121 108 
37 122 66 
37 123 87 
37 124 121 
37 125 74 
37 126 80 
37 127 60 
38 0 128 
38 1 128 
38 2 128 
38 3 128 
38 4 131 
38 5 132 
38 6 126 
38 7 132 
38 8 125 
38 9 122 
38 11 124 
38 12 128 
38 13 128 
38 14 128 
38 15 123 
38 16 124 
38 17 120 
38 18 125 
38 19 170 
38 20 122 
38 21 110 
38 22 105 
38 23 113 
38 24 112 
38 25 107 
38 26 111 
38 27 112 
38 28 106 
38 29 110 
38 30 112 
38 31 112 
38 33 113 
38 34 111 
38 35 103 
38 36 105 
38 37 108 
38 39 109 
38 40 94 
38 41 103 
38 42 91 
38 43 119 
38 44 128 
38 45 116 
38 46 112 
38 47 113 
38 48 90 
38 49 121 
38 50 130 
38 51 126 
38 52 125 
38 53 118 
38 54 112 
38 55 113 
38 56 106 
38 57 126 
38 58 123 
38 59 145 
38 60 125 
38 61 112 
38 62 68 
38 63 71 
38 64 50 
38 65 80 
38 66 117 
38 67 76 
38 68 81 
38 69 81 
38 70 105 
38 71 54 
38 72 85 
38 73 79 
38 74 42 
38 75 45 
38 76 38 
38 77 53 
38 78 52 
38 79 56 
38 80 41 
38 81 36 
38 82 53 
38 83 71 
38 84 62 
38 85 62 
38 86 107 
38 87 132 
38 88 131 
38 89 133 
38 90 119 
38 91 117 
38 92 106 
38 93 98 
38 94 90 
38 95 86 
38 96 122 
38 97 70 
38 98 131 
38 99 128 
38 100 111 
38 101 162 
38 102 134 
38 103 146 
38 104 151 
38 105 92 
38 106 87 
38 107 75 
38 108 51 
38 109 84 
38 110 129 
38 111 143 
38 112 121 
38 113 88 
38 114 84 
38 115 58 
38 116 63 
38 117 111 
38 118 100 
38 119 117 
38 120 62 
38 121 67 
38 122 85 
38 123 82 
38 124 75 
38 125 42 
38 126 109 
38 127 74 
39 0 134 
39 1 134 
39 3 126 
39 4 128 
39 5 133 
39 6 130 
39 7 124 
39 8 127 
39 9 133 
39 10 127 
39 11 132 
39 12 127 
39 13 131 
39 14 131 
39 16 124 
39 17 151 
39 18 110 
39 19 116 
39 20 110 
39 21 109 
39 22 114 
39 23 113 
39 24 112 
39 25 114 
39 26 113 
39 27 109 
39 28 113 
39 29 118 
39 30 109 
39 31 126 
39 33 114 
39 34 118 
39 35 116 
39 36 112 
39 37 123 
39 38 103 
39 39 108 
39 40 105 
39 41 93 
39 42 138 
39 43 127 
39 44 111 
39 45 119 
39 46 119 
39 47 104 
39 48 118 
39 49 135 
39 50 125 
39 51 124 
39 52 120 
39 53 111 
39 54 123 
39 55 115 
39 56 126 
39 57 131 
39 58 138 
39 59 123 
39 60 127 
39 61 113 
39 62 54 
39 63 63 
39 64 101 
39 65 92 
39 66 31 
39 67 49 
39 68 91 
39 69 78 
39 70 52 
39 71 118 
39 72 71 
39 73 117 
39 74 95 
39 75 45 
39 76 73 
39 77 108 
39 78 79 
39 79 55 
39 80 55 
39 81 44 
39 82 38 
39 83 46 
39 84 65 
39 85 68 
39 86 163 
39 87 155 
39 88 190 
39 89 121 
39 90 214 
39 91 204 
39 92 206 
39 93 218 
39 94 195 
39 95 55 
39 96 129 
39 97 148 
39 98 58 
39 99 94 
39 100 111 
39 101 131 
39 102 140 
39 103 139 
39 104 132 
39 105 113 
39 106 147 
39 107 145 
39 108 153 
39 109 139 
39 110 133 
39 112 129 
39 113 142 
39 114 110 
39 115 35 
39 116 40 
39 117 55 
39 118 106 
39 119 134 
39 120 127 
39 121 139 
39 122 139 
39 123 112 
39 124 98 
39 125 86 
39 126 50 
39 127 44 
40 0 127 
40 1 127 
40 3 128 
40 5 130 
40 6 131 
40 7 131 
40 8 130 
40 9 122 
40 10 133 
40 11 129 
40 12 127 
40 13 131 
40 14 128 
40 15 123 
40 16 141 
40 17 95 
40 18 112 
40 19 105 
40 20 105 
40 21 112 
40 22 110 
40 23 118 
40 24 120 
40 25 116 
40 26 121 
40 27 107 
40 28 122 
40 29 119 
40 30 111 
40 31 104 
40 32 121 
40 33 122 
40 34 113 
40 35 101 
40 37 117 
40 38 133 
40 39 118 
40 40 95 
40 41 142 
40 42 118 
40 43 130 
40 44 125 
40 45 111 
40 46 113 
40 47 128 
40 48 131 
40 49 137 
40 50 121 
40 51 107 
40 52 129 
40 53 125 
40 54 104 
40 55 118 
40 56 119 
40 57 133 
40 58 130 
40 59 96 
40 60 85 
40 61 50 
40 62 97 
40 63 94 
40 64 43 
40 65 70 
40 66 105 
40 67 127 
40 68 104 
40 69 149 
40 70 97 
40 71 97 
40 72 129 
40 73 124 
40 74 94 
40 75 64 
40 76 45 
40 77 76 
40 78 59 
40 79 79 
40 80 40 
40 81 77 
40 82 111 
40 83 47 
40 84 51 
40 85 100 
40 86 135 
40 87 211 
40 88 211 
40 89 185 
40 90 94 
40 91 160 
40 92 186 
40 93 82 
40 94 53 
40 95 55 
40 96 49 
40 97 112 
40 98 171 
40 99 160 
40 100 171 
40 101 101 
40 102 109 
40 103 147 
40 104 114 
40 105 121 
40 106 148 
40 107 148 
40 108 107 
40 109 146 
40 110 143 
40 112 100 
40 113 97 
40 114 83 
40 115 150 
40 116 58 
40 117 109 
40 118 88 
40 119 95 
40 120 128 
40 121 83 
40 122 78 
40 123 148 
40 124 56 
40 125 120 
40 126 87 
40 127 55 
41 0 132 
41 1 132 
41 2 133 
41 3 135 
41 4 136 
41 5 133 
41 6 133 
41 7 127 
41 8 130 
41 9 130 
41 10 130 
41 11 125 
41 12 126 
41 13 124 
41 14 126 
41 15 174 
41 16 124 
41 17 116 
41 18 121 
41 19 105 
41 20 108 
41 21 122 
41 22 108 
41 23 119 
41 24 123 
41 25 110 
41 26 116 
41 28 122 
41 31 128 
41 32 119 
41 33 105 
41 34 121 
41 35 118 
41 36 112 
41 37 125 
41 38 126 
41 39 102 
41 40 144 
41 41 142 
41 42 134 
41 43 135 
41 44 113 
41 45 122 
41 46 137 
41 47 142 
41 48 135 
41 49 118 
41 50 122 
41 51 126 
41 52 133 
41 53 126 
41 54 121 
41 55 123 
41 56 129 
41 57 122 
41 58 94 
41 59 45 
41 60 93 
41 61 119 
41 62 43 
41 63 49 
41 64 86 
41 65 73 
41 66 99 
41 67 100 
41 68 109 
41 69 130 
41 70 117 
41 71 87 
41 72 92 
41 73 58 
41 74 38 
41 75 33 
41 76 44 
41 77 83 
41 78 126 
41 79 157 
41 80 63 
41 81 164 
41 82 43 
41 83 97 
41 84 171 
41 85 143 
41 86 183 
41 87 200 
41 88 131 
41 89 106 
41 90 173 
41 91 215 
41 92 53 
41 93 45 
41 94 44 
41 95 46 
41 96 50 
41 97 47 
41 98 150 
41 99 86 
41 100 86 
41 101 150 
41 102 55 
41 103 53 
41 104 108 
41 105 159 
41 106 141 
41 107 166 
41 108 157 
41 109 149 
41 110 81 
41 111 115 
41 112 126 
41 113 99 
41 114 62 
41 115 53 
41 116 55 
41 117 63 
41 118 110 
41 119 93 
41 120 87 
41 121 103 
41 122 73 
41 123 58 
41 124 97 
41 125 45 
41 126 95 
41 127 74 
42 0 131 
42 1 131 
42 4 131 
42 5 129 
42 6 130 
42 7 128 
42 8 134 
42 9 131 
42 10 126 
42 12 128 
42 13 126 
42 14 129 
42 15 152 
42 16 124 
42 17 124 
42 18 110 
42 19 110 
42 20 116 
42 21 116 
42 22 124 
42 23 117 
42 24 115 
42 26 123 
42 27 119 
42 28 115 
42 29 127 
42 31 135 
42 32 129 
42 33 122 
42 34 127 
42 35 125 
42 36 127 
42 37 135 
42 38 110 
42 39 142 
42 40 134 
42 41 136 
42 42 140 
42 43 104 
42 44 118 
42 45 142 
42 46 135 
42 47 138 
42 48 117 
42 49 118 
42 50 127 
42 51 131 
42 52 121 
42 53 107 
42 54 136 
42 55 131 
42 56 87 
42 57 105 
42 58 56 
42 59 50 
42 60 38 
42 61 41 
42 62 41 
42 63 114 
42 64 97 
42 65 85 
42 66 57 
42 67 48 
42 68 54 
42 69 115 
42 70 135 
42 71 59 
42 72 171 
42 73 49 
42 74 94 
42 75 89 
42 76 95 
42 77 128 
42 78 86 
42 79 98 
42 80 112 
42 81 45 
42 82 74 
42 83 113 
42 84 164 
42 85 175 
42 86 196 
42 87 95 
42 88 86 
42 89 130 
42 90 150 
42 91 57 
42 92 50 
42 93 53 
42 94 55 
42 95 57 
42 96 52 
42 97 45 
42 98 48 
42 99 129 
42 100 74 
42 101 51 
42 102 97 
42 103 162 
42 104 79 
42 105 43 
42 106 78 
42 107 32 
42 108 121 
42 109 142 
42 110 134 
42 111 38 
42 112 42 
42 113 147 
42 114 129 
42 115 69 
42 116 83 
42 117 46 
42 118 41 
42 119 45 
42 120 47 
42 121 46 
42 122 41 
42 123 55 
42 124 45 
42 125 40 
42 126 42 
42 127 130 
43 0 134 
43 1 134 
43 3 132 
43 4 134 
43 5 134 
43 6 135 
43 7 130 
43 8 134 
43 9 122 
43 10 124 
43 11 129 
43 12 124 
43 13 126 
43 14 126 
43 15 147 
43 16 122 
43 17 123 
43 18 120 
43 19 120 
43 20 114 
43 21 123 
43 22 115 
43 23 107 
43 24 112 
43 26 121 
43 27 131 
43 29 129 
43 30 133 
43 31 114 
43 32 111 
43 33 119 
43 34 129 
43 35 108 
43 36 129 
43 37 105 
43 38 148 
43 39 138 
43 40 131 
43 41 126 
43 42 106 
43 43 126 
43 44 146 
43 45 137 
43 46 132 
43 47 118 
43 48 122 
43 49 126 
43 50 116 
43 51 120 
43 52 115 
43 53 136 
43 54 136 
43 55 113 
43 56 78 
43 57 68 
43 58 48 
43 59 63 
43 60 85 
43 61 90 
43 62 120 
43 63 41 
43 64 34 
43 65 39 
43 66 44 
43 67 42 
43 68 52 
43 69 96 
43 70 35 
43 71 60 
43 72 51 
43 73 130 
43 74 140 
43 75 108 
43 76 130 
43 77 180 
43 78 162 
43 79 91 
43 80 36 
43 81 43 
43 82 101 
43 83 139 
43 84 175 
43 85 177 
43 86 108 
43 87 89 
43 88 147 
43 89 158 
43 90 45 
43 91 56 
43 92 52 
43 93 60 
43 94 49 
43 95 50 
43 96 56 
43 97 49 
43 98 51 
43 99 44 
43 100 51 
43 101 162 
43 102 92 
43 103 121 
43 104 176 
43 105 80 
43 106 56 
43 107 45 
43 108 47 
43 109 112 
43 110 184 
43 111 88 
43 112 120 
43 113 88 
43 114 124 
43 115 128 
43 116 101 
43 118 48 
43 119 51 
43 120 43 
43 121 47 
43 122 40 
43 123 46 
43 124 45 
43 125 40 
43 126 30 
43 127 49 
44 0 136 
44 1 136 
44 2 131 
44 4 131 
44 5 132 
44 6 129 
44 7 133 
44 8 130 
44 9 124 
44 10 125 
44 11 128 
44 12 129 
44 13 129 
44 14 133 
44 15 127 
44 16 122 
44 17 131 
44 18 122 
44 19 122 
44 20 124 
44 21 113 
44 22 124 
44 23 99 
44 24 121 
44 25 113 
44 26 127 
44 27 129 
44 28 133 
44 29 134 
44 30 129 
44 31 122 
44 32 126 
44 33 135 
44 34 115 
44 35 115 
44 36 106 
44 37 148 
44 38 145 
44 39 142 
44 40 133 
44 41 96 
44 42 117 
44 43 151 
44 44 137 
44 45 136 
44 46 135 
44 47 126 
44 48 119 
44 49 126 
44 50 112 
44 51 121 
44 52 124 
44 53 126 
44 54 119 
44 55 120 
44 56 64 
44 57 47 
44 58 47 
44 59 42 
44 60 63 
44 61 36 
44 62 32 
44 63 42 
44 64 109 
44 65 40 
44 66 41 
44 67 43 
44 68 63 
44 69 45 
44 70 50 
44 71 48 
44 72 50 
44 73 95 
44 74 101 
44 75 147 
44 76 136 
44 77 40 
44 78 53 
44 79 35 
44 80 46 
44 81 33 
44 82 109 
44 83 185 
44 84 83 
44 85 86 
44 86 106 
44 87 188 
44 88 50 
44 89 54 
44 90 46 
44 91 53 
44 92 50 
44 93 44 
44 94 48 
44 95 47 
44 96 55 
44 97 50 
44 98 58 
44 99 59 
44 100 53 
44 101 56 
44 102 66 
44 103 184 
44 104 113 
44 105 79 
44 106 128 
44 107 186 
44 108 172 
44 109 155 
44 110 87 
44 111 82 
44 112 37 
44 113 51 
44 114 169 
44 115 37 
44 116 38 
44 117 48 
44 118 49 
44 119 51 
44 120 40 
44 121 42 
44 122 45 
44 123 38 
44 124 40 
44 125 51 
44 126 42 
44 127 54 
45 0 131 
45 1 131 
45 2 136 
45 3 130 
45 4 132 
45 5 129 
45 6 131 
45 7 130 
45 8 132 
45 9 132 
45 10 131 
45 11 131 
45 12 126 
45 13 128 
45 14 138 
45 15 122 
45 16 125 
45 17 116 
45 18 129 
45 19 116 
45 20 123 
45 21 123 
45 22 120 
45 23 115 
45 24 123 
45 25 133 
45 26 119 
45 27 133 
45 28 147 
45 29 136 
45 30 138 
45 31 127 
45 32 137 
45 33 126 
45 34 120 
45 35 116 
45 36 148 
45 37 148 
45 38 140 
45 39 141 
45 40 110 
45 41 123 
45 42 136 
45 43 136 
45 44 136 
45 45 119 
45 46 122 
45 47 129 
45 48 127 
45 49 125 
45 50 118 
45 51 136 
45 52 113 
45 53 92 
45 54 78 
45 55 45 
45 56 52 
45 57 37 
45 58 35 
45 59 51 
45 60 39 
45 61 55 
45 62 35 
45 63 37 
45 64 45 
45 65 46 
45 66 46 
45 67 40 
45 68 44 
45 69 41 
45 70 48 
45 71 43 
45 72 50 
45 73 51 
45 74 42 
45 75 36 
45 76 151 
45 77 135 
45 78 56 
45 79 38 
45 80 27 
45 81 47 
45 82 109 
45 83 112 
45 84 89 
45 85 114 
45 86 154 
45 87 34 
45 88 43 
45 89 55 
45 90 53 
45 91 60 
45 92 57 
45 93 58 
45 94 64 
45 95 59 
45 96 66 
45 97 70 
45 98 86 
45 99 82 
45 100 91 
45 101 62 
45 102 56 
45 103 52 
45 104 36 
45 105 40 
45 106 77 
45 107 46 
45 109 172 
45 110 39 
45 111 140 
45 112 32 
45 113 39 
45 114 53 
45 115 48 
45 116 50 
45 117 44 
45 118 48 
45 120 44 
45 121 41 
45 122 36 
45 123 51 
45 124 37 
45 125 50 
45 127 79 
46 2 128 
46 3 135 
46 4 137 
46 6 128 
46 7 129 
46 8 130 
46 9 127 
46 10 132 
46 11 126 
46 12 127 
46 14 124 
46 15 120 
46 16 133 
46 17 121 
46 18 121 
46 19 122 
46 20 120 
46 21 122 
46 22 117 
46 23 122 
46 24 139 
46 25 131 
46 26 139 
46 27 144 
46 28 131 
46 29 140 
46 30 106 
46 31 136 
46 32 120 
46 33 130 
46 34 101 
46 35 149 
46 36 151 
46 37 142 
46 38 133 
46 39 112 
46 40 121 
46 41 142 
46 42 144 
46 43 137 
46 44 123 
46 45 129 
46 46 133 
46 47 131 
46 48 134 
46 49 110 
46 50 139 
46 51 121 
46 52 128 
46 53 133 
46 54 78 
46 55 60 
46 56 84 
46 57 104 
46 58 69 
46 59 37 
46 60 62 
46 61 77 
46 62 59 
46 63 62 
46 64 48 
46 65 46 
46 66 101 
46 67 120 
46 68 61 
46 69 54 
46 70 41 
46 71 43 
46 72 42 
46 73 57 
46 74 47 
46 75 34 
46 76 45 
46 77 28 
46 78 31 
46 79 76 
46 80 157 
46 81 169 
46 83 124 
46 84 195 
46 85 57 
46 86 43 
46 87 44 
46 88 49 
46 89 46 
46 90 55 
46 91 62 
46 92 60 
46 93 54 
46 94 54 
46 95 47 
46 96 46 
46 97 48 
46 98 53 
46 99 39 
46 100 45 
46 101 45 
46 102 47 
46 103 52 
46 104 44 
46 105 34 
46 106 38 
46 107 39 
46 108 40 
46 109 44 
46 110 50 
46 111 138 
46 112 63 
46 113 65 
46 114 50 
46 115 39 
46 116 38 
46 117 47 
46 118 45 
46 119 41 
46 120 34 
46 121 36 
46 122 38 
46 123 44 
46 125 56 
46 126 78 
46 127 88 
47 1 133 
47 2 135 
47 3 128 
47 5 131 
47 6 135 
47 7 129 
47 8 129 
47 9 126 
47 10 130 
47 11 126 
47 12 127 
47 13 126 
47 14 150 
47 15 127 
47 16 139 
47 17 132 
47 18 125 
47 19 132 
47 20 118 
47 21 124 
47 22 122 
47 23 118 
47 24 120 
47 25 137 
47 26 149 
47 27 144 
47 28 143 
47 29 126 
47 30 137 
47 31 122 
47 32 128 
47 33 92 
47 34 144 
47 35 148 
47 36 148 
47 38 135 
47 39 127 
47 40 138 
47 41 146 
47 42 138 
47 43 144 
47 44 127 
47 45 129 
47 46 136 
47 47 131 
47 48 116 
47 49 125 
47 50 138 
47 51 105 
47 52 112 
47 53 79 
47 54 86 
47 55 71 
47 56 45 
47 57 41 
47 58 71 
47 59 96 
47 60 70 
47 61 50 
47 62 59 
47 63 44 
47 64 36 
47 65 35 
47 66 49 
47 67 44 
47 68 39 
47 70 45 
47 71 51 
47 73 48 
47 74 49 
47 75 33 
47 76 43 
47 77 29 
47 78 68 
47 79 121 
47 80 174 
47 81 182 
47 82 155 
47 83 211 
47 84 43 
47 85 45 
47 86 63 
47 87 47 
47 88 43 
47 89 38 
47 90 44 
47 91 54 
47 92 53 
47 93 48 
47 94 48 
47 95 58 
47 96 51 
47 97 48 
47 98 59 
47 99 57 
47 100 57 
47 101 56 
47 102 52 
47 103 59 
47 104 60 
47 105 54 
47 106 59 
47 107 77 
47 108 83 
47 109 77 
47 110 62 
47 111 115 
47 112 54 
47 113 36 
47 114 49 
47 115 63 
47 116 51 
47 118 45 
47 119 37 
47 120 36 
47 121 47 
47 122 44 
47 123 36 
47 124 69 
47 125 83 
47 126 101 
47 127 105 
48 3 128 
48 4 129 
48 5 135 
48 6 129 
48 7 132 
48 8 127 
48 9 126 
48 10 130 
48 12 125 
48 13 140 
48 14 132 
48 15 141 
48 16 128 
48 17 127 
48 18 120 
48 19 140 
48 20 121 
48 21 132 
48 22 124 
48 23 126 
48 24 128 
48 25 133 
48 26 136 
48 27 116 
48 28 135 
48 29 134 
48 30 134 
48 31 121 
48 32 110 
48 33 154 
48 34 157 
48 35 157 
48 36 137 
48 37 138 
48 38 135 
48 39 149 
48 40 154 
48 41 135 
48 42 141 
48 43 126 
48 44 134 
48 45 132 
48 46 124 
48 47 132 
48 48 135 
48 49 90 
48 50 111 
48 51 107 
48 52 62 
48 53 71 
48 54 51 
48 55 47 
48 56 40 
48 57 64 
48 58 42 
48 59 59 
48 60 56 
48 61 40 
48 62 56 
48 63 93 
48 64 94 
48 65 32 
48 66 50 
48 67 42 
48 68 39 
48 69 42 
48 70 52 
48 71 50 
48 72 50 
48 73 48 
48 74 33 
48 75 36 
48 76 95 
48 77 157 
48 78 113 
48 79 107 
48 80 177 
48 81 190 
48 82 98 
48 83 46 
48 84 50 
48 85 54 
48 86 54 
48 87 46 
48 88 67 
48 89 54 
48 90 57 
48 91 55 
48 92 56 
48 93 49 
48 94 50 
48 95 52 
48 96 52 
48 97 54 
48 98 46 
48 99 52 
48 100 48 
48 101 49 
48 102 66 
48 103 56 
48 104 59 
48 105 68 
48 106 60 
48 107 56 
48 108 65 
48 109 59 
48 110 78 
48 111 103 
48 112 75 
48 113 68 
48 114 47 
48 115 51 
48 116 43 
48 117 43 
48 118 34 
48 119 49 
48 120 45 
48 121 61 
48 122 79 
48 123 40 
48 124 84 
48 125 99 
48 126 108 
48 127 112 
49 3 129 
49 4 128 
49 5 132 
49 6 126 
49 7 139 
49 8 135 
49 9 128 
49 10 126 
49 13 156 
49 14 155 
49 15 136 
49 16 129 
49 17 136 
49 18 127 
49 19 133 
49 20 126 
49 21 137 
49 22 139 
49 23 141 
49 24 133 
49 25 137 
49 26 141 
49 27 133 
49 28 132 
49 29 141 
49 30 134 
49 31 111 
49 32 145 
49 33 147 
49 34 164 
49 35 142 
49 36 154 
49 37 132 
49 38 150 
49 39 148 
49 40 146 
49 41 138 
49 42 115 
49 43 140 
49 44 140 
49 45 127 
49 46 137 
49 47 138 
49 48 137 
49 49 137 
49 50 114 
49 51 87 
49 52 73 
49 53 59 
49 54 44 
49 55 45 
49 56 46 
49 57 43 
49 58 66 
49 59 57 
49 60 37 
49 61 42 
49 62 58 
49 63 48 
49 64 51 
49 65 120 
49 67 48 
49 69 45 
49 70 45 
49 71 40 
49 72 48 
49 73 37 
49 74 120 
49 75 138 
49 76 100 
49 77 113 
49 78 168 
49 79 173 
49 80 189 
49 81 52 
49 82 35 
49 83 53 
49 84 46 
49 85 46 
49 86 43 
49 87 47 
49 88 55 
49 89 42 
49 90 54 
49 91 52 
49 92 52 
49 93 61 
49 94 50 
49 95 52 
49 96 51 
49 97 52 
49 98 53 
49 99 58 
49 100 49 
49 101 55 
49 102 53 
49 103 54 
49 104 52 
49 105 51 
49 106 54 
49 107 51 
49 108 52 
49 109 68 
49 110 58 
49 111 100 
49 112 103 
49 113 52 
49 114 51 
49 115 46 
49 117 52 
49 118 43 
49 119 45 
49 120 68 
49 121 79 
49 122 92 
49 124 94 
49 125 109 
49 126 109 
49 127 118 
50 0 136 
50 1 136 
50 2 134 
50 3 135 
50 4 131 
50 5 131 
50 6 129 
50 7 128 
50 8 130 
50 9 121 
50 10 126 
50 11 127 
50 12 133 
50 13 151 
50 14 152 
50 15 139 
50 16 132 
50 17 135 
50 18 143 
50 19 144 
50 21 148 
50 22 141 
50 23 149 
50 24 150 
50 25 146 
50 26 144 
50 27 143 
50 28 146 
50 29 110 
50 30 107 
50 31 131 
50 32 160 
50 33 181 
50 34 139 
50 35 170 
50 36 137 
50 37 146 
50 38 153 
50 39 152 
50 40 147 
50 41 145 
50 42 148 
50 43 142 
50 44 130 
50 45 141 
50 46 134 
50 47 132 
50 48 136 
50 49 141 
50 50 78 
50 51 77 
50 52 83 
50 53 65 
50 54 52 
50 55 46 
50 56 50 
50 57 44 
50 58 48 
50 59 56 
50 60 60 
50 61 49 
50 62 43 
50 63 41 
50 64 43 
50 65 64 
50 66 44 
50 67 37 
50 69 37 
50 70 28 
50 71 35 
50 72 111 
50 73 147 
50 74 108 
50 75 116 
50 76 194 
50 77 200 
50 78 203 
50 79 153 
50 80 78 
50 81 39 
50 82 59 
50 83 57 
50 84 45 
50 85 43 
50 86 50 
50 87 47 
50 88 53 
50 89 64 
50 90 50 
50 91 68 
50 92 59 
50 93 48 
50 94 48 
50 95 55 
50 96 55 
50 97 55 
50 98 51 
50 99 50 
50 100 53 
50 101 58 
50 102 54 
50 103 61 
50 104 58 
50 105 51 
50 106 52 
50 107 52 
50 108 45 
50 109 53 
50 110 58 
50 111 60 
50 112 68 
50 113 55 
50 114 44 
50 115 45 
50 116 49 
50 117 47 
50 118 57 
50 119 78 
50 120 83 
50 121 102 
50 122 58 
50 123 68 
50 124 99 
50 125 118 
50 126 120 
50 127 121 
51 0 135 
51 1 135 
51 2 130 
51 3 135 
51 4 132 
51 5 133 
51 6 127 
51 7 124 
51 8 128 
51 9 125 
51 10 127 
51 11 132 
51 12 157 
51 13 147 
51 14 148 
51 15 153 
51 16 138 
51 17 140 
51 18 119 
51 19 141 
51 20 132 
51 21 140 
51 22 137 
51 23 138 
51 24 147 
51 25 143 
51 26 141 
51 27 145 
51 28 135 
51 29 125 
51 30 112 
51 31 175 
51 32 173 
51 33 143 
51 34 164 
51 35 126 
51 36 164 
51 37 151 
51 38 158 
51 39 140 
51 40 154 
51 41 148 
51 42 143 
51 43 124 
51 44 149 
51 46 142 
51 47 99 
51 48 133 
51 49 85 
51 50 74 
51 51 66 
51 52 96 
51 53 90 
51 54 80 
51 55 91 
51 56 49 
51 57 65 
51 58 54 
51 59 43 
51 60 39 
51 61 46 
51 62 66 
51 63 41 
51 64 51 
51 65 39 
51 66 89 
51 67 43 
51 68 35 
51 69 34 
51 70 89 
51 71 159 
51 72 108 
51 73 118 
51 74 204 
51 75 186 
51 76 202 
51 77 206 
51 78 38 
51 79 45 
51 80 37 
51 81 37 
51 82 69 
51 83 58 
51 84 65 
51 85 74 
51 86 65 
51 87 59 
51 88 53 
51 90 58 
51 91 71 
51 92 60 
51 93 58 
51 95 50 
51 96 51 
51 97 43 
51 98 50 
51 99 57 
51 101 48 
51 102 48 
51 103 58 
51 104 49 
51 105 44 
51 106 52 
51 107 43 
51 109 49 
51 110 44 
51 111 46 
51 112 53 
51 113 46 
51 114 48 
51 115 46 
51 116 74 
51 117 74 
51 118 85 
51 119 101 
51 120 106 
51 121 109 
51 122 38 
51 123 85 
51 124 116 
51 125 116 
51 126 118 
51 127 121 
52 0 139 
52 1 139 
52 3 132 
52 5 133 
52 6 127 
52 7 123 
52 8 128 
52 9 128 
52 10 132 
52 11 130 
52 12 153 
52 13 144 
52 14 139 
52 15 151 
52 16 148 
52 17 140 
52 18 145 
52 19 132 
52 20 119 
52 21 123 
52 22 124 
52 23 133 
52 24 147 
52 25 136 
52 26 133 
52 27 134 
52 28 128 
52 29 112 
52 30 174 
52 31 180 
52 32 170 
52 33 159 
52 34 128 
52 35 165 
52 36 151 
52 37 175 
52 38 143 
52 39 153 
52 40 138 
52 41 154 
52 42 130 
52 43 149 
52 44 145 
52 45 139 
52 46 110 
52 47 130 
52 48 125 
52 49 63 
52 50 64 
52 51 72 
52 52 54 
52 53 55 
52 54 71 
52 55 62 
52 56 75 
52 57 46 
52 58 72 
52 59 64 
52 60 38 
52 61 36 
52 62 69 
52 63 83 
52 64 42 
52 65 52 
52 66 39 
52 67 36 
52 68 60 
52 69 156 
52 70 98 
52 71 122 
52 72 190 
52 73 180 
52 74 187 
52 75 197 
52 76 167 
52 77 33 
52 78 40 
52 79 37 
52 80 41 
52 81 49 
52 82 44 
52 83 51 
52 84 45 
52 85 44 
52 86 71 
52 87 78 
52 88 80 
52 89 66 
52 90 68 
52 91 61 
52 92 66 
52 93 52 
52 94 52 
52 95 51 
52 96 42 
52 97 54 
52 98 45 
52 99 47 
52 100 55 
52 101 58 
52 102 61 
52 103 63 
52 104 64 
52 105 70 
52 106 60 
52 107 60 
52 108 57 
52 109 51 
52 110 49 
52 111 49 
52 112 44 
52 113 48 
52 114 58 
52 115 70 
52 116 80 
52 117 94 
52 118 107 
52 119 113 
52 120 115 
52 121 101 
52 122 49 
52 123 97 
52 124 118 
52 125 122 
52 126 122 
52 127 127 
53 0 133 
53 1 133 
53 2 134 
53 4 134 
53 5 128 
53 6 125 
53 8 122 
53 9 124 
53 10 121 
53 11 124 
53 12 141 
53 13 174 
53 14 146 
53 15 156 
53 16 138 
53 17 148 
53 18 146 
53 19 131 
53 20 129 
53 21 129 
53 22 132 
53 23 140 
53 25 125 
53 26 132 
53 27 118 
53 28 106 
53 29 174 
53 30 176 
53 31 166 
53 32 153 
53 33 172 
53 34 169 
53 35 150 
53 36 171 
53 37 149 
53 38 159 
53 39 143 
53 40 159 
53 41 141 
53 42 157 
53 43 153 
53 44 144 
53 45 120 
53 46 131 
53 47 125 
53 48 81 
53 49 56 
53 50 82 
53 51 46 
53 53 44 
53 54 61 
53 55 75 
53 56 68 
53 57 55 
53 58 37 
53 59 51 
53 60 92 
53 61 100 
53 62 45 
53 63 36 
53 64 39 
53 65 42 
53 66 33 
53 67 105 
53 68 98 
53 69 129 
53 70 184 
53 71 181 
53 72 190 
53 73 194 
53 74 209 
53 75 50 
53 76 36 
53 77 37 
53 78 36 
53 79 34 
53 80 38 
53 81 39 
53 82 59 
53 83 49 
53 84 42 
53 85 43 
53 87 43 
53 88 43 
53 89 41 
53 90 49 
53 91 58 
53 92 69 
53 93 72 
53 94 59 
53 95 61 
53 96 56 
53 97 52 
53 98 54 
53 99 54 
53 100 49 
53 101 51 
53 102 57 
53 103 56 
53 105 55 
53 106 51 
53 107 46 
53 108 55 
53 109 54 
53 110 49 
53 111 47 
53 112 74 
53 113 78 
53 115 99 
53 116 111 
53 117 121 
53 118 118 
53 119 116 
53 120 116 
53 121 34 
53 122 93 
53 123 118 
53 124 122 
53 125 124 
53 126 130 
53 127 128 
54 0 131 
54 1 131 
54 2 130 
54 3 130 
54 4 137 
54 5 133 
54 6 127 
54 7 123 
54 8 125 
54 9 124 
54 10 123 
54 11 120 
54 12 160 
54 13 180 
54 14 157 
54 15 159 
54 16 158 
54 17 135 
54 19 159 
54 20 138 
54 21 132 
54 23 148 
54 25 138 
54 26 133 
54 27 129 
54 28 144 
54 29 165 
54 30 175 
54 31 172 
54 32 182 
54 33 163 
54 34 177 
54 35 174 
54 36 146 
54 37 159 
54 38 161 
54 39 165 
54 40 141 
54 41 159 
54 42 153 
54 43 148 
54 44 119 
54 45 150 
54 46 124 
54 47 96 
54 48 51 
54 49 79 
54 50 62 
54 51 41 
54 52 46 
54 53 65 
54 54 74 
54 55 57 
54 56 70 
54 57 63 
54 58 105 
54 59 42 
54 60 58 
54 61 35 
54 62 44 
54 63 39 
54 64 29 
54 65 90 
54 66 155 
54 67 107 
54 68 194 
54 69 165 
54 70 178 
54 71 186 
54 72 195 
54 73 168 
54 74 39 
54 75 57 
54 76 71 
54 77 86 
54 78 96 
54 79 109 
54 80 104 
54 81 109 
54 82 112 
54 83 119 
54 84 111 
54 85 99 
54 87 94 
54 88 85 
54 89 76 
54 90 72 
54 91 59 
54 92 54 
54 93 47 
54 94 51 
54 95 66 
54 96 61 
54 97 55 
54 98 52 
54 100 49 
54 101 43 
54 102 50 
54 103 56 
54 104 46 
54 105 61 
54 107 53 
54 108 48 
54 109 66 
54 110 69 
54 111 77 
54 112 85 
54 113 106 
54 115 110 
54 116 118 
54 117 117 
54 119 115 
54 120 42 
54 121 51 
54 122 104 
54 123 128 
54 124 124 
54 125 122 
54 126 124 
54 127 127 
55 0 132 
55 1 132 
55 2 124 
55 3 130 
55 4 132 
55 5 139 
55 6 123 
55 7 129 
55 8 124 
55 9 125 
55 10 117 
55 11 126 
55 12 169 
55 13 171 
55 14 154 
55 15 175 
55 16 160 
55 17 143 
55 18 154 
55 19 151 
55 20 159 
55 21 153 
55 22 154 
55 23 144 
55 24 148 
55 25 142 
55 26 145 
55 27 120 
55 28 180 
55 29 199 
55 30 177 
55 31 152 
55 32 158 
55 33 171 
55 34 176 
55 35 183 
55 36 168 
55 37 173 
55 38 172 
55 39 150 
55 40 172 
55 41 154 
55 42 159 
55 43 92 
55 44 141 
55 45 104 
55 46 127 
55 47 95 
55 48 111 
55 49 51 
55 50 49 
55 51 113 
55 52 108 
55 53 64 
55 54 44 
55 55 35 
55 56 42 
55 57 119 
55 58 67 
55 59 79 
55 60 117 
55 61 68 
55 62 38 
55 63 49 
55 64 162 
55 65 103 
55 66 176 
55 67 168 
55 68 172 
55 69 181 
55 70 189 
55 71 203 
55 72 76 
55 73 53 
55 74 55 
55 75 60 
55 76 71 
55 77 60 
55 78 73 
55 79 74 
55 80 58 
55 81 78 
55 82 83 
55 83 81 
55 84 101 
55 85 122 
55 86 110 
55 87 93 
55 88 82 
55 89 85 
55 90 78 
55 91 58 
55 92 54 
55 93 63 
55 94 66 
55 95 58 
55 96 54 
55 97 59 
55 98 57 
55 99 60 
55 100 53 
55 101 54 
55 102 60 
55 103 64 
55 104 55 
55 105 45 
55 106 51 
55 107 61 
55 108 55 
55 109 83 
55 110 99 
55 111 110 
55 112 119 
55 113 119 
55 114 121 
55 115 119 
55 116 117 
55 117 119 
55 118 112 
55 119 52 
55 120 44 
55 121 101 
55 122 119 
55 123 130 
55 124 125 
55 125 128 
55 126 124 
55 127 131 
56 0 131 
56 1 131 
56 2 129 
56 3 129 
56 4 126 
56 5 131 
56 6 127 
56 7 124 
56 9 125 
56 10 121 
56 11 143 
56 12 174 
56 13 184 
56 14 149 
56 15 169 
56 16 164 
56 17 165 
56 18 159 
56 19 157 
56 20 168 
56 21 161 
56 22 162 
56 23 150 
56 24 157 
56 25 154 
56 26 138 
56 27 173 
56 28 184 
56 29 187 
56 30 172 
56 31 165 
56 32 183 
56 33 175 
56 34 176 
56 35 169 
56 36 174 
56 37 179 
56 38 171 
56 39 161 
56 40 161 
56 41 161 
56 42 151 
56 43 110 
56 44 131 
56 45 103 
56 46 107 
56 47 76 
56 48 64 
56 49 53 
56 50 73 
56 51 33 
56 52 35 
56 53 88 
56 54 127 
56 55 83 
56 56 44 
56 57 42 
56 58 54 
56 59 31 
56 60 40 
56 61 33 
56 62 117 
56 63 149 
56 64 124 
56 65 194 
56 66 168 
56 67 153 
56 68 189 
56 69 202 
56 70 197 
56 71 60 
56 72 87 
56 73 89 
56 74 104 
56 75 108 
56 76 101 
56 77 105 
56 78 97 
56 79 95 
56 80 95 
56 81 100 
56 82 105 
56 83 109 
56 84 108 
56 85 105 
56 86 90 
56 87 82 
56 88 76 
56 89 76 
56 90 57 
56 91 67 
56 92 71 
56 93 73 
56 94 67 
56 95 53 
56 96 65 
56 97 64 
56 98 51 
56 99 57 
56 100 55 
56 101 62 
56 102 75 
56 103 63 
56 104 74 
56 105 54 
56 106 84 
56 107 98 
56 108 97 
56 109 123 
56 110 124 
56 111 121 
56 112 128 
56 113 128 
56 114 123 
56 115 121 
56 116 121 
56 117 99 
56 118 43 
56 119 44 
56 120 101 
56 121 122 
56 122 125 
56 124 131 
56 125 131 
56 126 126 
56 127 127 
57 0 133 
57 1 133 
57 2 139 
57 4 132 
57 5 133 
57 6 128 
57 7 125 
57 8 124 
57 9 124 
57 10 123 
57 11 138 
57 12 168 
57 13 185 
57 14 181 
57 15 172 
57 16 174 
57 17 183 
57 18 161 
57 19 151 
57 20 172 
57 21 166 
57 22 163 
57 23 160 
57 24 154 
57 25 155 
57 26 156 
57 27 184 
57 28 195 
57 29 174 
57 30 183 
57 31 177 
57 32 181 
57 33 183 
57 34 178 
57 35 160 
57 36 167 
57 37 183 
57 38 149 
57 39 174 
57 40 161 
57 41 151 
57 42 168 
57 43 89 
57 44 119 
57 45 88 
57 46 128 
57 47 78 
57 48 53 
57 49 43 
57 50 38 
57 51 42 
57 52 92 
57 53 43 
57 54 40 
57 55 107 
57 56 94 
57 57 136 
57 58 154 
57 59 44 
57 60 43 
57 61 157 
57 62 91 
57 63 167 
57 64 163 
57 65 176 
57 66 174 
57 67 190 
57 68 200 
57 69 193 
57 70 80 
57 71 101 
57 72 112 
57 73 116 
57 74 122 
57 75 119 
57 77 117 
57 78 117 
57 79 113 
57 80 115 
57 81 115 
57 82 117 
57 83 120 
57 84 118 
57 85 119 
57 86 112 
57 87 111 
57 88 101 
57 89 96 
57 90 90 
57 91 74 
57 92 71 
57 93 50 
57 94 46 
57 95 56 
57 96 57 
57 99 59 
57 100 64 
57 101 83 
57 102 86 
57 103 98 
57 104 105 
57 105 118 
57 106 105 
57 107 100 
57 108 119 
57 109 125 
57 110 124 
57 111 127 
57 112 130 
57 113 125 
57 114 122 
57 115 108 
57 116 50 
57 117 37 
57 118 79 
57 119 112 
57 120 125 
57 121 131 
57 122 123 
57 123 130 
57 124 124 
57 125 129 
57 126 131 
57 127 127 
58 0 133 
58 1 133 
58 2 127 
58 3 129 
58 4 127 
58 5 125 
58 6 127 
58 7 122 
58 8 126 
58 9 124 
58 10 116 
58 11 124 
58 12 183 
58 13 185 
58 14 168 
58 16 165 
58 17 168 
58 18 179 
58 19 172 
58 20 175 
58 21 167 
58 22 166 
58 23 179 
58 24 182 
58 25 129 
58 26 196 
58 27 190 
58 28 178 
58 29 189 
58 30 154 
58 31 187 
58 32 176 
58 33 186 
58 34 184 
58 35 185 
58 36 172 
58 37 154 
58 38 179 
58 39 166 
58 40 170 
58 41 167 
58 42 161 
58 43 113 
58 44 111 
58 45 108 
58 46 100 
58 47 54 
58 48 56 
58 49 57 
58 50 61 
58 51 98 
58 52 53 
58 53 46 
58 54 45 
58 55 93 
58 56 36 
58 57 38 
58 58 31 
58 59 95 
58 60 117 
58 61 100 
58 62 185 
58 63 167 
58 64 177 
58 65 185 
58 66 202 
58 67 203 
58 68 196 
58 69 95 
58 70 109 
58 71 120 
58 72 121 
58 73 126 
58 74 123 
58 75 131 
58 76 131 
58 77 133 
58 78 127 
58 79 127 
58 80 127 
58 82 126 
58 83 123 
58 84 130 
58 85 125 
58 86 129 
58 87 120 
58 88 120 
58 89 114 
58 90 109 
58 91 97 
58 92 87 
58 93 60 
58 94 76 
58 95 66 
58 96 64 
58 97 54 
58 98 53 
58 99 57 
58 100 57 
58 101 56 
58 102 58 
58 103 89 
58 104 108 
58 105 112 
58 106 107 
58 107 109 
58 108 121 
58 109 123 
58 110 117 
58 111 121 
58 112 103 
58 113 81 
58 114 55 
58 115 51 
58 116 82 
58 117 105 
58 118 125 
58 119 132 
58 120 134 
58 121 130 
58 122 132 
58 123 132 
58 124 127 
58 125 128 
58 126 133 
58 127 133 
59 0 130 
59 1 130 
59 2 132 
59 3 130 
59 4 130 
59 5 126 
59 6 125 
59 8 124 
59 9 119 
59 10 123 
59 11 116 
59 12 192 
59 13 159 
59 14 171 
59 15 174 
59 16 183 
59 17 177 
59 18 177 
59 19 184 
59 20 191 
59 21 188 
59 22 179 
59 23 181 
59 24 145 
59 25 196 
59 26 199 
59 27 194 
59 28 182 
59 29 193 
59 30 190 
59 31 178 
59 32 192 
59 33 179 
59 34 169 
59 35 192 
59 36 172 
59 37 171 
59 38 177 
59 39 172 
59 40 166 
59 41 167 
59 42 146 
59 43 152 
59 44 77 
59 45 87 
59 46 77 
59 47 65 
59 48 57 
59 49 116 
59 50 114 
59 51 46 
59 52 54 
59 53 45 
59 54 52 
59 55 34 
59 56 35 
59 57 29 
59 58 120 
59 59 135 
59 60 121 
59 61 185 
59 62 172 
59 63 184 
59 64 200 
59 65 195 
59 66 193 
59 67 199 
59 68 106 
59 69 128 
59 70 131 
59 71 135 
59 72 139 
59 73 134 
59 74 130 
59 75 130 
59 76 130 
59 77 128 
59 78 129 
59 79 125 
59 80 128 
59 81 127 
59 82 125 
59 83 122 
59 84 125 
59 85 129 
59 87 128 
59 88 126 
59 89 118 
59 90 118 
59 91 105 
59 92 99 
59 93 85 
59 94 52 
59 95 46 
59 96 73 
59 97 81 
59 98 70 
59 99 68 
59 100 53 
59 101 55 
59 102 49 
59 103 46 
59 104 50 
59 105 38 
59 106 51 
59 107 50 
59 108 48 
59 109 50 
59 110 47 
59 111 49 
59 112 75 
59 113 80 
59 114 95 
59 115 105 
59 116 127 
59 117 130 
59 118 131 
59 119 135 
59 120 136 
59 121 135 
59 122 136 
59 123 135 
59 124 125 
59 125 136 
59 126 127 
59 127 128 
60 0 135 
60 1 135 
60 2 132 
60 3 130 
60 4 134 
60 5 133 
60 6 132 
60 7 128 
60 8 124 
60 9 122 
60 10 122 
60 11 119 
60 12 196 
60 13 175 
60 14 187 
60 15 168 
60 16 187 
60 17 185 
60 18 190 
60 19 182 
60 20 176 
60 21 182 
60 22 167 
60 24 172 
60 25 191 
60 26 201 
60 27 187 
60 28 190 
60 29 170 
60 30 189 
60 31 193 
60 33 183 
60 34 177 
60 35 167 
60 36 171 
60 37 177 
60 38 158 
60 39 166 
60 40 169 
60 41 156 
60 42 130 
60 43 144 
60 44 152 
60 45 129 
60 46 79 
60 47 87 
60 48 116 
60 49 80 
60 50 59 
60 51 58 
60 52 77 
60 53 49 
60 54 48 
60 55 33 
60 56 30 
60 57 145 
60 58 120 
60 59 132 
60 60 161 
60 61 170 
60 62 191 
60 63 195 
60 64 181 
60 65 187 
60 66 195 
60 67 98 
60 68 114 
60 69 138 
60 70 146 
60 71 151 
60 72 147 
60 74 145 
60 75 140 
60 76 140 
60 77 135 
60 78 133 
60 79 132 
60 80 133 
60 81 128 
60 82 133 
60 83 134 
60 84 130 
60 85 127 
60 86 129 
60 87 126 
60 88 125 
60 89 121 
60 90 117 
60 91 112 
60 92 107 
60 93 98 
60 94 69 
60 95 43 
60 96 53 
60 97 68 
60 98 84 
60 99 92 
60 100 91 
60 102 81 
60 103 77 
60 104 85 
60 105 73 
60 106 75 
60 107 84 
60 108 94 
60 109 94 
60 110 88 
60 111 108 
60 112 101 
60 113 112 
60 114 123 
60 115 130 
60 116 131 
60 117 134 
60 118 144 
60 119 133 
60 120 134 
60 121 134 
60 123 131 
60 124 135 
60 126 131 
60 127 135 
61 0 132 
61 1 132 
61 3 132 
61 4 132 
61 5 135 
61 6 133 
61 7 129 
61 8 131 
61 9 129 
61 10 125 
61 12 162 
61 13 175 
61 14 180 
61 15 192 
61 16 181 
61 17 182 
61 18 179 
61 19 190 
61 20 191 
61 21 197 
61 22 192 
61 23 143 
61 24 200 
61 25 191 
61 26 196 
61 27 197 
61 28 181 
61 29 183 
61 30 181 
61 31 194 
61 33 184 
61 34 182 
61 35 157 
61 36 172 
61 38 171 
61 39 157 
61 40 173 
61 42 138 
61 43 147 
61 44 168 
61 45 142 
61 46 114 
61 47 122 
61 48 101 
61 49 43 
61 50 53 
61 51 59 
61 52 84 
61 53 48 
61 54 33 
61 55 33 
61 56 163 
61 57 123 
61 58 161 
61 59 163 
61 60 165 
61 61 171 
61 62 164 
61 63 153 
61 64 173 
61 65 197 
61 66 80 
61 67 105 
61 68 131 
61 69 133 
61 70 143 
61 71 154 
61 72 151 
61 74 152 
61 75 142 
61 76 151 
61 77 144 
61 78 152 
61 79 138 
61 80 144 
61 81 135 
61 82 135 
61 83 133 
61 84 133 
61 85 138 
61 86 136 
61 87 133 
61 88 131 
61 89 128 
61 90 120 
61 91 117 
61 92 112 
61 93 109 
61 94 96 
61 95 62 
61 96 43 
61 97 85 
61 98 111 
61 99 110 
61 100 111 
61 101 119 
61 102 114 
61 103 115 
61 104 111 
61 105 106 
61 106 120 
61 107 116 
61 109 119 
61 110 121 
61 111 122 
61 112 133 
61 113 133 
61 115 137 
61 116 134 
61 117 132 
61 118 137 
61 119 139 
61 120 138 
61 122 134 
61 123 133 
61 124 133 
61 125 134 
61 126 133 
61 127 134 
62 0 131 
62 1 131 
62 2 126 
62 3 131 
62 4 133 
62 5 141 
62 6 129 
62 7 126 
62 9 129 
62 10 125 
62 11 117 
62 12 124 
62 13 188 
62 14 169 
62 15 185 
62 16 188 
62 17 195 
62 18 190 
62 19 179 
62 20 180 
62 21 179 
62 22 175 
62 23 201 
62 24 202 
62 25 201 
62 26 188 
62 27 191 
62 28 187 
62 29 185 
62 30 180 
62 31 184 
62 32 195 
62 33 190 
62 34 149 
62 35 179 
62 36 176 
62 37 169 
62 38 173 
62 39 178 
62 40 153 
62 41 164 
62 43 105 
62 44 154 
62 45 134 
62 46 106 
62 47 100 
62 48 42 
62 49 69 
62 50 74 
62 51 47 
62 52 56 
62 53 36 
62 54 53 
62 55 154 
62 56 102 
62 57 182 
62 58 170 
62 59 165 
62 60 158 
62 61 150 
62 62 159 
62 63 185 
62 64 202 
62 65 64 
62 66 68 
62 67 78 
62 68 136 
62 69 143 
62 70 151 
62 71 155 
62 72 158 
62 73 162 
62 74 156 
62 75 149 
62 76 151 
62 77 157 
62 78 144 
62 79 147 
62 80 140 
62 81 147 
62 82 141 
62 83 140 
62 84 145 
62 86 135 
62 87 132 
62 88 136 
62 89 127 
62 90 126 
62 91 121 
62 92 123 
62 93 112 
62 94 102 
62 95 85 
62 96 61 
62 97 107 
62 98 130 
62 99 127 
62 100 121 
62 101 114 
62 102 118 
62 103 118 
62 104 108 
62 105 123 
62 106 126 
62 107 136 
62 108 132 
62 109 131 
62 110 128 
62 111 133 
62 112 135 
62 115 138 
62 116 139 
62 117 131 
62 118 139 
62 119 139 
62 120 136 
62 121 142 
62 122 134 
62 123 142 
62 124 133 
62 125 135 
62 126 138 
62 127 136 
63 0 128 
63 1 128 
63 2 134 
63 3 137 
63 4 133 
63 5 130 
63 6 133 
63 7 131 
63 8 127 
63 9 132 
63 11 122 
63 12 117 
63 13 193 
63 14 195 
63 15 190 
63 16 183 
63 17 185 
63 18 191 
63 19 196 
63 20 194 
63 21 190 
63 22 173 
63 23 201 
63 25 207 
63 26 194 
63 27 186 
63 28 204 
63 29 192 
63 30 196 
63 31 182 
63 32 194 
63 33 180 
63 34 192 
63 35 177 
63 36 177 
63 37 184 
63 38 173 
63 39 161 
63 40 184 
63 41 171 
63 42 154 
63 43 162 
63 44 130 
63 45 77 
63 46 69 
63 47 76 
63 48 66 
63 49 103 
63 50 119 
63 51 116 
63 52 84 
63 53 60 
63 54 137 
63 55 83 
63 56 182 
63 57 182 
63 58 184 
63 59 189 
63 60 187 
63 61 184 
63 62 187 
63 63 198 
63 64 85 
63 65 53 
63 66 41 
63 67 43 
63 68 82 
63 69 141 
63 70 143 
63 71 163 
63 72 161 
63 73 174 
63 74 168 
63 75 161 
63 76 155 
63 77 152 
63 78 153 
63 79 154 
63 80 152 
63 81 148 
63 82 145 
63 83 142 
63 84 143 
63 85 140 
63 86 140 
63 88 137 
63 89 134 
63 90 130 
63 91 131 
63 93 125 
63 94 117 
63 95 109 
63 96 70 
63 99 123 
63 100 121 
63 101 120 
63 103 115 
63 104 134 
63 105 136 
63 107 132 
63 108 131 
63 109 137 
63 110 129 
63 111 135 
63 112 138 
63 113 139 
63 114 141 
63 115 137 
63 116 141 
63 117 146 
63 118 139 
63 119 140 
63 120 136 
63 121 140 
63 122 139 
63 123 140 
63 124 136 
63 125 138 
63 126 134 
63 127 134 
64 0 138 
64 1 138 
64 2 131 
64 3 129 
64 5 134 
64 6 133 
64 7 130 
64 8 132 
64 9 131 
64 10 133 
64 12 115 
64 13 174 
64 14 190 
64 15 194 
64 16 199 
64 17 188 
64 18 185 
64 19 188 
64 20 187 
64 21 171 
64 22 209 
64 23 204 
64 24 200 
64 25 202 
64 26 194 
64 27 185 
64 28 202 
64 29 201 
64 30 196 
64 31 184 
64 32 185 
64 33 176 
64 34 184 
64 35 189 
64 36 174 
64 37 176 
64 38 179 
64 39 166 
64 40 160 
64 41 163 
64 43 162 
64 44 124 
64 46 85 
64 47 67 
64 48 57 
64 49 89 
64 50 44 
64 51 34 
64 52 96 
64 53 75 
64 54 84 
64 55 179 
64 56 164 
64 58 180 
64 59 190 
64 60 183 
64 61 190 
64 62 193 
64 63 110 
64 64 100 
64 65 49 
64 66 61 
64 67 93 
64 68 98 
64 69 125 
64 70 150 
64 71 154 
64 72 171 
64 73 173 
64 74 173 
64 75 166 
64 76 169 
64 77 163 
64 79 152 
64 80 147 
64 81 150 
64 83 142 
64 84 140 
64 85 139 
64 86 136 
64 87 144 
64 88 143 
64 89 145 
64 90 130 
64 91 135 
64 92 133 
64 93 130 
64 95 122 
64 96 64 
64 97 125 
64 98 128 
64 99 122 
64 100 124 
64 101 124 
64 102 126 
64 103 133 
64 104 126 
64 105 137 
64 106 134 
64 107 133 
64 108 137 
64 109 140 
64 110 140 
64 111 134 
64 112 137 
64 113 139 
64 114 142 
64 115 141 
64 116 145 
64 117 141 
64 118 136 
64 119 140 
64 120 138 
64 121 139 
64 122 139 
64 123 135 
64 124 141 
64 125 139 
64 127 136 
65 0 132 
65 1 132 
65 2 133 
65 3 129 
65 4 129 
65 5 126 
65 6 135 
65 7 131 
65 9 133 
65 10 126 
65 11 124 
65 12 121 
65 13 118 
65 14 202 
65 15 190 
65 16 189 
65 17 195 
65 18 199 
65 19 197 
65 20 195 
65 21 175 
65 22 213 
65 23 201 
65 24 201 
65 25 198 
65 26 195 
65 27 199 
65 28 191 
65 29 197 
65 30 197 
65 31 195 
65 32 174 
65 33 189 
65 34 178 
65 35 177 
65 36 170 
65 37 172 
65 38 175 
65 39 161 
65 40 171 
65 41 153 
65 42 166 
65 43 166 
65 44 104 
65 45 57 
65 46 61 
65 47 101 
65 48 122 
65 49 38 
65 50 125 
65 51 109 
65 52 121 
65 53 81 
65 54 123 
65 55 119 
65 56 140 
65 57 148 
65 58 147 
65 59 159 
65 60 184 
65 61 191 
65 62 120 
65 63 130 
65 64 74 
65 65 57 
65 66 47 
65 67 67 
65 68 124 
65 69 107 
65 70 131 
65 71 150 
65 72 170 
65 73 173 
65 74 179 
65 75 177 
65 76 171 
65 77 160 
65 78 155 
65 79 149 
65 80 150 
65 81 151 
65 82 149 
65 85 142 
65 86 139 
65 87 138 
65 88 147 
65 89 145 
65 90 142 
65 91 134 
65 92 136 
65 93 136 
65 94 131 
65 95 130 
65 96 90 
65 97 133 
65 98 132 
65 99 126 
65 100 129 
65 101 124 
65 102 134 
65 103 135 
65 104 136 
65 105 137 
65 106 129 
65 107 137 
65 108 135 
65 109 138 
65 110 140 
65 111 143 
65 112 135 
65 113 142 
65 114 145 
65 115 141 
65 116 139 
65 117 140 
65 118 142 
65 119 141 
65 120 141 
65 121 139 
65 122 145 
65 123 138 
65 124 139 
65 125 134 
65 126 138 
65 127 142 
66 2 131 
66 3 130 
66 4 130 
66 5 143 
66 9 130 
66 10 127 
66 11 129 
66 12 126 
66 13 118 
66 14 169 
66 15 197 
66 16 200 
66 17 196 
66 18 193 
66 19 193 
66 20 191 
66 21 208 
66 22 212 
66 23 215 
66 24 205 
66 25 196 
66 26 195 
66 27 201 
66 28 199 
66 29 198 
66 30 197 
66 31 192 
66 32 190 
66 33 181 
66 34 189 
66 35 175 
66 36 172 
66 37 171 
66 38 167 
66 39 172 
66 40 158 
66 41 161 
66 42 158 
66 43 144 
66 44 121 
66 45 128 
66 46 93 
66 47 79 
66 48 38 
66 49 44 
66 50 32 
66 51 101 
66 52 128 
66 53 116 
66 54 167 
66 55 186 
66 56 167 
66 57 180 
66 59 169 
66 60 184 
66 61 163 
66 62 137 
66 63 147 
66 64 81 
66 65 52 
66 66 39 
66 67 85 
66 68 100 
66 69 110 
66 70 123 
66 71 150 
66 72 165 
66 73 177 
66 74 180 
66 75 177 
66 76 174 
66 77 166 
66 78 160 
66 79 158 
66 80 156 
66 81 157 
66 82 155 
66 83 154 
66 84 150 
66 85 142 
66 86 144 
66 87 138 
66 88 132 
66 89 152 
66 90 147 
66 91 142 
66 92 135 
66 93 139 
66 94 139 
66 96 112 
66 97 133 
66 98 134 
66 99 132 
66 100 135 
66 101 135 
66 102 134 
66 103 139 
66 104 142 
66 105 135 
66 106 139 
66 107 137 
66 108 137 
66 110 136 
66 111 137 
66 112 144 
66 113 144 
66 114 141 
66 115 142 
66 116 138 
66 117 140 
66 118 141 
66 119 140 
66 120 141 
66 121 147 
66 122 141 
66 123 138 
66 124 143 
66 125 140 
66 126 144 
66 127 139 
67 0 134 
67 1 134 
67 2 130 
67 3 128 
67 4 130 
67 5 133 
67 6 125 
67 7 129 
67 9 124 
67 10 124 
67 11 129 
67 12 128 
67 13 119 
67 14 111 
67 15 194 
67 16 190 
67 17 199 
67 18 198 
67 19 198 
67 20 181 
67 21 206 
67 22 199 
67 23 203 
67 24 201 
67 25 198 
67 26 205 
67 28 205 
67 29 194 
67 30 194 
67 31 192 
67 32 199 
67 33 195 
67 34 185 
67 35 179 
67 36 181 
67 37 179 
67 38 168 
67 39 168 
67 40 159 
67 41 166 
67 42 162 
67 43 144 
67 44 151 
67 45 66 
67 46 72 
67 47 50 
67 48 73 
67 49 137 
67 50 159 
67 51 116 
67 52 154 
67 53 144 
67 55 181 
67 56 162 
67 57 174 
67 58 185 
67 59 191 
67 60 166 
67 61 82 
67 62 140 
67 63 117 
67 64 54 
67 65 46 
67 66 87 
67 67 72 
67 68 163 
67 69 136 
67 70 136 
67 72 172 
67 73 182 
67 74 172 
67 75 175 
67 76 175 
67 77 167 
67 78 166 
67 79 156 
67 80 156 
67 81 157 
67 82 152 
67 83 156 
67 84 151 
67 85 146 
67 86 140 
67 87 104 
67 88 124 
67 89 132 
67 91 139 
67 92 140 
67 93 141 
67 94 145 
67 95 138 
67 96 121 
67 97 134 
67 98 135 
67 100 132 
67 102 141 
67 103 136 
67 104 142 
67 105 140 
67 106 146 
67 107 138 
67 108 140 
67 109 136 
67 110 142 
67 111 138 
67 112 144 
67 113 139 
67 114 139 
67 116 145 
67 117 141 
67 118 142 
67 119 144 
67 121 145 
67 122 143 
67 123 146 
67 124 140 
67 125 144 
67 126 141 
67 127 140 
68 0 129 
68 1 129 
68 2 125 
68 3 128 
68 4 131 
68 5 129 
68 6 128 
68 7 129 
68 8 120 
68 9 129 
68 10 127 
68 11 123 
68 12 126 
68 13 125 
68 14 121 
68 15 112 
68 16 203 
68 17 194 
68 18 188 
68 19 191 
68 20 201 
68 21 211 
68 22 209 
68 23 198 
68 24 204 
68 25 196 
68 26 207 
68 28 204 
68 29 203 
68 30 192 
68 31 194 
68 32 199 
68 33 195 
68 34 191 
68 35 172 
68 36 192 
68 37 182 
68 38 179 
68 39 166 
68 40 164 
68 41 163 
68 42 169 
68 43 157 
68 44 138 
68 45 55 
68 46 54 
68 47 36 
68 48 46 
68 49 129 
68 50 122 
68 51 162 
68 52 186 
68 53 181 
68 54 181 
68 55 192 
68 56 182 
68 57 191 
68 58 188 
68 59 162 
68 60 152 
68 61 121 
68 62 116 
68 63 163 
68 64 105 
68 65 63 
68 66 174 
68 67 196 
68 68 201 
68 69 147 
68 70 119 
68 71 162 
68 72 172 
68 73 176 
68 74 176 
68 75 170 
68 76 172 
68 77 166 
68 78 158 
68 79 163 
68 80 158 
68 81 155 
68 82 157 
68 83 157 
68 84 148 
68 85 148 
68 86 141 
68 87 125 
68 88 106 
68 89 124 
68 90 133 
68 91 132 
68 92 134 
68 93 139 
68 94 143 
68 95 140 
68 96 133 
68 97 134 
68 98 142 
68 99 138 
68 100 137 
68 101 139 
68 102 140 
68 103 141 
68 104 136 
68 105 142 
68 106 145 
68 107 141 
68 108 135 
68 109 138 
68 110 139 
68 111 130 
68 112 132 
68 113 136 
68 114 138 
68 115 140 
68 116 142 
68 117 137 
68 118 141 
68 119 140 
68 120 147 
68 121 142 
68 122 149 
68 123 142 
68 124 140 
68 125 142 
68 126 145 
68 127 146 
69 0 126 
69 1 126 
69 2 127 
69 3 129 
69 5 128 
69 7 127 
69 8 128 
69 9 124 
69 10 125 
69 11 129 
69 12 131 
69 13 126 
69 15 121 
69 16 160 
69 17 195 
69 18 200 
69 19 190 
69 20 210 
69 21 206 
69 22 205 
69 23 204 
69 25 198 
69 26 197 
69 27 211 
69 28 197 
69 29 201 
69 30 196 
69 31 202 
69 32 193 
69 33 199 
69 34 194 
69 35 193 
69 36 189 
69 37 180 
69 38 182 
69 39 170 
69 40 171 
69 41 173 
69 42 168 
69 43 165 
69 44 104 
69 45 54 
69 46 38 
69 47 34 
69 49 147 
69 50 142 
69 51 198 
69 52 190 
69 53 174 
69 54 191 
69 55 189 
69 56 173 
69 57 167 
69 58 165 
69 59 155 
69 60 168 
69 61 142 
69 62 91 
69 64 46 
69 65 50 
69 66 176 
69 67 210 
69 68 206 
69 69 159 
69 70 144 
69 71 170 
69 72 166 
69 73 177 
69 74 170 
69 76 166 
69 77 161 
69 78 159 
69 79 155 
69 80 154 
69 81 158 
69 82 155 
69 83 156 
69 84 155 
69 85 146 
69 86 138 
69 87 132 
69 88 94 
69 89 125 
69 90 125 
69 91 129 
69 92 139 
69 93 145 
69 94 150 
69 95 149 
69 96 141 
69 97 143 
69 98 148 
69 99 142 
69 101 144 
69 102 145 
69 103 139 
69 104 136 
69 105 142 
69 106 143 
69 107 143 
69 108 133 
69 109 137 
69 110 138 
69 111 134 
69 112 134 
69 113 131 
69 114 138 
69 115 137 
69 116 135 
69 117 137 
69 118 141 
69 119 141 
69 120 139 
69 121 143 
69 122 150 
69 123 145 
69 124 144 
69 125 141 
69 126 143 
69 127 144 
70 0 129 
70 1 129 
70 2 123 
70 3 128 
70 5 132 
70 6 126 
70 7 122 
70 8 126 
70 9 125 
70 10 126 
70 11 127 
70 12 132 
70 13 123 
70 15 121 
70 16 110 
70 17 194 
70 18 200 
70 19 185 
70 20 217 
70 21 207 
70 22 203 
70 23 202 
70 24 208 
70 25 202 
70 26 206 
70 27 185 
70 28 204 
70 29 197 
70 30 201 
70 31 195 
70 32 198 
70 33 192 
70 34 190 
70 35 195 
70 36 158 
70 37 185 
70 38 176 
70 40 169 
70 41 174 
70 43 149 
70 44 97 
70 45 45 
70 46 31 
70 47 86 
70 48 160 
70 49 138 
70 50 198 
70 52 193 
70 53 182 
70 54 181 
70 55 168 
70 56 168 
70 57 170 
70 58 165 
70 59 154 
70 60 164 
70 61 152 
70 62 67 
70 63 91 
70 64 84 
70 65 39 
70 66 69 
70 67 182 
70 68 151 
70 69 172 
70 70 150 
70 71 162 
70 72 170 
70 73 169 
70 74 166 
70 76 158 
70 77 154 
70 78 149 
70 79 146 
70 80 146 
70 81 151 
70 82 151 
70 83 156 
70 84 151 
70 85 146 
70 86 144 
70 87 131 
70 88 107 
70 89 120 
70 90 121 
70 91 135 
70 92 137 
70 93 149 
70 94 168 
70 95 155 
70 96 150 
70 97 155 
70 98 149 
70 99 145 
70 100 147 
70 101 138 
70 102 141 
70 103 139 
70 104 144 
70 105 138 
70 106 150 
70 107 142 
70 108 143 
70 109 141 
70 110 135 
70 112 139 
70 113 142 
70 114 134 
70 115 135 
70 116 139 
70 117 141 
70 118 139 
70 119 137 
70 120 142 
70 121 141 
70 122 145 
70 123 144 
70 125 145 
70 126 142 
70 127 144 
71 0 127 
71 1 127 
71 2 130 
71 3 128 
71 4 128 
71 6 122 
71 7 126 
71 8 122 
71 9 123 
71 11 130 
71 12 132 
71 13 129 
71 14 128 
71 15 117 
71 16 111 
71 17 108 
71 18 203 
71 19 204 
71 20 210 
71 21 211 
71 22 205 
71 23 199 
71 24 212 
71 25 208 
71 26 205 
71 27 209 
71 28 207 
71 29 203 
71 30 201 
71 31 203 
71 32 185 
71 33 196 
71 34 200 
71 35 199 
71 36 186 
71 37 189 
71 38 182 
71 39 176 
71 40 165 
71 41 163 
71 42 172 
71 43 149 
71 44 111 
71 45 46 
71 46 45 
71 47 185 
71 48 134 
71 49 194 
71 50 189 
71 51 190 
71 52 186 
71 53 171 
71 54 162 
71 55 161 
71 56 160 
71 57 171 
71 58 154 
71 59 164 
71 60 162 
71 61 170 
71 62 89 
71 63 85 
71 64 86 
71 65 54 
71 66 75 
71 67 70 
71 68 147 
71 69 173 
71 70 144 
71 71 167 
71 72 152 
71 73 154 
71 74 154 
71 75 149 
71 77 141 
71 78 136 
71 79 127 
71 80 128 
71 81 138 
71 82 146 
71 83 150 
71 84 154 
71 85 144 
71 86 143 
71 87 131 
71 88 114 
71 89 126 
71 90 130 
71 91 130 
71 92 136 
71 93 146 
71 94 162 
71 95 160 
71 96 155 
71 97 158 
71 98 155 
71 99 144 
71 100 139 
71 101 139 
71 102 140 
71 104 145 
71 105 144 
71 106 150 
71 107 147 
71 109 143 
71 111 144 
71 113 136 
71 114 131 
71 115 139 
71 116 136 
71 117 131 
71 119 137 
71 120 138 
71 121 147 
71 122 143 
71 123 148 
71 125 148 
71 126 153 
71 127 142 
72 0 126 
72 1 126 
72 3 127 
72 4 130 
72 7 125 
72 8 123 
72 9 122 
72 10 128 
72 11 126 
72 12 129 
72 13 127 
72 14 127 
72 15 120 
72 16 116 
72 17 105 
72 18 114 
72 19 218 
72 20 214 
72 21 207 
72 22 212 
72 23 212 
72 24 200 
72 25 204 
72 26 209 
72 27 205 
72 28 204 
72 29 200 
72 30 206 
72 31 200 
72 32 202 
72 33 188 
72 34 201 
72 35 165 
72 36 188 
72 37 176 
72 38 176 
72 39 186 
72 40 177 
72 41 174 
72 43 171 
72 44 50 
72 45 35 
72 46 193 
72 47 110 
72 48 197 
72 49 190 
72 50 190 
72 51 185 
72 52 183 
72 53 167 
72 54 168 
72 55 170 
72 56 176 
72 57 147 
72 58 164 
72 59 169 
72 60 171 
72 61 170 
72 62 141 
72 63 78 
72 64 122 
72 65 136 
72 66 108 
72 67 92 
72 68 132 
72 69 131 
72 70 130 
72 71 130 
72 72 136 
72 73 148 
72 74 153 
72 75 140 
72 77 132 
72 78 128 
72 79 115 
72 80 123 
72 81 122 
72 83 150 
72 84 145 
72 85 148 
72 86 147 
72 87 125 
72 88 113 
72 89 136 
72 90 125 
72 91 118 
72 93 161 
72 94 165 
72 95 167 
72 96 166 
72 98 149 
72 100 146 
72 101 143 
72 102 147 
72 103 153 
72 104 150 
72 105 152 
72 106 147 
72 107 148 
72 108 143 
72 111 141 
72 113 140 
72 114 144 
72 115 142 
72 116 141 
72 117 133 
72 118 135 
72 120 136 
72 121 136 
72 122 142 
72 123 141 
72 124 143 
72 125 143 
72 126 145 
72 127 146 
73 0 131 
73 1 131 
73 2 128 
73 4 129 
73 5 129 
73 7 127 
73 8 125 
73 9 126 
73 10 125 
73 11 133 
73 12 127 
73 13 127 
73 14 121 
73 15 122 
73 16 119 
73 17 103 
73 18 93 
73 19 208 
73 20 227 
73 21 216 
73 22 206 
73 23 216 
73 24 203 
73 25 207 
73 26 205 
73 27 203 
73 28 193 
73 29 206 
73 30 199 
73 31 201 
73 32 196 
73 33 204 
73 34 181 
73 35 192 
73 36 170 
73 37 185 
73 38 183 
73 39 173 
73 40 179 
73 41 162 
73 43 166 
73 44 164 
73 45 173 
73 46 145 
73 47 190 
73 48 190 
73 49 185 
73 50 178 
73 51 181 
73 52 184 
73 53 179 
73 54 178 
73 55 183 
73 56 143 
73 57 164 
73 58 168 
73 59 169 
73 60 173 
73 61 179 
73 62 176 
73 63 96 
73 64 116 
73 65 131 
73 66 121 
73 67 108 
73 68 121 
73 70 129 
73 71 138 
73 72 138 
73 74 148 
73 75 141 
73 76 136 
73 77 134 
73 78 131 
73 79 134 
73 80 135 
73 81 129 
73 82 122 
73 83 143 
73 84 145 
73 85 153 
73 86 159 
73 87 130 
73 88 105 
73 89 170 
73 93 167 
73 94 163 
73 95 170 
73 96 162 
73 97 168 
73 98 148 
73 99 142 
73 101 154 
73 102 159 
73 103 162 
73 104 161 
73 106 154 
73 107 153 
73 108 149 
73 109 149 
73 110 143 
73 111 147 
73 112 147 
73 113 148 
73 114 143 
73 115 141 
73 116 140 
73 117 141 
73 118 139 
73 119 137 
73 122 139 
73 123 144 
73 124 150 
73 125 148 
73 126 142 
73 127 149 
74 0 128 
74 1 128 
74 2 129 
74 3 123 
74 4 129 
74 5 130 
74 6 124 
74 7 124 
74 8 128 
74 9 125 
74 10 127 
74 11 128 
74 12 128 
74 13 122 
74 14 125 
74 15 123 
74 16 116 
74 17 116 
74 18 101 
74 19 113 
74 20 227 
74 21 226 
74 23 216 
74 24 205 
74 25 207 
74 26 205 
74 27 207 
74 28 203 
74 29 202 
74 30 204 
74 31 196 
74 33 183 
74 34 183 
74 35 188 
74 36 192 
74 37 186 
74 38 192 
74 39 184 
74 40 165 
74 41 174 
74 42 154 
74 43 157 
74 44 162 
74 45 151 
74 46 184 
74 47 193 
74 48 179 
74 49 181 
74 50 180 
74 52 183 
74 53 176 
74 54 174 
74 55 166 
74 56 165 
74 57 168 
74 58 171 
74 59 177 
74 60 178 
74 61 180 
74 62 177 
74 63 166 
74 64 134 
74 65 130 
74 66 138 
74 67 122 
74 68 124 
74 69 123 
74 70 126 
74 71 128 
74 74 137 
74 75 134 
74 76 126 
74 77 124 
74 78 126 
74 79 137 
74 80 132 
74 81 59 
74 82 130 
74 83 138 
74 84 150 
74 85 164 
74 86 164 
74 87 118 
74 88 112 
74 89 176 
74 91 124 
74 92 149 
74 94 169 
74 95 171 
74 96 154 
74 97 172 
74 98 152 
74 99 151 
74 101 167 
74 102 163 
74 103 163 
74 104 160 
74 105 160 
74 106 158 
74 107 154 
74 108 156 
74 109 157 
74 110 151 
74 111 148 
74 112 147 
74 113 149 
74 114 144 
74 115 149 
74 116 145 
74 117 145 
74 118 139 
74 119 136 
74 121 141 
74 122 137 
74 123 139 
74 124 140 
74 125 146 
74 126 149 
74 127 149 
75 0 127 
75 1 127 
75 2 126 
75 3 132 
75 4 128 
75 5 129 
75 6 127 
75 7 129 
75 8 127 
75 9 127 
75 10 127 
75 11 126 
75 12 124 
75 13 125 
75 14 121 
75 15 121 
75 16 118 
75 17 109 
75 18 107 
75 19 95 
75 20 83 
75 21 202 
75 22 222 
75 23 228 
75 24 211 
75 25 208 
75 26 207 
75 27 204 
75 28 211 
75 29 208 
75 30 202 
75 31 199 
75 32 208 
75 33 173 
75 34 188 
75 35 182 
75 36 196 
75 37 191 
75 38 183 
75 40 171 
75 41 163 
75 42 155 
75 43 153 
75 44 180 
75 45 170 
75 46 194 
75 47 185 
75 48 187 
75 49 184 
75 50 179 
75 51 183 
75 52 174 
75 53 178 
75 54 156 
75 55 171 
75 56 175 
75 57 182 
75 58 184 
75 59 181 
75 60 174 
75 61 176 
75 62 180 
75 63 168 
75 64 156 
75 65 145 
75 66 145 
75 67 138 
75 68 131 
75 69 130 
75 70 125 
75 71 130 
75 73 125 
75 74 129 
75 75 125 
75 76 124 
75 77 120 
75 78 127 
75 79 131 
75 80 132 
75 81 93 
75 82 134 
75 83 164 
75 84 197 
75 85 211 
75 86 178 
75 87 121 
75 88 115 
75 89 185 
75 90 146 
75 91 117 
75 92 149 
75 93 155 
75 94 166 
75 95 169 
75 96 158 
75 97 170 
75 98 167 
75 99 172 
75 100 176 
75 101 177 
75 102 169 
75 103 168 
75 104 164 
75 105 161 
75 106 164 
75 107 160 
75 108 158 
75 109 158 
75 110 158 
75 111 155 
75 112 148 
75 113 149 
75 114 146 
75 115 144 
75 116 151 
75 117 145 
75 119 140 
75 121 136 
75 122 140 
75 123 145 
75 125 143 
75 126 142 
75 127 148 
76 0 121 
76 1 121 
76 2 125 
76 3 120 
76 4 126 
76 5 130 
76 6 124 
76 7 127 
76 8 125 
76 9 130 
76 11 129 
76 12 131 
76 13 123 
76 14 123 
76 15 122 
76 16 116 
76 17 115 
76 18 114 
76 19 108 
76 20 92 
76 21 87 
76 22 153 
76 23 219 
76 24 216 
76 25 214 
76 26 213 
76 27 200 
76 28 207 
76 29 211 
76 30 206 
76 31 205 
76 32 203 
76 33 201 
76 34 197 
76 35 190 
76 36 195 
76 37 193 
76 38 182 
76 39 168 
76 40 163 
76 41 170 
76 42 150 
76 43 197 
76 44 162 
76 45 194 
76 46 197 
76 47 189 
76 49 181 
76 50 179 
76 51 171 
76 52 177 
76 53 171 
76 54 165 
76 55 184 
76 56 184 
76 57 190 
76 58 194 
76 59 192 
76 60 187 
76 61 180 
76 62 171 
76 63 173 
76 64 157 
76 65 157 
76 66 153 
76 67 156 
76 68 147 
76 69 149 
76 70 145 
76 71 141 
76 72 136 
76 73 133 
76 74 129 
76 75 130 
76 77 126 
76 78 129 
76 79 127 
76 80 119 
76 81 89 
76 82 119 
76 83 154 
76 84 183 
76 85 197 
76 86 201 
76 87 145 
76 88 131 
76 89 203 
76 90 143 
76 91 128 
76 92 150 
76 93 153 
76 94 157 
76 95 145 
76 96 140 
76 97 160 
76 98 178 
76 99 185 
76 100 187 
76 101 185 
76 103 175 
76 104 173 
76 105 168 
76 106 167 
76 107 162 
76 109 162 
76 110 158 
76 111 156 
76 112 158 
76 113 155 
76 114 154 
76 115 150 
76 116 152 
76 117 149 
76 118 147 
76 119 147 
76 120 144 
76 121 144 
76 122 140 
76 124 139 
76 126 145 
76 127 152 
77 1 119 
77 2 122 
77 3 120 
77 4 116 
77 5 121 
77 6 126 
77 8 121 
77 9 126 
77 10 123 
77 11 123 
77 12 123 
77 13 118 
77 14 119 
77 15 112 
77 16 117 
77 17 112 
77 18 113 
77 19 110 
77 20 104 
77 21 92 
77 22 77 
77 23 88 
77 24 213 
77 25 218 
77 27 209 
77 29 207 
77 30 206 
77 31 199 
77 32 193 
77 33 197 
77 34 199 
77 35 194 
77 36 192 
77 37 191 
77 38 185 
77 39 182 
77 40 159 
77 41 164 
77 42 183 
77 43 171 
77 44 190 
77 45 200 
77 46 196 
77 47 191 
77 49 180 
77 50 173 
77 51 176 
77 52 178 
77 53 171 
77 54 187 
77 55 188 
77 56 194 
77 57 195 
77 59 197 
77 60 193 
77 62 186 
77 63 181 
77 64 176 
77 65 180 
77 66 170 
77 67 184 
77 68 199 
77 69 191 
77 70 191 
77 71 182 
77 72 181 
77 73 168 
77 74 163 
77 75 160 
77 76 150 
77 77 152 
77 78 149 
77 79 139 
77 80 133 
77 81 117 
77 82 136 
77 83 189 
77 84 192 
77 85 182 
77 86 190 
77 87 127 
77 88 130 
77 89 163 
77 90 135 
77 91 149 
77 92 139 
77 93 145 
77 94 154 
77 95 138 
77 96 134 
77 97 148 
77 98 193 
77 100 193 
77 101 189 
77 103 179 
77 104 171 
77 105 176 
77 106 173 
77 107 174 
77 108 164 
77 109 161 
77 111 160 
77 112 157 
77 113 157 
77 114 155 
77 115 150 
77 116 152 
77 117 151 
77 118 153 
77 119 145 
77 120 145 
77 121 143 
77 122 144 
77 124 140 
77 125 144 
77 126 145 
77 127 153 
78 2 113 
78 3 115 
78 5 138 
78 6 120 
78 7 119 
78 8 121 
78 9 116 
78 10 121 
78 11 116 
78 12 120 
78 13 116 
78 14 117 
78 15 114 
78 16 112 
78 17 111 
78 18 108 
78 19 107 
78 20 100 
78 21 93 
78 22 91 
78 23 73 
78 24 95 
78 25 225 
78 26 211 
78 27 214 
78 28 213 
78 29 207 
78 30 202 
78 31 209 
78 32 199 
78 33 201 
78 34 199 
78 35 193 
78 36 194 
78 37 171 
78 38 163 
78 39 182 
78 40 173 
78 41 152 
78 42 182 
78 43 185 
78 44 195 
78 45 200 
78 46 193 
78 47 187 
78 48 184 
78 49 177 
78 50 173 
78 51 180 
78 52 180 
78 53 178 
78 54 196 
78 55 193 
78 57 197 
78 58 198 
78 59 199 
78 60 194 
78 61 198 
78 62 194 
78 63 190 
78 64 193 
78 65 198 
78 66 207 
78 67 216 
78 68 220 
78 69 225 
78 70 227 
78 71 220 
78 72 220 
78 73 217 
78 74 222 
78 75 215 
78 76 202 
78 77 192 
78 78 176 
78 79 177 
78 80 172 
78 81 149 
78 82 179 
78 83 195 
78 84 195 
78 85 195 
78 86 174 
78 88 119 
78 89 134 
78 90 147 
78 91 142 
78 92 140 
78 93 140 
78 94 64 
78 95 44 
78 96 42 
78 97 64 
78 98 200 
78 99 201 
78 100 195 
78 101 188 
78 102 189 
78 103 181 
78 104 180 
78 105 177 
78 106 173 
78 107 178 
78 108 172 
78 109 172 
78 112 161 
78 113 160 
78 114 158 
78 115 155 
78 116 157 
78 117 152 
78 118 155 
78 119 155 
78 120 153 
78 121 147 
78 122 147 
78 123 143 
78 124 143 
78 126 144 
78 127 147 
79 0 115 
79 1 115 
79 2 110 
79 3 113 
79 4 114 
79 5 115 
79 6 116 
79 7 122 
79 8 116 
79 9 118 
79 10 116 
79 11 112 
79 12 113 
79 13 119 
79 14 114 
79 15 113 
79 16 109 
79 17 112 
79 18 106 
79 19 102 
79 20 100 
79 21 96 
79 22 96 
79 23 85 
79 24 76 
79 25 145 
79 26 223 
79 27 218 
79 28 215 
79 29 212 
79 30 203 
79 31 210 
79 32 204 
79 33 200 
79 34 202 
79 35 196 
79 36 181 
79 37 183 
79 38 166 
79 39 176 
79 40 156 
79 41 199 
79 42 187 
79 43 193 
79 44 201 
79 45 193 
79 46 194 
79 47 188 
79 48 188 
79 49 184 
79 50 181 
79 51 185 
79 52 186 
79 53 200 
79 54 201 
79 55 202 
79 56 202 
79 59 199 
79 60 192 
79 61 193 
79 62 188 
79 63 191 
79 64 197 
79 65 202 
79 66 212 
79 67 168 
79 68 125 
79 69 173 
79 70 180 
79 71 189 
79 72 197 
79 73 204 
79 74 210 
79 75 215 
79 76 218 
79 77 226 
79 78 230 
79 79 229 
79 80 205 
79 81 197 
79 82 180 
79 83 179 
79 85 175 
79 86 181 
79 87 99 
79 88 131 
79 89 143 
79 90 144 
79 91 129 
79 92 45 
79 93 39 
79 94 49 
79 95 69 
79 96 57 
79 97 53 
79 98 196 
79 99 201 
79 100 201 
79 101 195 
79 102 190 
79 103 187 
79 104 184 
79 106 183 
79 107 177 
79 108 176 
79 109 170 
79 110 174 
79 111 168 
79 112 170 
79 113 167 
79 114 162 
79 115 162 
79 116 159 
79 118 158 
79 119 157 
79 120 150 
79 122 149 
79 123 148 
79 124 144 
79 125 148 
79 126 150 
79 127 149 
80 0 104 
80 1 104 
80 2 101 
80 3 107 
80 5 108 
80 6 110 
80 8 112 
80 9 115 
80 10 110 
80 11 116 
80 12 116 
80 13 113 
80 14 116 
80 15 105 
80 16 105 
80 17 108 
80 18 113 
80 19 108 
80 20 98 
80 21 100 
80 22 98 
80 23 89 
80 24 76 
80 25 62 
80 26 114 
80 27 224 
80 28 225 
80 29 223 
80 30 217 
80 31 209 
80 32 204 
80 33 202 
80 34 198 
80 35 190 
80 36 191 
80 37 187 
80 38 181 
80 39 177 
80 40 170 
80 41 165 
80 42 190 
80 43 196 
80 44 193 
80 45 196 
80 46 193 
80 47 190 
80 48 187 
80 49 188 
80 51 186 
80 52 186 
80 53 192 
80 54 196 
80 55 199 
80 56 199 
80 58 206 
80 59 201 
80 60 199 
80 61 194 
80 62 190 
80 64 189 
80 65 187 
80 66 80 
80 67 103 
80 68 125 
80 69 159 
80 70 151 
80 72 180 
80 73 173 
80 74 169 
80 75 169 
80 76 160 
80 77 157 
80 78 186 
80 79 195 
80 80 166 
80 81 165 
80 82 159 
80 83 155 
80 84 151 
80 85 143 
80 86 133 
80 87 118 
80 88 146 
80 89 136 
80 90 105 
80 91 66 
80 92 54 
80 93 51 
80 94 48 
80 95 53 
80 97 65 
80 98 106 
80 99 203 
80 100 202 
80 101 198 
80 102 192 
80 104 186 
80 105 187 
80 106 185 
80 108 182 
80 109 181 
80 110 177 
80 111 181 
80 112 173 
80 113 168 
80 114 167 
80 115 168 
80 116 165 
80 117 164 
80 118 162 
80 119 157 
80 120 158 
80 121 155 
80 123 155 
80 124 147 
80 126 154 
80 127 153 
81 2 115 
81 3 102 
81 4 106 
81 5 109 
81 6 106 
81 7 106 
81 9 109 
81 10 115 
81 11 110 
81 12 112 
81 13 109 
81 14 112 
81 15 99 
81 16 103 
81 17 108 
81 18 103 
81 19 103 
81 21 100 
81 22 98 
81 23 90 
81 24 93 
81 25 80 
81 26 63 
81 27 89 
81 28 198 
81 29 223 
81 30 225 
81 31 219 
81 32 207 
81 33 203 
81 34 196 
81 35 197 
81 36 185 
81 37 188 
81 38 163 
81 39 157 
81 40 201 
81 41 183 
81 42 205 
81 43 193 
81 44 194 
81 45 195 
81 46 194 
81 47 186 
81 48 191 
81 49 194 
81 50 191 
81 51 184 
81 52 193 
81 53 196 
81 55 203 
81 56 203 
81 57 208 
81 58 207 
81 59 205 
81 60 201 
81 61 198 
81 62 194 
81 63 185 
81 64 169 
81 65 91 
81 66 43 
81 67 94 
81 68 113 
81 70 136 
81 71 153 
81 72 164 
81 73 166 
81 74 161 
81 75 161 
81 76 158 
81 77 155 
81 78 154 
81 79 145 
81 80 145 
81 81 149 
81 82 147 
81 84 150 
81 85 139 
81 86 137 
81 87 145 
81 88 134 
81 89 45 
81 90 48 
81 91 44 
81 92 42 
81 93 44 
81 94 54 
81 95 58 
81 96 55 
81 97 56 
81 98 51 
81 99 202 
81 100 201 
81 101 202 
81 102 198 
81 103 195 
81 104 195 
81 105 189 
81 106 190 
81 108 186 
81 109 187 
81 110 187 
81 111 182 
81 112 181 
81 113 182 
81 114 175 
81 115 171 
81 116 169 
81 117 168 
81 118 162 
81 119 162 
81 121 161 
81 122 157 
81 123 157 
81 125 154 
81 126 150 
82 0 140 
82 1 140 
82 2 133 
82 3 121 
82 4 115 
82 5 108 
82 6 110 
82 7 114 
82 8 106 
82 9 110 
82 10 111 
82 11 112 
82 12 109 
82 13 108 
82 14 114 
82 16 106 
82 17 105 
82 18 101 
82 19 101 
82 20 106 
82 21 97 
82 22 96 
82 23 94 
82 24 86 
82 25 87 
82 26 84 
82 27 71 
82 28 61 
82 29 53 
82 30 160 
82 31 223 
82 32 214 
82 33 205 
82 34 197 
82 35 193 
82 36 186 
82 37 184 
82 38 156 
82 39 196 
82 40 176 
82 41 198 
82 42 190 
82 43 187 
82 44 197 
82 47 186 
82 48 189 
82 49 191 
82 50 191 
82 51 186 
82 52 199 
82 53 195 
82 54 200 
82 56 210 
82 57 212 
82 58 209 
82 59 212 
82 61 200 
82 62 200 
82 63 168 
82 64 135 
82 65 60 
82 66 44 
82 67 67 
82 68 79 
82 69 129 
82 70 131 
82 71 146 
82 72 152 
82 73 150 
82 74 155 
82 75 154 
82 76 148 
82 77 150 
82 78 149 
82 79 151 
82 80 143 
82 81 138 
82 82 139 
82 83 133 
82 84 136 
82 85 136 
82 86 123 
82 87 51 
82 88 45 
82 89 44 
82 90 45 
82 91 40 
82 92 46 
82 93 45 
82 94 53 
82 96 56 
82 97 57 
82 98 52 
82 99 121 
82 100 206 
82 102 201 
82 103 204 
82 105 199 
82 106 198 
82 107 194 
82 108 194 
82 111 190 
82 112 190 
82 113 186 
82 114 184 
82 115 178 
82 116 174 
82 117 168 
82 118 173 
82 119 169 
82 120 164 
82 121 162 
82 122 160 
82 123 160 
82 125 156 
82 127 159 
83 0 153 
83 1 153 
83 2 143 
83 3 136 
83 4 136 
83 5 129 
83 6 124 
83 7 129 
83 8 129 
83 9 122 
83 10 124 
83 11 115 
83 12 119 
83 13 119 
83 14 122 
83 15 117 
83 16 116 
83 18 112 
83 19 116 
83 20 115 
83 21 110 
83 22 116 
83 23 116 
83 24 112 
83 25 107 
83 27 104 
83 28 96 
83 30 87 
83 31 76 
83 32 195 
83 33 212 
83 34 203 
83 35 195 
83 36 181 
83 37 170 
83 38 156 
83 39 191 
83 40 180 
83 41 202 
83 42 185 
83 43 192 
83 44 188 
83 45 193 
83 46 196 
83 47 193 
83 48 194 
83 49 193 
83 50 192 
83 51 187 
83 52 190 
83 53 197 
83 54 196 
83 55 205 
83 56 211 
83 57 211 
83 58 213 
83 59 213 
83 60 207 
83 61 208 
83 62 204 
83 63 97 
83 64 119 
83 65 55 
83 66 147 
83 67 74 
83 68 156 
83 69 156 
83 70 127 
83 71 129 
83 72 137 
83 73 136 
83 74 142 
83 75 143 
83 76 136 
83 77 139 
83 78 139 
83 79 136 
83 80 136 
83 81 134 
83 82 134 
83 83 128 
83 84 117 
83 85 47 
83 86 42 
83 87 43 
83 88 45 
83 89 50 
83 90 61 
83 91 46 
83 92 55 
83 93 54 
83 94 70 
83 97 57 
83 98 51 
83 99 49 
83 100 208 
83 101 208 
83 102 207 
83 103 206 
83 105 200 
83 106 201 
83 107 202 
83 108 198 
83 109 195 
83 111 195 
83 112 191 
83 113 194 
83 115 189 
83 116 187 
83 117 180 
83 118 174 
83 119 172 
83 120 169 
83 121 172 
83 122 170 
83 123 164 
83 124 164 
83 125 163 
83 126 166 
83 127 168 
84 0 158 
84 1 158 
84 3 150 
84 4 148 
84 5 147 
84 6 142 
84 7 141 
84 8 135 
84 9 137 
84 10 132 
84 11 132 
84 12 128 
84 13 136 
84 14 137 
84 15 132 
84 16 134 
84 18 135 
84 19 139 
84 20 135 
84 21 133 
84 22 135 
84 24 135 
84 25 134 
84 26 132 
84 27 128 
84 28 127 
84 29 129 
84 30 123 
84 31 122 
84 32 118 
84 33 214 
84 34 206 
84 35 194 
84 36 186 
84 37 184 
84 38 202 
84 39 185 
84 40 199 
84 42 183 
84 43 192 
84 44 195 
84 45 193 
84 46 192 
84 47 195 
84 48 193 
84 49 199 
84 50 88 
84 51 102 
84 52 147 
84 53 181 
84 54 184 
84 55 195 
84 56 204 
84 57 206 
84 58 214 
84 59 212 
84 60 211 
84 61 209 
84 62 188 
84 63 96 
84 64 72 
84 65 57 
84 66 163 
84 67 176 
84 68 172 
84 69 117 
84 70 81 
84 71 122 
84 72 127 
84 73 129 
84 74 135 
84 75 131 
84 76 134 
84 77 131 
84 78 134 
84 79 133 
84 80 126 
84 81 124 
84 82 105 
84 83 53 
84 84 54 
84 85 49 
84 86 45 
84 87 57 
84 88 58 
84 89 43 
84 90 49 
84 91 56 
84 92 53 
84 93 64 
84 94 65 
84 95 51 
84 96 50 
84 97 55 
84 98 45 
84 99 53 
84 100 93 
84 101 213 
84 102 210 
84 104 208 
84 105 204 
84 107 203 
84 108 206 
84 111 199 
84 112 197 
84 113 199 
84 114 194 
84 115 193 
84 116 192 
84 118 186 
84 119 178 
84 120 179 
84 121 172 
84 122 169 
84 123 175 
84 124 167 
84 125 167 
84 126 168 
84 127 166 
85 0 162 
85 1 162 
85 3 163 
85 4 156 
85 5 153 
85 6 151 
85 7 154 
85 8 146 
85 9 143 
85 10 142 
85 11 138 
85 12 143 
85 15 141 
85 17 148 
85 18 146 
85 19 151 
85 20 148 
85 21 148 
85 22 149 
85 23 150 
85 24 148 
85 25 154 
85 26 151 
85 27 147 
85 28 147 
85 29 145 
85 30 145 
85 31 142 
85 32 144 
85 33 133 
85 34 190 
85 35 209 
85 36 189 
85 37 184 
85 38 186 
85 39 197 
85 40 206 
85 41 194 
85 42 186 
85 43 196 
85 44 198 
85 45 199 
85 46 194 
85 47 195 
85 48 199 
85 49 159 
85 50 46 
85 51 87 
85 52 89 
85 53 112 
85 54 134 
85 55 147 
85 56 166 
85 57 185 
85 58 195 
85 59 204 
85 60 205 
85 61 200 
85 62 138 
85 63 102 
85 64 56 
85 65 51 
85 66 80 
85 67 116 
85 68 104 
85 69 64 
85 70 82 
85 71 112 
85 72 121 
85 73 128 
85 74 131 
85 75 124 
85 76 128 
85 77 128 
85 78 121 
85 79 114 
85 80 89 
85 81 45 
85 82 46 
85 83 50 
85 84 44 
85 85 47 
85 86 51 
85 87 45 
85 88 42 
85 89 40 
85 90 52 
85 91 50 
85 92 52 
85 93 48 
85 94 53 
85 95 56 
85 96 51 
85 97 44 
85 98 42 
85 99 49 
85 100 36 
85 101 159 
85 102 214 
85 104 210 
85 105 207 
85 106 211 
85 107 207 
85 108 206 
85 110 208 
85 111 206 
85 112 205 
85 113 200 
85 114 200 
85 115 199 
85 116 193 
85 117 194 
85 118 188 
85 119 190 
85 120 188 
85 121 184 
85 123 177 
85 124 175 
85 125 175 
85 126 174 
85 127 168 
86 0 148 
86 1 148 
86 2 154 
86 3 157 
86 4 158 
86 5 157 
86 6 157 
86 7 158 
86 8 154 
86 9 154 
86 10 149 
86 11 142 
86 12 143 
86 13 143 
86 14 146 
86 15 144 
86 17 150 
86 18 152 
86 19 153 
86 21 156 
86 22 153 
86 23 160 
86 24 154 
86 25 153 
86 27 153 
86 28 148 
86 29 151 
86 30 154 
86 31 157 
86 32 152 
86 33 147 
86 34 154 
86 35 150 
86 36 168 
86 37 199 
86 38 190 
86 40 200 
86 41 190 
86 42 192 
86 45 200 
86 47 197 
86 48 198 
86 49 46 
86 50 114 
86 51 76 
86 52 73 
86 53 65 
86 54 80 
86 55 84 
86 56 97 
86 57 115 
86 58 126 
86 59 146 
86 60 161 
86 61 158 
86 62 103 
86 63 137 
86 65 55 
86 66 42 
86 67 45 
86 68 54 
86 69 84 
86 70 89 
86 71 105 
86 72 112 
86 73 116 
86 74 117 
86 75 116 
86 76 106 
86 77 93 
86 78 75 
86 79 49 
86 80 41 
86 81 44 
86 82 52 
86 83 43 
86 84 44 
86 85 46 
86 86 50 
86 87 56 
86 88 48 
86 89 48 
86 90 68 
86 91 57 
86 92 43 
86 93 47 
86 94 52 
86 95 51 
86 96 55 
86 97 44 
86 98 52 
86 99 50 
86 100 37 
86 101 45 
86 102 184 
86 103 216 
86 104 217 
86 105 214 
86 106 210 
86 109 208 
86 110 207 
86 111 206 
86 112 208 
86 113 204 
86 115 203 
86 116 204 
86 117 202 
86 118 196 
86 120 194 
86 121 190 
86 122 187 
86 124 178 
86 125 179 
86 126 175 
86 127 172 
87 0 153 
87 1 153 
87 4 159 
87 5 162 
87 6 164 
87 7 167 
87 8 159 
87 10 152 
87 11 148 
87 12 145 
87 13 141 
87 14 141 
87 15 139 
87 16 146 
87 17 148 
87 19 160 
87 20 157 
87 22 155 
87 23 153 
87 24 155 
87 25 157 
87 26 153 
87 29 155 
87 30 155 
87 31 159 
87 32 157 
87 33 153 
87 34 148 
87 35 150 
87 36 183 
87 37 194 
87 38 199 
87 39 203 
87 40 189 
87 41 193 
87 42 193 
87 43 201 
87 44 201 
87 45 198 
87 46 205 
87 47 196 
87 48 132 
87 49 122 
87 50 95 
87 51 94 
87 52 107 
87 53 59 
87 54 48 
87 55 43 
87 56 49 
87 57 60 
87 58 79 
87 59 96 
87 60 96 
87 61 71 
87 62 62 
87 63 112 
87 64 68 
87 65 52 
87 66 54 
87 67 42 
87 68 48 
87 69 59 
87 70 58 
87 71 61 
87 72 69 
87 73 70 
87 74 60 
87 75 56 
87 76 53 
87 77 41 
87 78 43 
87 79 42 
87 80 41 
87 81 45 
87 82 45 
87 83 43 
87 84 55 
87 85 69 
87 86 61 
87 87 81 
87 88 65 
87 89 50 
87 90 46 
87 91 48 
87 92 45 
87 93 47 
87 94 54 
87 95 63 
87 96 64 
87 97 59 
87 98 63 
87 99 81 
87 100 74 
87 101 58 
87 102 47 
87 103 179 
87 104 218 
87 106 218 
87 108 212 
87 110 212 
87 111 212 
87 112 209 
87 113 205 
87 116 209 
87 118 203 
87 119 200 
87 120 199 
87 121 195 
87 122 195 
87 123 191 
87 124 189 
87 125 186 
87 126 182 
87 127 180 
88 0 151 
88 1 151 
88 3 153 
88 4 157 
88 5 160 
88 6 161 
88 8 161 
88 10 152 
88 11 152 
88 12 150 
88 14 147 
88 15 142 
88 16 144 
88 18 152 
88 20 153 
88 21 151 
88 23 156 
88 24 154 
88 25 151 
88 26 151 
88 27 153 
88 28 156 
88 29 155 
88 30 152 
88 31 158 
88 32 153 
88 33 156 
88 34 151 
88 35 141 
88 36 209 
88 37 195 
88 39 199 
88 40 192 
88 41 193 
88 42 199 
88 43 198 
88 44 200 
88 45 198 
88 46 202 
88 47 201 
88 48 107 
88 49 96 
88 50 111 
88 51 138 
88 52 91 
88 53 97 
88 54 108 
88 55 37 
88 56 45 
88 57 34 
88 58 39 
88 59 51 
88 60 51 
88 61 48 
88 62 43 
88 63 60 
88 64 68 
88 65 51 
88 66 46 
88 67 47 
88 68 52 
88 69 57 
88 70 46 
88 71 53 
88 72 52 
88 73 51 
88 74 45 
88 75 44 
88 78 52 
88 79 43 
88 80 50 
88 81 51 
88 82 57 
88 83 56 
88 84 56 
88 85 82 
88 86 75 
88 87 66 
88 88 87 
88 89 101 
88 90 108 
88 91 88 
88 92 91 
88 93 97 
88 94 106 
88 95 104 
88 96 102 
88 97 113 
88 98 114 
88 99 118 
88 100 108 
88 101 98 
88 102 86 
88 103 55 
88 104 126 
88 105 220 
88 106 219 
88 107 221 
88 108 215 
88 109 214 
88 110 213 
88 111 212 
88 112 212 
88 113 211 
88 114 212 
88 115 211 
88 118 206 
88 119 206 
88 120 202 
88 121 199 
88 122 199 
88 123 196 
88 124 191 
88 125 184 
88 126 191 
88 127 185 
89 0 156 
89 1 156 
89 2 153 
89 3 159 
89 4 163 
89 5 159 
89 6 161 
89 8 160 
89 9 160 
89 10 155 
89 11 157 
89 12 152 
89 13 145 
89 14 148 
89 15 147 
89 16 144 
89 17 143 
89 18 146 
89 20 156 
89 21 151 
89 23 154 
89 25 155 
89 26 155 
89 27 152 
89 28 155 
89 30 154 
89 31 160 
89 32 153 
89 33 149 
89 34 141 
89 35 199 
89 36 174 
89 37 197 
89 38 207 
89 39 194 
89 40 189 
89 41 194 
89 42 200 
89 43 197 
89 44 205 
89 45 209 
89 46 207 
89 47 141 
89 48 129 
89 49 104 
89 50 116 
89 51 117 
89 52 134 
89 53 123 
89 54 86 
89 55 76 
89 56 69 
89 57 51 
89 58 42 
89 59 42 
89 60 42 
89 61 42 
89 62 40 
89 63 41 
89 64 46 
89 65 48 
89 67 49 
89 69 72 
89 70 52 
89 71 52 
89 72 51 
89 73 73 
89 74 55 
89 75 51 
89 76 56 
89 77 64 
89 78 63 
89 79 69 
89 80 72 
89 81 75 
89 82 77 
89 83 67 
89 84 71 
89 85 71 
89 86 69 
89 87 67 
89 88 62 
89 89 78 
89 90 70 
89 91 64 
89 92 70 
89 93 73 
89 94 75 
89 95 77 
89 96 76 
89 97 87 
89 98 85 
89 99 76 
89 100 74 
89 101 76 
89 102 58 
89 103 48 
89 104 45 
89 105 49 
89 106 189 
89 107 219 
89 108 221 
89 109 220 
89 110 217 
89 111 216 
89 112 213 
89 114 211 
89 117 211 
89 119 210 
89 120 209 
89 121 206 
89 122 206 
89 123 199 
89 124 200 
89 125 199 
89 126 192 
89 127 194 
90 0 159 
90 1 159 
90 3 161 
90 4 158 
90 5 163 
90 6 159 
90 7 161 
90 8 161 
90 10 156 
90 12 157 
90 13 151 
90 14 151 
90 15 147 
90 16 148 
90 17 140 
90 20 138 
90 21 141 
90 22 146 
90 23 146 
90 24 144 
90 25 146 
90 26 146 
90 27 146 
90 28 144 
90 29 147 
90 30 147 
90 31 146 
90 32 137 
90 33 132 
90 34 156 
90 35 203 
90 36 187 
90 37 212 
90 38 206 
90 39 197 
90 41 201 
90 42 204 
90 43 205 
90 44 202 
90 45 206 
90 46 202 
90 47 90 
90 48 128 
90 49 153 
90 50 148 
90 51 123 
90 52 123 
90 53 138 
90 54 138 
90 55 150 
90 56 117 
90 57 49 
90 58 96 
90 59 70 
90 60 53 
90 61 45 
90 62 49 
90 63 41 
90 64 46 
90 65 43 
90 67 45 
90 68 52 
90 69 57 
90 70 79 
90 71 56 
90 72 61 
90 73 62 
90 74 86 
90 75 94 
90 76 93 
90 77 86 
90 78 76 
90 79 71 
90 80 80 
90 81 82 
90 82 82 
90 83 77 
90 84 67 
90 85 63 
90 86 68 
90 87 60 
90 88 68 
90 89 56 
90 90 67 
90 91 82 
90 94 73 
90 95 70 
90 96 73 
90 97 79 
90 98 71 
90 99 73 
90 100 74 
90 101 72 
90 102 59 
90 103 52 
90 104 51 
90 105 46 
90 106 42 
90 107 39 
90 108 157 
90 109 216 
90 110 220 
90 111 218 
90 112 215 
90 113 215 
90 115 214 
90 116 212 
90 117 215 
90 118 214 
90 120 209 
90 121 209 
90 122 212 
90 123 206 
90 124 205 
90 125 201 
90 126 207 
90 127 198 
91 0 154 
91 2 155 
91 3 160 
91 4 161 
91 5 160 
91 6 160 
91 7 159 
91 8 160 
91 10 158 
91 11 155 
91 13 151 
91 14 152 
91 15 154 
91 16 147 
91 17 140 
91 18 134 
91 19 120 
91 20 112 
91 21 116 
91 22 124 
91 23 124 
91 24 126 
91 25 121 
91 26 118 
91 27 122 
91 28 125 
91 29 127 
91 30 120 
91 31 118 
91 32 106 
91 33 89 
91 34 216 
91 35 183 
91 36 204 
91 37 202 
91 38 192 
91 43 204 
91 44 202 
91 45 207 
91 46 97 
91 47 94 
91 48 113 
91 49 160 
91 50 153 
91 51 152 
91 52 163 
91 53 151 
91 54 151 
91 55 160 
91 56 178 
91 57 158 
91 58 164 
91 59 161 
91 60 120 
91 61 93 
91 62 50 
91 63 49 
91 64 45 
91 65 47 
91 66 42 
91 67 44 
91 68 50 
91 69 45 
91 70 43 
91 71 48 
91 72 34 
91 73 50 
91 74 42 
91 75 41 
91 76 36 
91 77 40 
91 78 34 
91 79 34 
91 80 48 
91 81 48 
91 82 44 
91 83 62 
91 84 68 
91 85 50 
91 86 71 
91 87 68 
91 88 54 
91 89 69 
91 90 61 
91 91 56 
91 92 62 
91 93 77 
91 94 69 
91 95 79 
91 96 82 
91 97 85 
91 98 78 
91 99 81 
91 100 82 
91 101 90 
91 102 84 
91 103 70 
91 104 52 
91 105 45 
91 106 40 
91 107 33 
91 108 36 
91 109 33 
91 110 27 
91 111 122 
91 112 203 
91 113 213 
91 114 214 
91 115 215 
91 116 216 
91 117 216 
91 119 214 
91 120 215 
91 121 214 
91 123 211 
91 125 206 
91 126 204 
91 127 200 
92 0 153 
92 2 153 
92 3 156 
92 4 157 
92 5 161 
92 6 158 
92 7 161 
92 8 158 
92 9 159 
92 11 152 
92 12 152 
92 13 154 
92 14 154 
92 15 149 
92 16 147 
92 17 136 
92 18 131 
92 19 118 
92 20 97 
92 21 83 
92 22 69 
92 23 77 
92 24 75 
92 25 83 
92 26 79 
92 27 84 
92 28 82 
92 29 82 
92 30 82 
92 31 70 
92 32 52 
92 33 165 
92 34 198 
92 35 178 
92 36 209 
92 37 201 
92 38 200 
92 39 200 
92 42 200 
92 43 201 
92 44 205 
92 45 203 
92 46 87 
92 47 90 
92 48 138 
92 49 166 
92 50 170 
92 51 174 
92 52 193 
92 53 117 
92 54 123 
92 55 86 
92 56 77 
92 57 115 
92 58 98 
92 59 104 
92 60 145 
92 61 154 
92 62 170 
92 63 164 
92 64 177 
92 65 180 
92 66 183 
92 67 174 
92 68 168 
92 69 156 
92 70 154 
92 71 161 
92 72 157 
92 73 156 
92 74 142 
92 75 138 
92 76 108 
92 77 85 
92 78 75 
92 79 48 
92 80 39 
92 81 38 
92 82 39 
92 83 46 
92 84 38 
92 85 39 
92 86 36 
92 87 40 
92 88 49 
92 89 52 
92 90 58 
92 91 61 
92 92 81 
92 93 66 
92 94 52 
92 95 55 
92 96 56 
92 97 64 
92 98 74 
92 99 70 
92 100 68 
92 101 72 
92 102 63 
92 103 78 
92 104 60 
92 105 53 
92 106 35 
92 107 31 
92 108 31 
92 109 32 
92 110 32 
92 111 36 
92 112 51 
92 113 78 
92 114 108 
92 115 189 
92 116 216 
92 117 218 
92 118 216 
92 119 216 
92 120 213 
92 121 211 
92 123 211 
92 125 209 
92 126 206 
93 0 154 
93 1 154 
93 2 156 
93 3 155 
93 4 161 
93 5 159 
93 6 159 
93 7 157 
93 9 155 
93 10 154 
93 11 151 
93 12 150 
93 13 151 
93 14 151 
93 15 150 
93 17 147 
93 18 135 
93 19 130 
93 20 103 
93 21 71 
93 22 56 
93 23 40 
93 24 46 
93 25 42 
93 26 44 
93 27 42 
93 28 50 
93 29 49 
93 30 45 
93 31 34 
93 32 62 
93 33 213 
93 34 191 
93 35 212 
93 36 204 
93 38 197 
93 39 197 
93 40 200 
93 41 201 
93 42 203 
93 43 205 
93 44 209 
93 45 135 
93 46 86 
93 47 91 
93 48 160 
93 49 165 
93 50 174 
93 51 194 
93 52 59 
93 53 39 
93 54 43 
93 55 43 
93 56 49 
93 57 49 
93 58 46 
93 59 67 
93 60 53 
93 61 67 
93 62 49 
93 63 86 
93 64 103 
93 65 102 
93 66 88 
93 67 78 
93 68 100 
93 69 126 
93 70 144 
93 71 135 
93 72 166 
93 73 157 
93 74 129 
93 75 140 
93 76 155 
93 77 161 
93 78 169 
93 79 171 
93 80 165 
93 81 148 
93 82 142 
93 83 112 
93 84 66 
93 85 70 
93 86 42 
93 87 43 
93 88 42 
93 89 43 
93 90 54 
93 91 47 
93 93 59 
93 94 46 
93 95 51 
93 96 59 
93 97 64 
93 98 72 
93 99 74 
93 100 80 
93 101 70 
93 102 54 
93 103 56 
93 104 64 
93 105 97 
93 106 137 
93 107 149 
93 108 147 
93 109 136 
93 110 131 
93 111 142 
93 112 145 
93 113 146 
93 114 142 
93 115 114 
93 116 73 
93 117 77 
93 118 136 
93 119 205 
93 120 215 
93 121 216 
93 122 214 
93 123 215 
93 124 215 
93 125 208 
93 126 210 
93 127 208 
94 0 151 
94 1 151 
94 3 153 
94 4 157 
94 5 159 
94 6 155 
94 7 155 
94 8 158 
94 9 155 
94 10 157 
94 11 155 
94 12 153 
94 13 154 
94 14 147 
94 15 147 
94 16 149 
94 18 146 
94 19 143 
94 20 130 
94 21 117 
94 22 87 
94 23 70 
94 24 41 
94 25 42 
94 26 37 
94 27 41 
94 28 40 
94 29 47 
94 30 39 
94 31 37 
94 32 208 
94 33 175 
94 34 200 
94 35 207 
94 36 201 
94 37 201 
94 38 196 
94 39 202 
94 40 199 
94 41 203 
94 42 210 
94 43 210 
94 44 204 
94 45 92 
94 46 97 
94 47 116 
94 48 164 
94 49 171 
94 50 186 
94 51 141 
94 52 48 
94 53 45 
94 54 41 
94 55 44 
94 56 47 
94 57 48 
94 58 51 
94 59 59 
94 60 58 
94 61 62 
94 62 58 
94 63 56 
94 64 47 
94 65 74 
94 66 63 
94 67 77 
94 68 86 
94 69 87 
94 70 81 
94 71 64 
94 72 57 
94 73 46 
94 74 66 
94 75 110 
94 76 141 
94 77 134 
94 78 141 
94 79 158 
94 80 142 
94 81 124 
94 82 142 
94 83 150 
94 84 163 
94 85 170 
94 86 173 
94 87 160 
94 88 153 
94 89 156 
94 90 146 
94 91 137 
94 93 131 
94 94 141 
94 95 136 
94 96 143 
94 97 148 
94 98 161 
94 99 181 
94 100 175 
94 101 160 
94 102 148 
94 103 141 
94 104 139 
94 105 140 
94 106 129 
94 107 145 
94 108 137 
94 109 139 
94 110 147 
94 111 141 
94 112 138 
94 113 140 
94 114 111 
94 115 77 
94 116 73 
94 117 80 
94 118 93 
94 119 86 
94 120 73 
94 121 106 
94 122 178 
94 123 208 
94 124 211 
94 125 211 
94 126 213 
94 127 210 
95 0 154 
95 1 154 
95 2 152 
95 3 153 
95 4 152 
95 5 152 
95 6 159 
95 8 156 
95 9 154 
95 10 151 
95 11 157 
95 13 151 
95 14 147 
95 15 147 
95 16 139 
95 17 147 
95 19 149 
95 20 145 
95 21 135 
95 22 123 
95 23 106 
95 24 96 
95 25 62 
95 26 41 
95 27 39 
95 28 44 
95 29 40 
95 30 35 
95 31 187 
95 32 206 
95 33 191 
95 34 211 
95 36 201 
95 37 198 
95 39 203 
95 40 207 
95 41 210 
95 42 215 
95 43 201 
95 44 150 
95 45 88 
95 46 92 
95 47 152 
95 48 162 
95 49 188 
95 50 191 
95 51 42 
95 52 47 
95 53 43 
95 54 44 
95 55 49 
95 56 56 
95 57 53 
95 59 57 
95 60 60 
95 61 74 
95 62 57 
95 63 57 
95 64 60 
95 65 62 
95 66 66 
95 67 52 
95 68 71 
95 70 45 
95 71 57 
95 72 35 
95 73 45 
95 74 33 
95 75 40 
95 76 35 
95 77 28 
95 78 38 
95 79 40 
95 80 80 
95 81 96 
95 82 100 
95 83 84 
95 84 86 
95 85 101 
95 86 125 
95 87 137 
95 88 140 
95 89 140 
95 90 151 
95 91 139 
95 92 154 
95 93 166 
95 94 160 
95 95 161 
95 96 153 
95 97 158 
95 98 160 
95 99 146 
95 100 146 
95 101 135 
95 102 132 
95 103 136 
95 104 145 
95 105 144 
95 106 150 
95 107 149 
95 108 150 
95 109 145 
95 110 152 
95 111 151 
95 112 147 
95 113 149 
95 114 129 
95 115 90 
95 116 66 
95 117 89 
95 118 102 
95 119 98 
95 120 95 
95 121 93 
95 122 84 
95 123 79 
95 124 78 
95 125 119 
95 126 190 
95 127 213 
96 0 153 
96 1 153 
96 2 154 
96 3 152 
96 4 152 
96 5 156 
96 6 158 
96 8 156 
96 9 156 
96 10 155 
96 11 157 
96 14 141 
96 15 144 
96 16 141 
96 17 138 
96 18 144 
96 19 146 
96 20 147 
96 21 150 
96 22 141 
96 23 132 
96 24 127 
96 25 100 
96 26 75 
96 27 48 
96 28 37 
96 29 50 
96 30 138 
96 31 216 
96 32 163 
96 33 214 
96 34 207 
96 35 199 
96 36 199 
96 37 204 
96 38 204 
96 40 206 
96 41 211 
96 42 147 
96 43 168 
96 44 86 
96 45 87 
96 46 99 
96 47 164 
96 48 179 
96 49 209 
96 50 44 
96 51 49 
96 52 41 
96 53 50 
96 54 45 
96 55 49 
96 56 56 
96 58 57 
96 59 65 
96 60 59 
96 61 61 
96 62 61 
96 63 61 
96 64 66 
96 65 65 
96 66 60 
96 67 47 
96 68 51 
96 69 49 
96 70 44 
96 71 49 
96 72 43 
96 73 43 
96 74 61 
96 75 64 
96 76 59 
96 77 56 
96 78 39 
96 79 33 
96 80 37 
96 81 63 
96 82 39 
96 83 74 
96 84 106 
96 85 128 
96 86 141 
96 87 149 
96 88 153 
96 89 152 
96 90 159 
96 92 153 
96 93 149 
96 94 139 
96 95 145 
96 96 141 
96 97 119 
96 98 114 
96 99 129 
96 100 142 
96 101 145 
96 102 145 
96 103 146 
96 105 150 
96 106 143 
96 107 149 
96 108 148 
96 109 144 
96 111 143 
96 112 142 
96 113 142 
96 114 132 
96 115 100 
96 116 76 
96 117 86 
96 118 105 
96 119 105 
96 120 109 
96 121 99 
96 122 93 
96 123 90 
96 125 86 
96 126 74 
96 127 75 
97 0 157 
97 1 157 
97 4 156 
97 5 153 
97 6 150 
97 7 156 
97 8 157 
97 9 155 
97 10 158 
97 11 151 
97 12 153 
97 13 148 
97 14 146 
97 16 140 
97 17 142 
97 18 141 
97 19 144 
97 20 143 
97 21 147 
97 22 152 
97 23 146 
97 24 141 
97 25 128 
97 26 122 
97 27 88 
97 28 45 
97 29 69 
97 30 220 
97 31 152 
97 32 215 
97 33 210 
97 34 200 
97 36 206 
97 37 202 
97 38 205 
97 39 207 
97 40 164 
97 41 152 
97 42 178 
97 43 152 
97 44 86 
97 45 94 
97 46 153 
97 47 193 
97 48 206 
97 49 46 
97 50 41 
97 51 45 
97 52 51 
97 54 53 
97 55 52 
97 56 54 
97 57 57 
97 58 56 
97 59 58 
97 60 68 
97 61 83 
97 62 56 
97 63 55 
97 64 47 
97 65 44 
97 66 44 
97 67 51 
97 68 49 
97 69 46 
97 70 40 
97 71 49 
97 72 54 
97 73 57 
97 74 51 
97 75 51 
97 76 44 
97 77 38 
97 78 58 
97 79 80 
97 80 92 
97 81 122 
97 82 143 
97 83 146 
97 84 148 
97 85 142 
97 86 141 
97 87 148 
97 88 151 
97 89 150 
97 90 151 
97 92 154 
97 93 157 
97 95 151 
97 96 128 
97 97 111 
97 98 122 
97 100 137 
97 101 146 
97 102 146 
97 105 148 
97 106 143 
97 107 142 
97 108 147 
97 109 138 
97 110 143 
97 111 140 
97 112 141 
97 113 141 
97 114 139 
97 115 108 
97 116 90 
97 117 87 
97 118 92 
97 119 111 
97 120 109 
97 121 107 
97 122 100 
97 124 93 
97 125 93 
97 126 91 
97 127 90 
98 0 155 
98 1 155 
98 3 152 
98 4 155 
98 6 155 
98 7 152 
98 8 157 
98 9 156 
98 10 156 
98 11 156 
98 12 150 
98 13 144 
98 14 144 
98 15 147 
98 16 144 
98 18 148 
98 19 151 
98 21 146 
98 22 142 
98 24 148 
98 25 146 
98 26 133 
98 27 124 
98 28 86 
98 29 212 
98 30 185 
98 31 210 
98 32 215 
98 33 211 
98 34 203 
98 35 205 
98 37 204 
98 38 191 
98 39 167 
98 40 154 
98 41 182 
98 42 148 
98 43 81 
98 44 97 
98 45 136 
98 46 199 
98 47 211 
98 48 45 
98 49 37 
98 50 45 
98 51 51 
98 52 58 
98 53 58 
98 56 66 
98 57 66 
98 58 69 
98 59 59 
98 60 59 
98 61 57 
98 62 48 
98 63 47 
98 64 46 
98 65 52 
98 66 52 
98 67 52 
98 68 55 
98 69 59 
98 70 57 
98 71 48 
98 72 43 
98 73 46 
98 74 43 
98 75 50 
98 76 91 
98 77 113 
98 78 139 
98 79 145 
98 80 146 
98 81 148 
98 83 146 
98 84 150 
98 85 148 
98 86 151 
98 87 157 
98 88 157 
98 90 153 
98 92 157 
98 93 158 
98 94 158 
98 95 154 
98 96 139 
98 97 115 
98 98 113 
98 99 133 
98 100 138 
98 101 142 
98 104 149 
98 105 145 
98 106 145 
98 108 149 
98 109 144 
98 110 141 
98 111 143 
98 112 141 
98 113 138 
98 114 147 
98 115 126 
98 116 90 
98 117 73 
98 118 90 
98 119 96 
98 120 104 
98 121 102 
98 122 100 
98 123 102 
98 124 102 
98 125 106 
98 126 101 
99 0 156 
99 1 156 
99 3 154 
99 4 153 
99 5 152 
99 6 149 
99 8 156 
99 9 151 
99 10 158 
99 11 152 
99 12 150 
99 13 145 
99 14 143 
99 15 143 
99 16 142 
99 17 143 
99 19 147 
99 20 147 
99 21 147 
99 22 143 
99 23 152 
99 24 143 
99 25 146 
99 26 147 
99 27 136 
99 28 195 
99 29 213 
99 30 208 
99 31 217 
99 32 214 
99 33 204 
99 34 199 
99 35 202 
99 36 203 
99 37 189 
99 38 165 
99 39 155 
99 40 185 
99 41 133 
99 42 162 
99 43 93 
99 44 136 
99 45 190 
99 46 195 
99 47 36 
99 48 44 
99 49 45 
99 50 52 
99 51 51 
99 52 47 
99 53 54 
99 55 62 
99 56 64 
99 57 53 
99 58 53 
99 59 48 
99 60 46 
99 62 56 
99 63 53 
99 64 48 
99 65 57 
99 66 48 
99 67 51 
99 68 50 
99 69 46 
99 70 43 
99 71 43 
99 72 68 
99 73 104 
99 74 122 
99 75 136 
99 76 142 
99 77 135 
99 78 140 
99 80 142 
99 81 148 
99 82 155 
99 83 159 
99 84 157 
99 85 152 
99 86 156 
99 88 157 
99 89 158 
99 90 156 
99 91 154 
99 92 153 
99 94 156 
99 95 155 
99 96 140 
99 97 124 
99 98 111 
99 99 127 
99 100 136 
99 101 133 
99 102 145 
99 103 144 
99 104 145 
99 105 144 
99 106 148 
99 108 142 
99 109 143 
99 110 144 
99 111 137 
99 112 136 
99 113 144 
99 114 146 
99 115 130 
99 116 96 
99 117 74 
99 119 85 
99 120 100 
99 121 91 
99 123 102 
99 124 109 
99 125 110 
99 126 95 
99 127 92 
100 0 155 
100 1 155 
100 2 151 
100 3 160 
100 4 149 
100 6 154 
100 7 152 
100 8 154 
100 9 156 
100 10 149 
100 11 151 
100 12 144 
100 13 147 
100 15 142 
100 16 144 
100 18 142 
100 19 144 
100 20 143 
100 21 141 
100 22 146 
100 23 144 
100 26 144 
100 27 145 
100 28 218 
100 29 183 
100 30 221 
100 31 212 
100 32 201 
100 33 201 
100 34 199 
100 35 205 
100 36 198 
100 37 201 
100 38 192 
100 39 190 
100 40 123 
100 41 167 
100 42 126 
100 44 211 
100 45 217 
100 46 48 
100 47 47 
100 48 45 
100 49 55 
100 50 52 
100 51 53 
100 52 52 
100 53 60 
100 54 54 
100 55 43 
100 56 51 
100 57 45 
100 58 45 
100 59 50 
100 60 47 
100 61 51 
100 62 59 
100 63 57 
100 64 54 
100 65 53 
100 66 43 
100 67 51 
100 68 49 
100 69 87 
100 70 122 
100 71 131 
100 72 139 
100 73 135 
100 74 137 
100 75 141 
100 76 135 
100 77 144 
100 78 158 
100 80 157 
100 81 156 
100 82 157 
100 83 151 
100 84 152 
100 85 151 
100 87 151 
100 88 151 
100 89 148 
100 90 154 
100 91 151 
100 92 151 
100 93 154 
100 94 147 
100 95 146 
100 96 143 
100 97 123 
100 98 110 
100 99 123 
100 100 132 
100 101 134 
100 102 146 
100 103 141 
100 104 138 
100 105 141 
100 106 140 
100 107 143 
100 108 138 
100 109 138 
100 110 136 
100 112 136 
100 114 142 
100 115 136 
100 116 104 
100 117 70 
100 118 63 
100 119 80 
100 120 85 
100 121 91 
100 122 97 
100 123 106 
100 125 110 
100 126 106 
100 127 104 
101 0 192 
101 1 192 
101 2 156 
101 3 151 
101 5 152 
101 6 150 
101 7 154 
101 8 154 
101 9 149 
101 10 152 
101 11 144 
101 12 150 
101 13 139 
101 14 145 
101 15 142 
101 16 142 
101 17 139 
101 18 143 
101 20 143 
101 21 148 
101 23 144 
101 25 138 
101 26 142 
101 27 139 
101 28 208 
101 29 207 
101 31 217 
101 32 204 
101 33 204 
101 34 211 
101 35 214 
101 36 210 
101 37 209 
101 38 205 
101 39 170 
101 40 173 
101 41 172 
101 42 196 
101 43 221 
101 44 174 
101 45 44 
101 46 41 
101 47 44 
101 48 56 
101 49 55 
101 50 50 
101 51 56 
101 52 49 
101 53 47 
101 54 68 
101 55 45 
101 56 43 
101 57 50 
101 58 48 
101 59 55 
101 60 53 
101 61 47 
101 62 49 
101 63 56 
101 64 51 
101 65 44 
101 66 92 
101 67 115 
101 68 136 
101 69 144 
101 70 133 
101 71 134 
101 72 132 
101 73 133 
101 74 144 
101 75 153 
101 76 159 
101 77 159 
101 78 158 
101 81 152 
101 83 155 
101 85 155 
101 86 152 
101 87 154 
101 89 154 
101 90 155 
101 92 156 
101 93 157 
101 94 150 
101 95 154 
101 96 147 
101 97 128 
101 98 115 
101 99 114 
101 100 131 
101 101 133 
101 102 137 
101 103 139 
101 104 143 
101 105 140 
101 106 140 
101 107 139 
101 108 141 
101 109 140 
101 110 142 
101 111 143 
101 112 142 
101 113 139 
101 115 140 
101 116 117 
101 117 71 
101 118 52 
101 119 62 
101 120 80 
101 121 83 
101 122 100 
101 123 101 
101 124 110 
101 125 117 
101 126 119 
101 127 114 
102 0 211 
102 1 211 
102 2 202 
102 3 179 
102 4 147 
102 5 156 
102 6 148 
102 7 148 
102 8 152 
102 9 148 
102 10 149 
102 11 145 
102 12 144 
102 13 142 
102 14 141 
102 15 139 
102 16 139 
102 17 142 
102 18 141 
102 21 141 
102 22 141 
102 24 142 
102 25 144 
102 26 139 
102 27 141 
102 28 171 
102 29 215 
102 30 224 
102 31 213 
102 32 210 
102 34 214 
102 35 215 
102 37 219 
102 38 212 
102 39 204 
102 40 203 
102 41 219 
102 42 124 
102 43 38 
102 44 39 
102 45 40 
102 46 47 
102 47 47 
102 48 55 
102 49 60 
102 50 54 
102 51 43 
102 52 41 
102 53 40 
102 54 44 
102 56 50 
102 57 60 
102 58 59 
102 59 42 
102 60 43 
102 61 52 
102 62 69 
102 63 91 
102 64 124 
102 65 144 
102 66 144 
102 67 140 
102 68 136 
102 69 133 
102 70 137 
102 71 141 
102 72 156 
102 73 158 
102 74 160 
102 75 159 
102 77 155 
102 78 155 
102 79 153 
102 80 152 
102 81 155 
102 83 150 
102 84 148 
102 86 151 
102 87 150 
102 89 149 
102 90 151 
102 91 155 
102 92 152 
102 93 150 
102 94 148 
102 95 151 
102 96 148 
102 97 136 
102 98 111 
102 99 107 
102 100 118 
102 102 137 
102 103 138 
102 104 137 
102 105 144 
102 106 138 
102 108 135 
102 109 133 
102 111 142 
102 112 136 
102 114 144 
102 115 139 
102 116 128 
102 118 46 
102 119 41 
102 120 70 
102 121 81 
102 122 86 
102 123 104 
102 124 116 
102 125 116 
102 126 118 
102 127 126 
103 0 217 
103 1 217 
103 2 212 
103 3 210 
103 4 199 
103 5 170 
103 6 142 
103 7 144 
103 9 152 
103 10 143 
103 12 146 
103 13 140 
103 14 139 
103 15 142 
103 16 140 
103 17 138 
103 19 144 
103 20 144 
103 21 146 
103 23 146 
103 25 144 
103 26 142 
103 28 171 
103 29 218 
103 30 234 
103 31 221 
103 32 220 
103 33 223 
103 34 220 
103 35 221 
103 37 222 
103 38 216 
103 39 162 
103 40 36 
103 41 37 
103 42 41 
103 43 35 
103 44 42 
103 45 47 
103 46 51 
103 47 46 
103 48 48 
103 49 47 
103 50 45 
103 51 42 
103 53 57 
103 54 50 
103 55 47 
103 56 40 
103 57 44 
103 58 44 
103 59 68 
103 60 104 
103 61 126 
103 62 136 
103 63 137 
103 64 137 
103 65 133 
103 66 134 
103 67 139 
103 68 147 
103 69 156 
103 70 159 
103 71 158 
103 72 162 
103 73 156 
103 74 156 
103 75 156 
103 76 157 
103 77 154 
103 78 148 
103 79 149 
103 80 154 
103 81 147 
103 83 154 
103 85 146 
103 86 145 
103 87 147 
103 88 152 
103 89 151 
103 90 153 
103 91 149 
103 92 156 
103 93 147 
103 94 149 
103 95 150 
103 96 155 
103 98 116 
103 99 108 
103 100 113 
103 101 128 
103 102 135 
103 103 139 
103 104 140 
103 105 140 
103 106 139 
103 107 137 
103 108 135 
103 109 140 
103 110 132 
103 111 138 
103 112 133 
103 113 138 
103 114 134 
103 115 140 
103 116 134 
103 117 87 
103 118 44 
103 119 44 
103 120 45 
103 121 75 
103 122 91 
103 123 112 
103 124 113 
103 125 112 
103 126 122 
103 127 126 
104 0 220 
104 1 220 
104 2 215 
104 3 217 
104 4 214 
104 5 207 
104 6 197 
104 7 162 
104 8 141 
104 9 142 
104 10 143 
104 12 145 
104 13 141 
104 14 139 
104 15 138 
104 16 138 
104 17 143 
104 18 144 
104 19 143 
104 20 140 
104 21 139 
104 22 140 
104 23 145 
104 24 149 
104 25 149 
104 26 151 
104 27 155 
104 28 113 
104 29 80 
104 30 211 
104 31 223 
104 32 227 
104 33 223 
104 34 222 
104 35 199 
104 36 126 
104 37 38 
104 38 46 
104 39 41 
104 40 37 
104 41 41 
104 42 45 
104 43 45 
104 44 47 
104 45 49 
104 46 50 
104 47 47 
104 48 39 
104 49 53 
104 50 42 
104 51 52 
104 52 53 
104 53 49 
104 54 45 
104 55 47 
104 56 54 
104 57 75 
104 58 121 
104 59 136 
104 60 139 
104 61 138 
104 62 133 
104 63 125 
104 64 131 
104 65 149 
104 66 156 
104 67 158 
104 68 157 
104 70 158 
104 72 155 
104 73 150 
104 75 156 
104 76 150 
104 77 152 
104 78 147 
104 79 151 
104 83 149 
104 84 145 
104 85 149 
104 87 145 
104 88 144 
104 90 152 
104 91 151 
104 93 154 
104 94 151 
104 95 153 
104 97 142 
104 99 103 
104 101 122 
104 102 130 
104 103 131 
104 104 132 
104 106 136 
104 108 125 
104 109 130 
104 110 131 
104 111 123 
104 112 131 
104 113 130 
104 114 141 
104 115 137 
104 116 143 
104 117 119 
104 118 59 
104 119 35 
104 120 57 
104 121 74 
104 122 91 
104 123 101 
104 124 115 
104 126 115 
104 127 123 
105 0 191 
105 1 191 
105 2 213 
105 3 218 
105 4 219 
105 5 217 
105 6 213 
105 7 207 
105 8 181 
105 9 148 
105 10 141 
105 11 141 
105 14 142 
105 15 140 
105 16 147 
105 17 141 
105 18 145 
105 19 147 
105 20 145 
105 21 145 
105 22 145 
105 23 147 
105 24 148 
105 25 156 
105 26 147 
105 27 75 
105 28 43 
105 29 40 
105 30 46 
105 31 43 
105 32 42 
105 33 47 
105 34 46 
105 36 48 
105 37 42 
105 38 40 
105 39 55 
105 40 51 
105 41 48 
105 42 52 
105 43 54 
105 44 50 
105 45 38 
105 46 53 
105 47 49 
105 48 52 
105 49 53 
105 50 50 
105 51 57 
105 52 53 
105 53 66 
105 54 75 
105 55 103 
105 56 129 
105 57 139 
105 58 141 
105 59 138 
105 60 129 
105 61 132 
105 62 147 
105 63 153 
105 64 160 
105 65 161 
105 66 159 
105 67 160 
105 68 153 
105 69 154 
105 70 153 
105 71 150 
105 73 157 
105 74 155 
105 75 151 
105 76 151 
105 77 153 
105 78 152 
105 79 148 
105 80 150 
105 82 150 
105 83 149 
105 84 147 
105 85 150 
105 86 150 
105 87 145 
105 88 149 
105 90 150 
105 92 152 
105 93 149 
105 94 151 
105 96 147 
105 97 150 
105 99 108 
105 100 99 
105 102 124 
105 103 131 
105 104 132 
105 106 135 
105 107 129 
105 108 130 
105 109 123 
105 110 128 
105 111 124 
105 112 127 
105 113 133 
105 114 139 
105 115 150 
105 116 161 
105 117 140 
105 118 111 
105 119 153 
105 120 144 
105 121 131 
105 122 136 
105 123 111 
105 124 109 
105 125 112 
105 126 109 
105 127 119 
106 0 107 
106 1 107 
106 2 159 
106 3 201 
106 4 219 
106 5 222 
106 6 220 
106 7 216 
106 8 204 
106 9 204 
106 10 184 
106 11 145 
106 12 142 
106 13 145 
106 14 139 
106 15 143 
106 18 148 
106 19 145 
106 20 146 
106 22 152 
106 23 153 
106 24 156 
106 25 117 
106 26 45 
106 27 40 
106 28 47 
106 29 45 
106 30 46 
106 31 48 
106 32 44 
106 33 50 
106 34 53 
106 36 54 
106 37 53 
106 38 42 
106 39 46 
106 40 64 
106 41 51 
106 42 58 
106 43 45 
106 44 40 
106 45 55 
106 46 50 
106 47 65 
106 48 74 
106 49 39 
106 50 45 
106 51 69 
106 52 73 
106 53 110 
106 54 134 
106 55 140 
106 56 135 
106 57 130 
106 58 134 
106 59 143 
106 60 152 
106 61 162 
106 62 169 
106 63 165 
106 64 156 
106 65 156 
106 67 155 
106 68 158 
106 69 152 
106 70 155 
106 71 148 
106 72 151 
106 73 152 
106 74 148 
106 75 151 
106 76 149 
106 77 150 
106 78 154 
106 79 153 
106 80 154 
106 81 149 
106 82 150 
106 83 146 
106 84 143 
106 85 146 
106 86 147 
106 87 149 
106 88 149 
106 89 153 
106 90 149 
106 91 148 
106 92 147 
106 93 151 
106 94 148 
106 95 145 
106 96 149 
106 97 144 
106 98 132 
106 102 117 
106 103 126 
106 104 127 
106 105 126 
106 106 127 
106 107 124 
106 108 129 
106 109 119 
106 110 122 
106 111 127 
106 112 127 
106 113 134 
106 114 147 
106 115 150 
106 116 150 
106 117 148 
106 118 195 
106 119 205 
106 120 199 
106 121 203 
106 122 201 
106 123 148 
106 124 104 
106 125 107 
106 126 111 
106 127 129 
107 0 103 
107 1 103 
107 2 102 
107 3 115 
107 4 179 
107 5 207 
107 6 219 
107 7 221 
107 8 216 
107 9 218 
107 10 213 
107 11 204 
107 12 175 
107 13 145 
107 14 137 
107 15 140 
107 16 145 
107 17 145 
107 18 148 
107 19 146 
107 20 150 
107 21 148 
107 22 155 
107 23 141 
107 24 75 
107 25 36 
107 26 41 
107 27 42 
107 29 41 
107 30 48 
107 31 47 
107 32 55 
107 33 51 
107 34 47 
107 35 53 
107 36 52 
107 37 45 
107 38 48 
107 39 52 
107 40 44 
107 41 38 
107 42 52 
107 43 52 
107 44 54 
107 45 56 
107 46 46 
107 47 54 
107 48 54 
107 49 50 
107 50 96 
107 51 118 
107 52 134 
107 53 132 
107 54 129 
107 55 127 
107 56 139 
107 57 154 
107 58 164 
107 59 161 
107 60 161 
107 61 159 
107 62 158 
107 63 158 
107 64 159 
107 65 160 
107 67 156 
107 68 154 
107 69 153 
107 70 153 
107 71 150 
107 72 153 
107 73 149 
107 74 153 
107 75 150 
107 76 150 
107 77 149 
107 78 149 
107 79 150 
107 80 150 
107 81 147 
107 82 151 
107 83 146 
107 84 143 
107 85 144 
107 86 140 
107 87 144 
107 88 147 
107 89 147 
107 90 145 
107 91 145 
107 92 143 
107 93 143 
107 95 142 
107 96 143 
107 97 144 
107 98 136 
107 99 114 
107 100 94 
107 101 93 
107 102 126 
107 103 120 
107 104 125 
107 105 127 
107 106 122 
107 107 122 
107 108 123 
107 109 131 
107 110 147 
107 111 162 
107 112 165 
107 113 137 
107 114 138 
107 116 125 
107 117 164 
107 118 188 
107 119 180 
107 120 187 
107 121 211 
107 122 193 
107 123 119 
107 124 95 
107 125 98 
107 126 114 
107 127 136 
108 0 115 
108 1 115 
108 2 112 
108 3 103 
108 4 104 
108 5 136 
108 6 191 
108 7 215 
108 8 222 
108 9 221 
108 10 221 
108 11 217 
108 12 209 
108 13 196 
108 14 153 
108 15 138 
108 16 142 
108 17 143 
108 18 146 
108 19 150 
108 20 152 
108 21 154 
108 22 111 
108 23 42 
108 24 38 
108 25 39 
108 26 42 
108 27 59 
108 28 55 
108 29 62 
108 31 52 
108 32 56 
108 33 55 
108 34 52 
108 35 56 
108 36 57 
108 37 47 
108 38 72 
108 39 45 
108 40 51 
108 41 45 
108 42 54 
108 43 50 
108 44 52 
108 45 42 
108 46 41 
108 47 67 
108 48 112 
108 49 141 
108 50 146 
108 51 130 
108 52 128 
108 53 119 
108 54 125 
108 55 146 
108 56 161 
108 57 164 
108 58 161 
108 59 163 
108 61 160 
108 62 159 
108 64 154 
108 65 158 
108 66 153 
108 67 154 
108 68 151 
108 69 150 
108 70 154 
108 71 150 
108 72 148 
108 73 148 
108 74 148 
108 75 144 
108 76 149 
108 77 146 
108 80 145 
108 81 146 
108 82 145 
108 83 144 
108 84 147 
108 85 147 
108 86 143 
108 87 146 
108 88 142 
108 89 147 
108 90 145 
108 91 144 
108 92 143 
108 93 140 
108 94 140 
108 95 136 
108 96 138 
108 97 142 
108 98 133 
108 99 116 
108 100 96 
108 101 103 
108 102 110 
108 103 119 
108 104 124 
108 105 124 
108 106 127 
108 107 150 
108 108 194 
108 109 210 
108 110 211 
108 111 211 
108 112 208 
108 113 185 
108 114 130 
108 115 136 
108 116 131 
108 117 150 
108 118 160 
108 119 173 
108 120 186 
108 121 185 
108 122 122 
108 123 84 
108 124 91 
108 125 108 
108 126 123 
108 127 125 
109 0 118 
109 1 118 
109 2 116 
109 3 113 
109 4 113 
109 5 112 
109 6 101 
109 7 152 
109 8 210 
109 9 222 
109 10 224 
109 11 221 
109 12 221 
109 13 216 
109 14 211 
109 15 194 
109 16 144 
109 17 149 
109 19 152 
109 20 142 
109 21 82 
109 22 43 
109 23 41 
109 24 42 
109 25 43 
109 26 53 
109 27 49 
109 28 58 
109 29 57 
109 31 59 
109 32 51 
109 33 53 
109 34 51 
109 35 43 
109 36 50 
109 37 41 
109 38 43 
109 39 42 
109 41 47 
109 43 52 
109 44 57 
109 45 76 
109 46 119 
109 47 144 
109 48 150 
109 49 145 
109 50 139 
109 51 126 
109 52 140 
109 53 152 
109 54 161 
109 55 149 
109 56 149 
109 57 155 
109 58 161 
109 59 164 
109 60 159 
109 62 157 
109 63 156 
109 64 157 
109 65 153 
109 66 151 
109 67 154 
109 68 152 
109 69 152 
109 70 151 
109 71 151 
109 72 150 
109 73 154 
109 74 153 
109 75 148 
109 77 150 
109 78 151 
109 79 150 
109 80 147 
109 81 146 
109 82 146 
109 83 148 
109 84 145 
109 85 149 
109 86 144 
109 88 145 
109 89 144 
109 90 144 
109 91 140 
109 92 142 
109 93 140 
109 94 141 
109 95 139 
109 96 139 
109 97 131 
109 98 131 
109 99 117 
109 100 110 
109 101 129 
109 102 132 
109 103 128 
109 104 137 
109 105 134 
109 107 189 
109 108 212 
109 109 218 
109 111 209 
109 112 207 
109 113 192 
109 114 147 
109 115 146 
109 116 182 
109 117 198 
109 118 205 
109 119 210 
109 120 199 
109 121 146 
109 122 77 
109 123 74 
109 124 97 
109 125 113 
109 126 115 
109 127 113 
110 0 126 
110 1 126 
110 2 118 
110 3 114 
110 4 121 
110 5 117 
110 6 107 
110 7 106 
110 8 131 
110 9 177 
110 10 209 
110 11 221 
110 12 224 
110 13 222 
110 14 222 
110 15 217 
110 16 207 
110 17 174 
110 18 160 
110 19 127 
110 20 45 
110 21 45 
110 22 46 
110 23 46 
110 25 60 
110 26 57 
110 27 55 
110 28 48 
110 29 46 
110 30 51 
110 32 45 
110 33 46 
110 34 46 
110 35 40 
110 36 47 
110 37 47 
110 38 53 
110 39 45 
110 40 51 
110 41 52 
110 42 58 
110 43 84 
110 44 123 
110 45 147 
110 46 151 
110 47 148 
110 48 138 
110 49 143 
110 50 155 
110 51 166 
110 52 166 
110 53 165 
110 54 159 
110 55 154 
110 56 152 
110 57 152 
110 58 159 
110 59 159 
110 60 162 
110 61 158 
110 62 157 
110 63 154 
110 64 156 
110 65 151 
110 66 147 
110 67 148 
110 68 161 
110 69 156 
110 70 147 
110 72 146 
110 73 149 
110 74 148 
110 75 149 
110 76 145 
110 77 145 
110 78 144 
110 79 144 
110 81 144 
110 82 141 
110 83 145 
110 84 141 
110 85 138 
110 86 143 
110 88 143 
110 89 143 
110 90 144 
110 91 137 
110 92 144 
110 93 138 
110 94 129 
110 95 133 
110 96 135 
110 97 129 
110 98 127 
110 99 120 
110 100 101 
110 101 114 
110 102 118 
110 103 127 
110 104 127 
110 105 138 
110 106 177 
110 107 194 
110 108 203 
110 109 209 
110 111 201 
110 112 200 
110 114 202 
110 115 208 
110 116 215 
110 117 222 
110 118 215 
110 119 208 
110 120 163 
110 121 74 
110 122 65 
110 123 76 
110 124 95 
110 125 94 
110 126 94 
110 127 98 
111 0 120 
111 1 120 
111 2 117 
111 3 120 
111 4 113 
111 5 116 
111 6 118 
111 7 110 
111 8 106 
111 9 99 
111 10 132 
111 11 193 
111 12 215 
111 13 227 
111 14 225 
111 15 224 
111 16 227 
111 17 218 
111 18 116 
111 19 45 
111 20 44 
111 21 34 
111 22 40 
111 23 45 
111 24 54 
111 25 59 
111 26 52 
111 27 59 
111 28 55 
111 29 53 
111 30 46 
111 33 42 
111 34 42 
111 35 44 
111 36 45 
111 37 60 
111 38 50 
111 39 58 
111 40 74 
111 41 96 
111 42 127 
111 43 153 
111 44 151 
111 45 144 
111 46 145 
111 47 144 
111 48 159 
111 49 164 
111 50 163 
111 51 166 
111 52 166 
111 53 168 
111 54 164 
111 55 167 
111 56 146 
111 57 151 
111 58 153 
111 59 163 
111 60 159 
111 61 156 
111 62 153 
111 63 156 
111 64 152 
111 65 160 
111 66 153 
111 67 150 
111 68 153 
111 69 150 
111 71 149 
111 72 148 
111 73 145 
111 74 146 
111 75 145 
111 76 141 
111 77 141 
111 78 140 
111 79 149 
111 80 142 
111 81 147 
111 82 139 
111 83 144 
111 84 142 
111 85 135 
111 87 139 
111 88 137 
111 89 132 
111 90 135 
111 91 131 
111 92 127 
111 93 128 
111 94 127 
111 95 123 
111 96 122 
111 97 114 
111 98 116 
111 99 108 
111 100 78 
111 101 73 
111 102 86 
111 103 110 
111 104 133 
111 105 167 
111 106 199 
111 107 207 
111 108 207 
111 109 212 
111 110 214 
111 111 213 
111 112 216 
111 114 220 
111 115 220 
111 116 215 
111 117 208 
111 118 192 
111 119 156 
111 120 65 
111 121 54 
111 122 65 
111 123 85 
111 125 83 
111 126 96 
111 127 85 
112 0 123 
112 1 123 
112 2 119 
112 3 123 
112 4 122 
112 5 114 
112 6 118 
112 7 117 
112 8 114 
112 9 107 
112 10 104 
112 11 98 
112 12 148 
112 13 206 
112 14 227 
112 15 230 
112 16 225 
112 17 155 
112 18 40 
112 19 44 
112 20 41 
112 21 54 
112 22 47 
112 23 54 
112 24 62 
112 26 53 
112 27 62 
112 29 52 
112 30 49 
112 31 44 
112 32 47 
112 34 49 
112 35 53 
112 36 47 
112 37 48 
112 38 37 
112 39 69 
112 40 124 
112 41 149 
112 42 150 
112 43 146 
112 44 143 
112 45 146 
112 46 158 
112 47 164 
112 48 166 
112 51 161 
112 53 166 
112 55 165 
112 56 152 
112 57 152 
112 58 152 
112 59 158 
112 60 164 
112 61 162 
112 62 158 
112 63 154 
112 64 156 
112 65 152 
112 66 152 
112 67 154 
112 68 157 
112 69 147 
112 70 151 
112 71 150 
112 72 152 
112 73 142 
112 75 143 
112 76 145 
112 77 138 
112 78 143 
112 80 138 
112 81 138 
112 82 139 
112 83 134 
112 85 130 
112 87 130 
112 88 128 
112 89 129 
112 90 125 
112 91 118 
112 92 123 
112 93 120 
112 94 115 
112 96 119 
112 97 133 
112 98 155 
112 99 164 
112 100 144 
112 101 151 
112 102 177 
112 103 196 
112 104 206 
112 105 211 
112 106 212 
112 108 217 
112 109 217 
112 110 216 
112 111 218 
112 112 213 
112 113 210 
112 114 209 
112 115 203 
112 116 185 
112 118 121 
112 119 74 
112 120 52 
112 121 68 
112 122 84 
112 123 74 
112 124 81 
112 125 91 
112 126 99 
113 0 121 
113 1 121 
113 2 118 
113 3 122 
113 4 123 
113 5 121 
113 6 116 
113 7 119 
113 8 117 
113 10 107 
113 11 107 
113 12 105 
113 13 116 
113 14 182 
113 15 214 
113 16 121 
113 17 37 
113 18 51 
113 19 47 
113 20 53 
113 21 52 
113 22 60 
113 23 48 
113 24 57 
113 25 51 
113 26 47 
113 27 47 
113 28 49 
113 29 56 
113 30 47 
113 31 55 
113 32 49 
113 34 57 
113 35 49 
113 36 64 
113 37 72 
113 38 113 
113 39 145 
113 40 153 
113 41 149 
113 42 147 
113 43 146 
113 44 151 
113 45 161 
113 46 164 
113 47 165 
113 48 164 
113 50 166 
113 51 159 
113 54 161 
113 56 160 
113 57 147 
113 58 153 
113 59 161 
113 60 167 
113 61 162 
113 62 159 
113 63 154 
113 64 156 
113 65 155 
113 66 157 
113 67 151 
113 68 154 
113 69 156 
113 70 151 
113 73 150 
113 76 142 
113 77 137 
113 78 142 
113 80 138 
113 81 132 
113 82 130 
113 83 132 
113 84 134 
113 85 129 
113 86 134 
113 87 144 
113 88 149 
113 89 152 
113 90 157 
113 91 155 
113 92 156 
113 93 163 
113 94 181 
113 96 201 
113 97 208 
113 98 211 
113 99 207 
113 100 206 
113 101 208 
113 102 212 
113 103 211 
113 104 214 
113 106 214 
113 108 216 
113 109 216 
113 110 213 
113 111 208 
113 112 196 
113 113 189 
113 114 170 
113 115 149 
113 116 128 
113 117 98 
113 118 75 
113 119 50 
113 120 59 
113 121 72 
113 122 74 
113 123 80 
113 124 89 
113 125 97 
113 126 90 
113 127 75 
114 0 121 
114 1 121 
114 2 120 
114 3 126 
114 4 115 
114 5 123 
114 6 123 
114 7 123 
114 8 117 
114 9 121 
114 10 115 
114 11 114 
114 12 114 
114 13 120 
114 14 83 
114 15 35 
114 16 41 
114 17 45 
114 18 43 
114 19 40 
114 20 44 
114 21 55 
114 22 52 
114 23 57 
114 24 44 
114 25 44 
114 26 49 
114 27 57 
114 28 54 
114 29 48 
114 30 48 
114 32 55 
114 33 41 
114 34 30 
114 35 55 
114 36 89 
114 37 136 
114 38 155 
114 39 153 
114 40 147 
114 41 146 
114 42 154 
114 43 154 
114 44 164 
114 45 162 
114 46 166 
114 47 162 
114 49 166 
114 50 164 
114 51 162 
114 52 164 
114 53 164 
114 54 161 
114 55 164 
114 56 163 
114 57 155 
114 58 149 
114 60 165 
114 61 164 
114 62 162 
114 63 161 
114 64 157 
114 65 157 
114 66 152 
114 67 155 
114 69 157 
114 70 153 
114 71 148 
114 72 140 
114 73 144 
114 74 143 
114 76 141 
114 77 138 
114 78 131 
114 79 134 
114 80 132 
114 81 148 
114 82 158 
114 83 170 
114 84 174 
114 85 182 
114 86 186 
114 87 186 
114 89 200 
114 90 206 
114 91 209 
114 92 212 
114 93 215 
114 94 217 
114 95 224 
114 96 221 
114 97 220 
114 98 215 
114 99 207 
114 100 206 
114 101 205 
114 102 212 
114 103 212 
114 104 215 
114 105 215 
114 106 212 
114 107 213 
114 108 212 
114 109 205 
114 110 188 
114 111 155 
114 112 132 
114 113 125 
114 114 117 
114 115 113 
114 116 98 
114 117 72 
114 118 58 
114 119 71 
114 120 80 
114 121 66 
114 122 88 
114 123 95 
114 124 103 
114 125 87 
114 126 83 
114 127 88 
115 1 122 
115 3 118 
115 5 117 
115 6 120 
115 7 120 
115 8 122 
115 11 119 
115 12 122 
115 13 76 
115 14 41 
115 15 40 
115 16 38 
115 17 45 
115 18 50 
115 19 54 
115 20 45 
115 21 49 
115 22 53 
115 23 48 
115 24 37 
115 25 56 
115 26 49 
115 27 49 
115 29 59 
115 30 51 
115 31 57 
115 32 45 
115 33 36 
115 34 59 
115 35 126 
115 36 149 
115 37 151 
115 38 146 
115 39 145 
115 40 147 
115 41 154 
115 42 158 
115 43 158 
115 44 160 
115 45 159 
115 46 158 
115 47 156 
115 48 164 
115 49 162 
115 50 164 
115 52 164 
115 53 163 
115 54 162 
115 56 158 
115 58 148 
115 59 153 
115 61 157 
115 62 161 
115 63 156 
115 65 154 
115 66 154 
115 67 152 
115 68 155 
115 69 152 
115 70 148 
115 71 143 
115 72 144 
115 73 136 
115 74 140 
115 75 131 
115 76 132 
115 77 128 
115 78 140 
115 79 157 
115 80 177 
115 81 188 
115 83 194 
115 84 194 
115 85 198 
115 86 196 
115 87 203 
115 89 212 
115 90 215 
115 91 216 
115 92 219 
115 93 219 
115 94 216 
115 95 218 
115 97 209 
115 98 207 
115 99 205 
115 100 205 
115 101 210 
115 104 212 
115 105 210 
115 106 207 
115 107 203 
115 108 186 
115 109 155 
115 110 134 
115 111 119 
115 112 119 
115 113 111 
115 114 107 
115 115 98 
115 116 82 
115 117 70 
115 118 79 
115 119 77 
115 120 64 
115 121 81 
115 122 107 
115 123 111 
115 124 84 
115 125 68 
115 126 75 
115 127 86 
116 3 129 
116 4 121 
116 5 115 
116 6 118 
116 7 121 
116 8 125 
116 9 127 
116 11 130 
116 12 77 
116 13 41 
116 14 42 
116 15 44 
116 16 51 
116 17 44 
116 18 51 
116 19 53 
116 21 48 
116 22 41 
116 23 46 
116 24 57 
116 25 53 
116 26 41 
116 27 51 
116 29 53 
116 30 49 
116 31 56 
116 32 53 
116 33 106 
116 34 150 
116 35 157 
116 36 151 
116 37 147 
116 38 151 
116 39 159 
116 40 159 
116 41 161 
116 42 155 
116 44 161 
116 45 159 
116 46 162 
116 47 161 
116 48 160 
116 49 163 
116 50 161 
116 51 164 
116 52 165 
116 53 165 
116 54 159 
116 56 162 
116 57 153 
116 58 144 
116 59 152 
116 60 155 
116 61 155 
116 62 149 
116 63 158 
116 65 153 
116 66 150 
116 67 151 
116 68 148 
116 69 142 
116 70 139 
116 71 140 
116 72 136 
116 74 135 
116 75 130 
116 76 133 
116 77 160 
116 78 182 
116 79 193 
116 80 198 
116 81 198 
116 83 194 
116 84 195 
116 85 198 
116 86 204 
116 87 207 
116 88 213 
116 89 209 
116 90 212 
116 91 213 
116 92 215 
116 93 218 
116 94 213 
116 95 211 
116 96 209 
116 97 211 
116 98 207 
116 99 207 
116 100 210 
116 101 210 
116 102 210 
116 104 205 
116 105 200 
116 106 185 
116 107 150 
116 108 110 
116 109 100 
116 110 106 
116 111 115 
116 112 114 
116 113 107 
116 114 94 
116 115 87 
116 116 81 
116 117 88 
116 118 76 
116 119 68 
116 120 83 
116 121 106 
116 122 105 
116 123 90 
116 124 79 
116 125 71 
116 126 73 
116 127 77 
117 0 123 
117 1 123 
117 3 121 
117 4 125 
117 5 121 
117 6 121 
117 7 125 
117 8 124 
117 9 125 
117 10 133 
117 11 79 
117 12 46 
117 13 45 
117 14 52 
117 15 51 
117 16 52 
117 18 48 
117 19 53 
117 20 51 
117 21 43 
117 22 49 
117 23 59 
117 24 45 
117 25 49 
117 26 49 
117 27 61 
117 29 37 
117 30 61 
117 31 88 
117 32 141 
117 33 155 
117 34 151 
117 35 148 
117 36 146 
117 37 153 
117 38 163 
117 39 162 
117 40 160 
117 41 167 
117 42 154 
117 43 160 
117 44 161 
117 45 160 
117 46 162 
117 47 164 
117 48 159 
117 49 161 
117 50 162 
117 51 164 
117 53 158 
117 54 162 
117 55 161 
117 56 159 
117 57 158 
117 58 148 
117 59 142 
117 60 149 
117 61 155 
117 62 157 
117 63 158 
117 64 154 
117 65 156 
117 66 150 
117 67 147 
117 68 153 
117 69 148 
117 70 142 
117 71 139 
117 72 138 
117 73 142 
117 74 129 
117 75 152 
117 76 176 
117 77 189 
117 78 197 
117 79 197 
117 80 194 
117 81 197 
117 82 195 
117 83 195 
117 84 202 
117 85 205 
117 86 208 
117 87 208 
117 88 211 
117 89 210 
117 90 212 
117 92 215 
117 93 213 
117 94 211 
117 95 213 
117 96 212 
117 97 210 
117 98 208 
117 99 210 
117 100 208 
117 101 207 
117 102 204 
117 103 189 
117 104 160 
117 105 133 
117 106 97 
117 107 93 
117 108 92 
117 109 93 
117 110 106 
117 111 102 
117 112 105 
117 113 92 
117 114 90 
117 115 96 
117 116 101 
117 117 86 
117 118 78 
117 119 89 
117 120 105 
117 121 101 
117 122 88 
117 123 70 
117 124 73 
117 125 80 
117 126 85 
117 127 94 
118 0 125 
118 1 125 
118 2 124 
118 3 120 
118 4 119 
118 5 126 
118 6 126 
118 7 122 
118 8 127 
118 9 124 
118 10 75 
118 11 43 
118 12 41 
118 13 42 
118 14 46 
118 15 52 
118 16 52 
118 17 54 
118 18 49 
118 19 44 
118 20 40 
118 21 48 
118 22 53 
118 23 46 
118 24 56 
118 25 58 
118 26 64 
118 28 38 
118 29 61 
118 30 116 
118 31 154 
118 32 153 
118 33 146 
118 34 141 
118 35 149 
118 36 158 
118 37 160 
118 38 158 
118 39 162 
118 40 159 
118 41 153 
118 42 160 
118 43 156 
118 44 154 
118 45 162 
118 46 156 
118 47 157 
118 49 161 
118 51 159 
118 52 161 
118 53 163 
118 54 159 
118 55 164 
118 56 167 
118 57 156 
118 58 146 
118 59 148 
118 60 148 
118 61 151 
118 62 155 
118 63 152 
118 64 153 
118 65 151 
118 66 156 
118 67 147 
118 68 151 
118 69 138 
118 70 138 
118 71 132 
118 72 134 
118 73 136 
118 74 171 
118 75 187 
118 76 194 
118 77 197 
118 78 191 
118 79 194 
118 80 192 
118 81 198 
118 82 201 
118 83 205 
118 84 206 
118 85 209 
118 86 209 
118 87 211 
118 90 208 
118 91 213 
118 92 217 
118 93 214 
118 94 213 
118 95 213 
118 96 214 
118 97 208 
118 98 208 
118 99 209 
118 100 205 
118 101 194 
118 102 163 
118 103 131 
118 104 88 
118 105 71 
118 106 88 
118 107 91 
118 108 89 
118 109 82 
118 110 100 
118 111 98 
118 112 87 
118 113 90 
118 114 95 
118 115 97 
118 116 72 
118 117 76 
118 118 104 
118 119 112 
118 120 92 
118 121 84 
118 122 69 
118 123 64 
118 124 61 
118 125 77 
118 126 107 
118 127 126 
119 0 124 
119 1 124 
119 2 120 
119 3 125 
119 4 127 
119 5 126 
119 6 129 
119 7 131 
119 8 134 
119 9 75 
119 10 38 
119 11 48 
119 12 41 
119 13 42 
119 14 51 
119 15 50 
119 16 47 
119 17 53 
119 18 49 
119 19 48 
119 20 52 
119 21 55 
119 22 44 
119 23 47 
119 24 48 
119 25 50 
119 26 51 
119 27 45 
119 28 80 
119 29 138 
119 30 152 
119 31 149 
119 32 144 
119 33 146 
119 34 161 
119 35 161 
119 36 162 
119 37 161 
119 38 159 
119 40 161 
119 42 155 
119 43 156 
119 44 158 
119 45 157 
119 46 160 
119 47 156 
119 48 155 
119 49 155 
119 50 156 
119 51 162 
119 52 159 
119 53 160 
119 54 160 
119 55 163 
119 56 165 
119 57 163 
119 58 154 
119 59 147 
119 60 145 
119 61 153 
119 63 155 
119 64 155 
119 65 153 
119 66 152 
119 68 145 
119 69 143 
119 70 131 
119 71 127 
119 72 142 
119 73 178 
119 74 192 
119 75 196 
119 76 195 
119 77 193 
119 78 190 
119 79 194 
119 80 195 
119 81 201 
119 82 208 
119 83 210 
119 84 207 
119 86 206 
119 88 209 
119 89 210 
119 90 214 
119 91 215 
119 93 210 
119 95 215 
119 96 213 
119 97 208 
119 98 203 
119 99 205 
119 100 195 
119 101 137 
119 102 57 
119 103 52 
119 104 75 
119 105 84 
119 106 92 
119 107 91 
119 108 101 
119 109 93 
119 110 99 
119 112 103 
119 113 102 
119 114 86 
119 115 81 
119 116 83 
119 117 99 
119 118 113 
119 119 90 
119 120 71 
119 121 72 
119 122 63 
119 123 72 
119 124 93 
119 125 112 
119 126 124 
119 127 129 
120 0 128 
120 1 128 
120 2 125 
120 3 124 
120 5 132 
120 6 137 
120 7 132 
120 8 87 
120 9 42 
120 11 48 
120 13 51 
120 14 52 
120 15 50 
120 16 52 
120 17 44 
120 18 47 
120 19 53 
120 20 48 
120 21 45 
120 22 46 
120 23 49 
120 24 64 
120 25 58 
120 26 58 
120 27 104 
120 28 143 
120 29 150 
120 30 145 
120 31 138 
120 32 154 
120 33 159 
120 34 159 
120 35 161 
120 36 156 
120 37 160 
120 39 160 
120 40 156 
120 41 156 
120 42 157 
120 43 153 
120 45 157 
120 46 153 
120 47 159 
120 49 159 
120 50 160 
120 51 161 
120 52 159 
120 53 160 
120 54 163 
120 55 157 
120 56 160 
120 58 157 
120 59 142 
120 60 146 
120 61 147 
120 62 150 
120 63 154 
120 65 151 
120 66 149 
120 67 145 
120 68 141 
120 69 132 
120 70 136 
120 71 142 
120 72 180 
120 73 192 
120 74 194 
120 76 192 
120 77 194 
120 78 192 
120 79 198 
120 80 204 
120 81 206 
120 82 206 
120 85 207 
120 86 208 
120 87 206 
120 88 209 
120 89 210 
120 91 216 
120 92 213 
120 93 211 
120 94 213 
120 95 213 
120 96 211 
120 97 209 
120 98 199 
120 99 185 
120 100 156 
120 101 47 
120 102 58 
120 103 85 
120 104 98 
120 105 87 
120 106 92 
120 107 105 
120 108 107 
120 109 112 
120 110 116 
120 111 109 
120 112 98 
120 113 70 
120 114 79 
120 115 88 
120 116 104 
120 117 85 
120 118 91 
120 119 84 
120 120 78 
120 121 76 
120 122 86 
120 123 103 
120 124 109 
120 125 118 
120 126 124 
120 127 121 
121 0 125 
121 1 125 
121 2 128 
121 3 124 
121 5 134 
121 6 131 
121 7 73 
121 8 52 
121 9 47 
121 10 45 
121 13 50 
121 15 51 
121 16 45 
121 17 45 
121 18 55 
121 19 50 
121 20 47 
121 21 48 
121 22 64 
121 23 61 
121 24 54 
121 25 71 
121 26 122 
121 27 147 
121 28 145 
121 30 141 
121 31 160 
121 32 159 
121 33 162 
121 35 158 
121 36 159 
121 37 156 
121 38 162 
121 39 160 
121 40 161 
121 41 158 
121 42 161 
121 43 155 
121 45 153 
121 46 156 
121 47 155 
121 50 155 
121 51 161 
121 52 160 
121 53 161 
121 54 158 
121 55 161 
121 56 161 
121 58 157 
121 59 148 
121 61 148 
121 62 150 
121 63 157 
121 64 156 
121 65 153 
121 66 150 
121 67 140 
121 68 140 
121 69 133 
121 70 136 
121 71 177 
121 72 195 
121 73 197 
121 74 193 
121 76 192 
121 77 194 
121 78 197 
121 79 205 
121 81 205 
121 82 208 
121 84 205 
121 85 209 
121 88 212 
121 90 213 
121 91 215 
121 92 210 
121 93 215 
121 94 214 
121 95 212 
121 96 208 
121 97 200 
121 98 185 
121 99 150 
121 100 45 
121 101 53 
121 102 91 
121 103 87 
121 104 88 
121 105 99 
121 106 104 
121 107 110 
121 108 112 
121 109 111 
121 110 105 
121 111 90 
121 112 89 
121 113 92 
121 114 102 
121 115 104 
121 116 95 
121 117 96 
121 118 89 
121 119 83 
121 120 84 
121 121 98 
121 122 107 
121 123 114 
121 124 121 
121 125 117 
121 126 107 
121 127 87 
122 0 126 
122 1 126 
122 2 124 
122 3 123 
122 4 133 
122 5 133 
122 6 73 
122 7 41 
122 8 56 
122 9 53 
122 10 50 
122 11 59 
122 12 54 
122 13 55 
122 14 52 
122 15 46 
122 16 43 
122 17 55 
122 18 50 
122 19 44 
122 20 50 
122 21 55 
122 22 71 
122 23 79 
122 24 85 
122 25 126 
122 26 149 
122 27 146 
122 28 134 
122 30 158 
122 31 161 
122 32 162 
122 33 160 
122 35 159 
122 36 158 
122 38 154 
122 39 162 
122 40 159 
122 42 159 
122 43 159 
122 44 154 
122 45 154 
122 46 154 
122 47 158 
122 48 157 
122 49 160 
122 50 158 
122 51 158 
122 52 160 
122 53 154 
122 54 161 
122 55 158 
122 56 157 
122 57 158 
122 58 153 
122 59 147 
122 60 140 
122 62 146 
122 63 153 
122 64 153 
122 65 152 
122 67 141 
122 68 135 
122 69 133 
122 70 161 
122 71 191 
122 72 201 
122 74 196 
122 76 194 
122 77 202 
122 78 208 
122 79 208 
122 80 208 
122 82 205 
122 83 207 
122 84 208 
122 86 207 
122 87 210 
122 89 211 
122 90 215 
122 91 211 
122 92 211 
122 93 211 
122 94 209 
122 95 208 
122 96 206 
122 97 183 
122 98 148 
122 99 72 
122 100 47 
122 101 79 
122 102 91 
122 103 98 
122 104 93 
122 105 101 
122 106 113 
122 107 113 
122 108 103 
122 110 97 
122 111 90 
122 112 93 
122 113 104 
122 114 107 
122 115 98 
122 116 93 
122 117 93 
122 118 93 
122 119 89 
122 120 99 
122 121 115 
122 122 107 
122 123 112 
122 124 107 
122 125 98 
122 126 85 
122 127 59 
123 0 125 
123 1 125 
123 2 128 
123 3 132 
123 4 133 
123 5 81 
123 6 47 
123 7 46 
123 8 47 
123 9 56 
123 10 49 
123 11 52 
123 12 56 
123 13 53 
123 14 42 
123 16 54 
123 17 45 
123 18 43 
123 19 49 
123 20 61 
123 21 72 
123 22 74 
123 23 87 
123 24 127 
123 25 146 
123 27 128 
123 28 147 
123 29 161 
123 30 163 
123 31 158 
123 32 158 
123 33 157 
123 34 156 
123 35 153 
123 36 155 
123 38 157 
123 39 160 
123 40 153 
123 42 156 
123 43 155 
123 44 153 
123 45 157 
123 46 154 
123 47 156 
123 48 153 
123 49 153 
123 50 154 
123 51 157 
123 52 162 
123 53 161 
123 54 166 
123 55 159 
123 56 155 
123 57 155 
123 58 152 
123 59 152 
123 60 141 
123 61 143 
123 62 147 
123 63 154 
123 64 146 
123 66 140 
123 68 132 
123 69 142 
123 70 180 
123 71 194 
123 73 193 
123 74 193 
123 78 208 
123 79 205 
123 81 206 
123 82 209 
123 84 206 
123 85 206 
123 86 209 
123 87 213 
123 88 211 
123 91 205 
123 92 208 
123 93 213 
123 94 210 
123 95 205 
123 96 197 
123 97 139 
123 98 69 
123 99 38 
123 100 65 
123 101 79 
123 102 82 
123 103 85 
123 104 106 
123 105 114 
123 106 104 
123 107 90 
123 109 89 
123 110 94 
123 111 93 
123 112 107 
123 113 102 
123 114 94 
123 115 88 
123 116 90 
123 117 91 
123 118 101 
123 119 107 
123 120 112 
123 121 102 
123 122 101 
123 123 98 
123 124 98 
123 125 83 
123 126 58 
123 127 54 
124 0 114 
124 1 114 
124 2 128 
124 3 127 
124 4 81 
124 5 43 
124 6 48 
124 7 43 
124 8 48 
124 9 51 
124 10 51 
124 11 53 
124 12 52 
124 13 47 
124 14 53 
124 15 51 
124 16 46 
124 17 42 
124 18 47 
124 19 67 
124 20 81 
124 21 66 
124 22 90 
124 23 131 
124 24 146 
124 25 151 
124 26 134 
124 27 151 
124 28 158 
124 29 159 
124 30 160 
124 31 158 
124 34 157 
124 35 156 
124 36 156 
124 37 156 
124 38 157 
124 39 157 
124 41 159 
124 43 154 
124 46 155 
124 47 155 
124 48 155 
124 52 153 
124 53 154 
124 54 156 
124 55 155 
124 56 157 
124 57 157 
124 58 156 
124 59 150 
124 60 144 
124 61 140 
124 62 144 
124 63 146 
124 64 150 
124 65 146 
124 68 127 
124 69 165 
124 70 186 
124 71 193 
124 73 191 
124 74 192 
124 75 195 
124 76 203 
124 77 208 
124 80 205 
124 81 209 
124 82 209 
124 83 209 
124 84 209 
124 85 211 
124 86 215 
124 88 212 
124 89 213 
124 91 204 
124 93 208 
124 94 207 
124 95 204 
124 96 185 
124 97 61 
124 98 39 
124 99 55 
124 100 68 
124 101 82 
124 102 97 
124 103 105 
124 104 110 
124 105 97 
124 106 89 
124 107 88 
124 109 106 
124 110 103 
124 111 103 
124 112 99 
124 113 91 
124 114 88 
124 115 90 
124 116 100 
124 117 104 
124 118 98 
124 119 100 
124 120 95 
124 121 93 
124 122 92 
124 123 73 
124 124 74 
124 125 63 
124 126 51 
124 127 52 
125 0 118 
125 1 118 
125 2 127 
125 3 94 
125 4 48 
125 5 53 
125 6 44 
125 7 45 
125 8 55 
125 9 49 
125 10 48 
125 11 52 
125 12 42 
125 13 48 
125 14 46 
125 15 46 
125 16 45 
125 17 51 
125 18 74 
125 19 47 
125 20 42 
125 21 82 
125 22 140 
125 23 153 
125 24 145 
125 25 139 
125 26 154 
125 27 162 
125 28 162 
125 29 161 
125 32 160 
125 33 155 
125 34 152 
125 35 157 
125 37 156 
125 38 154 
125 39 160 
125 41 159 
125 42 160 
125 45 153 
125 46 152 
125 47 157 
125 50 154 
125 52 157 
125 53 156 
125 54 154 
125 55 158 
125 56 152 
125 57 155 
125 58 152 
125 59 154 
125 60 150 
125 61 144 
125 62 140 
125 63 144 
125 64 146 
125 65 143 
125 66 133 
125 67 126 
125 68 143 
125 69 177 
125 70 190 
125 71 191 
125 72 188 
125 74 192 
125 75 202 
125 76 208 
125 78 208 
125 79 204 
125 80 207 
125 81 209 
125 82 210 
125 84 210 
125 85 212 
125 86 212 
125 87 213 
125 88 215 
125 90 206 
125 91 205 
125 92 208 
125 93 209 
125 95 199 
125 96 144 
125 97 43 
125 98 40 
125 99 64 
125 100 80 
125 101 89 
125 102 101 
125 103 104 
125 104 99 
125 105 96 
125 106 88 
125 107 98 
125 108 102 
125 109 103 
125 110 104 
125 111 98 
125 112 100 
125 113 94 
125 114 94 
125 115 101 
125 116 97 
125 117 98 
125 118 88 
125 119 85 
125 120 83 
125 121 79 
125 122 63 
125 123 66 
125 124 56 
125 125 58 
125 126 57 
125 127 56 
126 0 136 
126 1 136 
126 2 94 
126 3 50 
126 4 42 
126 5 56 
126 6 44 
126 7 49 
126 8 49 
126 10 52 
126 11 42 
126 12 48 
126 14 54 
126 15 55 
126 16 48 
126 17 62 
126 18 50 
126 19 34 
126 20 88 
126 21 141 
126 22 151 
126 23 152 
126 24 140 
126 25 160 
126 26 165 
126 27 164 
126 28 159 
126 29 158 
126 30 159 
126 32 155 
126 33 158 
126 34 156 
126 36 154 
126 37 152 
126 38 155 
126 39 157 
126 41 155 
126 42 158 
126 44 153 
126 45 156 
126 46 155 
126 47 153 
126 48 153 
126 49 155 
126 50 153 
126 51 155 
126 52 153 
126 53 155 
126 54 156 
126 55 154 
126 56 156 
126 57 156 
126 58 147 
126 59 153 
126 60 151 
126 61 141 
126 62 139 
126 63 141 
126 64 147 
126 65 141 
126 66 134 
126 67 130 
126 68 161 
126 69 184 
126 70 189 
126 71 188 
126 72 187 
126 73 191 
126 74 195 
126 76 206 
126 78 207 
126 79 207 
126 81 210 
126 82 208 
126 83 210 
126 84 207 
126 85 208 
126 86 212 
126 87 211 
126 89 210 
126 93 208 
126 94 205 
126 95 191 
126 96 64 
126 97 39 
126 99 82 
126 101 93 
126 102 93 
126 103 92 
126 104 89 
126 105 97 
126 106 102 
126 107 104 
126 108 98 
126 109 104 
126 110 90 
126 111 96 
126 112 90 
126 113 96 
126 114 95 
126 115 96 
126 116 92 
126 117 80 
126 118 59 
126 119 67 
126 120 77 
126 121 64 
126 122 74 
126 123 64 
126 124 65 
126 125 52 
126 126 55 
126 127 74 
127 0 171 
127 1 171 
127 2 49 
127 3 48 
127 4 44 
127 5 45 
127 6 55 
127 7 47 
127 8 51 
127 9 53 
127 10 46 
127 11 49 
127 12 44 
127 13 40 
127 14 45 
127 15 57 
127 16 55 
127 17 35 
127 18 29 
127 19 111 
127 20 151 
127 21 153 
127 22 143 
127 23 141 
127 24 158 
127 25 165 
127 26 163 
127 27 163 
127 28 158 
127 29 159 
127 30 156 
127 31 158 
127 33 156 
127 34 156 
127 35 153 
127 36 155 
127 37 155 
127 38 158 
127 39 155 
127 40 155 
127 41 153 
127 42 158 
127 43 153 
127 44 153 
127 45 155 
127 46 151 
127 47 153 
127 49 151 
127 50 155 
127 51 149 
127 52 154 
127 53 151 
127 54 149 
127 55 149 
127 56 150 
127 57 152 
127 58 150 
127 59 151 
127 60 151 
127 61 142 
127 62 131 
127 63 134 
127 65 138 
127 66 134 
127 67 141 
127 68 170 
127 69 188 
127 70 185 
127 71 189 
127 72 189 
127 73 192 
127 75 205 
127 77 201 
127 78 205 
127 80 207 
127 82 207 
127 83 210 
127 84 210 
127 85 208 
127 87 212 
127 88 212 
127 89 209 
127 90 205 
127 91 207 
127 92 211 
127 93 205 
127 94 205 
127 95 178 
127 96 48 
127 97 50 
127 98 79 
127 99 87 
127 100 84 
127 102 83 
127 103 87 
127 104 98 
127 105 104 
127 106 100 
127 107 103 
127 108 104 
127 109 107 
127 110 86 
127 111 93 
127 112 96 
127 113 95 
127 114 90 
127 115 77 
127 116 58 
127 117 58 
127 118 50 
127 119 52 
127 120 56 
127 121 72 
127 122 71 
127 123 56 
127 124 56 
127 125 50 
127 126 70 
127 127 100 
3 9136 9260 9137 
3 9260 9382 9137 
3 9261 9137 9382 
3 13692 13810 13578 
3 13693 13578 13810 
3 13810 13811 13693 
3 9382 9499 9261 
3 9261 9499 9383 
3 9499 9500 9383 
3 11730 11849 11731 
3 11849 11962 11731 
3 11731 11962 11850 
3 11962 11963 11850 
3 11909 12025 11794 
3 11910 11794 12025 
3 12025 12026 11910 
3 13704 13821 13705 
3 13821 13936 13705 
3 13705 13936 13822 
3 13936 13937 13822 
3 13459 13577 13460 
3 13577 13692 13460 
3 13460 13692 13578 
3 14546 14659 14547 
3 14659 14775 14547 
3 14775 14776 14547 
3 14548 14547 14776 
3 14776 14891 14660 
3 14777 14660 14891 
3 14436 14550 14437 
3 14550 14661 14437 
3 14437 14661 14551 
3 14661 14662 14551 
3 14549 14660 14550 
3 14660 14777 14550 
3 14550 14777 14661 
3 14777 14778 14661 
3 14658 14774 14659 
3 14774 14888 14659 
3 14659 14888 14775 
3 14888 14889 14775 
3 14514 14628 14515 
3 14628 14743 14515 
3 14743 14744 14515 
3 14629 14515 14744 
3 14744 14745 14629 
3 14598 14481 14711 
3 14482 14481 14598 
3 14365 14481 14482 
3 14710 14711 14481 
3 14711 14712 14598 
3 14364 14481 14365 
3 14597 14710 14481 
3 14771 14885 14656 
3 14772 14656 14885 
3 14885 14886 14772 
3 14362 14480 14363 
3 14480 14597 14363 
3 14363 14597 14481 
3 14996 15109 14997 
3 15109 15226 14997 
3 14997 15226 15110 
3 15226 15227 15110 
3 15105 15106 14883 
3 14884 14883 15106 
3 14994 14884 15106 
3 15106 15107 14994 
3 14713 14829 14714 
3 14829 14943 14714 
3 14714 14943 14830 
3 14943 14944 14830 
3 14724 14839 14725 
3 14839 14954 14725 
3 14725 14954 14840 
3 14954 14955 14840 
3 14755 14872 14638 
3 14756 14638 14872 
3 14872 14873 14756 
3 14770 14884 14771 
3 14884 14994 14771 
3 14771 14994 14885 
3 14994 14995 14885 
3 14269 14392 14270 
3 14392 14509 14270 
3 14270 14509 14393 
3 14509 14510 14393 
3 14288 14412 14289 
3 14412 14527 14289 
3 14289 14527 14413 
3 14527 14528 14413 
3 14390 14506 14391 
3 14506 14620 14391 
3 14391 14620 14507 
3 14620 14621 14507 
3 15121 15236 15122 
3 15236 15355 15122 
3 15122 15355 15237 
3 15355 15356 15237 
3 14335 14455 14336 
3 14455 14571 14336 
3 14336 14571 14456 
3 14571 14572 14456 
3 14413 14528 14414 
3 14528 14641 14414 
3 14414 14641 14529 
3 14641 14642 14529 
3 15231 15347 15115 
3 15347 15348 15115 
3 15116 15115 15348 
3 15113 15230 15114 
3 15230 15345 15114 
3 15114 15345 15231 
3 15345 15346 15231 
3 15348 15349 15116 
3 15117 15116 15349 
3 15232 15117 15349 
3 15349 15350 15232 
3 15001 15114 15002 
3 15114 15231 15002 
3 15002 15231 15115 
3 15102 15220 15103 
3 15220 15336 15103 
3 15221 15103 15336 
3 15219 15335 15220 
3 15335 15336 15220 
3 2926 3046 2927 
3 3046 3168 2927 
3 3168 3169 2927 
3 2928 2927 3169 
3 2921 3041 2922 
3 3041 3163 2922 
3 2922 3163 3042 
3 3163 3164 3042 
3 2904 3027 2905 
3 3027 3144 2905 
3 3144 3145 2905 
3 2906 2905 3145 
3 2577 2697 2578 
3 2697 2814 2578 
3 2814 2815 2578 
3 2579 2578 2815 
3 2906 3145 3028 
3 3145 3146 3028 
3 2880 3004 2881 
3 3004 3121 2881 
3 2881 3121 3005 
3 3121 3122 3005 
3 2730 2849 2731 
3 2849 2972 2731 
3 2731 2972 2850 
3 2972 2973 2850 
3 2602 2721 2603 
3 2721 2840 2603 
3 2603 2840 2722 
3 2840 2841 2722 
3 2907 3029 2908 
3 3029 3148 2908 
3 2908 3148 3030 
3 3148 3149 3030 
3 2579 2815 2698 
3 2815 2816 2698 
3 2692 2809 2693 
3 2809 2932 2693 
3 2810 2693 2932 
3 2784 2906 2785 
3 2906 3028 2785 
3 2785 3028 2907 
3 3028 3029 2907 
3 2932 3050 2810 
3 2810 3050 2933 
3 3050 3051 2933 
3 2929 3047 2930 
3 3047 3171 2930 
3 2930 3171 3048 
3 3171 3172 3048 
3 3001 3119 3002 
3 3119 3243 3002 
3 3243 3244 3002 
3 3003 3002 3244 
3 506 622 507 
3 622 744 507 
3 507 744 623 
3 744 745 623 
3 3623 3744 3499 
3 3624 3499 3744 
3 3744 3745 3624 
3 3497 3622 3498 
3 3622 3742 3498 
3 3498 3742 3623 
3 3742 3743 3623 
3 3372 3498 3373 
3 3498 3623 3373 
3 3373 3623 3499 
3 481 599 482 
3 599 717 482 
3 482 717 600 
3 717 718 600 
3 474 591 475 
3 591 709 475 
3 475 709 592 
3 709 710 592 
3 429 547 430 
3 547 663 430 
3 430 663 548 
3 663 664 548 
3 540 654 541 
3 654 781 541 
3 541 781 655 
3 781 782 655 
3 674 801 675 
3 801 920 675 
3 675 920 802 
3 920 921 802 
3 35 153 36 
3 153 154 36 
3 409 529 410 
3 529 642 410 
3 410 642 530 
3 642 643 530 
3 1081 1200 961 
3 1082 961 1200 
3 1200 1201 1082 
3 8 127 9 
3 127 243 9 
3 243 244 9 
3 10 9 244 
3 2448 2449 2215 
3 2216 2215 2449 
3 2331 2216 2449 
3 2449 2450 2331 
3 2322 2440 2323 
3 2440 2557 2323 
3 2323 2557 2441 
3 2557 2558 2441 
3 12702 12819 12703 
3 12819 12942 12703 
3 12703 12942 12820 
3 12942 12943 12820 
3 2523 2642 2407 
3 2524 2407 2642 
3 2642 2643 2524 
3 12653 12768 12654 
3 12768 12887 12654 
3 12654 12887 12769 
3 12887 12888 12769 
3 12530 12650 12531 
3 12650 12765 12531 
3 12531 12765 12651 
3 12765 12766 12651 
3 12417 12529 12418 
3 12529 12649 12418 
3 12418 12649 12530 
3 12649 12650 12530 
3 11043 11162 10926 
3 11044 10926 11162 
3 11162 11163 11044 
3 10582 10696 10583 
3 10696 10816 10583 
3 10583 10816 10697 
3 10816 10817 10697 
3 10637 10751 10638 
3 10751 10869 10638 
3 10869 10870 10638 
3 10639 10638 10870 
3 10225 10344 10226 
3 10344 10467 10226 
3 10467 10468 10226 
3 10227 10226 10468 
3 10639 10870 10752 
3 10870 10871 10752 
3 10227 10468 10345 
3 10468 10469 10345 
3 10371 10492 10372 
3 10492 10605 10372 
3 10605 10606 10372 
3 10373 10372 10606 
3 10348 10472 10349 
3 10472 10585 10349 
3 10473 10349 10585 
3 10373 10606 10493 
3 10606 10607 10493 
3 10576 10575 10691 
3 10463 10575 10576 
3 10462 10575 10463 
3 10691 10690 10808 
3 10575 10690 10691 
3 10374 10493 10375 
3 10493 10608 10375 
3 10375 10608 10494 
3 10608 10609 10494 
3 10585 10699 10473 
3 10586 10473 10699 
3 10700 10699 10820 
3 10586 10699 10700 
3 10819 10934 10820 
3 10934 10935 10820 
3 10699 10819 10820 
3 10808 10809 10691 
3 10698 10697 10818 
3 10584 10697 10698 
3 10817 10818 10697 
3 4107 4234 4108 
3 4234 4235 4108 
3 4359 4360 4234 
3 4235 4234 4360 
3 11021 11141 10906 
3 11022 10906 11141 
3 11141 11142 11022 
3 13241 13363 13242 
3 13363 13485 13242 
3 13242 13485 13364 
3 13485 13486 13364 
3 11982 12100 11983 
3 12100 12217 11983 
3 11983 12217 12101 
3 12217 12218 12101 
3 14313 14434 14314 
3 14434 14548 14314 
3 14314 14548 14435 
3 14548 14549 14435 
3 12474 12595 12363 
3 12475 12363 12595 
3 12595 12596 12475 
3 12095 12212 12096 
3 12212 12328 12096 
3 12213 12096 12328 
3 12104 12222 12105 
3 12222 12338 12105 
3 12105 12338 12223 
3 12338 12339 12223 
3 11986 12103 11987 
3 12103 12221 11987 
3 11987 12221 12104 
3 12221 12222 12104 
3 12359 12470 12360 
3 12470 12589 12360 
3 12360 12589 12471 
3 12589 12590 12471 
3 12361 12473 12362 
3 12473 12593 12362 
3 12362 12593 12474 
3 12593 12594 12474 
3 11855 11969 11856 
3 11969 12086 11856 
3 12086 12087 11856 
3 11970 11856 12087 
3 11739 11856 11740 
3 11856 11970 11740 
3 11857 11740 11970 
3 12087 12088 11970 
3 11624 11745 11625 
3 11745 11862 11625 
3 11625 11862 11746 
3 11862 11863 11746 
3 11638 11758 11639 
3 11758 11875 11639 
3 11639 11875 11759 
3 11875 11876 11759 
3 11764 11882 11765 
3 11882 11996 11765 
3 11765 11996 11883 
3 11996 11997 11883 
3 11654 11774 11655 
3 11774 11892 11655 
3 11655 11892 11775 
3 11892 11893 11775 
3 11775 11893 11776 
3 11893 12007 11776 
3 11894 11776 12007 
3 12127 12245 12128 
3 12245 12362 12128 
3 12246 12128 12362 
3 12327 12441 12328 
3 12441 12557 12328 
3 12328 12557 12442 
3 12557 12558 12442 
3 12315 12432 12316 
3 12432 12545 12316 
3 12316 12545 12433 
3 12545 12546 12433 
3 12133 12251 12134 
3 12251 12369 12134 
3 12134 12369 12252 
3 12369 12370 12252 
3 12253 12371 12254 
3 12371 12482 12254 
3 12254 12482 12372 
3 12482 12483 12372 
3 12418 12530 12302 
3 12419 12302 12530 
3 12530 12531 12419 
3 12183 12300 12184 
3 12300 12301 12184 
3 12416 12417 12300 
3 12301 12300 12417 
3 12695 12813 12583 
3 12813 12814 12583 
3 12584 12583 12814 
3 12520 12642 12521 
3 12642 12754 12521 
3 12521 12754 12643 
3 12754 12755 12643 
3 12349 12462 12350 
3 12462 12580 12350 
3 12350 12580 12463 
3 12580 12581 12463 
3 12528 12529 12416 
3 12417 12416 12529 
3 12895 12775 13019 
3 12776 12775 12895 
3 12660 12775 12776 
3 13018 13019 12775 
3 13019 13020 12895 
3 13017 13018 12774 
3 12775 12774 13018 
3 10950 11069 10951 
3 11069 11189 10951 
3 10952 10951 11189 
3 12648 12528 12761 
3 12529 12528 12648 
3 12760 12761 12528 
3 12761 12762 12648 
3 10907 10789 11023 
3 10673 10789 10907 
3 11022 11023 10789 
3 11023 11024 10907 
3 10788 10906 10789 
3 10906 11022 10789 
3 10835 10951 10952 
3 11189 11310 10952 
3 11310 11311 10952 
3 11190 10952 11311 
3 10834 10951 10835 
3 10953 10952 11190 
3 15077 14967 15190 
3 14855 14967 15077 
3 14854 14967 14855 
3 14856 14855 15077 
3 2173 2172 2293 
3 2046 2172 2173 
3 2293 2410 2173 
3 2410 2411 2173 
3 2045 2172 2046 
3 12042 12157 12043 
3 12157 12158 12043 
3 11926 12042 12043 
3 11811 11926 12043 
3 11812 11811 12043 
3 432 550 433 
3 550 551 433 
3 313 432 433 
3 196 313 433 
3 195 313 196 
3 197 196 433 
3 12246 12363 12247 
3 12363 12364 12247 
3 12129 12246 12247 
3 12013 12129 12247 
3 12012 12129 12013 
3 12014 12013 12247 
3 12527 12760 12528 
3 12760 12877 12761 
3 12877 12878 12761 
3 14862 15080 14971 
3 15080 15081 14971 
3 14861 15080 14862 
3 15080 15197 15081 
3 15197 15198 15081 
3 15189 15307 15190 
3 15307 15308 15190 
3 15076 15189 15190 
3 14967 15076 15190 
3 9486 9485 9606 
3 9369 9485 9486 
3 9606 9728 9486 
3 9728 9729 9486 
3 9368 9485 9369 
3 1114 1230 1115 
3 1230 1231 1115 
3 994 1114 1115 
3 875 994 1115 
3 874 994 875 
3 995 875 1115 
3 10558 10557 10672 
3 10441 10557 10558 
3 10672 10788 10558 
3 10788 10789 10558 
3 10440 10557 10441 
3 9797 9913 9798 
3 9913 9914 9798 
3 9678 9797 9798 
3 9555 9678 9798 
3 9556 9555 9798 
3 13854 14082 13967 
3 14082 14083 13967 
3 13853 14082 13854 
3 14082 14205 14083 
3 14205 14206 14083 
3 8891 8776 9006 
3 8777 8776 8891 
3 8656 8776 8777 
3 9005 9006 8776 
3 9006 9007 8891 
3 8655 8776 8656 
3 7828 7948 7829 
3 7948 7949 7829 
3 8070 7948 8193 
3 7949 7948 8070 
3 8193 8194 8070 
3 8193 8313 8194 
3 8313 8314 8194 
3 8877 8876 8991 
3 8761 8876 8877 
3 9107 9108 8876 
3 8991 8876 9108 
3 8760 8876 8761 
3 11532 11653 11533 
3 11653 11772 11533 
3 11772 11773 11533 
3 11654 11533 11773 
3 11773 11774 11654 
3 13767 13997 13885 
3 13997 13998 13885 
3 13766 13997 13767 
3 13997 14116 13998 
3 14116 14117 13998 
3 426 544 427 
3 544 658 427 
3 658 659 427 
3 545 427 659 
3 659 660 545 
3 13270 13269 13392 
3 13150 13269 13270 
3 13391 13514 13392 
3 13514 13515 13392 
3 13269 13391 13392 
3 13149 13269 13150 
3 12863 12862 12986 
3 12747 12862 12863 
3 12985 13108 12986 
3 13108 13109 12986 
3 12862 12985 12986 
3 12746 12862 12747 
3 134 252 135 
3 252 253 135 
3 17 134 135 
3 18 17 135 
3 307 306 427 
3 189 306 307 
3 306 426 427 
3 188 306 189 
3 1885 1884 2006 
3 1760 1884 1885 
3 2005 2131 2006 
3 2131 2132 2006 
3 1884 2005 2006 
3 1759 1884 1760 
3 1781 1780 1904 
3 1656 1780 1781 
3 1903 2026 1904 
3 2026 2027 1904 
3 1780 1903 1904 
3 1655 1780 1656 
3 8899 9134 9016 
3 9134 9135 9016 
3 9015 9134 8898 
3 8899 8898 9134 
3 9133 9134 9015 
3 13249 13248 13370 
3 13127 13248 13249 
3 13369 13491 13370 
3 13491 13492 13370 
3 13248 13369 13370 
3 13126 13248 13127 
3 12717 12716 12833 
3 12606 12716 12717 
3 12832 12955 12833 
3 12955 12956 12833 
3 12716 12832 12833 
3 12605 12716 12606 
3 127 361 243 
3 361 362 243 
3 126 361 127 
3 361 481 362 
3 481 482 362 
3 8212 8211 8332 
3 8088 8211 8212 
3 8331 8455 8332 
3 8455 8456 8332 
3 8211 8331 8332 
3 8087 8211 8088 
3 7409 7408 7528 
3 7284 7408 7409 
3 7527 7650 7528 
3 7650 7651 7528 
3 7408 7527 7528 
3 7283 7408 7284 
3 1917 1916 2040 
3 1794 1916 1917 
3 2039 2166 2040 
3 2166 2167 2040 
3 1916 2039 2040 
3 1793 1916 1794 
3 1840 1839 1962 
3 1714 1839 1840 
3 1961 2086 1962 
3 2086 2087 1962 
3 1839 1961 1962 
3 1713 1839 1714 
3 8669 8668 8788 
3 8548 8668 8669 
3 8787 8902 8788 
3 8902 8903 8788 
3 8668 8787 8788 
3 8547 8668 8548 
3 8436 8435 8556 
3 8309 8435 8436 
3 8556 8555 8676 
3 8435 8555 8556 
3 8308 8435 8309 
3 8830 8829 8946 
3 8712 8829 8830 
3 8945 9062 8946 
3 9062 9063 8946 
3 8829 8945 8946 
3 8711 8829 8712 
3 8778 8777 8892 
3 8657 8777 8778 
3 8891 9008 8892 
3 9008 9009 8892 
3 8777 8891 8892 
3 8444 8443 8565 
3 8319 8443 8444 
3 8564 8684 8565 
3 8684 8685 8565 
3 8443 8564 8565 
3 8318 8443 8319 
3 2309 2308 2427 
3 2190 2308 2309 
3 2426 2543 2427 
3 2543 2544 2427 
3 2308 2426 2427 
3 2189 2308 2190 
3 2222 2337 2223 
3 2337 2338 2223 
3 2097 2222 2223 
3 2098 2097 2223 
3 1973 1972 2098 
3 1851 1972 1973 
3 1972 2097 2098 
3 1850 1972 1851 
3 3673 3672 3797 
3 3552 3672 3673 
3 3796 3922 3797 
3 3922 3923 3797 
3 3672 3796 3797 
3 3551 3672 3552 
3 3908 3907 4030 
3 3782 3907 3908 
3 4029 4156 4030 
3 4156 4157 4030 
3 3907 4029 4030 
3 3781 3907 3782 
3 13879 14108 13991 
3 14108 14109 13991 
3 14108 14232 14109 
3 14232 14233 14109 
3 13757 14107 13879 
3 14107 14108 13879 
3 13880 13879 13991 
3 13759 13879 13880 
3 13758 13879 13759 
3 9134 9133 9258 
3 9257 9379 9258 
3 9379 9380 9258 
3 9133 9257 9258 
3 4639 4638 4763 
3 4513 4638 4639 
3 4762 4887 4763 
3 4887 4888 4763 
3 4638 4762 4763 
3 4512 4638 4513 
3 4519 4518 4644 
3 4394 4518 4519 
3 4643 4768 4644 
3 4768 4769 4644 
3 4518 4643 4644 
3 4393 4518 4394 
3 1113 1112 1228 
3 992 1112 1113 
3 1227 1346 1228 
3 1346 1347 1228 
3 1112 1227 1228 
3 991 1112 992 
3 4841 4840 4965 
3 4716 4840 4841 
3 4964 5089 4965 
3 5089 5090 4965 
3 4840 4964 4965 
3 4715 4840 4716 
3 14617 14616 14732 
3 14503 14616 14617 
3 14731 14847 14732 
3 14847 14848 14732 
3 14616 14731 14732 
3 14502 14616 14503 
3 14657 14773 14658 
3 14773 14774 14658 
3 14545 14657 14658 
3 14432 14545 14658 
3 14431 14545 14432 
3 14433 14432 14658 
3 13840 13839 13955 
3 13720 13839 13840 
3 13954 14068 13955 
3 14068 14069 13955 
3 13839 13954 13955 
3 13719 13839 13720 
3 15187 15304 15188 
3 15304 15305 15188 
3 15074 15187 15188 
3 15075 15074 15188 
3 14966 14965 15075 
3 14852 14965 14966 
3 14965 15074 15075 
3 14851 14965 14852 
3 14737 14736 14853 
3 14623 14736 14737 
3 14853 14852 14966 
3 14736 14852 14853 
3 14622 14736 14623 
3 14909 14908 15019 
3 14796 14908 14909 
3 15018 15132 15019 
3 15132 15133 15019 
3 14908 15018 15019 
3 14795 14908 14796 
3 10346 10345 10470 
3 10229 10345 10346 
3 10469 10582 10470 
3 10582 10583 10470 
3 10345 10469 10470 
3 10228 10345 10229 
3 10111 10110 10230 
3 9994 10110 10111 
3 10229 10346 10230 
3 10346 10347 10230 
3 10110 10229 10230 
3 9993 10110 9994 
3 5128 5127 5253 
3 5006 5127 5128 
3 5252 5377 5253 
3 5377 5378 5253 
3 5127 5252 5253 
3 5005 5127 5006 
3 6575 6574 6696 
3 6453 6574 6575 
3 6695 6822 6696 
3 6822 6823 6696 
3 6574 6695 6696 
3 6452 6574 6453 
3 6549 6548 6671 
3 6425 6548 6549 
3 6670 6794 6671 
3 6794 6795 6671 
3 6548 6670 6671 
3 6424 6548 6425 
3 5857 5856 5980 
3 5736 5856 5857 
3 5980 6103 5857 
3 6103 6104 5857 
3 5735 5856 5736 
3 6489 6488 6610 
3 6363 6488 6489 
3 6609 6732 6610 
3 6732 6733 6610 
3 6488 6609 6610 
3 6362 6488 6363 
3 12181 12299 12182 
3 12299 12414 12182 
3 12414 12415 12182 
3 12300 12182 12415 
3 12415 12416 12300 
3 11880 11881 11763 
3 11645 11763 11881 
3 11644 11763 11645 
3 11646 11645 11881 
3 11408 11532 11533 
3 11407 11532 11408 
3 11741 11740 11857 
3 11619 11740 11741 
3 11970 11971 11857 
3 11618 11740 11619 
3 12243 12360 12244 
3 12360 12471 12244 
3 12471 12472 12244 
3 12361 12244 12472 
3 12472 12473 12361 
3 11881 11880 11994 
3 11993 12111 11994 
3 12111 12112 11994 
3 11880 11993 11994 
3 12374 12373 12485 
3 12257 12373 12374 
3 12484 12607 12485 
3 12607 12608 12485 
3 12373 12484 12485 
3 12256 12373 12257 
3 12066 12065 12182 
3 11950 12065 12066 
3 12065 12181 12182 
3 11949 12065 11950 
3 6035 6034 6159 
3 5913 6034 6035 
3 6158 6285 6159 
3 6285 6286 6159 
3 6034 6158 6159 
3 5912 6034 5913 
3 2281 2280 2397 
3 2158 2280 2281 
3 2514 2513 2630 
3 2396 2513 2514 
3 2397 2396 2514 
3 2280 2396 2397 
3 2157 2280 2158 
3 2298 2297 2416 
3 2178 2297 2298 
3 2415 2531 2416 
3 2531 2532 2416 
3 2297 2415 2416 
3 2177 2297 2178 
3 10068 10067 10185 
3 9949 10067 10068 
3 10185 10305 10068 
3 10305 10306 10068 
3 9948 10067 9949 
3 11035 11034 11153 
3 10918 11034 11035 
3 11152 11274 11153 
3 11274 11275 11153 
3 11034 11152 11153 
3 10917 11034 10918 
3 11149 11148 11271 
3 11030 11148 11149 
3 11270 11393 11271 
3 11393 11394 11271 
3 11148 11270 11271 
3 11029 11148 11030 
3 11148 11147 11270 
3 11028 11147 11148 
3 11269 11391 11270 
3 11391 11392 11270 
3 11147 11269 11270 
3 11027 11147 11028 
3 9843 9842 9961 
3 9725 9842 9843 
3 9960 10077 9961 
3 10077 10078 9961 
3 9842 9960 9961 
3 9724 9842 9725 
3 9311 9310 9429 
3 9188 9310 9311 
3 9428 9547 9429 
3 9547 9548 9429 
3 9310 9428 9429 
3 9187 9310 9188 
3 10075 10074 10193 
3 9958 10074 10075 
3 10192 10313 10193 
3 10313 10314 10193 
3 10074 10192 10193 
3 9957 10074 9958 
3 6093 6094 5727 
3 5973 5727 6094 
3 5849 5727 5973 
3 5728 5727 5849 
3 6094 6095 5973 
3 10216 10215 10335 
3 10096 10215 10216 
3 10334 10456 10335 
3 10456 10457 10335 
3 10215 10334 10335 
3 10095 10215 10096 
3 9976 9975 10092 
3 9858 9975 9976 
3 10091 10210 10092 
3 10210 10211 10092 
3 9975 10091 10092 
3 9857 9975 9858 
3 4984 5231 5108 
3 5231 5232 5108 
3 5107 5231 4983 
3 4984 4983 5231 
3 5231 5230 5355 
3 5107 5230 5231 
3 4982 5107 4983 
3 4735 4734 4859 
3 4610 4734 4735 
3 4858 4983 4859 
3 4983 4984 4859 
3 4734 4858 4859 
3 4609 4734 4610 
3 2567 2566 2686 
3 2449 2566 2567 
3 2686 2685 2803 
3 2566 2685 2686 
3 2448 2566 2449 
3 15105 15104 15222 
3 14993 15104 15105 
3 15221 15337 15222 
3 15337 15338 15222 
3 15104 15221 15222 
3 14992 15104 14993 
3 14957 15067 14958 
3 15067 15180 14958 
3 14959 15180 15068 
3 15180 15181 15068 
3 14959 14958 15180 
3 15181 15180 15296 
3 10690 10689 10807 
3 10574 10689 10690 
3 10806 10923 10807 
3 10923 10924 10807 
3 10689 10806 10807 
3 10573 10689 10574 
3 2495 2494 2612 
3 2378 2494 2495 
3 2611 2730 2612 
3 2730 2731 2612 
3 2494 2611 2612 
3 2377 2494 2378 
3 2804 2803 2926 
3 2686 2803 2804 
3 2925 3045 2926 
3 3045 3046 2926 
3 2803 2925 2926 
3 13601 13600 13712 
3 13484 13600 13601 
3 13711 13831 13712 
3 13831 13832 13712 
3 13600 13711 13712 
3 13483 13600 13484 
3 11529 11528 11650 
3 11403 11528 11529 
3 11649 11767 11650 
3 11767 11768 11650 
3 11528 11649 11650 
3 11402 11528 11403 
3 9382 9381 9498 
3 9260 9381 9382 
3 9497 9618 9498 
3 9618 9619 9498 
3 9381 9497 9498 
3 9259 9381 9260 
3 13456 13690 13576 
3 13690 13691 13576 
3 13575 13690 13455 
3 13456 13455 13690 
3 12125 12243 12244 
3 12124 12243 12125 
3 1023 1022 1143 
3 903 1022 1023 
3 1142 1261 1143 
3 1261 1262 1143 
3 1022 1142 1143 
3 902 1022 903 
3 1170 1169 1288 
3 1051 1169 1170 
3 1287 1405 1288 
3 1405 1406 1288 
3 1169 1287 1288 
3 1050 1169 1051 
3 12465 12464 12583 
3 12353 12464 12465 
3 12582 12695 12583 
3 12464 12582 12583 
3 12352 12464 12353 
3 12659 12658 12774 
3 12542 12658 12659 
3 12774 12773 12894 
3 12658 12773 12774 
3 12653 12652 12768 
3 12534 12652 12653 
3 12767 12885 12768 
3 12885 12886 12768 
3 12652 12767 12768 
3 12533 12652 12534 
3 11605 11728 11606 
3 11728 11729 11606 
3 11847 11848 11728 
3 11729 11728 11848 
3 11848 11847 11960 
3 11959 12076 11960 
3 12076 12077 11960 
3 11847 11959 11960 
3 12305 12304 12421 
3 12189 12304 12305 
3 12420 12533 12421 
3 12533 12534 12421 
3 12304 12420 12421 
3 12188 12304 12189 
3 12664 12663 12779 
3 12549 12663 12664 
3 12778 12898 12779 
3 12898 12899 12779 
3 12663 12778 12779 
3 12548 12663 12549 
3 10925 10924 11042 
3 10808 10924 10925 
3 11042 11041 11160 
3 10924 11041 11042 
3 10807 10924 10808 
3 9211 9334 9212 
3 9334 9335 9212 
3 9090 9211 9212 
3 8974 9090 9212 
3 8973 9090 8974 
3 9091 8974 9212 
3 8975 8974 9091 
3 8860 8974 8975 
3 9212 9213 9091 
3 8859 8974 8860 
3 14778 15002 14892 
3 15002 15003 14892 
3 14777 15002 14778 
3 15002 15115 15003 
3 15115 15116 15003 
3 14984 15095 14876 
3 15095 15096 14876 
3 14985 14876 15096 
3 14877 14876 14985 
3 14760 14876 14877 
3 1212 1332 1213 
3 1332 1449 1213 
3 1449 1450 1213 
3 1333 1213 1450 
3 1214 1213 1333 
3 1098 1213 1214 
3 1450 1451 1333 
3 1097 1213 1098 
3 13933 13932 14047 
3 13818 13932 13933 
3 14046 14167 14047 
3 14167 14168 14047 
3 13932 14046 14047 
3 13817 13932 13818 
3 13927 13926 14039 
3 13810 13926 13927 
3 14038 14158 14039 
3 14158 14159 14039 
3 13926 14038 14039 
3 13809 13926 13810 
3 13625 13624 13737 
3 13511 13624 13625 
3 13736 13858 13737 
3 13858 13859 13737 
3 13624 13736 13737 
3 13510 13624 13511 
3 10861 10860 10977 
3 10742 10860 10861 
3 10976 11093 10977 
3 11093 11094 10977 
3 10860 10976 10977 
3 10741 10860 10742 
3 13577 13576 13691 
3 13458 13576 13577 
3 13691 13807 13577 
3 13807 13808 13577 
3 13457 13576 13458 
3 10685 10802 10686 
3 10802 10803 10686 
3 10570 10685 10686 
3 10456 10570 10686 
3 13689 13804 13690 
3 13804 13805 13690 
3 13575 13689 13690 
3 13454 13575 13455 
3 13596 13708 13597 
3 13708 13827 13597 
3 13479 13596 13597 
3 13597 13827 13709 
3 13827 13828 13709 
3 13478 13596 13479 
3 13827 13943 13828 
3 13943 13944 13828 
3 14523 14522 14636 
3 14408 14522 14523 
3 14635 14752 14636 
3 14752 14753 14636 
3 14522 14635 14636 
3 14407 14522 14408 
3 14766 14882 14767 
3 14882 14991 14767 
3 14991 14992 14767 
3 14992 14993 14767 
3 14768 14767 14993 
3 14423 14538 14424 
3 14538 14539 14424 
3 14651 14652 14538 
3 14539 14538 14652 
3 14652 14651 14767 
3 14651 14766 14767 
3 14881 14880 14989 
3 14765 14880 14881 
3 14989 14988 15101 
3 14880 14988 14989 
3 14764 14880 14765 
3 15080 14970 15195 
3 14860 14970 15080 
3 15194 15195 14970 
3 15195 15196 15080 
3 4360 4359 4485 
3 4485 4610 4360 
3 4610 4611 4360 
3 1509 1510 1390 
3 1271 1390 1510 
3 1270 1390 1271 
3 1272 1271 1510 
3 8677 8910 8795 
3 8910 8911 8795 
3 8910 9028 8911 
3 9028 9029 8911 
3 2202 2201 2320 
3 2076 2201 2202 
3 2437 2319 2552 
3 2320 2319 2437 
3 2201 2319 2320 
3 2075 2201 2076 
3 484 483 600 
3 364 483 484 
3 600 719 484 
3 719 720 484 
3 363 483 364 
3 9106 9229 9107 
3 9229 9230 9107 
3 8990 9106 9107 
3 8875 8990 9107 
3 8874 8990 8875 
3 8876 8875 9107 
3 10436 10553 10437 
3 10553 10554 10437 
3 10316 10436 10437 
3 10197 10316 10437 
3 10196 10316 10197 
3 10317 10197 10437 
3 10667 10781 10668 
3 10781 10782 10668 
3 10552 10667 10668 
3 10435 10552 10668 
3 10434 10552 10435 
3 10436 10435 10668 
3 10437 10438 10317 
3 10198 10197 10317 
3 9963 10197 10079 
3 10197 10198 10079 
3 9962 10197 9963 
3 7689 7566 7808 
3 7567 7566 7689 
3 7448 7566 7567 
3 7807 7808 7566 
3 7808 7809 7689 
3 7447 7566 7448 
3 10932 10817 11050 
3 10818 10817 10932 
3 11049 11050 10817 
3 11050 11051 10932 
3 10674 10673 10790 
3 10560 10673 10674 
3 10790 10673 10907 
3 10559 10673 10560 
3 2552 2553 2437 
3 2552 2672 2553 
3 2672 2673 2553 
3 9363 9362 9479 
3 9241 9362 9363 
3 9478 9599 9479 
3 9599 9600 9479 
3 9362 9478 9479 
3 9240 9362 9241 
3 8501 8500 8622 
3 8379 8500 8501 
3 8622 8621 8745 
3 8500 8621 8622 
3 8378 8500 8379 
3 8998 8997 9115 
3 8882 8997 8998 
3 9114 9239 9115 
3 9239 9240 9115 
3 8997 9114 9115 
3 14132 14257 14133 
3 14257 14258 14133 
3 14013 14132 14133 
3 14014 14013 14133 
3 8746 8745 8863 
3 8622 8745 8746 
3 8862 8977 8863 
3 8977 8978 8863 
3 8745 8862 8863 
3 11362 11361 11487 
3 11240 11361 11362 
3 11486 11607 11487 
3 11607 11608 11487 
3 11361 11486 11487 
3 11239 11361 11240 
3 4885 5131 5009 
3 5131 5132 5009 
3 4884 5131 4885 
3 5131 5256 5132 
3 5256 5257 5132 
3 7369 7368 7490 
3 7243 7368 7369 
3 7489 7610 7490 
3 7610 7611 7490 
3 7368 7489 7490 
3 7242 7368 7243 
3 876 875 995 
3 754 875 876 
3 1115 1116 995 
3 753 875 754 
3 4242 4241 4367 
3 4116 4241 4242 
3 4366 4491 4367 
3 4491 4492 4367 
3 4241 4366 4367 
3 4115 4241 4116 
3 982 981 1102 
3 860 981 982 
3 1101 1217 1102 
3 1217 1218 1102 
3 981 1101 1102 
3 859 981 860 
3 14399 14514 14515 
3 14398 14514 14399 
3 14512 14511 14626 
3 14395 14511 14512 
3 14625 14739 14626 
3 14739 14740 14626 
3 14511 14625 14626 
3 14394 14511 14395 
3 2530 2529 2648 
3 2414 2529 2530 
3 2648 2647 2766 
3 2529 2647 2648 
3 2413 2529 2414 
3 2620 2619 2739 
3 2503 2619 2620 
3 2738 2857 2739 
3 2857 2858 2739 
3 2619 2738 2739 
3 2502 2619 2503 
3 3167 3166 3292 
3 3045 3166 3167 
3 3291 3417 3292 
3 3417 3418 3292 
3 3166 3291 3292 
3 3044 3166 3045 
3 14613 14612 14728 
3 14498 14612 14613 
3 14727 14842 14728 
3 14842 14843 14728 
3 14612 14727 14728 
3 14497 14612 14498 
3 13950 13949 14063 
3 13834 13949 13950 
3 14062 14185 14063 
3 14185 14186 14063 
3 13949 14062 14063 
3 13833 13949 13834 
3 1537 1536 1662 
3 1417 1536 1537 
3 1661 1786 1662 
3 1786 1787 1662 
3 1536 1661 1662 
3 13902 13901 14014 
3 13785 13901 13902 
3 13901 14013 14014 
3 13784 13901 13785 
3 13614 13613 13727 
3 13499 13613 13614 
3 13726 13846 13727 
3 13846 13847 13727 
3 13613 13726 13727 
3 13498 13613 13499 
3 13491 13490 13606 
3 13369 13490 13491 
3 13605 13718 13606 
3 13718 13719 13606 
3 13490 13605 13606 
3 13368 13490 13369 
3 13317 13316 13438 
3 13197 13316 13317 
3 13438 13559 13317 
3 13559 13560 13317 
3 13561 13560 13675 
3 13439 13560 13561 
3 13674 13789 13675 
3 13789 13790 13675 
3 13560 13674 13675 
3 13075 13074 13197 
3 12950 13074 13075 
3 13196 13316 13197 
3 13074 13196 13197 
3 12949 13074 12950 
3 13394 13393 13517 
3 13272 13393 13394 
3 13516 13630 13517 
3 13630 13631 13517 
3 13393 13516 13517 
3 13271 13393 13272 
3 1432 1431 1551 
3 1316 1431 1432 
3 1550 1675 1551 
3 1675 1676 1551 
3 1431 1550 1551 
3 1315 1431 1316 
3 1411 1410 1531 
3 1294 1410 1411 
3 1531 1655 1411 
3 1655 1656 1411 
3 1293 1410 1294 
3 1510 1509 1632 
3 1631 1756 1632 
3 1756 1757 1632 
3 1509 1631 1632 
3 1411 1656 1532 
3 1656 1657 1532 
3 1380 1500 1381 
3 1500 1622 1381 
3 1381 1622 1501 
3 1622 1623 1501 
3 1392 1513 1393 
3 1513 1636 1393 
3 1393 1636 1514 
3 1636 1637 1514 
3 1367 1487 1368 
3 1487 1608 1368 
3 1368 1608 1488 
3 1608 1609 1488 
3 1338 1459 1339 
3 1459 1579 1339 
3 1339 1579 1460 
3 1579 1580 1460 
3 1215 1334 1216 
3 1334 1453 1216 
3 1453 1454 1216 
3 1217 1216 1454 
3 1006 1128 1007 
3 1128 1245 1007 
3 1007 1245 1129 
3 1245 1246 1129 
3 988 1109 989 
3 1109 1224 989 
3 989 1224 1110 
3 1224 1225 1110 
3 1012 1133 1013 
3 1133 1251 1013 
3 1013 1251 1134 
3 1251 1252 1134 
3 1454 1455 1217 
3 1218 1217 1455 
3 1259 1378 1260 
3 1378 1498 1260 
3 1260 1498 1379 
3 1498 1499 1379 
3 12697 12816 12698 
3 12816 12937 12698 
3 12937 12938 12698 
3 12699 12698 12938 
3 1093 1210 1094 
3 1210 1330 1094 
3 1094 1330 1211 
3 1330 1331 1211 
3 1089 1208 1090 
3 1208 1327 1090 
3 1327 1328 1090 
3 1091 1090 1328 
3 1328 1444 1209 
3 1329 1209 1444 
3 1444 1445 1329 
3 1510 1511 1272 
3 1273 1272 1511 
3 1091 1328 1209 
3 1273 1511 1391 
3 1511 1512 1391 
3 1218 1455 1335 
3 1455 1456 1335 
3 1105 1221 1106 
3 1221 1338 1106 
3 1338 1339 1106 
3 1107 1106 1339 
3 869 990 870 
3 990 1111 870 
3 870 1111 991 
3 1111 1112 991 
3 878 997 879 
3 997 1119 879 
3 879 1119 998 
3 1119 1120 998 
3 1107 1339 1222 
3 1339 1340 1222 
3 1147 1266 1148 
3 1266 1385 1148 
3 1148 1385 1267 
3 1385 1386 1267 
3 1150 1268 1151 
3 1268 1388 1151 
3 1151 1388 1269 
3 1388 1389 1269 
3 484 720 601 
3 720 721 601 
3 501 618 502 
3 618 739 502 
3 502 739 619 
3 739 740 619 
3 1416 1536 1417 
3 1692 1818 1693 
3 1818 1941 1693 
3 1693 1941 1819 
3 1941 1942 1819 
3 1582 1707 1583 
3 1707 1833 1583 
3 1583 1833 1708 
3 1833 1834 1708 
3 864 986 865 
3 986 1107 865 
3 865 1107 987 
3 1107 1108 987 
3 740 863 741 
3 863 985 741 
3 741 985 864 
3 985 986 864 
3 765 886 766 
3 886 1005 766 
3 766 1005 887 
3 1005 1006 887 
3 447 565 448 
3 565 682 448 
3 448 682 566 
3 682 683 566 
3 145 144 263 
3 27 144 145 
3 28 27 145 
3 263 262 382 
3 144 262 263 
3 709 835 710 
3 835 955 710 
3 710 955 836 
3 955 956 836 
3 960 1081 839 
3 961 839 1081 
3 840 962 717 
3 841 717 962 
3 962 963 841 
3 714 838 715 
3 838 960 715 
3 715 960 839 
3 598 716 599 
3 716 840 599 
3 599 840 717 
3 778 898 779 
3 898 1018 779 
3 779 1018 899 
3 1018 1019 899 
3 711 836 712 
3 836 957 712 
3 712 957 837 
3 957 958 837 
3 382 383 263 
3 45 163 46 
3 163 280 46 
3 46 280 164 
3 280 281 164 
3 10 244 128 
3 244 245 128 
3 125 242 126 
3 242 361 126 
3 7 126 8 
3 126 127 8 
3 146 264 147 
3 264 385 147 
3 147 385 265 
3 385 386 265 
3 197 433 314 
3 433 434 314 
3 218 219 101 
3 102 101 219 
3 50 167 51 
3 167 168 51 
3 53 171 54 
3 171 172 54 
3 66 184 67 
3 184 302 67 
3 67 302 185 
3 302 303 185 
3 77 194 78 
3 194 312 78 
3 78 312 195 
3 312 313 195 
3 49 166 50 
3 166 284 50 
3 50 284 167 
3 284 285 167 
3 308 428 309 
3 428 546 309 
3 309 546 429 
3 546 547 429 
3 358 478 359 
3 478 596 359 
3 359 596 479 
3 596 597 479 
3 377 496 378 
3 496 613 378 
3 378 613 497 
3 613 614 497 
3 632 755 517 
3 633 517 755 
3 755 756 633 
3 416 535 417 
3 535 649 417 
3 417 649 536 
3 649 650 536 
3 161 278 162 
3 278 400 162 
3 279 162 400 
3 398 516 399 
3 516 632 399 
3 399 632 517 
3 400 518 279 
3 279 518 401 
3 518 519 401 
3 281 402 282 
3 402 521 282 
3 282 521 403 
3 521 522 403 
3 523 638 524 
3 638 762 524 
3 762 763 524 
3 525 524 763 
3 284 404 285 
3 404 524 285 
3 285 524 405 
3 524 525 405 
3 168 286 169 
3 286 406 169 
3 169 406 287 
3 406 407 287 
3 207 323 208 
3 323 444 208 
3 208 444 324 
3 444 445 324 
3 120 119 237 
3 2 119 120 
3 236 354 237 
3 354 355 237 
3 119 236 237 
3 219 220 102 
3 114 233 115 
3 233 349 115 
3 115 349 234 
3 349 350 234 
3 105 224 106 
3 224 225 106 
3 1 119 2 
3 116 234 117 
3 234 351 117 
3 1037 1157 1038 
3 1157 1275 1038 
3 1038 1275 1158 
3 1275 1276 1158 
3 525 763 639 
3 763 764 639 
3 528 641 529 
3 641 767 529 
3 529 767 642 
3 767 768 642 
3 1538 1663 1539 
3 1663 1789 1539 
3 1539 1789 1664 
3 1789 1790 1664 
3 3516 3641 3517 
3 3641 3762 3517 
3 3517 3762 3642 
3 3762 3763 3642 
3 3540 3664 3541 
3 3664 3785 3541 
3 3541 3785 3665 
3 3785 3786 3665 
3 3546 3669 3547 
3 3669 3792 3547 
3 3792 3793 3547 
3 3548 3547 3793 
3 3542 3666 3543 
3 3666 3788 3543 
3 3543 3788 3667 
3 3788 3789 3667 
3 3548 3793 3670 
3 3793 3794 3670 
3 3637 3758 3638 
3 3758 3884 3638 
3 3638 3884 3759 
3 3884 3885 3759 
3 3381 3506 3382 
3 3506 3631 3382 
3 3382 3631 3507 
3 3631 3632 3507 
3 3274 3400 3275 
3 3400 3525 3275 
3 3275 3525 3401 
3 3525 3526 3401 
3 3369 3496 3370 
3 3496 3621 3370 
3 3370 3621 3497 
3 3621 3622 3497 
3 3134 3260 3135 
3 3260 3386 3135 
3 3135 3386 3261 
3 3386 3387 3261 
3 3605 3725 3606 
3 3725 3850 3606 
3 3606 3850 3726 
3 3850 3851 3726 
3 3014 3131 3015 
3 3131 3257 3015 
3 3015 3257 3132 
3 3257 3258 3132 
3 3082 3206 3083 
3 3206 3331 3083 
3 3083 3331 3207 
3 3331 3332 3207 
3 2910 3032 2911 
3 3032 3152 2911 
3 2911 3152 3033 
3 3152 3153 3033 
3 2918 3039 2919 
3 3039 3160 2919 
3 2919 3160 3040 
3 3160 3161 3040 
3 2928 3169 3047 
3 3169 3170 3047 
3 3003 3244 3120 
3 3244 3245 3120 
3 3416 3541 3417 
3 3541 3665 3417 
3 3417 3665 3542 
3 3665 3666 3542 
3 354 475 355 
3 475 592 355 
3 355 592 476 
3 592 593 476 
3 2110 2234 2111 
3 2234 2351 2111 
3 2111 2351 2235 
3 2351 2352 2235 
3 2106 2231 2107 
3 2231 2347 2107 
3 2107 2347 2232 
3 2347 2348 2232 
3 2328 2446 2329 
3 2446 2564 2329 
3 2329 2564 2447 
3 2564 2565 2447 
3 2270 2387 2271 
3 2387 2504 2271 
3 2271 2504 2388 
3 2504 2505 2388 
3 2173 2411 2294 
3 2411 2412 2294 
3 2202 2320 2203 
3 2320 2438 2203 
3 2203 2438 2321 
3 2438 2439 2321 
3 2206 2323 2207 
3 2323 2441 2207 
3 2207 2441 2324 
3 2441 2442 2324 
3 2214 2330 2215 
3 2330 2448 2215 
3 2169 2291 2170 
3 2291 2407 2170 
3 2170 2407 2292 
3 2407 2408 2292 
3 1820 1943 1821 
3 1943 2067 1821 
3 1821 2067 1944 
3 2067 2068 1944 
3 2318 2436 2319 
3 2436 2552 2319 
3 2527 2646 2528 
3 2646 2764 2528 
3 2528 2764 2647 
3 2764 2765 2647 
3 2537 2655 2538 
3 2655 2773 2538 
3 2538 2773 2656 
3 2773 2774 2656 
3 2633 2752 2634 
3 2752 2871 2634 
3 2634 2871 2753 
3 2871 2872 2753 
3 2766 2887 2648 
3 2648 2887 2767 
3 2887 2888 2767 
3 2677 2795 2678 
3 2795 2916 2678 
3 2678 2916 2796 
3 2916 2917 2796 
3 2653 2771 2654 
3 2771 2893 2654 
3 2654 2893 2772 
3 2893 2894 2772 
3 2788 2909 2789 
3 2909 3031 2789 
3 2789 3031 2910 
3 3031 3032 2910 
3 2562 2682 2563 
3 2682 2799 2563 
3 2563 2799 2683 
3 2799 2800 2683 
3 2680 2797 2681 
3 2797 2919 2681 
3 2681 2919 2798 
3 2919 2920 2798 
3 2642 2760 2643 
3 2760 2880 2643 
3 2643 2880 2761 
3 2880 2881 2761 
3 2582 2701 2465 
3 2583 2465 2701 
3 2701 2702 2583 
3 2432 2549 2433 
3 2549 2667 2433 
3 2433 2667 2550 
3 2667 2668 2550 
3 2434 2550 2435 
3 2550 2669 2435 
3 2435 2669 2551 
3 2669 2670 2551 
3 2452 2569 2453 
3 2569 2689 2453 
3 2453 2689 2570 
3 2689 2690 2570 
3 2342 2461 2343 
3 2461 2578 2343 
3 2343 2578 2462 
3 2578 2579 2462 
3 2346 2464 2347 
3 2464 2582 2347 
3 2347 2582 2465 
3 2630 2631 2514 
3 2405 2522 2406 
3 2522 2640 2406 
3 2406 2640 2523 
3 2640 2641 2523 
3 2290 2406 2291 
3 2406 2523 2291 
3 2291 2523 2407 
3 1290 1408 1291 
3 1408 1529 1291 
3 1291 1529 1409 
3 1529 1530 1409 
3 12699 12938 12817 
3 12938 12939 12817 
3 12889 13012 12890 
3 13012 13134 12890 
3 12890 13134 13013 
3 13134 13135 13013 
3 12825 12948 12826 
3 12948 13073 12826 
3 12826 13073 12949 
3 13073 13074 12949 
3 12584 12814 12696 
3 12814 12815 12696 
3 12517 12640 12518 
3 12640 12752 12518 
3 12641 12518 12752 
3 12526 12647 12527 
3 12647 12760 12527 
3 12536 12654 12537 
3 12654 12769 12537 
3 12537 12769 12655 
3 12769 12770 12655 
3 12543 12659 12544 
3 12659 12775 12544 
3 12544 12775 12660 
3 12752 12868 12641 
3 12641 12868 12753 
3 12868 12869 12753 
3 12550 12664 12551 
3 12664 12780 12551 
3 12551 12780 12665 
3 12780 12781 12665 
3 12515 12639 12516 
3 12639 12750 12516 
3 12516 12750 12640 
3 12750 12751 12640 
3 12568 12681 12569 
3 12681 12798 12569 
3 12569 12798 12682 
3 12798 12799 12682 
3 12894 13017 12774 
3 13062 13185 13063 
3 13185 13305 13063 
3 13063 13305 13186 
3 13305 13306 13186 
3 13117 13238 13118 
3 13238 13360 13118 
3 13118 13360 13239 
3 13360 13361 13239 
3 12982 13105 12983 
3 13105 13226 12983 
3 12983 13226 13106 
3 13226 13227 13106 
3 13083 13205 13084 
3 13205 13325 13084 
3 13084 13325 13206 
3 13325 13326 13206 
3 12979 13103 12980 
3 13103 13224 12980 
3 13104 12980 13224 
3 13085 13206 13086 
3 13206 13327 13086 
3 13086 13327 13207 
3 13327 13328 13207 
3 12996 13119 12997 
3 13119 13240 12997 
3 13240 13241 12997 
3 12998 12997 13241 
3 13224 13346 13104 
3 13104 13346 13225 
3 13346 13347 13225 
3 12998 13241 13120 
3 13241 13242 13120 
3 13317 13560 13439 
3 13354 13475 13355 
3 13475 13593 13355 
3 13355 13593 13476 
3 13593 13594 13476 
3 13190 13310 13191 
3 13310 13432 13191 
3 13191 13432 13311 
3 13432 13433 13311 
3 13233 13355 13234 
3 13355 13476 13234 
3 13234 13476 13356 
3 13476 13477 13356 
3 12540 12657 12541 
3 12657 12772 12541 
3 12541 12772 12658 
3 12772 12773 12658 
3 12656 12771 12657 
3 12771 12891 12657 
3 12657 12891 12772 
3 12891 12892 12772 
3 11735 11853 11736 
3 11853 11967 11736 
3 11736 11967 11854 
3 11967 11968 11854 
3 11674 11793 11675 
3 11793 11909 11675 
3 11675 11909 11794 
3 11646 11881 11764 
3 11881 11882 11764 
3 11691 11810 11692 
3 11810 11926 11692 
3 11692 11926 11811 
3 11757 11874 11758 
3 11874 11988 11758 
3 11758 11988 11875 
3 11988 11989 11875 
3 12321 12437 12322 
3 12437 12551 12322 
3 12322 12551 12438 
3 12551 12552 12438 
3 12362 12474 12246 
3 12246 12474 12363 
3 12014 12247 12130 
3 12247 12248 12130 
3 12071 12187 12072 
3 12187 12303 12072 
3 12072 12303 12188 
3 12303 12304 12188 
3 12031 12146 12032 
3 12146 12264 12032 
3 12032 12264 12147 
3 12264 12265 12147 
3 12275 12391 12276 
3 12391 12502 12276 
3 12276 12502 12392 
3 12502 12503 12392 
3 12365 12476 12366 
3 12476 12598 12366 
3 12366 12598 12477 
3 12598 12599 12477 
3 12388 12499 12389 
3 12499 12623 12389 
3 12389 12623 12500 
3 12623 12624 12500 
3 12324 12439 12325 
3 12439 12554 12325 
3 12325 12554 12440 
3 12554 12555 12440 
3 12330 12444 12331 
3 12444 12561 12331 
3 12331 12561 12445 
3 12561 12562 12445 
3 12296 12411 12297 
3 12411 12523 12297 
3 12297 12523 12412 
3 12523 12524 12412 
3 12185 12301 12186 
3 12301 12418 12186 
3 12186 12418 12302 
3 12191 12306 12192 
3 12306 12423 12192 
3 12192 12423 12307 
3 12423 12424 12307 
3 12093 12211 12094 
3 12211 12326 12094 
3 12094 12326 12212 
3 12326 12327 12212 
3 12112 12229 12113 
3 12229 12346 12113 
3 12113 12346 12230 
3 12346 12347 12230 
3 12328 12442 12213 
3 12213 12442 12329 
3 12442 12443 12329 
3 13145 13266 13146 
3 13266 13388 13146 
3 13146 13388 13267 
3 13388 13389 13267 
3 11973 11972 12091 
3 11859 11972 11973 
3 11858 11972 11859 
3 12091 12090 12208 
3 11972 12090 12091 
3 11883 11997 11884 
3 11997 12115 11884 
3 11884 12115 11998 
3 12115 12116 11998 
3 12208 12209 12091 
3 11838 11952 11839 
3 11952 12068 11839 
3 11839 12068 11953 
3 12068 12069 11953 
3 11778 11895 11779 
3 11895 12009 11779 
3 11779 12009 11896 
3 12009 12010 11896 
3 11781 11897 11782 
3 11897 12012 11782 
3 11782 12012 11898 
3 12012 12013 11898 
3 12003 12121 12004 
3 12121 12239 12004 
3 12004 12239 12122 
3 12239 12240 12122 
3 12006 12123 12007 
3 12123 12242 12007 
3 12007 12242 12124 
3 12242 12243 12124 
3 12007 12124 11894 
3 11894 12124 12008 
3 12124 12125 12008 
3 11845 11958 11846 
3 11958 12074 11846 
3 11846 12074 11959 
3 12074 12075 11959 
3 11956 12072 11957 
3 12072 12188 11957 
3 11957 12188 12073 
3 12188 12189 12073 
3 11960 12077 11961 
3 12077 12194 11961 
3 11961 12194 12078 
3 12194 12195 12078 
3 11812 12043 11927 
3 12043 12044 11927 
3 11931 12048 11932 
3 12048 12164 11932 
3 11932 12164 12049 
3 12164 12165 12049 
3 11877 11991 11878 
3 11991 12108 11878 
3 11995 12113 11996 
3 12113 12230 11996 
3 11996 12230 12114 
3 12230 12231 12114 
3 14190 14314 14191 
3 14314 14435 14191 
3 14435 14436 14191 
3 14192 14191 14436 
3 14267 14391 14268 
3 14391 14507 14268 
3 14268 14507 14392 
3 14507 14508 14392 
3 14311 14433 14312 
3 14433 14546 14312 
3 14312 14546 14434 
3 14546 14547 14434 
3 14316 14438 14317 
3 14438 14552 14317 
3 14317 14552 14439 
3 14552 14553 14439 
3 14318 14439 14319 
3 14439 14554 14319 
3 14319 14554 14440 
3 14554 14555 14440 
3 14293 14416 14294 
3 14416 14531 14294 
3 14294 14531 14417 
3 14531 14532 14417 
3 14192 14436 14315 
3 14436 14437 14315 
3 14003 14122 14004 
3 14122 14247 14004 
3 14004 14247 14123 
3 14247 14248 14123 
3 13672 13787 13673 
3 13787 13904 13673 
3 13673 13904 13788 
3 13904 13905 13788 
3 13593 13707 13594 
3 13707 13824 13594 
3 13824 13825 13594 
3 13595 13594 13825 
3 14151 14276 14152 
3 14276 14399 14152 
3 14152 14399 14277 
3 14399 14400 14277 
3 14131 14256 14132 
3 14256 14380 14132 
3 14132 14380 14257 
3 14380 14381 14257 
3 14153 14277 14154 
3 14277 14401 14154 
3 14154 14401 14278 
3 14401 14402 14278 
3 14035 14155 14036 
3 14155 14279 14036 
3 14036 14279 14156 
3 14279 14280 14156 
3 13893 14006 13894 
3 14006 14125 13894 
3 13894 14125 14007 
3 14125 14126 14007 
3 13940 14054 13941 
3 14054 14176 13941 
3 13941 14176 14055 
3 14176 14177 14055 
3 13915 14027 13916 
3 14027 14147 13916 
3 13916 14147 14028 
3 14147 14148 14028 
3 13929 14043 13814 
3 13930 13814 14043 
3 14043 14044 13930 
3 13595 13825 13708 
3 13825 13826 13708 
3 13538 13651 13539 
3 13651 13766 13539 
3 13539 13766 13652 
3 13766 13767 13652 
3 13688 13803 13689 
3 13803 13921 13689 
3 13689 13921 13804 
3 13921 13922 13804 
3 13577 13808 13692 
3 13808 13809 13692 
3 14476 14475 14592 
3 14357 14475 14476 
3 14591 14703 14592 
3 14703 14704 14592 
3 14475 14591 14592 
3 13805 13923 13806 
3 13923 14035 13806 
3 13806 14035 13924 
3 14035 14036 13924 
3 13765 13884 13766 
3 13884 13997 13766 
3 13811 13927 13812 
3 13927 14040 13812 
3 13812 14040 13928 
3 14040 14041 13928 
3 13695 13813 13696 
3 13813 13929 13696 
3 13696 13929 13814 
3 13760 13880 13761 
3 13880 13992 13761 
3 13761 13992 13881 
3 13992 13993 13881 
3 13432 13554 13433 
3 13554 13667 13433 
3 13433 13667 13555 
3 13667 13668 13555 
3 13435 13556 13436 
3 13556 13670 13436 
3 13436 13670 13557 
3 13670 13671 13557 
3 13488 13604 13489 
3 13604 13716 13489 
3 13489 13716 13605 
3 13716 13717 13605 
3 13519 13633 13520 
3 13633 13746 13520 
3 13520 13746 13634 
3 13746 13747 13634 
3 13528 13642 13529 
3 13642 13756 13529 
3 13622 13735 13623 
3 13735 13856 13623 
3 13623 13856 13736 
3 13856 13857 13736 
3 3171 3296 3172 
3 3296 3423 3172 
3 3172 3423 3297 
3 3423 3424 3297 
3 12907 13032 12908 
3 13032 13155 12908 
3 12908 13155 13033 
3 13155 13156 13033 
3 798 917 799 
3 917 1037 799 
3 799 1037 918 
3 1037 1038 918 
3 14070 14193 14071 
3 14193 14316 14071 
3 14071 14316 14194 
3 14316 14317 14194 
3 4621 4746 4622 
3 4746 4870 4622 
3 4622 4870 4747 
3 4870 4871 4747 
3 3869 3993 3870 
3 3993 4117 3870 
3 3870 4117 3994 
3 4117 4118 3994 
3 3875 3998 3876 
3 3998 4123 3876 
3 3876 4123 3999 
3 4123 4124 3999 
3 3768 3894 3769 
3 3894 4016 3769 
3 3769 4016 3895 
3 4016 4017 3895 
3 3892 4014 3893 
3 4014 4140 3893 
3 3893 4140 4015 
3 4140 4141 4015 
3 3862 3988 3863 
3 3988 4110 3863 
3 4110 4111 3863 
3 3864 3863 4111 
3 4486 4360 4611 
3 4611 4612 4486 
3 3864 4111 3989 
3 4111 4112 3989 
3 4097 4225 4098 
3 4225 4350 4098 
3 4098 4350 4226 
3 4350 4351 4226 
3 4490 4617 4491 
3 4617 4742 4491 
3 4491 4742 4618 
3 4742 4743 4618 
3 3950 4072 3951 
3 4072 4200 3951 
3 3951 4200 4073 
3 4200 4201 4073 
3 4361 4486 4362 
3 4486 4613 4362 
3 4362 4613 4487 
3 4613 4614 4487 
3 4133 4258 4134 
3 4258 4384 4134 
3 4134 4384 4259 
3 4384 4385 4259 
3 5637 5761 5638 
3 5761 5882 5638 
3 5638 5882 5762 
3 5882 5883 5762 
3 5716 5838 5717 
3 5838 5962 5717 
3 5717 5962 5839 
3 5962 5963 5839 
3 5672 5794 5673 
3 5794 5917 5673 
3 5673 5917 5795 
3 5917 5918 5795 
3 5470 5597 5471 
3 5597 5719 5471 
3 5471 5719 5598 
3 5719 5720 5598 
3 5669 5792 5670 
3 5792 5914 5670 
3 5670 5914 5793 
3 5914 5915 5793 
3 5477 5603 5478 
3 5603 5725 5478 
3 5478 5725 5604 
3 5725 5726 5604 
3 5459 5587 5460 
3 5587 5708 5460 
3 5460 5708 5588 
3 5708 5709 5588 
3 5492 5614 5493 
3 5614 5738 5493 
3 5493 5738 5615 
3 5738 5739 5615 
3 5561 5682 5562 
3 5682 5804 5562 
3 5562 5804 5683 
3 5804 5805 5683 
3 5601 5723 5602 
3 5723 5845 5602 
3 5602 5845 5724 
3 5845 5846 5724 
3 5606 5729 5607 
3 5729 5850 5607 
3 5607 5850 5730 
3 5850 5851 5730 
3 5484 5607 5485 
3 5607 5730 5485 
3 5485 5730 5608 
3 5730 5731 5608 
3 5217 5342 5218 
3 5342 5469 5218 
3 5218 5469 5343 
3 5469 5470 5343 
3 4765 4890 4766 
3 4890 5014 4766 
3 4766 5014 4891 
3 5014 5015 4891 
3 5129 5254 5130 
3 5254 5380 5130 
3 5130 5380 5255 
3 5380 5381 5255 
3 4881 5007 4882 
3 5007 5129 4882 
3 4882 5129 5008 
3 5129 5130 5008 
3 4991 5114 4992 
3 5114 5239 4992 
3 4992 5239 5115 
3 5239 5240 5115 
3 4883 5008 4884 
3 5008 5131 4884 
3 5355 5483 5231 
3 5231 5483 5356 
3 5483 5484 5356 
3 4735 4859 4736 
3 4859 4985 4736 
3 4736 4985 4860 
3 4985 4986 4860 
3 2739 2858 2740 
3 2858 2982 2740 
3 2740 2982 2859 
3 2982 2983 2859 
3 6566 6688 6567 
3 6688 6814 6567 
3 6567 6814 6689 
3 6814 6815 6689 
3 6560 6682 6561 
3 6682 6807 6561 
3 6561 6807 6683 
3 6807 6808 6683 
3 6178 6305 6179 
3 6305 6428 6179 
3 6179 6428 6306 
3 6428 6429 6306 
3 6183 6309 6184 
3 6309 6433 6184 
3 6184 6433 6310 
3 6433 6434 6310 
3 6197 6321 6198 
3 6321 6447 6198 
3 6198 6447 6322 
3 6447 6448 6322 
3 6189 6314 6190 
3 6314 6439 6190 
3 6190 6439 6315 
3 6439 6440 6315 
3 6345 6472 6346 
3 6472 6595 6346 
3 6346 6595 6473 
3 6595 6596 6473 
3 6135 6262 6136 
3 6262 6384 6136 
3 6136 6384 6263 
3 6384 6385 6263 
3 6482 6605 6483 
3 6605 6726 6483 
3 6483 6726 6606 
3 6726 6727 6606 
3 6486 6608 6487 
3 6608 6730 6487 
3 6487 6730 6609 
3 6730 6731 6609 
3 6390 6515 6391 
3 6515 6637 6391 
3 6391 6637 6516 
3 6637 6638 6516 
3 6442 6565 6443 
3 6565 6687 6443 
3 6443 6687 6566 
3 6687 6688 6566 
3 5987 6111 5988 
3 6111 6238 5988 
3 5988 6238 6112 
3 6238 6239 6112 
3 6469 6591 6343 
3 6470 6343 6591 
3 6591 6592 6470 
3 5857 6104 5981 
3 6104 6105 5981 
3 5960 6081 5961 
3 6081 6206 5961 
3 5961 6206 6082 
3 6206 6207 6082 
3 5910 6033 5911 
3 6033 6157 5911 
3 5911 6157 6034 
3 6157 6158 6034 
3 5967 6087 5968 
3 6087 6213 5968 
3 5968 6213 6088 
3 6213 6214 6088 
3 6219 6342 6220 
3 6342 6469 6220 
3 6220 6469 6343 
3 6221 6343 6222 
3 6343 6470 6222 
3 6222 6470 6344 
3 6470 6471 6344 
3 6830 6957 6831 
3 6957 7081 6831 
3 6831 7081 6958 
3 7081 7082 6958 
3 6715 6843 6716 
3 6843 6969 6716 
3 6716 6969 6844 
3 6969 6970 6844 
3 7672 7794 7673 
3 7794 7911 7673 
3 7911 7912 7673 
3 7674 7673 7912 
3 6931 7056 6932 
3 7056 7181 6932 
3 7181 7182 6932 
3 6933 6932 7182 
3 6838 6964 6839 
3 6964 7089 6839 
3 6839 7089 6965 
3 7089 7090 6965 
3 7662 7786 7663 
3 7786 7902 7663 
3 7663 7902 7787 
3 7902 7903 7787 
3 6910 7036 6911 
3 7036 7161 6911 
3 6911 7161 7037 
3 7161 7162 7037 
3 6933 7182 7057 
3 7182 7183 7057 
3 6975 7100 6976 
3 7100 7226 6976 
3 6976 7226 7101 
3 7226 7227 7101 
3 7040 7165 7041 
3 7165 7292 7041 
3 7041 7292 7166 
3 7292 7293 7166 
3 7092 7218 7093 
3 7218 7345 7093 
3 7093 7345 7219 
3 7345 7346 7219 
3 7169 7296 7170 
3 7296 7421 7170 
3 7170 7421 7297 
3 7421 7422 7297 
3 8157 8279 8158 
3 8279 8403 8158 
3 8158 8403 8280 
3 8403 8404 8280 
3 8149 8271 8150 
3 8271 8394 8150 
3 8150 8394 8272 
3 8394 8395 8272 
3 7681 7800 7682 
3 7800 7920 7682 
3 7682 7920 7801 
3 7920 7921 7801 
3 7674 7912 7795 
3 7912 7913 7795 
3 7667 7790 7668 
3 7790 7907 7668 
3 7668 7907 7791 
3 7907 7908 7791 
3 7441 7561 7442 
3 7561 7684 7442 
3 7442 7684 7562 
3 7684 7685 7562 
3 7310 7435 7311 
3 7435 7555 7311 
3 7311 7555 7436 
3 7555 7556 7436 
3 7339 7461 7340 
3 7461 7581 7340 
3 7340 7581 7462 
3 7581 7582 7462 
3 7334 7457 7335 
3 7457 7576 7335 
3 7335 7576 7458 
3 7576 7577 7458 
3 7331 7455 7332 
3 7455 7573 7332 
3 7332 7573 7456 
3 7573 7574 7456 
3 7454 7572 7455 
3 7572 7695 7455 
3 7455 7695 7573 
3 7695 7696 7573 
3 7233 7360 7234 
3 7360 7481 7234 
3 7234 7481 7361 
3 7481 7482 7361 
3 7348 7469 7349 
3 7469 7589 7349 
3 7349 7589 7470 
3 7589 7590 7470 
3 7372 7493 7373 
3 7493 7615 7373 
3 7373 7615 7494 
3 7615 7616 7494 
3 7376 7496 7377 
3 7496 7619 7377 
3 7497 7377 7619 
3 7466 7586 7467 
3 7586 7710 7467 
3 7467 7710 7587 
3 7710 7711 7587 
3 7619 7742 7497 
3 7497 7742 7620 
3 7742 7743 7620 
3 7565 7688 7566 
3 7688 7807 7566 
3 7538 7661 7539 
3 7661 7785 7539 
3 7539 7785 7662 
3 7785 7786 7662 
3 7677 7797 7678 
3 7797 7916 7678 
3 7678 7916 7798 
3 7916 7917 7798 
3 7601 7724 7602 
3 7724 7844 7602 
3 7602 7844 7725 
3 7844 7845 7725 
3 7741 7861 7742 
3 7861 7982 7742 
3 7742 7982 7862 
3 7982 7983 7862 
3 7744 7863 7745 
3 7863 7985 7745 
3 7745 7985 7864 
3 7985 7986 7864 
3 8130 8253 8131 
3 8253 8375 8131 
3 8131 8375 8254 
3 8375 8376 8254 
3 7587 7711 7588 
3 7711 7831 7588 
3 7712 7588 7831 
3 8172 8293 8173 
3 8293 8419 8173 
3 8173 8419 8294 
3 8419 8420 8294 
3 7831 7951 7712 
3 7712 7951 7832 
3 7951 7952 7832 
3 8159 8280 8160 
3 8280 8405 8160 
3 8160 8405 8281 
3 8405 8406 8281 
3 7756 7874 7757 
3 7874 7997 7757 
3 7757 7997 7875 
3 7997 7998 7875 
3 8143 8144 7898 
3 7899 7898 8144 
3 8023 7899 8144 
3 8144 8145 8023 
3 8114 8237 8115 
3 8237 8358 8115 
3 8115 8358 8238 
3 8358 8359 8238 
3 8022 8143 7898 
3 7777 7894 7778 
3 7894 8018 7778 
3 7778 8018 7895 
3 8018 8019 7895 
3 7781 7897 7782 
3 7897 8022 7782 
3 7782 8022 7898 
3 7791 7908 7792 
3 7908 8032 7792 
3 7792 8032 7909 
3 8032 8033 7909 
3 7819 7939 7820 
3 7939 8064 7820 
3 7820 8064 7940 
3 8064 8065 7940 
3 8032 8154 8033 
3 8154 8276 8033 
3 8033 8276 8155 
3 8276 8277 8155 
3 7997 8118 7998 
3 8118 8241 7998 
3 7998 8241 8119 
3 8241 8242 8119 
3 8046 8167 8047 
3 8167 8288 8047 
3 8047 8288 8168 
3 8288 8289 8168 
3 8186 8187 7941 
3 7942 7941 8187 
3 8192 8193 7947 
3 7948 7947 8193 
3 7942 8187 8066 
3 8187 8188 8066 
3 7946 8069 7947 
3 8069 8192 7947 
3 8925 9043 8926 
3 9043 9163 8926 
3 8926 9163 9044 
3 9163 9164 9044 
3 8855 8971 8856 
3 8971 9088 8856 
3 8856 9088 8972 
3 9088 9089 8972 
3 8177 8297 8178 
3 8297 8424 8178 
3 8178 8424 8298 
3 8424 8425 8298 
3 8935 9052 8936 
3 9052 9173 8936 
3 8936 9173 9053 
3 9173 9174 9053 
3 8466 8588 8467 
3 8588 8709 8467 
3 8467 8709 8589 
3 8709 8710 8589 
3 8310 8436 8311 
3 8436 8557 8311 
3 8311 8557 8437 
3 8557 8558 8437 
3 8351 8475 8352 
3 8475 8596 8352 
3 8352 8596 8476 
3 8596 8597 8476 
3 8328 8452 8329 
3 8452 8574 8329 
3 8329 8574 8453 
3 8574 8575 8453 
3 8366 8489 8367 
3 8489 8610 8367 
3 8367 8610 8490 
3 8610 8611 8490 
3 8469 8590 8470 
3 8590 8712 8470 
3 8470 8712 8591 
3 8712 8713 8591 
3 8477 8598 8478 
3 8598 8721 8478 
3 8478 8721 8599 
3 8721 8722 8599 
3 8403 8524 8404 
3 8524 8646 8404 
3 8404 8646 8525 
3 8646 8647 8525 
3 8560 8680 8561 
3 8680 8798 8561 
3 8561 8798 8681 
3 8798 8799 8681 
3 8534 8656 8535 
3 8656 8777 8535 
3 8535 8777 8657 
3 8662 8782 8663 
3 8782 8897 8663 
3 8783 8663 8897 
3 8765 8880 8766 
3 8880 8995 8766 
3 8766 8995 8881 
3 8995 8996 8881 
3 8750 8867 8751 
3 8867 8983 8751 
3 8751 8983 8868 
3 8983 8984 8868 
3 8767 8881 8768 
3 8881 8997 8768 
3 8768 8997 8882 
3 8897 9015 8783 
3 8783 9015 8898 
3 8673 8792 8674 
3 8792 8908 8674 
3 8793 8674 8908 
3 8653 8775 8654 
3 8775 8890 8654 
3 8776 8654 8890 
3 8648 8771 8649 
3 8771 8885 8649 
3 8649 8885 8772 
3 8885 8886 8772 
3 8890 9005 8776 
3 8908 9025 8793 
3 8793 9025 8909 
3 9025 9026 8909 
3 8953 9070 8954 
3 9070 9191 8954 
3 8954 9191 9071 
3 9191 9192 9071 
3 8886 9001 8887 
3 9001 9119 8887 
3 8887 9119 9002 
3 9119 9120 9002 
3 9108 9232 8991 
3 8991 9232 9109 
3 9232 9233 9109 
3 8677 8676 8794 
3 8556 8676 8677 
3 8794 8910 8677 
3 9601 9723 9602 
3 9723 9841 9602 
3 9602 9841 9724 
3 9841 9842 9724 
3 9611 9734 9612 
3 9734 9852 9612 
3 9612 9852 9735 
3 9852 9853 9735 
3 9581 9703 9582 
3 9703 9822 9582 
3 9582 9822 9704 
3 9822 9823 9704 
3 9264 9622 9385 
3 9622 9623 9385 
3 9288 9408 9289 
3 9408 9525 9289 
3 9289 9525 9409 
3 9525 9526 9409 
3 9290 9409 9291 
3 9409 9527 9291 
3 9291 9527 9410 
3 9527 9528 9410 
3 9319 9437 9320 
3 9437 9556 9320 
3 9320 9556 9438 
3 9556 9557 9438 
3 9322 9439 9323 
3 9439 9559 9323 
3 9323 9559 9440 
3 9559 9560 9440 
3 11429 11553 11430 
3 11553 11675 11430 
3 11430 11675 11554 
3 11675 11676 11554 
3 11160 11282 11042 
3 11042 11282 11161 
3 11282 11283 11161 
3 9058 9179 9059 
3 9179 9302 9059 
3 9059 9302 9180 
3 9302 9303 9180 
3 9131 9256 9132 
3 9256 9377 9132 
3 9132 9377 9257 
3 9377 9378 9257 
3 9359 9476 9360 
3 9476 9596 9360 
3 9360 9596 9477 
3 9596 9597 9477 
3 9435 9554 9436 
3 9554 9678 9436 
3 9436 9678 9555 
3 9214 9337 9215 
3 9337 9454 9215 
3 9215 9454 9338 
3 9454 9455 9338 
3 9270 9390 9271 
3 9390 9506 9271 
3 9271 9506 9391 
3 9506 9507 9391 
3 9150 9273 9151 
3 9273 9393 9151 
3 9151 9393 9274 
3 9393 9394 9274 
3 9246 9367 9247 
3 9367 9484 9247 
3 9247 9484 9368 
3 9484 9485 9368 
3 9385 9623 9502 
3 9623 9624 9502 
3 9387 9503 9388 
3 9503 9626 9388 
3 9388 9626 9504 
3 9626 9627 9504 
3 9556 9798 9679 
3 9798 9799 9679 
3 11186 11307 11187 
3 11307 11432 11187 
3 11187 11432 11308 
3 11432 11433 11308 
3 11150 11272 11151 
3 11272 11396 11151 
3 11311 11312 11190 
3 10953 11190 11070 
3 11190 11191 11070 
3 9690 9809 9691 
3 9809 9926 9691 
3 9691 9926 9810 
3 9926 9927 9810 
3 9866 9986 9750 
3 9867 9750 9986 
3 9986 9987 9867 
3 10700 10820 10701 
3 10820 10936 10701 
3 10701 10936 10821 
3 10936 10937 10821 
3 10705 10824 10706 
3 10824 10941 10706 
3 10706 10941 10825 
3 10941 10942 10825 
3 10578 10693 10579 
3 10693 10812 10579 
3 10579 10812 10694 
3 10812 10813 10694 
3 10599 10714 10600 
3 10714 10833 10600 
3 10600 10833 10715 
3 10833 10834 10715 
3 10743 10861 10744 
3 10861 10978 10744 
3 10744 10978 10862 
3 10978 10979 10862 
3 10801 10918 10802 
3 10918 11035 10802 
3 10802 11035 10919 
3 11035 11036 10919 
3 11024 11144 11025 
3 11144 11266 11025 
3 11025 11266 11145 
3 11266 11267 11145 
3 9961 10078 9962 
3 10078 10197 9962 
3 10068 10306 10186 
3 10306 10307 10186 
3 9954 10072 9955 
3 10072 10190 9955 
3 9955 10190 10073 
3 10190 10191 10073 
3 9976 10092 9977 
3 10092 10212 9977 
3 9977 10212 10093 
3 10212 10213 10093 
3 10002 10118 10003 
3 10118 10237 10003 
3 10003 10237 10119 
3 10237 10238 10119 
3 10005 10120 10006 
3 10120 10240 10006 
3 10006 10240 10121 
3 10240 10241 10121 
3 9901 10021 9902 
3 10021 10136 9902 
3 10136 10137 9902 
3 9903 9902 10137 
3 5480 5727 5481 
3 5605 5481 5727 
3 5727 5728 5605 
3 9903 10137 10022 
3 10137 10138 10022 
3 9872 9992 9873 
3 9992 10109 9873 
3 9873 10109 9993 
3 10109 10110 9993 
3 10029 10146 9911 
3 10030 9911 10146 
3 10146 10147 10030 
3 9915 10033 9916 
3 10033 10151 9916 
3 9916 10151 10034 
3 10151 10152 10034 
3 9794 9910 9795 
3 9910 10029 9795 
3 9795 10029 9911 
3 5727 5480 6092 
3 9820 9937 9821 
3 9937 10056 9821 
3 9821 10056 9938 
3 10056 10057 9938 
3 6092 6093 5727 
3 9978 9979 9744 
3 9745 9744 9979 
3 9761 9877 9762 
3 9877 9997 9762 
3 9762 9997 9878 
3 9997 9998 9878 
3 9807 9924 9808 
3 9924 10042 9808 
3 9808 10042 9925 
3 10042 10043 9925 
3 11432 11555 11433 
3 11555 11678 11433 
3 11556 11433 11678 
3 11452 11574 11453 
3 11574 11696 11453 
3 11453 11696 11575 
3 11696 11697 11575 
3 11678 11797 11556 
3 11556 11797 11679 
3 11797 11798 11679 
3 11573 11695 11574 
3 11695 11814 11574 
3 11574 11814 11696 
3 11814 11815 11696 
3 11537 11658 11413 
3 11538 11413 11658 
3 11658 11659 11538 
3 11165 11287 11166 
3 11287 11412 11166 
3 11288 11166 11412 
3 11158 11280 11159 
3 11280 11404 11159 
3 11159 11404 11281 
3 11404 11405 11281 
3 11412 11537 11288 
3 11288 11537 11413 
3 11274 11398 11275 
3 11398 11524 11275 
3 11275 11524 11399 
3 11524 11525 11399 
3 9464 9584 9465 
3 9584 9706 9465 
3 9465 9706 9585 
3 9706 9707 9585 
3 9486 9729 9607 
3 9729 9730 9607 
3 9498 9619 9499 
3 9619 9741 9499 
3 9499 9741 9620 
3 9741 9742 9620 
3 9615 9737 9616 
3 9737 9856 9616 
3 9738 9616 9856 
3 9854 9972 9855 
3 9972 10088 9855 
3 9855 10088 9973 
3 10088 10089 9973 
3 9856 9974 9738 
3 9738 9974 9857 
3 9974 9975 9857 
3 9721 9839 9722 
3 9839 9957 9722 
3 9722 9957 9840 
3 9957 9958 9840 
3 9671 9791 9672 
3 9791 9907 9672 
3 9672 9907 9792 
3 9907 9908 9792 
3 9628 9749 9629 
3 9749 9866 9629 
3 9629 9866 9750 
3 9714 9833 9715 
3 9833 9950 9715 
3 9715 9950 9834 
3 9950 9951 9834 
3 9682 9802 9683 
3 9802 9919 9683 
3 9683 9919 9803 
3 9919 9920 9803 
3 9740 9858 9741 
3 9858 9976 9741 
3 9741 9976 9859 
3 9976 9977 9859 
3 9745 9979 9861 
3 9979 9980 9861 
3 9859 9977 9860 
3 9977 10093 9860 
3 10590 10704 10478 
3 10704 10705 10478 
3 10479 10478 10705 
3 10367 10489 10368 
3 10489 10601 10368 
3 10368 10601 10490 
3 10601 10602 10490 
3 10354 10477 10355 
3 10477 10590 10355 
3 10355 10590 10478 
3 10455 10570 10456 
3 10457 10456 10686 
3 10470 10583 10471 
3 10583 10697 10471 
3 10471 10697 10584 
3 10392 10510 10393 
3 10510 10626 10393 
3 10393 10626 10511 
3 10626 10627 10511 
3 10479 10705 10591 
3 10705 10706 10591 
3 10457 10686 10571 
3 10686 10687 10571 
3 10564 10679 10449 
3 10565 10449 10679 
3 10679 10680 10565 
3 10445 10561 10446 
3 10561 10675 10446 
3 10446 10675 10562 
3 10675 10676 10562 
3 10326 10448 10327 
3 10448 10564 10327 
3 10327 10564 10449 
3 10313 10312 10432 
3 10192 10312 10313 
3 10431 10549 10432 
3 10549 10550 10432 
3 10312 10431 10432 
3 10115 10234 10116 
3 10234 10352 10116 
3 10116 10352 10235 
3 10352 10353 10235 
3 10131 10251 10132 
3 10251 10370 10132 
3 10132 10370 10252 
3 10370 10371 10252 
3 10191 10312 10192 
3 10193 10314 10194 
3 10314 10434 10194 
3 10194 10434 10315 
3 10434 10435 10315 
3 10202 10322 10203 
3 10322 10444 10203 
3 10203 10444 10323 
3 10444 10445 10323 
3 10081 10200 10082 
3 10200 10320 10082 
3 10082 10320 10201 
3 10320 10321 10201 
3 10550 10666 10551 
3 10666 10779 10551 
3 10551 10779 10667 
3 10779 10780 10667 
3 10884 11001 10885 
3 11001 11119 10885 
3 11119 11120 10885 
3 10886 10885 11120 
3 10809 10925 10810 
3 10925 11043 10810 
3 10810 11043 10926 
3 10816 10931 10817 
3 10931 11049 10817 
3 10886 11120 11002 
3 11120 11121 11002 
3 11025 11145 10908 
3 11026 10908 11145 
3 11145 11146 11026 
3 10786 10905 10787 
3 10905 11021 10787 
3 10787 11021 10906 
3 10907 11025 10790 
3 10790 11025 10908 
3 10668 10783 10553 
3 10669 10553 10783 
3 10783 10784 10669 
3 10436 10668 10553 
3 10558 10789 10673 
3 6577 6698 6578 
3 6698 6826 6578 
3 6578 6826 6699 
3 6826 6827 6699 
3 12428 12541 12429 
3 12541 12658 12429 
3 12429 12658 12542 
3 1776 1900 1777 
3 1900 2022 1777 
3 1777 2022 1901 
3 2022 2023 1901 
3 9625 9747 9626 
3 9747 9863 9626 
3 9626 9863 9748 
3 9863 9864 9748 
3 13846 13961 13847 
3 13961 14076 13847 
3 13847 14076 13962 
3 14076 14077 13962 
3 13852 13966 13853 
3 13966 14082 13853 
3 14356 14475 14357 
3 13403 13526 13404 
3 13526 13640 13404 
3 13404 13640 13527 
3 13640 13641 13527 
3 3650 3771 3651 
3 3771 3897 3651 
3 3651 3897 3772 
3 3897 3898 3772 
3 11463 11584 11464 
3 11584 11707 11464 
3 11464 11707 11585 
3 11707 11708 11585 
3 7705 7825 7706 
3 7825 7945 7706 
3 7706 7945 7826 
3 7945 7946 7826 
3 14883 14768 14993 
3 14482 14598 14483 
3 14598 14713 14483 
3 14483 14713 14599 
3 14713 14714 14599 
3 14542 14655 14543 
3 14655 14771 14543 
3 14543 14771 14656 
3 14524 14637 14525 
3 14637 14755 14525 
3 14525 14755 14638 
3 14433 14658 14546 
3 14658 14659 14546 
3 14548 14776 14660 
3 14889 15000 14890 
3 15000 15113 14890 
3 14890 15113 15001 
3 15113 15114 15001 
3 14993 15105 14883 
3 14844 14959 14845 
3 14959 15068 14845 
3 15068 15069 14845 
3 14846 14845 15069 
3 14966 15076 14853 
3 14853 15076 14967 
3 14846 15069 14960 
3 15069 15070 14960 
3 14734 14733 14850 
3 14619 14733 14734 
3 14849 14963 14850 
3 14963 14964 14850 
3 14733 14849 14850 
3 14649 14765 14650 
3 14765 14881 14650 
3 14650 14881 14766 
3 14881 14882 14766 
3 14772 14886 14773 
3 14886 14997 14773 
3 14773 14997 14887 
3 14997 14998 14887 
3 14679 14796 14680 
3 14796 14909 14680 
3 14680 14909 14797 
3 14909 14910 14797 
3 15046 15160 15047 
3 15160 15274 15047 
3 15047 15274 15161 
3 15274 15275 15161 
3 15050 15163 15051 
3 15163 15278 15051 
3 15051 15278 15164 
3 15278 15279 15164 
3 14961 15071 14962 
3 15071 15184 14962 
3 14962 15184 15072 
3 15184 15185 15072 
3 15070 15183 15071 
3 15183 15299 15071 
3 15071 15299 15184 
3 15299 15300 15184 
3 15190 15191 15077 
3 14859 14970 14860 
3 14861 14860 15080 
3 14856 15077 14968 
3 15077 15078 14968 
3 14891 15002 14777 
3 14618 14733 14619 
3 14642 14759 14643 
3 14759 14876 14643 
3 14643 14876 14760 
3 14758 14875 14759 
3 14875 14984 14759 
3 14759 14984 14876 
3 15096 15097 14985 
3 15193 15311 15194 
3 15311 15312 15194 
3 15296 15297 15181 
3 14892 15003 14893 
3 15003 15117 14893 
3 14893 15117 15004 
3 15117 15118 15004 
3 15209 15326 15210 
3 15326 15327 15210 
3 14969 15079 14970 
3 15079 15194 14970 
3 15101 15219 14989 
3 14989 15219 15102 
3 15219 15220 15102 
3 15004 15118 15005 
3 15118 15233 15005 
3 15005 15233 15119 
3 15233 15234 15119 
3 15123 15237 15124 
3 15237 15357 15124 
3 15124 15357 15238 
3 15357 15358 15238 
3 15106 15223 15107 
3 15223 15339 15107 
3 15107 15339 15224 
3 15339 15340 15224 
3 15336 15337 15221 
3 15222 15338 15223 
3 15338 15339 15223 
3 15228 15343 15229 
3 15343 15344 15229 
3 4 122 5 
3 122 123 5 
3 7820 7940 7821 
3 7818 7939 7819 
3 7938 7939 7818 
3 7817 7938 7818 
3 7937 7938 7817 
3 7816 7937 7817 
3 7936 7937 7816 
3 7815 7936 7816 
3 7935 7936 7815 
3 7814 7935 7815 
3 7934 7935 7814 
3 7813 7934 7814 
3 7933 7934 7813 
3 7812 7933 7813 
3 7932 7933 7812 
3 7811 7932 7812 
3 7931 7932 7811 
3 7810 7931 7811 
3 7930 7931 7810 
3 7809 7930 7810 
3 7929 7930 7809 
3 7808 7929 7809 
3 7928 7929 7808 
3 7807 7928 7808 
3 7927 7928 7807 
3 7806 7927 7807 
3 7926 7927 7806 
3 7805 7926 7806 
3 7925 7926 7805 
3 7804 7925 7805 
3 7924 7925 7804 
3 7803 7924 7804 
3 7923 7924 7803 
3 7802 7923 7803 
3 7922 7923 7802 
3 7801 7922 7802 
3 7921 7922 7801 
3 7919 7920 7800 
3 7799 7919 7800 
3 7918 7919 7799 
3 7798 7918 7799 
3 7917 7918 7798 
3 7915 7916 7797 
3 7796 7915 7797 
3 7914 7915 7796 
3 7795 7914 7796 
3 7913 7914 7795 
3 7910 7911 7794 
3 7793 7910 7794 
3 7909 7910 7793 
3 7792 7909 7793 
3 7906 7907 7790 
3 7789 7906 7790 
3 7905 7906 7789 
3 7788 7905 7789 
3 7904 7905 7788 
3 7787 7904 7788 
3 7903 7904 7787 
3 7901 7902 7786 
3 7785 7901 7786 
3 7900 7901 7785 
3 7784 7900 7785 
3 7899 7900 7784 
3 7783 7899 7784 
3 7898 7899 7783 
3 7782 7898 7783 
3 7780 7897 7781 
3 7896 7897 7780 
3 7779 7896 7780 
3 7895 7896 7779 
3 7778 7895 7779 
3 7776 7894 7777 
3 7893 7894 7776 
3 7775 7893 7776 
3 7892 7893 7775 
3 7774 7892 7775 
3 7891 7892 7774 
3 7773 7891 7774 
3 7890 7891 7773 
3 7772 7890 7773 
3 7889 7890 7772 
3 7771 7889 7772 
3 7888 7889 7771 
3 7770 7888 7771 
3 7887 7888 7770 
3 7769 7887 7770 
3 7886 7887 7769 
3 7768 7886 7769 
3 7885 7886 7768 
3 7767 7885 7768 
3 7884 7885 7767 
3 7766 7884 7767 
3 7883 7884 7766 
3 7765 7883 7766 
3 7882 7883 7765 
3 7764 7882 7765 
3 7881 7882 7764 
3 7763 7881 7764 
3 7880 7881 7763 
3 7762 7880 7763 
3 7879 7880 7762 
3 7761 7879 7762 
3 7878 7879 7761 
3 7760 7878 7761 
3 7877 7878 7760 
3 7759 7877 7760 
3 7876 7877 7759 
3 7758 7876 7759 
3 7875 7876 7758 
3 7757 7875 7758 
3 7755 7874 7756 
3 7873 7874 7755 
3 7754 7873 7755 
3 7872 7873 7754 
3 7753 7872 7754 
3 7871 7872 7753 
3 7752 7871 7753 
3 7870 7871 7752 
3 7751 7870 7752 
3 7869 7870 7751 
3 7750 7869 7751 
3 7868 7869 7750 
3 7749 7868 7750 
3 7867 7868 7749 
3 7748 7867 7749 
3 7866 7867 7748 
3 7747 7866 7748 
3 7865 7866 7747 
3 7746 7865 7747 
3 7864 7865 7746 
3 7745 7864 7746 
3 7743 7863 7744 
3 7862 7863 7743 
3 7742 7862 7743 
3 7740 7861 7741 
3 7860 7861 7740 
3 7739 7860 7740 
3 7859 7860 7739 
3 7738 7859 7739 
3 7858 7859 7738 
3 7737 7858 7738 
3 7857 7858 7737 
3 7736 7857 7737 
3 7856 7857 7736 
3 7735 7856 7736 
3 7855 7856 7735 
3 7734 7855 7735 
3 7854 7855 7734 
3 7733 7854 7734 
3 7853 7854 7733 
3 7732 7853 7733 
3 7852 7853 7732 
3 7731 7852 7732 
3 7851 7852 7731 
3 7730 7851 7731 
3 7850 7851 7730 
3 7729 7850 7730 
3 7849 7850 7729 
3 7728 7849 7729 
3 7848 7849 7728 
3 7727 7848 7728 
3 7847 7848 7727 
3 7726 7847 7727 
3 7846 7847 7726 
3 7725 7846 7726 
3 7845 7846 7725 
3 7843 7844 7724 
3 7723 7843 7724 
3 7842 7843 7723 
3 7722 7842 7723 
3 7841 7842 7722 
3 7721 7841 7722 
3 7840 7841 7721 
3 7720 7840 7721 
3 7839 7840 7720 
3 7719 7839 7720 
3 7838 7839 7719 
3 7718 7838 7719 
3 7837 7838 7718 
3 7717 7837 7718 
3 7836 7837 7717 
3 7716 7836 7717 
3 7835 7836 7716 
3 7715 7835 7716 
3 7834 7835 7715 
3 7714 7834 7715 
3 7833 7834 7714 
3 7713 7833 7714 
3 7832 7833 7713 
3 7712 7832 7713 
3 7830 7831 7711 
3 7710 7830 7711 
3 7829 7830 7710 
3 7709 7829 7710 
3 7828 7829 7709 
3 7708 7828 7709 
3 7827 7828 7708 
3 7707 7827 7708 
3 7826 7827 7707 
3 7706 7826 7707 
3 7704 7825 7705 
3 7824 7825 7704 
3 7703 7824 7704 
3 7823 7824 7703 
3 7702 7823 7703 
3 7822 7823 7702 
3 11641 11761 11642 
3 11760 11761 11641 
3 11640 11760 11641 
3 11759 11760 11640 
3 11639 11759 11640 
3 11637 11758 11638 
3 11757 11758 11637 
3 11636 11757 11637 
3 11756 11757 11636 
3 11635 11756 11636 
3 11755 11756 11635 
3 11634 11755 11635 
3 11754 11755 11634 
3 11633 11754 11634 
3 11753 11754 11633 
3 11632 11753 11633 
3 11752 11753 11632 
3 11631 11752 11632 
3 11751 11752 11631 
3 11630 11751 11631 
3 11750 11751 11630 
3 11629 11750 11630 
3 11749 11750 11629 
3 11628 11749 11629 
3 11748 11749 11628 
3 11627 11748 11628 
3 11747 11748 11627 
3 11626 11747 11627 
3 11746 11747 11626 
3 11625 11746 11626 
3 11623 11745 11624 
3 11744 11745 11623 
3 11622 11744 11623 
3 11743 11744 11622 
3 11621 11743 11622 
3 11742 11743 11621 
3 11620 11742 11621 
3 11741 11742 11620 
3 11619 11741 11620 
3 11617 11740 11618 
3 11739 11740 11617 
3 11616 11739 11617 
3 11738 11739 11616 
3 11615 11738 11616 
3 11737 11738 11615 
3 11614 11737 11615 
3 11736 11737 11614 
3 11613 11736 11614 
3 11735 11736 11613 
3 11612 11735 11613 
3 11734 11735 11612 
3 11611 11734 11612 
3 11733 11734 11611 
3 11610 11733 11611 
3 11732 11733 11610 
3 11609 11732 11610 
3 11731 11732 11609 
3 11608 11731 11609 
3 11730 11731 11608 
3 11607 11730 11608 
3 11729 11730 11607 
3 11606 11729 11607 
3 11604 11728 11605 
3 11727 11728 11604 
3 11603 11727 11604 
3 11726 11727 11603 
3 11602 11726 11603 
3 11725 11726 11602 
3 11601 11725 11602 
3 11724 11725 11601 
3 11600 11724 11601 
3 11723 11724 11600 
3 11599 11723 11600 
3 11722 11723 11599 
3 11598 11722 11599 
3 11721 11722 11598 
3 11597 11721 11598 
3 11720 11721 11597 
3 11596 11720 11597 
3 11719 11720 11596 
3 11595 11719 11596 
3 11718 11719 11595 
3 11594 11718 11595 
3 11717 11718 11594 
3 11593 11717 11594 
3 11716 11717 11593 
3 11592 11716 11593 
3 11715 11716 11592 
3 11591 11715 11592 
3 11714 11715 11591 
3 11590 11714 11591 
3 11713 11714 11590 
3 11589 11713 11590 
3 11712 11713 11589 
3 11588 11712 11589 
3 11711 11712 11588 
3 11587 11711 11588 
3 11710 11711 11587 
3 11586 11710 11587 
3 11709 11710 11586 
3 11585 11709 11586 
3 11708 11709 11585 
3 11706 11707 11584 
3 11583 11706 11584 
3 11705 11706 11583 
3 11582 11705 11583 
3 11704 11705 11582 
3 11581 11704 11582 
3 11703 11704 11581 
3 11580 11703 11581 
3 11702 11703 11580 
3 11579 11702 11580 
3 11701 11702 11579 
3 11578 11701 11579 
3 11700 11701 11578 
3 11577 11700 11578 
3 11699 11700 11577 
3 11576 11699 11577 
3 11698 11699 11576 
3 11575 11698 11576 
3 11697 11698 11575 
3 11572 11695 11573 
3 11694 11695 11572 
3 11571 11694 11572 
3 11693 11694 11571 
3 11570 11693 11571 
3 11692 11693 11570 
3 11569 11692 11570 
3 11691 11692 11569 
3 11568 11691 11569 
3 11690 11691 11568 
3 11567 11690 11568 
3 11689 11690 11567 
3 11566 11689 11567 
3 11688 11689 11566 
3 11565 11688 11566 
3 11687 11688 11565 
3 11564 11687 11565 
3 11686 11687 11564 
3 11563 11686 11564 
3 11685 11686 11563 
3 11562 11685 11563 
3 11684 11685 11562 
3 11561 11684 11562 
3 11683 11684 11561 
3 11560 11683 11561 
3 11682 11683 11560 
3 11559 11682 11560 
3 11681 11682 11559 
3 11558 11681 11559 
3 11680 11681 11558 
3 11557 11680 11558 
3 11679 11680 11557 
3 11556 11679 11557 
3 11677 11678 11555 
3 11554 11677 11555 
3 11676 11677 11554 
3 11674 11675 11553 
3 11552 11674 11553 
3 11673 11674 11552 
3 11551 11673 11552 
3 11672 11673 11551 
3 11550 11672 11551 
3 11671 11672 11550 
3 11549 11671 11550 
3 11670 11671 11549 
3 11548 11670 11549 
3 11669 11670 11548 
3 11547 11669 11548 
3 11668 11669 11547 
3 11546 11668 11547 
3 11667 11668 11546 
3 11545 11667 11546 
3 11666 11667 11545 
3 11544 11666 11545 
3 11665 11666 11544 
3 11543 11665 11544 
3 11664 11665 11543 
3 11542 11664 11543 
3 11663 11664 11542 
3 11541 11663 11542 
3 11662 11663 11541 
3 11540 11662 11541 
3 11661 11662 11540 
3 11539 11661 11540 
3 11660 11661 11539 
3 11538 11660 11539 
3 11659 11660 11538 
3 11657 11658 11537 
3 11536 11657 11537 
3 11656 11657 11536 
3 11535 11656 11536 
3 11655 11656 11535 
3 11534 11655 11535 
3 11654 11655 11534 
3 11533 11654 11534 
3 11531 11653 11532 
3 11652 11653 11531 
3 11530 11652 11531 
3 11651 11652 11530 
3 11529 11651 11530 
3 11650 11651 11529 
3 11527 11649 11528 
3 11648 11649 11527 
3 11526 11648 11527 
3 11647 11648 11526 
3 11525 11647 11526 
3 11646 11647 11525 
3 11524 11646 11525 
3 11645 11646 11524 
3 11523 11645 11524 
3 11644 11645 11523 
3 11522 11644 11523 
3 11643 11644 11522 
3 13527 13642 13528 
3 13641 13642 13527 
3 13639 13640 13526 
3 13525 13639 13526 
3 13638 13639 13525 
3 13524 13638 13525 
3 13637 13638 13524 
3 13523 13637 13524 
3 13636 13637 13523 
3 13522 13636 13523 
3 13635 13636 13522 
3 13521 13635 13522 
3 13634 13635 13521 
3 13520 13634 13521 
3 13518 13633 13519 
3 13632 13633 13518 
3 13517 13632 13518 
3 13631 13632 13517 
3 13629 13630 13516 
3 13515 13629 13516 
3 13628 13629 13515 
3 13514 13628 13515 
3 13627 13628 13514 
3 13513 13627 13514 
3 13626 13627 13513 
3 13512 13626 13513 
3 13625 13626 13512 
3 13511 13625 13512 
3 13509 13624 13510 
3 13623 13624 13509 
3 13508 13623 13509 
3 13622 13623 13508 
3 13507 13622 13508 
3 13621 13622 13507 
3 13506 13621 13507 
3 13620 13621 13506 
3 13505 13620 13506 
3 13619 13620 13505 
3 13504 13619 13505 
3 13618 13619 13504 
3 13503 13618 13504 
3 13617 13618 13503 
3 13502 13617 13503 
3 13616 13617 13502 
3 13501 13616 13502 
3 13615 13616 13501 
3 13500 13615 13501 
3 13614 13615 13500 
3 13499 13614 13500 
3 13497 13613 13498 
3 13612 13613 13497 
3 13496 13612 13497 
3 13611 13612 13496 
3 13495 13611 13496 
3 13610 13611 13495 
3 13494 13610 13495 
3 13609 13610 13494 
3 13493 13609 13494 
3 13608 13609 13493 
3 13492 13608 13493 
3 13607 13608 13492 
3 13491 13607 13492 
3 13606 13607 13491 
3 13489 13605 13490 
3 13487 13604 13488 
3 13603 13604 13487 
3 13486 13603 13487 
3 13602 13603 13486 
3 13485 13602 13486 
3 13601 13602 13485 
3 13484 13601 13485 
3 13482 13600 13483 
3 13599 13600 13482 
3 13481 13599 13482 
3 13598 13599 13481 
3 13480 13598 13481 
3 13597 13598 13480 
3 13479 13597 13480 
3 13477 13596 13478 
3 13595 13596 13477 
3 13476 13595 13477 
3 13594 13595 13476 
3 13592 13593 13475 
3 13474 13592 13475 
3 13591 13592 13474 
3 13473 13591 13474 
3 13590 13591 13473 
3 13472 13590 13473 
3 13589 13590 13472 
3 13471 13589 13472 
3 13588 13589 13471 
3 13470 13588 13471 
3 13587 13588 13470 
3 13469 13587 13470 
3 13586 13587 13469 
3 13468 13586 13469 
3 13585 13586 13468 
3 13467 13585 13468 
3 13584 13585 13467 
3 13466 13584 13467 
3 13583 13584 13466 
3 13465 13583 13466 
3 13582 13583 13465 
3 13464 13582 13465 
3 13581 13582 13464 
3 13463 13581 13464 
3 13580 13581 13463 
3 13462 13580 13463 
3 13579 13580 13462 
3 13461 13579 13462 
3 13578 13579 13461 
3 13460 13578 13461 
3 13458 13577 13459 
3 13456 13576 13457 
3 13453 13575 13454 
3 13574 13575 13453 
3 13452 13574 13453 
3 13573 13574 13452 
3 13451 13573 13452 
3 13572 13573 13451 
3 13450 13572 13451 
3 13571 13572 13450 
3 13449 13571 13450 
3 13570 13571 13449 
3 13448 13570 13449 
3 13569 13570 13448 
3 13447 13569 13448 
3 13568 13569 13447 
3 13446 13568 13447 
3 13567 13568 13446 
3 13445 13567 13446 
3 13566 13567 13445 
3 13444 13566 13445 
3 13565 13566 13444 
3 13443 13565 13444 
3 13564 13565 13443 
3 13442 13564 13443 
3 13563 13564 13442 
3 13441 13563 13442 
3 13562 13563 13441 
3 13440 13562 13441 
3 13561 13562 13440 
3 13439 13561 13440 
3 13558 13559 13438 
3 13437 13558 13438 
3 13557 13558 13437 
3 13436 13557 13437 
3 13434 13556 13435 
3 13555 13556 13434 
3 13433 13555 13434 
3 13431 13554 13432 
3 13553 13554 13431 
3 13430 13553 13431 
3 13552 13553 13430 
3 13429 13552 13430 
3 13551 13552 13429 
3 13428 13551 13429 
3 13550 13551 13428 
3 13427 13550 13428 
3 13549 13550 13427 
3 13426 13549 13427 
3 13548 13549 13426 
3 13425 13548 13426 
3 13547 13548 13425 
3 13424 13547 13425 
3 13546 13547 13424 
3 13423 13546 13424 
3 13545 13546 13423 
3 13422 13545 13423 
3 13544 13545 13422 
3 13421 13544 13422 
3 13543 13544 13421 
3 13420 13543 13421 
3 13542 13543 13420 
3 13419 13542 13420 
3 13541 13542 13419 
3 13418 13541 13419 
3 13540 13541 13418 
3 13417 13540 13418 
3 13539 13540 13417 
3 13416 13539 13417 
3 13538 13539 13416 
3 13415 13538 13416 
3 13537 13538 13415 
3 13414 13537 13415 
3 13536 13537 13414 
3 13413 13536 13414 
3 13535 13536 13413 
3 13412 13535 13413 
3 13534 13535 13412 
3 13411 13534 13412 
3 13533 13534 13411 
3 13410 13533 13411 
3 13532 13533 13410 
3 13409 13532 13410 
3 13531 13532 13409 
3 13408 13531 13409 
3 13530 13531 13408 
3 14470 14587 14471 
3 14586 14587 14470 
3 14469 14586 14470 
3 14585 14586 14469 
3 14468 14585 14469 
3 14584 14585 14468 
3 14467 14584 14468 
3 14583 14584 14467 
3 14466 14583 14467 
3 14582 14583 14466 
3 14465 14582 14466 
3 14581 14582 14465 
3 14464 14581 14465 
3 14580 14581 14464 
3 14463 14580 14464 
3 14579 14580 14463 
3 14462 14579 14463 
3 14578 14579 14462 
3 14461 14578 14462 
3 14577 14578 14461 
3 14460 14577 14461 
3 14576 14577 14460 
3 14459 14576 14460 
3 14575 14576 14459 
3 14458 14575 14459 
3 14574 14575 14458 
3 14457 14574 14458 
3 14573 14574 14457 
3 14456 14573 14457 
3 14572 14573 14456 
3 14570 14571 14455 
3 14454 14570 14455 
3 14569 14570 14454 
3 14453 14569 14454 
3 14568 14569 14453 
3 14452 14568 14453 
3 14567 14568 14452 
3 14451 14567 14452 
3 14566 14567 14451 
3 14450 14566 14451 
3 14565 14566 14450 
3 14449 14565 14450 
3 14564 14565 14449 
3 14448 14564 14449 
3 14563 14564 14448 
3 14447 14563 14448 
3 14562 14563 14447 
3 14446 14562 14447 
3 14561 14562 14446 
3 14445 14561 14446 
3 14560 14561 14445 
3 14444 14560 14445 
3 14559 14560 14444 
3 14443 14559 14444 
3 14558 14559 14443 
3 14442 14558 14443 
3 14557 14558 14442 
3 14441 14557 14442 
3 14556 14557 14441 
3 14440 14556 14441 
3 14555 14556 14440 
3 14553 14554 14439 
3 14551 14552 14438 
3 14437 14551 14438 
3 14435 14550 14436 
3 14549 14550 14435 
3 14547 14548 14434 
3 14430 14545 14431 
3 14544 14545 14430 
3 14429 14544 14430 
3 14543 14544 14429 
3 14428 14543 14429 
3 14542 14543 14428 
3 14427 14542 14428 
3 14541 14542 14427 
3 14426 14541 14427 
3 14540 14541 14426 
3 14425 14540 14426 
3 14539 14540 14425 
3 14424 14539 14425 
3 14422 14538 14423 
3 14537 14538 14422 
3 14421 14537 14422 
3 14536 14537 14421 
3 14420 14536 14421 
3 14535 14536 14420 
3 14419 14535 14420 
3 14534 14535 14419 
3 14418 14534 14419 
3 14533 14534 14418 
3 14417 14533 14418 
3 14532 14533 14417 
3 14530 14531 14416 
3 14415 14530 14416 
3 14529 14530 14415 
3 14414 14529 14415 
3 14526 14527 14412 
3 14411 14526 14412 
3 14525 14526 14411 
3 14410 14525 14411 
3 14524 14525 14410 
3 14409 14524 14410 
3 14523 14524 14409 
3 14408 14523 14409 
3 14406 14522 14407 
3 14521 14522 14406 
3 14405 14521 14406 
3 14520 14521 14405 
3 14404 14520 14405 
3 14519 14520 14404 
3 14403 14519 14404 
3 14518 14519 14403 
3 14402 14518 14403 
3 14517 14518 14402 
3 14401 14517 14402 
3 14516 14517 14401 
3 14400 14516 14401 
3 14515 14516 14400 
3 14399 14515 14400 
3 14397 14514 14398 
3 14513 14514 14397 
3 14396 14513 14397 
3 14512 14513 14396 
3 14395 14512 14396 
3 14393 14511 14394 
3 14510 14511 14393 
3 14508 14509 14392 
3 14389 14506 14390 
3 14505 14506 14389 
3 14388 14505 14389 
3 14504 14505 14388 
3 14387 14504 14388 
3 14503 14504 14387 
3 14386 14503 14387 
3 14502 14503 14386 
3 14385 14502 14386 
3 14501 14502 14385 
3 14384 14501 14385 
3 14500 14501 14384 
3 14383 14500 14384 
3 14499 14500 14383 
3 14382 14499 14383 
3 14498 14499 14382 
3 14381 14498 14382 
3 14497 14498 14381 
3 14380 14497 14381 
3 14496 14497 14380 
3 14379 14496 14380 
3 14495 14496 14379 
3 14378 14495 14379 
3 14494 14495 14378 
3 14377 14494 14378 
3 14493 14494 14377 
3 14376 14493 14377 
3 14492 14493 14376 
3 14375 14492 14376 
3 14491 14492 14375 
3 14374 14491 14375 
3 14490 14491 14374 
3 14373 14490 14374 
3 14489 14490 14373 
3 14372 14489 14373 
3 14488 14489 14372 
3 14371 14488 14372 
3 14487 14488 14371 
3 14370 14487 14371 
3 14486 14487 14370 
3 14369 14486 14370 
3 14485 14486 14369 
3 14368 14485 14369 
3 14484 14485 14368 
3 14367 14484 14368 
3 14483 14484 14367 
3 14366 14483 14367 
3 14482 14483 14366 
3 14365 14482 14366 
3 14363 14481 14364 
3 14361 14480 14362 
3 14479 14480 14361 
3 14360 14479 14361 
3 14478 14479 14360 
3 14359 14478 14360 
3 14477 14478 14359 
3 14358 14477 14359 
3 14476 14477 14358 
3 14357 14476 14358 
3 14355 14475 14356 
3 14474 14475 14355 
3 14354 14474 14355 
3 14473 14474 14354 
3 14353 14473 14354 
3 14472 14473 14353 
3 14926 15037 14927 
3 15036 15037 14926 
3 14925 15036 14926 
3 15035 15036 14925 
3 14924 15035 14925 
3 15034 15035 14924 
3 14923 15034 14924 
3 15033 15034 14923 
3 14922 15033 14923 
3 15032 15033 14922 
3 14921 15032 14922 
3 15031 15032 14921 
3 14920 15031 14921 
3 15030 15031 14920 
3 14919 15030 14920 
3 15029 15030 14919 
3 14918 15029 14919 
3 15028 15029 14918 
3 14917 15028 14918 
3 15027 15028 14917 
3 14916 15027 14917 
3 15026 15027 14916 
3 14915 15026 14916 
3 15025 15026 14915 
3 14914 15025 14915 
3 15024 15025 14914 
3 14913 15024 14914 
3 15023 15024 14913 
3 14912 15023 14913 
3 15022 15023 14912 
3 14911 15022 14912 
3 15021 15022 14911 
3 14910 15021 14911 
3 15020 15021 14910 
3 14909 15020 14910 
3 15019 15020 14909 
3 14907 15018 14908 
3 15017 15018 14907 
3 14906 15017 14907 
3 15016 15017 14906 
3 14905 15016 14906 
3 15015 15016 14905 
3 14904 15015 14905 
3 15014 15015 14904 
3 14903 15014 14904 
3 15013 15014 14903 
3 14902 15013 14903 
3 15012 15013 14902 
3 14901 15012 14902 
3 15011 15012 14901 
3 14900 15011 14901 
3 15010 15011 14900 
3 14899 15010 14900 
3 15009 15010 14899 
3 14898 15009 14899 
3 15008 15009 14898 
3 14897 15008 14898 
3 15007 15008 14897 
3 14896 15007 14897 
3 15006 15007 14896 
3 14895 15006 14896 
3 15005 15006 14895 
3 14894 15005 14895 
3 15004 15005 14894 
3 14893 15004 14894 
3 15001 15002 14891 
3 14890 15001 14891 
3 14888 15000 14889 
3 14999 15000 14888 
3 14887 14999 14888 
3 14998 14999 14887 
3 14996 14997 14886 
3 14885 14996 14886 
3 14995 14996 14885 
3 14990 14991 14882 
3 14881 14990 14882 
3 14989 14990 14881 
3 14879 14988 14880 
3 14987 14988 14879 
3 14878 14987 14879 
3 14986 14987 14878 
3 14877 14986 14878 
3 14985 14986 14877 
3 14983 14984 14875 
3 14874 14983 14875 
3 14982 14983 14874 
3 14873 14982 14874 
3 14981 14982 14873 
3 14872 14981 14873 
3 14980 14981 14872 
3 14871 14980 14872 
3 14979 14980 14871 
3 14870 14979 14871 
3 14978 14979 14870 
3 14869 14978 14870 
3 14977 14978 14869 
3 14868 14977 14869 
3 14976 14977 14868 
3 14867 14976 14868 
3 14975 14976 14867 
3 14866 14975 14867 
3 14974 14975 14866 
3 14865 14974 14866 
3 14973 14974 14865 
3 14864 14973 14865 
3 14972 14973 14864 
3 14863 14972 14864 
3 14971 14972 14863 
3 14862 14971 14863 
3 14858 14970 14859 
3 14969 14970 14858 
3 14857 14969 14858 
3 14968 14969 14857 
3 14856 14968 14857 
3 14853 14967 14854 
3 14850 14965 14851 
3 14964 14965 14850 
3 14962 14963 14849 
3 14848 14962 14849 
3 14961 14962 14848 
3 14847 14961 14848 
3 14960 14961 14847 
3 14846 14960 14847 
3 14843 14959 14844 
3 14958 14959 14843 
3 14842 14958 14843 
3 14957 14958 14842 
3 14841 14957 14842 
3 14956 14957 14841 
3 14840 14956 14841 
3 14955 14956 14840 
3 14953 14954 14839 
3 14838 14953 14839 
3 14952 14953 14838 
3 14837 14952 14838 
3 14951 14952 14837 
3 14836 14951 14837 
3 14950 14951 14836 
3 14835 14950 14836 
3 14949 14950 14835 
3 14834 14949 14835 
3 14948 14949 14834 
3 14833 14948 14834 
3 14947 14948 14833 
3 14832 14947 14833 
3 14946 14947 14832 
3 14831 14946 14832 
3 14945 14946 14831 
3 14830 14945 14831 
3 14944 14945 14830 
3 14942 14943 14829 
3 14828 14942 14829 
3 14941 14942 14828 
3 14827 14941 14828 
3 14940 14941 14827 
3 14826 14940 14827 
3 14939 14940 14826 
3 14825 14939 14826 
3 14938 14939 14825 
3 14824 14938 14825 
3 14937 14938 14824 
3 14823 14937 14824 
3 14936 14937 14823 
3 14822 14936 14823 
3 14935 14936 14822 
3 14821 14935 14822 
3 14934 14935 14821 
3 14820 14934 14821 
3 14933 14934 14820 
3 14819 14933 14820 
3 14932 14933 14819 
3 14818 14932 14819 
3 14931 14932 14818 
3 14817 14931 14818 
3 14930 14931 14817 
3 14816 14930 14817 
3 14929 14930 14816 
3 14815 14929 14816 
3 14928 14929 14815 
3 15150 15264 15151 
3 15263 15264 15150 
3 15149 15263 15150 
3 15262 15263 15149 
3 15148 15262 15149 
3 15261 15262 15148 
3 15147 15261 15148 
3 15260 15261 15147 
3 15146 15260 15147 
3 15259 15260 15146 
3 15145 15259 15146 
3 15258 15259 15145 
3 15144 15258 15145 
3 15257 15258 15144 
3 15143 15257 15144 
3 15256 15257 15143 
3 15142 15256 15143 
3 15255 15256 15142 
3 15141 15255 15142 
3 15254 15255 15141 
3 15140 15254 15141 
3 15253 15254 15140 
3 15139 15253 15140 
3 15252 15253 15139 
3 15138 15252 15139 
3 15251 15252 15138 
3 15137 15251 15138 
3 15250 15251 15137 
3 15136 15250 15137 
3 15249 15250 15136 
3 15135 15249 15136 
3 15248 15249 15135 
3 15134 15248 15135 
3 15247 15248 15134 
3 15133 15247 15134 
3 15246 15247 15133 
3 15132 15246 15133 
3 15245 15246 15132 
3 15131 15245 15132 
3 15244 15245 15131 
3 15130 15244 15131 
3 15243 15244 15130 
3 15129 15243 15130 
3 15242 15243 15129 
3 15128 15242 15129 
3 15241 15242 15128 
3 15127 15241 15128 
3 15240 15241 15127 
3 15126 15240 15127 
3 15239 15240 15126 
3 15125 15239 15126 
3 15238 15239 15125 
3 15124 15238 15125 
3 15122 15237 15123 
3 15120 15236 15121 
3 15235 15236 15120 
3 15119 15235 15120 
3 15234 15235 15119 
3 15232 15233 15118 
3 15117 15232 15118 
3 15112 15230 15113 
3 15229 15230 15112 
3 15111 15229 15112 
3 15228 15229 15111 
3 15110 15228 15111 
3 15227 15228 15110 
3 15225 15226 15109 
3 15108 15225 15109 
3 15224 15225 15108 
3 15107 15224 15108 
3 15105 15223 15106 
3 15222 15223 15105 
3 15103 15221 15104 
3 15218 15219 15101 
3 15100 15218 15101 
3 15217 15218 15100 
3 15099 15217 15100 
3 15216 15217 15099 
3 15098 15216 15099 
3 15215 15216 15098 
3 15097 15215 15098 
3 15214 15215 15097 
3 15096 15214 15097 
3 15213 15214 15096 
3 15095 15213 15096 
3 15212 15213 15095 
3 15094 15212 15095 
3 15211 15212 15094 
3 15093 15211 15094 
3 15210 15211 15093 
3 15092 15210 15093 
3 15209 15210 15092 
3 15091 15209 15092 
3 15208 15209 15091 
3 15090 15208 15091 
3 15207 15208 15090 
3 15089 15207 15090 
3 15206 15207 15089 
3 15088 15206 15089 
3 15205 15206 15088 
3 15087 15205 15088 
3 15204 15205 15087 
3 15086 15204 15087 
3 15203 15204 15086 
3 15085 15203 15086 
3 15202 15203 15085 
3 15084 15202 15085 
3 15201 15202 15084 
3 15083 15201 15084 
3 15200 15201 15083 
3 15082 15200 15083 
3 15199 15200 15082 
3 15081 15199 15082 
3 15198 15199 15081 
3 15196 15197 15080 
3 15193 15194 15079 
3 15078 15193 15079 
3 15192 15193 15078 
3 15077 15192 15078 
3 15191 15192 15077 
3 15075 15189 15076 
3 15188 15189 15075 
3 15073 15187 15074 
3 15186 15187 15073 
3 15072 15186 15073 
3 15185 15186 15072 
3 15069 15183 15070 
3 15182 15183 15069 
3 15068 15182 15069 
3 15181 15182 15068 
3 15179 15180 15067 
3 15066 15179 15067 
3 15178 15179 15066 
3 15065 15178 15066 
3 15177 15178 15065 
3 15064 15177 15065 
3 15176 15177 15064 
3 15063 15176 15064 
3 15175 15176 15063 
3 15062 15175 15063 
3 15174 15175 15062 
3 15061 15174 15062 
3 15173 15174 15061 
3 15060 15173 15061 
3 15172 15173 15060 
3 15059 15172 15060 
3 15171 15172 15059 
3 15058 15171 15059 
3 15170 15171 15058 
3 15057 15170 15058 
3 15169 15170 15057 
3 15056 15169 15057 
3 15168 15169 15056 
3 15055 15168 15056 
3 15167 15168 15055 
3 15054 15167 15055 
3 15166 15167 15054 
3 15053 15166 15054 
3 15165 15166 15053 
3 15052 15165 15053 
3 15164 15165 15052 
3 15051 15164 15052 
3 15049 15163 15050 
3 15162 15163 15049 
3 15048 15162 15049 
3 15161 15162 15048 
3 15047 15161 15048 
3 15045 15160 15046 
3 15159 15160 15045 
3 15044 15159 15045 
3 15158 15159 15044 
3 15043 15158 15044 
3 15157 15158 15043 
3 15042 15157 15043 
3 15156 15157 15042 
3 15041 15156 15042 
3 15155 15156 15041 
3 15040 15155 15041 
3 15154 15155 15040 
3 15039 15154 15040 
3 15153 15154 15039 
3 15038 15153 15039 
3 15152 15153 15038 
3 15263 15383 15264 
3 15382 15383 15263 
3 15262 15382 15263 
3 15381 15382 15262 
3 15261 15381 15262 
3 15380 15381 15261 
3 15260 15380 15261 
3 15379 15380 15260 
3 15259 15379 15260 
3 15378 15379 15259 
3 15258 15378 15259 
3 15377 15378 15258 
3 15257 15377 15258 
3 15376 15377 15257 
3 15256 15376 15257 
3 15375 15376 15256 
3 15255 15375 15256 
3 15374 15375 15255 
3 15254 15374 15255 
3 15373 15374 15254 
3 15253 15373 15254 
3 15372 15373 15253 
3 15252 15372 15253 
3 15371 15372 15252 
3 15251 15371 15252 
3 15370 15371 15251 
3 15250 15370 15251 
3 15369 15370 15250 
3 15249 15369 15250 
3 15368 15369 15249 
3 15248 15368 15249 
3 15367 15368 15248 
3 15247 15367 15248 
3 15366 15367 15247 
3 15246 15366 15247 
3 15365 15366 15246 
3 15245 15365 15246 
3 15364 15365 15245 
3 15244 15364 15245 
3 15363 15364 15244 
3 15243 15363 15244 
3 15362 15363 15243 
3 15242 15362 15243 
3 15361 15362 15242 
3 15241 15361 15242 
3 15360 15361 15241 
3 15240 15360 15241 
3 15359 15360 15240 
3 15239 15359 15240 
3 15358 15359 15239 
3 15238 15358 15239 
3 15356 15357 15237 
3 15354 15355 15236 
3 15235 15354 15236 
3 15353 15354 15235 
3 15234 15353 15235 
3 15352 15353 15234 
3 15233 15352 15234 
3 15351 15352 15233 
3 15232 15351 15233 
3 15350 15351 15232 
3 15346 15347 15231 
3 15344 15345 15230 
3 15229 15344 15230 
3 15227 15343 15228 
3 15342 15343 15227 
3 15226 15342 15227 
3 15341 15342 15226 
3 15225 15341 15226 
3 15340 15341 15225 
3 15224 15340 15225 
3 15218 15335 15219 
3 15334 15335 15218 
3 15217 15334 15218 
3 15333 15334 15217 
3 15216 15333 15217 
3 15332 15333 15216 
3 15215 15332 15216 
3 15331 15332 15215 
3 15214 15331 15215 
3 15330 15331 15214 
3 15213 15330 15214 
3 15329 15330 15213 
3 15212 15329 15213 
3 15328 15329 15212 
3 15211 15328 15212 
3 15327 15328 15211 
3 15210 15327 15211 
3 15208 15326 15209 
3 15325 15326 15208 
3 15207 15325 15208 
3 15324 15325 15207 
3 15206 15324 15207 
3 15323 15324 15206 
3 15205 15323 15206 
3 15322 15323 15205 
3 15204 15322 15205 
3 15321 15322 15204 
3 15203 15321 15204 
3 15320 15321 15203 
3 15202 15320 15203 
3 15319 15320 15202 
3 15201 15319 15202 
3 15318 15319 15201 
3 15200 15318 15201 
3 15317 15318 15200 
3 15199 15317 15200 
3 15316 15317 15199 
3 15198 15316 15199 
3 15315 15316 15198 
3 15197 15315 15198 
3 15314 15315 15197 
3 15196 15314 15197 
3 15313 15314 15196 
3 15195 15313 15196 
3 15312 15313 15195 
3 15194 15312 15195 
3 15192 15311 15193 
3 15310 15311 15192 
3 15191 15310 15192 
3 15309 15310 15191 
3 15190 15309 15191 
3 15308 15309 15190 
3 15306 15307 15189 
3 15188 15306 15189 
3 15305 15306 15188 
3 15303 15304 15187 
3 15186 15303 15187 
3 15302 15303 15186 
3 15185 15302 15186 
3 15301 15302 15185 
3 15184 15301 15185 
3 15300 15301 15184 
3 15298 15299 15183 
3 15182 15298 15183 
3 15297 15298 15182 
3 15181 15297 15182 
3 15295 15296 15180 
3 15179 15295 15180 
3 15294 15295 15179 
3 15178 15294 15179 
3 15293 15294 15178 
3 15177 15293 15178 
3 15292 15293 15177 
3 15176 15292 15177 
3 15291 15292 15176 
3 15175 15291 15176 
3 15290 15291 15175 
3 15174 15290 15175 
3 15289 15290 15174 
3 15173 15289 15174 
3 15288 15289 15173 
3 15172 15288 15173 
3 15287 15288 15172 
3 15171 15287 15172 
3 15286 15287 15171 
3 15170 15286 15171 
3 15285 15286 15170 
3 15169 15285 15170 
3 15284 15285 15169 
3 15168 15284 15169 
3 15283 15284 15168 
3 15167 15283 15168 
3 15282 15283 15167 
3 15166 15282 15167 
3 15281 15282 15166 
3 15165 15281 15166 
3 15280 15281 15165 
3 15164 15280 15165 
3 15279 15280 15164 
3 15277 15278 15163 
3 15162 15277 15163 
3 15276 15277 15162 
3 15161 15276 15162 
3 15275 15276 15161 
3 15273 15274 15160 
3 15159 15273 15160 
3 15272 15273 15159 
3 15158 15272 15159 
3 15271 15272 15158 
3 15157 15271 15158 
3 15270 15271 15157 
3 15156 15270 15157 
3 15269 15270 15156 
3 15155 15269 15156 
3 15268 15269 15155 
3 15154 15268 15155 
3 15267 15268 15154 
3 15153 15267 15154 
3 15266 15267 15153 
3 15152 15266 15153 
3 15265 15266 15152 
3 15036 15151 15037 
3 15150 15151 15036 
3 15035 15150 15036 
3 15149 15150 15035 
3 15034 15149 15035 
3 15148 15149 15034 
3 15033 15148 15034 
3 15147 15148 15033 
3 15032 15147 15033 
3 15146 15147 15032 
3 15031 15146 15032 
3 15145 15146 15031 
3 15030 15145 15031 
3 15144 15145 15030 
3 15029 15144 15030 
3 15143 15144 15029 
3 15028 15143 15029 
3 15142 15143 15028 
3 15027 15142 15028 
3 15141 15142 15027 
3 15026 15141 15027 
3 15140 15141 15026 
3 15025 15140 15026 
3 15139 15140 15025 
3 15024 15139 15025 
3 15138 15139 15024 
3 15023 15138 15024 
3 15137 15138 15023 
3 15022 15137 15023 
3 15136 15137 15022 
3 15021 15136 15022 
3 15135 15136 15021 
3 15020 15135 15021 
3 15134 15135 15020 
3 15019 15134 15020 
3 15133 15134 15019 
3 15131 15132 15018 
3 15017 15131 15018 
3 15130 15131 15017 
3 15016 15130 15017 
3 15129 15130 15016 
3 15015 15129 15016 
3 15128 15129 15015 
3 15014 15128 15015 
3 15127 15128 15014 
3 15013 15127 15014 
3 15126 15127 15013 
3 15012 15126 15013 
3 15125 15126 15012 
3 15011 15125 15012 
3 15124 15125 15011 
3 15010 15124 15011 
3 15123 15124 15010 
3 15009 15123 15010 
3 15122 15123 15009 
3 15008 15122 15009 
3 15121 15122 15008 
3 15007 15121 15008 
3 15120 15121 15007 
3 15006 15120 15007 
3 15119 15120 15006 
3 15005 15119 15006 
3 15116 15117 15003 
3 15112 15113 15000 
3 14999 15112 15000 
3 15111 15112 14999 
3 14998 15111 14999 
3 15110 15111 14998 
3 14997 15110 14998 
3 14995 15109 14996 
3 15108 15109 14995 
3 14994 15108 14995 
3 15107 15108 14994 
3 14991 15104 14992 
3 15103 15104 14991 
3 14990 15103 14991 
3 15102 15103 14990 
3 14989 15102 14990 
3 15100 15101 14988 
3 14987 15100 14988 
3 15099 15100 14987 
3 14986 15099 14987 
3 15098 15099 14986 
3 14985 15098 14986 
3 15097 15098 14985 
3 15094 15095 14984 
3 14983 15094 14984 
3 15093 15094 14983 
3 14982 15093 14983 
3 15092 15093 14982 
3 14981 15092 14982 
3 15091 15092 14981 
3 14980 15091 14981 
3 15090 15091 14980 
3 14979 15090 14980 
3 15089 15090 14979 
3 14978 15089 14979 
3 15088 15089 14978 
3 14977 15088 14978 
3 15087 15088 14977 
3 14976 15087 14977 
3 15086 15087 14976 
3 14975 15086 14976 
3 15085 15086 14975 
3 14974 15085 14975 
3 15084 15085 14974 
3 14973 15084 14974 
3 15083 15084 14973 
3 14972 15083 14973 
3 15082 15083 14972 
3 14971 15082 14972 
3 15081 15082 14971 
3 14968 15079 14969 
3 15078 15079 14968 
3 15075 15076 14966 
3 14964 15074 14965 
3 15073 15074 14964 
3 14963 15073 14964 
3 15072 15073 14963 
3 14962 15072 14963 
3 14960 15071 14961 
3 15070 15071 14960 
3 14956 15067 14957 
3 15066 15067 14956 
3 14955 15066 14956 
3 15065 15066 14955 
3 14954 15065 14955 
3 15064 15065 14954 
3 14953 15064 14954 
3 15063 15064 14953 
3 14952 15063 14953 
3 15062 15063 14952 
3 14951 15062 14952 
3 15061 15062 14951 
3 14950 15061 14951 
3 15060 15061 14950 
3 14949 15060 14950 
3 15059 15060 14949 
3 14948 15059 14949 
3 15058 15059 14948 
3 14947 15058 14948 
3 15057 15058 14947 
3 14946 15057 14947 
3 15056 15057 14946 
3 14945 15056 14946 
3 15055 15056 14945 
3 14944 15055 14945 
3 15054 15055 14944 
3 14943 15054 14944 
3 15053 15054 14943 
3 14942 15053 14943 
3 15052 15053 14942 
3 14941 15052 14942 
3 15051 15052 14941 
3 14940 15051 14941 
3 15050 15051 14940 
3 14939 15050 14940 
3 15049 15050 14939 
3 14938 15049 14939 
3 15048 15049 14938 
3 14937 15048 14938 
3 15047 15048 14937 
3 14936 15047 14937 
3 15046 15047 14936 
3 14935 15046 14936 
3 15045 15046 14935 
3 14934 15045 14935 
3 15044 15045 14934 
3 14933 15044 14934 
3 15043 15044 14933 
3 14932 15043 14933 
3 15042 15043 14932 
3 14931 15042 14932 
3 15041 15042 14931 
3 14930 15041 14931 
3 15040 15041 14930 
3 14929 15040 14930 
3 15039 15040 14929 
3 14928 15039 14929 
3 15038 15039 14928 
3 14697 14814 14698 
3 14813 14814 14697 
3 14696 14813 14697 
3 14812 14813 14696 
3 14695 14812 14696 
3 14811 14812 14695 
3 14694 14811 14695 
3 14810 14811 14694 
3 14693 14810 14694 
3 14809 14810 14693 
3 14692 14809 14693 
3 14808 14809 14692 
3 14691 14808 14692 
3 14807 14808 14691 
3 14690 14807 14691 
3 14806 14807 14690 
3 14689 14806 14690 
3 14805 14806 14689 
3 14688 14805 14689 
3 14804 14805 14688 
3 14687 14804 14688 
3 14803 14804 14687 
3 14686 14803 14687 
3 14802 14803 14686 
3 14685 14802 14686 
3 14801 14802 14685 
3 14684 14801 14685 
3 14800 14801 14684 
3 14683 14800 14684 
3 14799 14800 14683 
3 14682 14799 14683 
3 14798 14799 14682 
3 14681 14798 14682 
3 14797 14798 14681 
3 14680 14797 14681 
3 14678 14796 14679 
3 14795 14796 14678 
3 14677 14795 14678 
3 14794 14795 14677 
3 14676 14794 14677 
3 14793 14794 14676 
3 14675 14793 14676 
3 14792 14793 14675 
3 14674 14792 14675 
3 14791 14792 14674 
3 14673 14791 14674 
3 14790 14791 14673 
3 14672 14790 14673 
3 14789 14790 14672 
3 14671 14789 14672 
3 14788 14789 14671 
3 14670 14788 14671 
3 14787 14788 14670 
3 14669 14787 14670 
3 14786 14787 14669 
3 14668 14786 14669 
3 14785 14786 14668 
3 14667 14785 14668 
3 14784 14785 14667 
3 14666 14784 14667 
3 14783 14784 14666 
3 14665 14783 14666 
3 14782 14783 14665 
3 14664 14782 14665 
3 14781 14782 14664 
3 14663 14781 14664 
3 14780 14781 14663 
3 14662 14780 14663 
3 14779 14780 14662 
3 14661 14779 14662 
3 14778 14779 14661 
3 14772 14773 14657 
3 14656 14772 14657 
3 14770 14771 14655 
3 14654 14770 14655 
3 14769 14770 14654 
3 14653 14769 14654 
3 14768 14769 14653 
3 14652 14768 14653 
3 14767 14768 14652 
3 14650 14766 14651 
3 14648 14765 14649 
3 14764 14765 14648 
3 14647 14764 14648 
3 14763 14764 14647 
3 14646 14763 14647 
3 14762 14763 14646 
3 14645 14762 14646 
3 14761 14762 14645 
3 14644 14761 14645 
3 14760 14761 14644 
3 14643 14760 14644 
3 14641 14759 14642 
3 14758 14759 14641 
3 14640 14758 14641 
3 14757 14758 14640 
3 14639 14757 14640 
3 14756 14757 14639 
3 14638 14756 14639 
3 14754 14755 14637 
3 14636 14754 14637 
3 14753 14754 14636 
3 14751 14752 14635 
3 14634 14751 14635 
3 14750 14751 14634 
3 14633 14750 14634 
3 14749 14750 14633 
3 14632 14749 14633 
3 14748 14749 14632 
3 14631 14748 14632 
3 14747 14748 14631 
3 14630 14747 14631 
3 14746 14747 14630 
3 14629 14746 14630 
3 14745 14746 14629 
3 14742 14743 14628 
3 14627 14742 14628 
3 14741 14742 14627 
3 14626 14741 14627 
3 14740 14741 14626 
3 14738 14739 14625 
3 14624 14738 14625 
3 14737 14738 14624 
3 14623 14737 14624 
3 14621 14736 14622 
3 14735 14736 14621 
3 14620 14735 14621 
3 14734 14735 14620 
3 14619 14734 14620 
3 14617 14733 14618 
3 14732 14733 14617 
3 14615 14731 14616 
3 14730 14731 14615 
3 14614 14730 14615 
3 14729 14730 14614 
3 14613 14729 14614 
3 14728 14729 14613 
3 14611 14727 14612 
3 14726 14727 14611 
3 14610 14726 14611 
3 14725 14726 14610 
3 14609 14725 14610 
3 14724 14725 14609 
3 14608 14724 14609 
3 14723 14724 14608 
3 14607 14723 14608 
3 14722 14723 14607 
3 14606 14722 14607 
3 14721 14722 14606 
3 14605 14721 14606 
3 14720 14721 14605 
3 14604 14720 14605 
3 14719 14720 14604 
3 14603 14719 14604 
3 14718 14719 14603 
3 14602 14718 14603 
3 14717 14718 14602 
3 14601 14717 14602 
3 14716 14717 14601 
3 14600 14716 14601 
3 14715 14716 14600 
3 14599 14715 14600 
3 14714 14715 14599 
3 14712 14713 14598 
3 14709 14710 14597 
3 14596 14709 14597 
3 14708 14709 14596 
3 14595 14708 14596 
3 14707 14708 14595 
3 14594 14707 14595 
3 14706 14707 14594 
3 14593 14706 14594 
3 14705 14706 14593 
3 14592 14705 14593 
3 14704 14705 14592 
3 14702 14703 14591 
3 14590 14702 14591 
3 14701 14702 14590 
3 14589 14701 14590 
3 14700 14701 14589 
3 14588 14700 14589 
3 14699 14700 14588 
3 14813 14927 14814 
3 14926 14927 14813 
3 14812 14926 14813 
3 14925 14926 14812 
3 14811 14925 14812 
3 14924 14925 14811 
3 14810 14924 14811 
3 14923 14924 14810 
3 14809 14923 14810 
3 14922 14923 14809 
3 14808 14922 14809 
3 14921 14922 14808 
3 14807 14921 14808 
3 14920 14921 14807 
3 14806 14920 14807 
3 14919 14920 14806 
3 14805 14919 14806 
3 14918 14919 14805 
3 14804 14918 14805 
3 14917 14918 14804 
3 14803 14917 14804 
3 14916 14917 14803 
3 14802 14916 14803 
3 14915 14916 14802 
3 14801 14915 14802 
3 14914 14915 14801 
3 14800 14914 14801 
3 14913 14914 14800 
3 14799 14913 14800 
3 14912 14913 14799 
3 14798 14912 14799 
3 14911 14912 14798 
3 14797 14911 14798 
3 14910 14911 14797 
3 14794 14908 14795 
3 14907 14908 14794 
3 14793 14907 14794 
3 14906 14907 14793 
3 14792 14906 14793 
3 14905 14906 14792 
3 14791 14905 14792 
3 14904 14905 14791 
3 14790 14904 14791 
3 14903 14904 14790 
3 14789 14903 14790 
3 14902 14903 14789 
3 14788 14902 14789 
3 14901 14902 14788 
3 14787 14901 14788 
3 14900 14901 14787 
3 14786 14900 14787 
3 14899 14900 14786 
3 14785 14899 14786 
3 14898 14899 14785 
3 14784 14898 14785 
3 14897 14898 14784 
3 14783 14897 14784 
3 14896 14897 14783 
3 14782 14896 14783 
3 14895 14896 14782 
3 14781 14895 14782 
3 14894 14895 14781 
3 14780 14894 14781 
3 14893 14894 14780 
3 14779 14893 14780 
3 14892 14893 14779 
3 14778 14892 14779 
3 14890 14891 14776 
3 14775 14890 14776 
3 14889 14890 14775 
3 14887 14888 14774 
3 14773 14887 14774 
3 14769 14884 14770 
3 14883 14884 14769 
3 14768 14883 14769 
3 14763 14880 14764 
3 14879 14880 14763 
3 14762 14879 14763 
3 14878 14879 14762 
3 14761 14878 14762 
3 14877 14878 14761 
3 14760 14877 14761 
3 14757 14875 14758 
3 14874 14875 14757 
3 14756 14874 14757 
3 14873 14874 14756 
3 14871 14872 14755 
3 14754 14871 14755 
3 14870 14871 14754 
3 14753 14870 14754 
3 14869 14870 14753 
3 14752 14869 14753 
3 14868 14869 14752 
3 14751 14868 14752 
3 14867 14868 14751 
3 14750 14867 14751 
3 14866 14867 14750 
3 14749 14866 14750 
3 14865 14866 14749 
3 14748 14865 14749 
3 14864 14865 14748 
3 14747 14864 14748 
3 14863 14864 14747 
3 14746 14863 14747 
3 14862 14863 14746 
3 14745 14862 14746 
3 14861 14862 14745 
3 14744 14861 14745 
3 14860 14861 14744 
3 14743 14860 14744 
3 14859 14860 14743 
3 14742 14859 14743 
3 14858 14859 14742 
3 14741 14858 14742 
3 14857 14858 14741 
3 14740 14857 14741 
3 14856 14857 14740 
3 14739 14856 14740 
3 14855 14856 14739 
3 14738 14855 14739 
3 14854 14855 14738 
3 14737 14854 14738 
3 14853 14854 14737 
3 14735 14852 14736 
3 14851 14852 14735 
3 14734 14851 14735 
3 14850 14851 14734 
3 14732 14849 14733 
3 14848 14849 14732 
3 14846 14847 14731 
3 14730 14846 14731 
3 14845 14846 14730 
3 14729 14845 14730 
3 14844 14845 14729 
3 14728 14844 14729 
3 14843 14844 14728 
3 14841 14842 14727 
3 14726 14841 14727 
3 14840 14841 14726 
3 14725 14840 14726 
3 14723 14839 14724 
3 14838 14839 14723 
3 14722 14838 14723 
3 14837 14838 14722 
3 14721 14837 14722 
3 14836 14837 14721 
3 14720 14836 14721 
3 14835 14836 14720 
3 14719 14835 14720 
3 14834 14835 14719 
3 14718 14834 14719 
3 14833 14834 14718 
3 14717 14833 14718 
3 14832 14833 14717 
3 14716 14832 14717 
3 14831 14832 14716 
3 14715 14831 14716 
3 14830 14831 14715 
3 14714 14830 14715 
3 14712 14829 14713 
3 14828 14829 14712 
3 14711 14828 14712 
3 14827 14828 14711 
3 14710 14827 14711 
3 14826 14827 14710 
3 14709 14826 14710 
3 14825 14826 14709 
3 14708 14825 14709 
3 14824 14825 14708 
3 14707 14824 14708 
3 14823 14824 14707 
3 14706 14823 14707 
3 14822 14823 14706 
3 14705 14822 14706 
3 14821 14822 14705 
3 14704 14821 14705 
3 14820 14821 14704 
3 14703 14820 14704 
3 14819 14820 14703 
3 14702 14819 14703 
3 14818 14819 14702 
3 14701 14818 14702 
3 14817 14818 14701 
3 14700 14817 14701 
3 14816 14817 14700 
3 14699 14816 14700 
3 14815 14816 14699 
3 14586 14698 14587 
3 14697 14698 14586 
3 14585 14697 14586 
3 14696 14697 14585 
3 14584 14696 14585 
3 14695 14696 14584 
3 14583 14695 14584 
3 14694 14695 14583 
3 14582 14694 14583 
3 14693 14694 14582 
3 14581 14693 14582 
3 14692 14693 14581 
3 14580 14692 14581 
3 14691 14692 14580 
3 14579 14691 14580 
3 14690 14691 14579 
3 14578 14690 14579 
3 14689 14690 14578 
3 14577 14689 14578 
3 14688 14689 14577 
3 14576 14688 14577 
3 14687 14688 14576 
3 14575 14687 14576 
3 14686 14687 14575 
3 14574 14686 14575 
3 14685 14686 14574 
3 14573 14685 14574 
3 14684 14685 14573 
3 14572 14684 14573 
3 14683 14684 14572 
3 14571 14683 14572 
3 14682 14683 14571 
3 14570 14682 14571 
3 14681 14682 14570 
3 14569 14681 14570 
3 14680 14681 14569 
3 14568 14680 14569 
3 14679 14680 14568 
3 14567 14679 14568 
3 14678 14679 14567 
3 14566 14678 14567 
3 14677 14678 14566 
3 14565 14677 14566 
3 14676 14677 14565 
3 14564 14676 14565 
3 14675 14676 14564 
3 14563 14675 14564 
3 14674 14675 14563 
3 14562 14674 14563 
3 14673 14674 14562 
3 14561 14673 14562 
3 14672 14673 14561 
3 14560 14672 14561 
3 14671 14672 14560 
3 14559 14671 14560 
3 14670 14671 14559 
3 14558 14670 14559 
3 14669 14670 14558 
3 14557 14669 14558 
3 14668 14669 14557 
3 14556 14668 14557 
3 14667 14668 14556 
3 14555 14667 14556 
3 14666 14667 14555 
3 14554 14666 14555 
3 14665 14666 14554 
3 14553 14665 14554 
3 14664 14665 14553 
3 14552 14664 14553 
3 14663 14664 14552 
3 14551 14663 14552 
3 14662 14663 14551 
3 14548 14660 14549 
3 14544 14657 14545 
3 14656 14657 14544 
3 14543 14656 14544 
3 14541 14655 14542 
3 14654 14655 14541 
3 14540 14654 14541 
3 14653 14654 14540 
3 14539 14653 14540 
3 14652 14653 14539 
3 14537 14651 14538 
3 14650 14651 14537 
3 14536 14650 14537 
3 14649 14650 14536 
3 14535 14649 14536 
3 14648 14649 14535 
3 14534 14648 14535 
3 14647 14648 14534 
3 14533 14647 14534 
3 14646 14647 14533 
3 14532 14646 14533 
3 14645 14646 14532 
3 14531 14645 14532 
3 14644 14645 14531 
3 14530 14644 14531 
3 14643 14644 14530 
3 14529 14643 14530 
3 14642 14643 14529 
3 14640 14641 14528 
3 14527 14640 14528 
3 14639 14640 14527 
3 14526 14639 14527 
3 14638 14639 14526 
3 14525 14638 14526 
3 14523 14637 14524 
3 14636 14637 14523 
3 14521 14635 14522 
3 14634 14635 14521 
3 14520 14634 14521 
3 14633 14634 14520 
3 14519 14633 14520 
3 14632 14633 14519 
3 14518 14632 14519 
3 14631 14632 14518 
3 14517 14631 14518 
3 14630 14631 14517 
3 14516 14630 14517 
3 14629 14630 14516 
3 14515 14629 14516 
3 14513 14628 14514 
3 14627 14628 14513 
3 14512 14627 14513 
3 14626 14627 14512 
3 14510 14625 14511 
3 14624 14625 14510 
3 14509 14624 14510 
3 14623 14624 14509 
3 14508 14623 14509 
3 14622 14623 14508 
3 14507 14622 14508 
3 14621 14622 14507 
3 14619 14620 14506 
3 14505 14619 14506 
3 14618 14619 14505 
3 14504 14618 14505 
3 14617 14618 14504 
3 14503 14617 14504 
3 14501 14616 14502 
3 14615 14616 14501 
3 14500 14615 14501 
3 14614 14615 14500 
3 14499 14614 14500 
3 14613 14614 14499 
3 14498 14613 14499 
3 14496 14612 14497 
3 14611 14612 14496 
3 14495 14611 14496 
3 14610 14611 14495 
3 14494 14610 14495 
3 14609 14610 14494 
3 14493 14609 14494 
3 14608 14609 14493 
3 14492 14608 14493 
3 14607 14608 14492 
3 14491 14607 14492 
3 14606 14607 14491 
3 14490 14606 14491 
3 14605 14606 14490 
3 14489 14605 14490 
3 14604 14605 14489 
3 14488 14604 14489 
3 14603 14604 14488 
3 14487 14603 14488 
3 14602 14603 14487 
3 14486 14602 14487 
3 14601 14602 14486 
3 14485 14601 14486 
3 14600 14601 14485 
3 14484 14600 14485 
3 14599 14600 14484 
3 14483 14599 14484 
3 14596 14597 14480 
3 14479 14596 14480 
3 14595 14596 14479 
3 14478 14595 14479 
3 14594 14595 14478 
3 14477 14594 14478 
3 14593 14594 14477 
3 14476 14593 14477 
3 14592 14593 14476 
3 14474 14591 14475 
3 14590 14591 14474 
3 14473 14590 14474 
3 14589 14590 14473 
3 14472 14589 14473 
3 14588 14589 14472 
3 13989 14106 13990 
3 14105 14106 13989 
3 13988 14105 13989 
3 14104 14105 13988 
3 13987 14104 13988 
3 14103 14104 13987 
3 13986 14103 13987 
3 14102 14103 13986 
3 13985 14102 13986 
3 14101 14102 13985 
3 13984 14101 13985 
3 14100 14101 13984 
3 13983 14100 13984 
3 14099 14100 13983 
3 13982 14099 13983 
3 14098 14099 13982 
3 13981 14098 13982 
3 14097 14098 13981 
3 13980 14097 13981 
3 14096 14097 13980 
3 13979 14096 13980 
3 14095 14096 13979 
3 13978 14095 13979 
3 14094 14095 13978 
3 13977 14094 13978 
3 14093 14094 13977 
3 13976 14093 13977 
3 14092 14093 13976 
3 13975 14092 13976 
3 14091 14092 13975 
3 13974 14091 13975 
3 14090 14091 13974 
3 13973 14090 13974 
3 14089 14090 13973 
3 13972 14089 13973 
3 14088 14089 13972 
3 13971 14088 13972 
3 14087 14088 13971 
3 13970 14087 13971 
3 14086 14087 13970 
3 13969 14086 13970 
3 14085 14086 13969 
3 13968 14085 13969 
3 14084 14085 13968 
3 13967 14084 13968 
3 14083 14084 13967 
3 14081 14082 13966 
3 13965 14081 13966 
3 14080 14081 13965 
3 13964 14080 13965 
3 14079 14080 13964 
3 13963 14079 13964 
3 14078 14079 13963 
3 13962 14078 13963 
3 14077 14078 13962 
3 14075 14076 13961 
3 13960 14075 13961 
3 14074 14075 13960 
3 13959 14074 13960 
3 14073 14074 13959 
3 13958 14073 13959 
3 14072 14073 13958 
3 13957 14072 13958 
3 14071 14072 13957 
3 13956 14071 13957 
3 14070 14071 13956 
3 13955 14070 13956 
3 14069 14070 13955 
3 14067 14068 13954 
3 13953 14067 13954 
3 14066 14067 13953 
3 13952 14066 13953 
3 14065 14066 13952 
3 13951 14065 13952 
3 14064 14065 13951 
3 13950 14064 13951 
3 14063 14064 13950 
3 13948 14062 13949 
3 14061 14062 13948 
3 13947 14061 13948 
3 14060 14061 13947 
3 13946 14060 13947 
3 14059 14060 13946 
3 13945 14059 13946 
3 14058 14059 13945 
3 13944 14058 13945 
3 14057 14058 13944 
3 13943 14057 13944 
3 14056 14057 13943 
3 13942 14056 13943 
3 14055 14056 13942 
3 13941 14055 13942 
3 13939 14054 13940 
3 14053 14054 13939 
3 13938 14053 13939 
3 14052 14053 13938 
3 13937 14052 13938 
3 14051 14052 13937 
3 13936 14051 13937 
3 14050 14051 13936 
3 13935 14050 13936 
3 14049 14050 13935 
3 13934 14049 13935 
3 14048 14049 13934 
3 13933 14048 13934 
3 14047 14048 13933 
3 13931 14046 13932 
3 14045 14046 13931 
3 13930 14045 13931 
3 14044 14045 13930 
3 14042 14043 13929 
3 13928 14042 13929 
3 14041 14042 13928 
3 14039 14040 13927 
3 13925 14038 13926 
3 14037 14038 13925 
3 13924 14037 13925 
3 14036 14037 13924 
3 14034 14035 13923 
3 13922 14034 13923 
3 14033 14034 13922 
3 13921 14033 13922 
3 14032 14033 13921 
3 13920 14032 13921 
3 14031 14032 13920 
3 13919 14031 13920 
3 14030 14031 13919 
3 13918 14030 13919 
3 14029 14030 13918 
3 13917 14029 13918 
3 14028 14029 13917 
3 13916 14028 13917 
3 13914 14027 13915 
3 14026 14027 13914 
3 13913 14026 13914 
3 14025 14026 13913 
3 13912 14025 13913 
3 14024 14025 13912 
3 13911 14024 13912 
3 14023 14024 13911 
3 13910 14023 13911 
3 14022 14023 13910 
3 13909 14022 13910 
3 14021 14022 13909 
3 13908 14021 13909 
3 14020 14021 13908 
3 13907 14020 13908 
3 14019 14020 13907 
3 13906 14019 13907 
3 14018 14019 13906 
3 13905 14018 13906 
3 14017 14018 13905 
3 13904 14017 13905 
3 14016 14017 13904 
3 13903 14016 13904 
3 14015 14016 13903 
3 13902 14015 13903 
3 14014 14015 13902 
3 13900 14013 13901 
3 14012 14013 13900 
3 13899 14012 13900 
3 14011 14012 13899 
3 13898 14011 13899 
3 14010 14011 13898 
3 13897 14010 13898 
3 14009 14010 13897 
3 13896 14009 13897 
3 14008 14009 13896 
3 13895 14008 13896 
3 14007 14008 13895 
3 13894 14007 13895 
3 13892 14006 13893 
3 14005 14006 13892 
3 13891 14005 13892 
3 14004 14005 13891 
3 13890 14004 13891 
3 14003 14004 13890 
3 13889 14003 13890 
3 14002 14003 13889 
3 13888 14002 13889 
3 14001 14002 13888 
3 13887 14001 13888 
3 14000 14001 13887 
3 13886 14000 13887 
3 13999 14000 13886 
3 13885 13999 13886 
3 13998 13999 13885 
3 13996 13997 13884 
3 13883 13996 13884 
3 13995 13996 13883 
3 13882 13995 13883 
3 13994 13995 13882 
3 13881 13994 13882 
3 13993 13994 13881 
3 13991 13992 13880 
3 14228 14352 14229 
3 14351 14352 14228 
3 14227 14351 14228 
3 14350 14351 14227 
3 14226 14350 14227 
3 14349 14350 14226 
3 14225 14349 14226 
3 14348 14349 14225 
3 14224 14348 14225 
3 14347 14348 14224 
3 14223 14347 14224 
3 14346 14347 14223 
3 14222 14346 14223 
3 14345 14346 14222 
3 14221 14345 14222 
3 14344 14345 14221 
3 14220 14344 14221 
3 14343 14344 14220 
3 14219 14343 14220 
3 14342 14343 14219 
3 14218 14342 14219 
3 14341 14342 14218 
3 14217 14341 14218 
3 14340 14341 14217 
3 14216 14340 14217 
3 14339 14340 14216 
3 14215 14339 14216 
3 14338 14339 14215 
3 14214 14338 14215 
3 14337 14338 14214 
3 14213 14337 14214 
3 14336 14337 14213 
3 14212 14336 14213 
3 14335 14336 14212 
3 14211 14335 14212 
3 14334 14335 14211 
3 14210 14334 14211 
3 14333 14334 14210 
3 14209 14333 14210 
3 14332 14333 14209 
3 14208 14332 14209 
3 14331 14332 14208 
3 14207 14331 14208 
3 14330 14331 14207 
3 14206 14330 14207 
3 14329 14330 14206 
3 14205 14329 14206 
3 14328 14329 14205 
3 14204 14328 14205 
3 14327 14328 14204 
3 14203 14327 14204 
3 14326 14327 14203 
3 14202 14326 14203 
3 14325 14326 14202 
3 14201 14325 14202 
3 14324 14325 14201 
3 14200 14324 14201 
3 14323 14324 14200 
3 14199 14323 14200 
3 14322 14323 14199 
3 14198 14322 14199 
3 14321 14322 14198 
3 14197 14321 14198 
3 14320 14321 14197 
3 14196 14320 14197 
3 14319 14320 14196 
3 14195 14319 14196 
3 14318 14319 14195 
3 14194 14318 14195 
3 14317 14318 14194 
3 14315 14316 14193 
3 14192 14315 14193 
3 14189 14314 14190 
3 14313 14314 14189 
3 14188 14313 14189 
3 14312 14313 14188 
3 14187 14312 14188 
3 14311 14312 14187 
3 14186 14311 14187 
3 14310 14311 14186 
3 14185 14310 14186 
3 14309 14310 14185 
3 14184 14309 14185 
3 14308 14309 14184 
3 14183 14308 14184 
3 14307 14308 14183 
3 14182 14307 14183 
3 14306 14307 14182 
3 14181 14306 14182 
3 14305 14306 14181 
3 14180 14305 14181 
3 14304 14305 14180 
3 14179 14304 14180 
3 14303 14304 14179 
3 14178 14303 14179 
3 14302 14303 14178 
3 14177 14302 14178 
3 14301 14302 14177 
3 14176 14301 14177 
3 14300 14301 14176 
3 14175 14300 14176 
3 14299 14300 14175 
3 14174 14299 14175 
3 14298 14299 14174 
3 14173 14298 14174 
3 14297 14298 14173 
3 14172 14297 14173 
3 14296 14297 14172 
3 14171 14296 14172 
3 14295 14296 14171 
3 14170 14295 14171 
3 14294 14295 14170 
3 14169 14294 14170 
3 14293 14294 14169 
3 14168 14293 14169 
3 14292 14293 14168 
3 14167 14292 14168 
3 14291 14292 14167 
3 14166 14291 14167 
3 14290 14291 14166 
3 14165 14290 14166 
3 14289 14290 14165 
3 14164 14289 14165 
3 14288 14289 14164 
3 14163 14288 14164 
3 14287 14288 14163 
3 14162 14287 14163 
3 14286 14287 14162 
3 14161 14286 14162 
3 14285 14286 14161 
3 14160 14285 14161 
3 14284 14285 14160 
3 14159 14284 14160 
3 14283 14284 14159 
3 14158 14283 14159 
3 14282 14283 14158 
3 14157 14282 14158 
3 14281 14282 14157 
3 14156 14281 14157 
3 14280 14281 14156 
3 14278 14279 14155 
3 14154 14278 14155 
3 14152 14277 14153 
3 14150 14276 14151 
3 14275 14276 14150 
3 14149 14275 14150 
3 14274 14275 14149 
3 14148 14274 14149 
3 14273 14274 14148 
3 14147 14273 14148 
3 14272 14273 14147 
3 14146 14272 14147 
3 14271 14272 14146 
3 14145 14271 14146 
3 14270 14271 14145 
3 14144 14270 14145 
3 14269 14270 14144 
3 14143 14269 14144 
3 14268 14269 14143 
3 14142 14268 14143 
3 14267 14268 14142 
3 14141 14267 14142 
3 14266 14267 14141 
3 14140 14266 14141 
3 14265 14266 14140 
3 14139 14265 14140 
3 14264 14265 14139 
3 14138 14264 14139 
3 14263 14264 14138 
3 14137 14263 14138 
3 14262 14263 14137 
3 14136 14262 14137 
3 14261 14262 14136 
3 14135 14261 14136 
3 14260 14261 14135 
3 14134 14260 14135 
3 14259 14260 14134 
3 14133 14259 14134 
3 14258 14259 14133 
3 14130 14256 14131 
3 14255 14256 14130 
3 14129 14255 14130 
3 14254 14255 14129 
3 14128 14254 14129 
3 14253 14254 14128 
3 14127 14253 14128 
3 14252 14253 14127 
3 14126 14252 14127 
3 14251 14252 14126 
3 14125 14251 14126 
3 14250 14251 14125 
3 14124 14250 14125 
3 14249 14250 14124 
3 14123 14249 14124 
3 14248 14249 14123 
3 14246 14247 14122 
3 14121 14246 14122 
3 14245 14246 14121 
3 14120 14245 14121 
3 14244 14245 14120 
3 14119 14244 14120 
3 14243 14244 14119 
3 14118 14243 14119 
3 14242 14243 14118 
3 14117 14242 14118 
3 14241 14242 14117 
3 14116 14241 14117 
3 14240 14241 14116 
3 14115 14240 14116 
3 14239 14240 14115 
3 14114 14239 14115 
3 14238 14239 14114 
3 14113 14238 14114 
3 14237 14238 14113 
3 14112 14237 14113 
3 14236 14237 14112 
3 14111 14236 14112 
3 14235 14236 14111 
3 14110 14235 14111 
3 14234 14235 14110 
3 14109 14234 14110 
3 14233 14234 14109 
3 14231 14232 14108 
3 14107 14231 14108 
3 14230 14231 14107 
3 14351 14471 14352 
3 14470 14471 14351 
3 14350 14470 14351 
3 14469 14470 14350 
3 14349 14469 14350 
3 14468 14469 14349 
3 14348 14468 14349 
3 14467 14468 14348 
3 14347 14467 14348 
3 14466 14467 14347 
3 14346 14466 14347 
3 14465 14466 14346 
3 14345 14465 14346 
3 14464 14465 14345 
3 14344 14464 14345 
3 14463 14464 14344 
3 14343 14463 14344 
3 14462 14463 14343 
3 14342 14462 14343 
3 14461 14462 14342 
3 14341 14461 14342 
3 14460 14461 14341 
3 14340 14460 14341 
3 14459 14460 14340 
3 14339 14459 14340 
3 14458 14459 14339 
3 14338 14458 14339 
3 14457 14458 14338 
3 14337 14457 14338 
3 14456 14457 14337 
3 14336 14456 14337 
3 14334 14455 14335 
3 14454 14455 14334 
3 14333 14454 14334 
3 14453 14454 14333 
3 14332 14453 14333 
3 14452 14453 14332 
3 14331 14452 14332 
3 14451 14452 14331 
3 14330 14451 14331 
3 14450 14451 14330 
3 14329 14450 14330 
3 14449 14450 14329 
3 14328 14449 14329 
3 14448 14449 14328 
3 14327 14448 14328 
3 14447 14448 14327 
3 14326 14447 14327 
3 14446 14447 14326 
3 14325 14446 14326 
3 14445 14446 14325 
3 14324 14445 14325 
3 14444 14445 14324 
3 14323 14444 14324 
3 14443 14444 14323 
3 14322 14443 14323 
3 14442 14443 14322 
3 14321 14442 14322 
3 14441 14442 14321 
3 14320 14441 14321 
3 14440 14441 14320 
3 14319 14440 14320 
3 14317 14439 14318 
3 14315 14438 14316 
3 14437 14438 14315 
3 14312 14434 14313 
3 14310 14433 14311 
3 14432 14433 14310 
3 14309 14432 14310 
3 14431 14432 14309 
3 14308 14431 14309 
3 14430 14431 14308 
3 14307 14430 14308 
3 14429 14430 14307 
3 14306 14429 14307 
3 14428 14429 14306 
3 14305 14428 14306 
3 14427 14428 14305 
3 14304 14427 14305 
3 14426 14427 14304 
3 14303 14426 14304 
3 14425 14426 14303 
3 14302 14425 14303 
3 14424 14425 14302 
3 14301 14424 14302 
3 14423 14424 14301 
3 14300 14423 14301 
3 14422 14423 14300 
3 14299 14422 14300 
3 14421 14422 14299 
3 14298 14421 14299 
3 14420 14421 14298 
3 14297 14420 14298 
3 14419 14420 14297 
3 14296 14419 14297 
3 14418 14419 14296 
3 14295 14418 14296 
3 14417 14418 14295 
3 14294 14417 14295 
3 14292 14416 14293 
3 14415 14416 14292 
3 14291 14415 14292 
3 14414 14415 14291 
3 14290 14414 14291 
3 14413 14414 14290 
3 14289 14413 14290 
3 14287 14412 14288 
3 14411 14412 14287 
3 14286 14411 14287 
3 14410 14411 14286 
3 14285 14410 14286 
3 14409 14410 14285 
3 14284 14409 14285 
3 14408 14409 14284 
3 14283 14408 14284 
3 14407 14408 14283 
3 14282 14407 14283 
3 14406 14407 14282 
3 14281 14406 14282 
3 14405 14406 14281 
3 14280 14405 14281 
3 14404 14405 14280 
3 14279 14404 14280 
3 14403 14404 14279 
3 14278 14403 14279 
3 14402 14403 14278 
3 14400 14401 14277 
3 14398 14399 14276 
3 14275 14398 14276 
3 14397 14398 14275 
3 14274 14397 14275 
3 14396 14397 14274 
3 14273 14396 14274 
3 14395 14396 14273 
3 14272 14395 14273 
3 14394 14395 14272 
3 14271 14394 14272 
3 14393 14394 14271 
3 14270 14393 14271 
3 14268 14392 14269 
3 14266 14391 14267 
3 14390 14391 14266 
3 14265 14390 14266 
3 14389 14390 14265 
3 14264 14389 14265 
3 14388 14389 14264 
3 14263 14388 14264 
3 14387 14388 14263 
3 14262 14387 14263 
3 14386 14387 14262 
3 14261 14386 14262 
3 14385 14386 14261 
3 14260 14385 14261 
3 14384 14385 14260 
3 14259 14384 14260 
3 14383 14384 14259 
3 14258 14383 14259 
3 14382 14383 14258 
3 14257 14382 14258 
3 14381 14382 14257 
3 14379 14380 14256 
3 14255 14379 14256 
3 14378 14379 14255 
3 14254 14378 14255 
3 14377 14378 14254 
3 14253 14377 14254 
3 14376 14377 14253 
3 14252 14376 14253 
3 14375 14376 14252 
3 14251 14375 14252 
3 14374 14375 14251 
3 14250 14374 14251 
3 14373 14374 14250 
3 14249 14373 14250 
3 14372 14373 14249 
3 14248 14372 14249 
3 14371 14372 14248 
3 14247 14371 14248 
3 14370 14371 14247 
3 14246 14370 14247 
3 14369 14370 14246 
3 14245 14369 14246 
3 14368 14369 14245 
3 14244 14368 14245 
3 14367 14368 14244 
3 14243 14367 14244 
3 14366 14367 14243 
3 14242 14366 14243 
3 14365 14366 14242 
3 14241 14365 14242 
3 14364 14365 14241 
3 14240 14364 14241 
3 14363 14364 14240 
3 14239 14363 14240 
3 14362 14363 14239 
3 14238 14362 14239 
3 14361 14362 14238 
3 14237 14361 14238 
3 14360 14361 14237 
3 14236 14360 14237 
3 14359 14360 14236 
3 14235 14359 14236 
3 14358 14359 14235 
3 14234 14358 14235 
3 14357 14358 14234 
3 14233 14357 14234 
3 14356 14357 14233 
3 14232 14356 14233 
3 14355 14356 14232 
3 14231 14355 14232 
3 14354 14355 14231 
3 14230 14354 14231 
3 14353 14354 14230 
3 14105 14229 14106 
3 14228 14229 14105 
3 14104 14228 14105 
3 14227 14228 14104 
3 14103 14227 14104 
3 14226 14227 14103 
3 14102 14226 14103 
3 14225 14226 14102 
3 14101 14225 14102 
3 14224 14225 14101 
3 14100 14224 14101 
3 14223 14224 14100 
3 14099 14223 14100 
3 14222 14223 14099 
3 14098 14222 14099 
3 14221 14222 14098 
3 14097 14221 14098 
3 14220 14221 14097 
3 14096 14220 14097 
3 14219 14220 14096 
3 14095 14219 14096 
3 14218 14219 14095 
3 14094 14218 14095 
3 14217 14218 14094 
3 14093 14217 14094 
3 14216 14217 14093 
3 14092 14216 14093 
3 14215 14216 14092 
3 14091 14215 14092 
3 14214 14215 14091 
3 14090 14214 14091 
3 14213 14214 14090 
3 14089 14213 14090 
3 14212 14213 14089 
3 14088 14212 14089 
3 14211 14212 14088 
3 14087 14211 14088 
3 14210 14211 14087 
3 14086 14210 14087 
3 14209 14210 14086 
3 14085 14209 14086 
3 14208 14209 14085 
3 14084 14208 14085 
3 14207 14208 14084 
3 14083 14207 14084 
3 14206 14207 14083 
3 14204 14205 14082 
3 14081 14204 14082 
3 14203 14204 14081 
3 14080 14203 14081 
3 14202 14203 14080 
3 14079 14202 14080 
3 14201 14202 14079 
3 14078 14201 14079 
3 14200 14201 14078 
3 14077 14200 14078 
3 14199 14200 14077 
3 14076 14199 14077 
3 14198 14199 14076 
3 14075 14198 14076 
3 14197 14198 14075 
3 14074 14197 14075 
3 14196 14197 14074 
3 14073 14196 14074 
3 14195 14196 14073 
3 14072 14195 14073 
3 14194 14195 14072 
3 14071 14194 14072 
3 14069 14193 14070 
3 14192 14193 14069 
3 14068 14192 14069 
3 14191 14192 14068 
3 14067 14191 14068 
3 14190 14191 14067 
3 14066 14190 14067 
3 14189 14190 14066 
3 14065 14189 14066 
3 14188 14189 14065 
3 14064 14188 14065 
3 14187 14188 14064 
3 14063 14187 14064 
3 14186 14187 14063 
3 14184 14185 14062 
3 14061 14184 14062 
3 14183 14184 14061 
3 14060 14183 14061 
3 14182 14183 14060 
3 14059 14182 14060 
3 14181 14182 14059 
3 14058 14181 14059 
3 14180 14181 14058 
3 14057 14180 14058 
3 14179 14180 14057 
3 14056 14179 14057 
3 14178 14179 14056 
3 14055 14178 14056 
3 14177 14178 14055 
3 14175 14176 14054 
3 14053 14175 14054 
3 14174 14175 14053 
3 14052 14174 14053 
3 14173 14174 14052 
3 14051 14173 14052 
3 14172 14173 14051 
3 14050 14172 14051 
3 14171 14172 14050 
3 14049 14171 14050 
3 14170 14171 14049 
3 14048 14170 14049 
3 14169 14170 14048 
3 14047 14169 14048 
3 14168 14169 14047 
3 14166 14167 14046 
3 14045 14166 14046 
3 14165 14166 14045 
3 14044 14165 14045 
3 14164 14165 14044 
3 14043 14164 14044 
3 14163 14164 14043 
3 14042 14163 14043 
3 14162 14163 14042 
3 14041 14162 14042 
3 14161 14162 14041 
3 14040 14161 14041 
3 14160 14161 14040 
3 14039 14160 14040 
3 14159 14160 14039 
3 14157 14158 14038 
3 14037 14157 14038 
3 14156 14157 14037 
3 14036 14156 14037 
3 14034 14155 14035 
3 14154 14155 14034 
3 14033 14154 14034 
3 14153 14154 14033 
3 14032 14153 14033 
3 14152 14153 14032 
3 14031 14152 14032 
3 14151 14152 14031 
3 14030 14151 14031 
3 14150 14151 14030 
3 14029 14150 14030 
3 14149 14150 14029 
3 14028 14149 14029 
3 14148 14149 14028 
3 14146 14147 14027 
3 14026 14146 14027 
3 14145 14146 14026 
3 14025 14145 14026 
3 14144 14145 14025 
3 14024 14144 14025 
3 14143 14144 14024 
3 14023 14143 14024 
3 14142 14143 14023 
3 14022 14142 14023 
3 14141 14142 14022 
3 14021 14141 14022 
3 14140 14141 14021 
3 14020 14140 14021 
3 14139 14140 14020 
3 14019 14139 14020 
3 14138 14139 14019 
3 14018 14138 14019 
3 14137 14138 14018 
3 14017 14137 14018 
3 14136 14137 14017 
3 14016 14136 14017 
3 14135 14136 14016 
3 14015 14135 14016 
3 14134 14135 14015 
3 14014 14134 14015 
3 14133 14134 14014 
3 14012 14132 14013 
3 14131 14132 14012 
3 14011 14131 14012 
3 14130 14131 14011 
3 14010 14130 14011 
3 14129 14130 14010 
3 14009 14129 14010 
3 14128 14129 14009 
3 14008 14128 14009 
3 14127 14128 14008 
3 14007 14127 14008 
3 14126 14127 14007 
3 14124 14125 14006 
3 14005 14124 14006 
3 14123 14124 14005 
3 14004 14123 14005 
3 14002 14122 14003 
3 14121 14122 14002 
3 14001 14121 14002 
3 14120 14121 14001 
3 14000 14120 14001 
3 14119 14120 14000 
3 13999 14119 14000 
3 14118 14119 13999 
3 13998 14118 13999 
3 14117 14118 13998 
3 14115 14116 13997 
3 13996 14115 13997 
3 14114 14115 13996 
3 13995 14114 13996 
3 14113 14114 13995 
3 13994 14113 13995 
3 14112 14113 13994 
3 13993 14112 13994 
3 14111 14112 13993 
3 13992 14111 13993 
3 14110 14111 13992 
3 13991 14110 13992 
3 14109 14110 13991 
3 13755 13878 13756 
3 13877 13878 13755 
3 13754 13877 13755 
3 13876 13877 13754 
3 13753 13876 13754 
3 13875 13876 13753 
3 13752 13875 13753 
3 13874 13875 13752 
3 13751 13874 13752 
3 13873 13874 13751 
3 13750 13873 13751 
3 13872 13873 13750 
3 13749 13872 13750 
3 13871 13872 13749 
3 13748 13871 13749 
3 13870 13871 13748 
3 13747 13870 13748 
3 13869 13870 13747 
3 13746 13869 13747 
3 13868 13869 13746 
3 13745 13868 13746 
3 13867 13868 13745 
3 13744 13867 13745 
3 13866 13867 13744 
3 13743 13866 13744 
3 13865 13866 13743 
3 13742 13865 13743 
3 13864 13865 13742 
3 13741 13864 13742 
3 13863 13864 13741 
3 13740 13863 13741 
3 13862 13863 13740 
3 13739 13862 13740 
3 13861 13862 13739 
3 13738 13861 13739 
3 13860 13861 13738 
3 13737 13860 13738 
3 13859 13860 13737 
3 13857 13858 13736 
3 13855 13856 13735 
3 13734 13855 13735 
3 13854 13855 13734 
3 13733 13854 13734 
3 13853 13854 13733 
3 13732 13853 13733 
3 13852 13853 13732 
3 13731 13852 13732 
3 13851 13852 13731 
3 13730 13851 13731 
3 13850 13851 13730 
3 13729 13850 13730 
3 13849 13850 13729 
3 13728 13849 13729 
3 13848 13849 13728 
3 13727 13848 13728 
3 13847 13848 13727 
3 13845 13846 13726 
3 13725 13845 13726 
3 13844 13845 13725 
3 13724 13844 13725 
3 13843 13844 13724 
3 13723 13843 13724 
3 13842 13843 13723 
3 13722 13842 13723 
3 13841 13842 13722 
3 13721 13841 13722 
3 13840 13841 13721 
3 13720 13840 13721 
3 13718 13839 13719 
3 13838 13839 13718 
3 13717 13838 13718 
3 13837 13838 13717 
3 13716 13837 13717 
3 13836 13837 13716 
3 13715 13836 13716 
3 13835 13836 13715 
3 13714 13835 13715 
3 13834 13835 13714 
3 13713 13834 13714 
3 13833 13834 13713 
3 13712 13833 13713 
3 13832 13833 13712 
3 13830 13831 13711 
3 13710 13830 13711 
3 13829 13830 13710 
3 13709 13829 13710 
3 13828 13829 13709 
3 13826 13827 13708 
3 13823 13824 13707 
3 13706 13823 13707 
3 13822 13823 13706 
3 13705 13822 13706 
3 13703 13821 13704 
3 13820 13821 13703 
3 13702 13820 13703 
3 13819 13820 13702 
3 13701 13819 13702 
3 13818 13819 13701 
3 13700 13818 13701 
3 13817 13818 13700 
3 13699 13817 13700 
3 13816 13817 13699 
3 13698 13816 13699 
3 13815 13816 13698 
3 13697 13815 13698 
3 13814 13815 13697 
3 13696 13814 13697 
3 13694 13813 13695 
3 13812 13813 13694 
3 13693 13812 13694 
3 13811 13812 13693 
3 13809 13810 13692 
3 13806 13807 13691 
3 13690 13806 13691 
3 13805 13806 13690 
3 13687 13803 13688 
3 13802 13803 13687 
3 13686 13802 13687 
3 13801 13802 13686 
3 13685 13801 13686 
3 13800 13801 13685 
3 13684 13800 13685 
3 13799 13800 13684 
3 13683 13799 13684 
3 13798 13799 13683 
3 13682 13798 13683 
3 13797 13798 13682 
3 13681 13797 13682 
3 13796 13797 13681 
3 13680 13796 13681 
3 13795 13796 13680 
3 13679 13795 13680 
3 13794 13795 13679 
3 13678 13794 13679 
3 13793 13794 13678 
3 13677 13793 13678 
3 13792 13793 13677 
3 13676 13792 13677 
3 13791 13792 13676 
3 13675 13791 13676 
3 13790 13791 13675 
3 13788 13789 13674 
3 13673 13788 13674 
3 13671 13787 13672 
3 13786 13787 13671 
3 13670 13786 13671 
3 13785 13786 13670 
3 13669 13785 13670 
3 13784 13785 13669 
3 13668 13784 13669 
3 13783 13784 13668 
3 13667 13783 13668 
3 13782 13783 13667 
3 13666 13782 13667 
3 13781 13782 13666 
3 13665 13781 13666 
3 13780 13781 13665 
3 13664 13780 13665 
3 13779 13780 13664 
3 13663 13779 13664 
3 13778 13779 13663 
3 13662 13778 13663 
3 13777 13778 13662 
3 13661 13777 13662 
3 13776 13777 13661 
3 13660 13776 13661 
3 13775 13776 13660 
3 13659 13775 13660 
3 13774 13775 13659 
3 13658 13774 13659 
3 13773 13774 13658 
3 13657 13773 13658 
3 13772 13773 13657 
3 13656 13772 13657 
3 13771 13772 13656 
3 13655 13771 13656 
3 13770 13771 13655 
3 13654 13770 13655 
3 13769 13770 13654 
3 13653 13769 13654 
3 13768 13769 13653 
3 13652 13768 13653 
3 13767 13768 13652 
3 13765 13766 13651 
3 13650 13765 13651 
3 13764 13765 13650 
3 13649 13764 13650 
3 13763 13764 13649 
3 13648 13763 13649 
3 13762 13763 13648 
3 13647 13762 13648 
3 13761 13762 13647 
3 13646 13761 13647 
3 13760 13761 13646 
3 13645 13760 13646 
3 13759 13760 13645 
3 13644 13759 13645 
3 13758 13759 13644 
3 13643 13758 13644 
3 13757 13758 13643 
3 13877 13990 13878 
3 13989 13990 13877 
3 13876 13989 13877 
3 13988 13989 13876 
3 13875 13988 13876 
3 13987 13988 13875 
3 13874 13987 13875 
3 13986 13987 13874 
3 13873 13986 13874 
3 13985 13986 13873 
3 13872 13985 13873 
3 13984 13985 13872 
3 13871 13984 13872 
3 13983 13984 13871 
3 13870 13983 13871 
3 13982 13983 13870 
3 13869 13982 13870 
3 13981 13982 13869 
3 13868 13981 13869 
3 13980 13981 13868 
3 13867 13980 13868 
3 13979 13980 13867 
3 13866 13979 13867 
3 13978 13979 13866 
3 13865 13978 13866 
3 13977 13978 13865 
3 13864 13977 13865 
3 13976 13977 13864 
3 13863 13976 13864 
3 13975 13976 13863 
3 13862 13975 13863 
3 13974 13975 13862 
3 13861 13974 13862 
3 13973 13974 13861 
3 13860 13973 13861 
3 13972 13973 13860 
3 13859 13972 13860 
3 13971 13972 13859 
3 13858 13971 13859 
3 13970 13971 13858 
3 13857 13970 13858 
3 13969 13970 13857 
3 13856 13969 13857 
3 13968 13969 13856 
3 13855 13968 13856 
3 13967 13968 13855 
3 13854 13967 13855 
3 13851 13966 13852 
3 13965 13966 13851 
3 13850 13965 13851 
3 13964 13965 13850 
3 13849 13964 13850 
3 13963 13964 13849 
3 13848 13963 13849 
3 13962 13963 13848 
3 13847 13962 13848 
3 13845 13961 13846 
3 13960 13961 13845 
3 13844 13960 13845 
3 13959 13960 13844 
3 13843 13959 13844 
3 13958 13959 13843 
3 13842 13958 13843 
3 13957 13958 13842 
3 13841 13957 13842 
3 13956 13957 13841 
3 13840 13956 13841 
3 13955 13956 13840 
3 13838 13954 13839 
3 13953 13954 13838 
3 13837 13953 13838 
3 13952 13953 13837 
3 13836 13952 13837 
3 13951 13952 13836 
3 13835 13951 13836 
3 13950 13951 13835 
3 13834 13950 13835 
3 13832 13949 13833 
3 13948 13949 13832 
3 13831 13948 13832 
3 13947 13948 13831 
3 13830 13947 13831 
3 13946 13947 13830 
3 13829 13946 13830 
3 13945 13946 13829 
3 13828 13945 13829 
3 13944 13945 13828 
3 13942 13943 13827 
3 13826 13942 13827 
3 13941 13942 13826 
3 13825 13941 13826 
3 13940 13941 13825 
3 13824 13940 13825 
3 13939 13940 13824 
3 13823 13939 13824 
3 13938 13939 13823 
3 13822 13938 13823 
3 13937 13938 13822 
3 13935 13936 13821 
3 13820 13935 13821 
3 13934 13935 13820 
3 13819 13934 13820 
3 13933 13934 13819 
3 13818 13933 13819 
3 13816 13932 13817 
3 13931 13932 13816 
3 13815 13931 13816 
3 13930 13931 13815 
3 13814 13930 13815 
3 13928 13929 13813 
3 13812 13928 13813 
3 13810 13927 13811 
3 13808 13926 13809 
3 13925 13926 13808 
3 13807 13925 13808 
3 13924 13925 13807 
3 13806 13924 13807 
3 13804 13923 13805 
3 13922 13923 13804 
3 13920 13921 13803 
3 13802 13920 13803 
3 13919 13920 13802 
3 13801 13919 13802 
3 13918 13919 13801 
3 13800 13918 13801 
3 13917 13918 13800 
3 13799 13917 13800 
3 13916 13917 13799 
3 13798 13916 13799 
3 13915 13916 13798 
3 13797 13915 13798 
3 13914 13915 13797 
3 13796 13914 13797 
3 13913 13914 13796 
3 13795 13913 13796 
3 13912 13913 13795 
3 13794 13912 13795 
3 13911 13912 13794 
3 13793 13911 13794 
3 13910 13911 13793 
3 13792 13910 13793 
3 13909 13910 13792 
3 13791 13909 13792 
3 13908 13909 13791 
3 13790 13908 13791 
3 13907 13908 13790 
3 13789 13907 13790 
3 13906 13907 13789 
3 13788 13906 13789 
3 13905 13906 13788 
3 13903 13904 13787 
3 13786 13903 13787 
3 13902 13903 13786 
3 13785 13902 13786 
3 13783 13901 13784 
3 13900 13901 13783 
3 13782 13900 13783 
3 13899 13900 13782 
3 13781 13899 13782 
3 13898 13899 13781 
3 13780 13898 13781 
3 13897 13898 13780 
3 13779 13897 13780 
3 13896 13897 13779 
3 13778 13896 13779 
3 13895 13896 13778 
3 13777 13895 13778 
3 13894 13895 13777 
3 13776 13894 13777 
3 13893 13894 13776 
3 13775 13893 13776 
3 13892 13893 13775 
3 13774 13892 13775 
3 13891 13892 13774 
3 13773 13891 13774 
3 13890 13891 13773 
3 13772 13890 13773 
3 13889 13890 13772 
3 13771 13889 13772 
3 13888 13889 13771 
3 13770 13888 13771 
3 13887 13888 13770 
3 13769 13887 13770 
3 13886 13887 13769 
3 13768 13886 13769 
3 13885 13886 13768 
3 13767 13885 13768 
3 13764 13884 13765 
3 13883 13884 13764 
3 13763 13883 13764 
3 13882 13883 13763 
3 13762 13882 13763 
3 13881 13882 13762 
3 13761 13881 13762 
3 13759 13880 13760 
3 13757 13879 13758 
3 13755 13756 13642 
3 13641 13755 13642 
3 13754 13755 13641 
3 13640 13754 13641 
3 13753 13754 13640 
3 13639 13753 13640 
3 13752 13753 13639 
3 13638 13752 13639 
3 13751 13752 13638 
3 13637 13751 13638 
3 13750 13751 13637 
3 13636 13750 13637 
3 13749 13750 13636 
3 13635 13749 13636 
3 13748 13749 13635 
3 13634 13748 13635 
3 13747 13748 13634 
3 13745 13746 13633 
3 13632 13745 13633 
3 13744 13745 13632 
3 13631 13744 13632 
3 13743 13744 13631 
3 13630 13743 13631 
3 13742 13743 13630 
3 13629 13742 13630 
3 13741 13742 13629 
3 13628 13741 13629 
3 13740 13741 13628 
3 13627 13740 13628 
3 13739 13740 13627 
3 13626 13739 13627 
3 13738 13739 13626 
3 13625 13738 13626 
3 13737 13738 13625 
3 13623 13736 13624 
3 13621 13735 13622 
3 13734 13735 13621 
3 13620 13734 13621 
3 13733 13734 13620 
3 13619 13733 13620 
3 13732 13733 13619 
3 13618 13732 13619 
3 13731 13732 13618 
3 13617 13731 13618 
3 13730 13731 13617 
3 13616 13730 13617 
3 13729 13730 13616 
3 13615 13729 13616 
3 13728 13729 13615 
3 13614 13728 13615 
3 13727 13728 13614 
3 13612 13726 13613 
3 13725 13726 13612 
3 13611 13725 13612 
3 13724 13725 13611 
3 13610 13724 13611 
3 13723 13724 13610 
3 13609 13723 13610 
3 13722 13723 13609 
3 13608 13722 13609 
3 13721 13722 13608 
3 13607 13721 13608 
3 13720 13721 13607 
3 13606 13720 13607 
3 13719 13720 13606 
3 13717 13718 13605 
3 13715 13716 13604 
3 13603 13715 13604 
3 13714 13715 13603 
3 13602 13714 13603 
3 13713 13714 13602 
3 13601 13713 13602 
3 13712 13713 13601 
3 13599 13711 13600 
3 13710 13711 13599 
3 13598 13710 13599 
3 13709 13710 13598 
3 13597 13709 13598 
3 13595 13708 13596 
3 13592 13707 13593 
3 13706 13707 13592 
3 13591 13706 13592 
3 13705 13706 13591 
3 13590 13705 13591 
3 13704 13705 13590 
3 13589 13704 13590 
3 13703 13704 13589 
3 13588 13703 13589 
3 13702 13703 13588 
3 13587 13702 13588 
3 13701 13702 13587 
3 13586 13701 13587 
3 13700 13701 13586 
3 13585 13700 13586 
3 13699 13700 13585 
3 13584 13699 13585 
3 13698 13699 13584 
3 13583 13698 13584 
3 13697 13698 13583 
3 13582 13697 13583 
3 13696 13697 13582 
3 13581 13696 13582 
3 13695 13696 13581 
3 13580 13695 13581 
3 13694 13695 13580 
3 13579 13694 13580 
3 13693 13694 13579 
3 13578 13693 13579 
3 13574 13689 13575 
3 13688 13689 13574 
3 13573 13688 13574 
3 13687 13688 13573 
3 13572 13687 13573 
3 13686 13687 13572 
3 13571 13686 13572 
3 13685 13686 13571 
3 13570 13685 13571 
3 13684 13685 13570 
3 13569 13684 13570 
3 13683 13684 13569 
3 13568 13683 13569 
3 13682 13683 13568 
3 13567 13682 13568 
3 13681 13682 13567 
3 13566 13681 13567 
3 13680 13681 13566 
3 13565 13680 13566 
3 13679 13680 13565 
3 13564 13679 13565 
3 13678 13679 13564 
3 13563 13678 13564 
3 13677 13678 13563 
3 13562 13677 13563 
3 13676 13677 13562 
3 13561 13676 13562 
3 13675 13676 13561 
3 13559 13674 13560 
3 13673 13674 13559 
3 13558 13673 13559 
3 13672 13673 13558 
3 13557 13672 13558 
3 13671 13672 13557 
3 13669 13670 13556 
3 13555 13669 13556 
3 13668 13669 13555 
3 13666 13667 13554 
3 13553 13666 13554 
3 13665 13666 13553 
3 13552 13665 13553 
3 13664 13665 13552 
3 13551 13664 13552 
3 13663 13664 13551 
3 13550 13663 13551 
3 13662 13663 13550 
3 13549 13662 13550 
3 13661 13662 13549 
3 13548 13661 13549 
3 13660 13661 13548 
3 13547 13660 13548 
3 13659 13660 13547 
3 13546 13659 13547 
3 13658 13659 13546 
3 13545 13658 13546 
3 13657 13658 13545 
3 13544 13657 13545 
3 13656 13657 13544 
3 13543 13656 13544 
3 13655 13656 13543 
3 13542 13655 13543 
3 13654 13655 13542 
3 13541 13654 13542 
3 13653 13654 13541 
3 13540 13653 13541 
3 13652 13653 13540 
3 13539 13652 13540 
3 13537 13651 13538 
3 13650 13651 13537 
3 13536 13650 13537 
3 13649 13650 13536 
3 13535 13649 13536 
3 13648 13649 13535 
3 13534 13648 13535 
3 13647 13648 13534 
3 13533 13647 13534 
3 13646 13647 13533 
3 13532 13646 13533 
3 13645 13646 13532 
3 13531 13645 13532 
3 13644 13645 13531 
3 13530 13644 13531 
3 13643 13644 13530 
3 12570 12683 12571 
3 12682 12683 12570 
3 12569 12682 12570 
3 12567 12681 12568 
3 12680 12681 12567 
3 12566 12680 12567 
3 12679 12680 12566 
3 12565 12679 12566 
3 12678 12679 12565 
3 12564 12678 12565 
3 12677 12678 12564 
3 12563 12677 12564 
3 12676 12677 12563 
3 12562 12676 12563 
3 12675 12676 12562 
3 12561 12675 12562 
3 12674 12675 12561 
3 12560 12674 12561 
3 12673 12674 12560 
3 12559 12673 12560 
3 12672 12673 12559 
3 12558 12672 12559 
3 12671 12672 12558 
3 12557 12671 12558 
3 12670 12671 12557 
3 12556 12670 12557 
3 12669 12670 12556 
3 12555 12669 12556 
3 12668 12669 12555 
3 12554 12668 12555 
3 12667 12668 12554 
3 12553 12667 12554 
3 12666 12667 12553 
3 12552 12666 12553 
3 12665 12666 12552 
3 12551 12665 12552 
3 12549 12664 12550 
3 12547 12663 12548 
3 12662 12663 12547 
3 12546 12662 12547 
3 12661 12662 12546 
3 12545 12661 12546 
3 12660 12661 12545 
3 12544 12660 12545 
3 12542 12659 12543 
3 12539 12657 12540 
3 12656 12657 12539 
3 12538 12656 12539 
3 12655 12656 12538 
3 12537 12655 12538 
3 12535 12654 12536 
3 12653 12654 12535 
3 12534 12653 12535 
3 12532 12652 12533 
3 12651 12652 12532 
3 12531 12651 12532 
3 12648 12649 12529 
3 12525 12647 12526 
3 12646 12647 12525 
3 12524 12646 12525 
3 12645 12646 12524 
3 12523 12645 12524 
3 12644 12645 12523 
3 12522 12644 12523 
3 12643 12644 12522 
3 12521 12643 12522 
3 12519 12642 12520 
3 12641 12642 12519 
3 12518 12641 12519 
3 12516 12640 12517 
3 12514 12639 12515 
3 12638 12639 12514 
3 12513 12638 12514 
3 12637 12638 12513 
3 12512 12637 12513 
3 12636 12637 12512 
3 12511 12636 12512 
3 12635 12636 12511 
3 12510 12635 12511 
3 12634 12635 12510 
3 12509 12634 12510 
3 12633 12634 12509 
3 12508 12633 12509 
3 12632 12633 12508 
3 12507 12632 12508 
3 12631 12632 12507 
3 12506 12631 12507 
3 12630 12631 12506 
3 12505 12630 12506 
3 12629 12630 12505 
3 12504 12629 12505 
3 12628 12629 12504 
3 12503 12628 12504 
3 12627 12628 12503 
3 12502 12627 12503 
3 12626 12627 12502 
3 12501 12626 12502 
3 12625 12626 12501 
3 12500 12625 12501 
3 12624 12625 12500 
3 12622 12623 12499 
3 12498 12622 12499 
3 12621 12622 12498 
3 12497 12621 12498 
3 12620 12621 12497 
3 12496 12620 12497 
3 12619 12620 12496 
3 12495 12619 12496 
3 12618 12619 12495 
3 12494 12618 12495 
3 12617 12618 12494 
3 12493 12617 12494 
3 12616 12617 12493 
3 12492 12616 12493 
3 12615 12616 12492 
3 12491 12615 12492 
3 12614 12615 12491 
3 12490 12614 12491 
3 12613 12614 12490 
3 12489 12613 12490 
3 12612 12613 12489 
3 12488 12612 12489 
3 12611 12612 12488 
3 12487 12611 12488 
3 12610 12611 12487 
3 12486 12610 12487 
3 12609 12610 12486 
3 12485 12609 12486 
3 12608 12609 12485 
3 12606 12607 12484 
3 12483 12606 12484 
3 12605 12606 12483 
3 12482 12605 12483 
3 12604 12605 12482 
3 12481 12604 12482 
3 12603 12604 12481 
3 12480 12603 12481 
3 12602 12603 12480 
3 12479 12602 12480 
3 12601 12602 12479 
3 12478 12601 12479 
3 12600 12601 12478 
3 12477 12600 12478 
3 12599 12600 12477 
3 12597 12598 12476 
3 12475 12597 12476 
3 12596 12597 12475 
3 12594 12595 12474 
3 12592 12593 12473 
3 12472 12592 12473 
3 12591 12592 12472 
3 12471 12591 12472 
3 12590 12591 12471 
3 12588 12589 12470 
3 12469 12588 12470 
3 12587 12588 12469 
3 12468 12587 12469 
3 12586 12587 12468 
3 12467 12586 12468 
3 12585 12586 12467 
3 12466 12585 12467 
3 12584 12585 12466 
3 12465 12584 12466 
3 12583 12584 12465 
3 12463 12582 12464 
3 12581 12582 12463 
3 12579 12580 12462 
3 12461 12579 12462 
3 12578 12579 12461 
3 12460 12578 12461 
3 12577 12578 12460 
3 12459 12577 12460 
3 12576 12577 12459 
3 12458 12576 12459 
3 12575 12576 12458 
3 12457 12575 12458 
3 12574 12575 12457 
3 12456 12574 12457 
3 12573 12574 12456 
3 12455 12573 12456 
3 12572 12573 12455 
3 13043 13167 13044 
3 13166 13167 13043 
3 13042 13166 13043 
3 13165 13166 13042 
3 13041 13165 13042 
3 13164 13165 13041 
3 13040 13164 13041 
3 13163 13164 13040 
3 13039 13163 13040 
3 13162 13163 13039 
3 13038 13162 13039 
3 13161 13162 13038 
3 13037 13161 13038 
3 13160 13161 13037 
3 13036 13160 13037 
3 13159 13160 13036 
3 13035 13159 13036 
3 13158 13159 13035 
3 13034 13158 13035 
3 13157 13158 13034 
3 13033 13157 13034 
3 13156 13157 13033 
3 13154 13155 13032 
3 13031 13154 13032 
3 13153 13154 13031 
3 13030 13153 13031 
3 13152 13153 13030 
3 13029 13152 13030 
3 13151 13152 13029 
3 13028 13151 13029 
3 13150 13151 13028 
3 13027 13150 13028 
3 13149 13150 13027 
3 13026 13149 13027 
3 13148 13149 13026 
3 13025 13148 13026 
3 13147 13148 13025 
3 13024 13147 13025 
3 13146 13147 13024 
3 13023 13146 13024 
3 13145 13146 13023 
3 13022 13145 13023 
3 13144 13145 13022 
3 13021 13144 13022 
3 13143 13144 13021 
3 13020 13143 13021 
3 13142 13143 13020 
3 13019 13142 13020 
3 13141 13142 13019 
3 13018 13141 13019 
3 13140 13141 13018 
3 13017 13140 13018 
3 13139 13140 13017 
3 13016 13139 13017 
3 13138 13139 13016 
3 13015 13138 13016 
3 13137 13138 13015 
3 13014 13137 13015 
3 13136 13137 13014 
3 13013 13136 13014 
3 13135 13136 13013 
3 13133 13134 13012 
3 13011 13133 13012 
3 13132 13133 13011 
3 13010 13132 13011 
3 13131 13132 13010 
3 13009 13131 13010 
3 13130 13131 13009 
3 13008 13130 13009 
3 13129 13130 13008 
3 13007 13129 13008 
3 13128 13129 13007 
3 13006 13128 13007 
3 13127 13128 13006 
3 13005 13127 13006 
3 13126 13127 13005 
3 13004 13126 13005 
3 13125 13126 13004 
3 13003 13125 13004 
3 13124 13125 13003 
3 13002 13124 13003 
3 13123 13124 13002 
3 13001 13123 13002 
3 13122 13123 13001 
3 13000 13122 13001 
3 13121 13122 13000 
3 12999 13121 13000 
3 13120 13121 12999 
3 12998 13120 12999 
3 12995 13119 12996 
3 13118 13119 12995 
3 12994 13118 12995 
3 13117 13118 12994 
3 12993 13117 12994 
3 13116 13117 12993 
3 12992 13116 12993 
3 13115 13116 12992 
3 12991 13115 12992 
3 13114 13115 12991 
3 12990 13114 12991 
3 13113 13114 12990 
3 12989 13113 12990 
3 13112 13113 12989 
3 12988 13112 12989 
3 13111 13112 12988 
3 12987 13111 12988 
3 13110 13111 12987 
3 12986 13110 12987 
3 13109 13110 12986 
3 13107 13108 12985 
3 12984 13107 12985 
3 13106 13107 12984 
3 12983 13106 12984 
3 12981 13105 12982 
3 13104 13105 12981 
3 12980 13104 12981 
3 12978 13103 12979 
3 13102 13103 12978 
3 12977 13102 12978 
3 13101 13102 12977 
3 12976 13101 12977 
3 13100 13101 12976 
3 12975 13100 12976 
3 13099 13100 12975 
3 12974 13099 12975 
3 13098 13099 12974 
3 12973 13098 12974 
3 13097 13098 12973 
3 12972 13097 12973 
3 13096 13097 12972 
3 12971 13096 12972 
3 13095 13096 12971 
3 12970 13095 12971 
3 13094 13095 12970 
3 12969 13094 12970 
3 13093 13094 12969 
3 12968 13093 12969 
3 13092 13093 12968 
3 12967 13092 12968 
3 13091 13092 12967 
3 12966 13091 12967 
3 13090 13091 12966 
3 12965 13090 12966 
3 13089 13090 12965 
3 12964 13089 12965 
3 13088 13089 12964 
3 12963 13088 12964 
3 13087 13088 12963 
3 12962 13087 12963 
3 13086 13087 12962 
3 12961 13086 12962 
3 13085 13086 12961 
3 12960 13085 12961 
3 13084 13085 12960 
3 12959 13084 12960 
3 13083 13084 12959 
3 12958 13083 12959 
3 13082 13083 12958 
3 12957 13082 12958 
3 13081 13082 12957 
3 12956 13081 12957 
3 13080 13081 12956 
3 12955 13080 12956 
3 13079 13080 12955 
3 12954 13079 12955 
3 13078 13079 12954 
3 12953 13078 12954 
3 13077 13078 12953 
3 12952 13077 12953 
3 13076 13077 12952 
3 12951 13076 12952 
3 13075 13076 12951 
3 12950 13075 12951 
3 13072 13073 12948 
3 12947 13072 12948 
3 13071 13072 12947 
3 12946 13071 12947 
3 13070 13071 12946 
3 12945 13070 12946 
3 13069 13070 12945 
3 12944 13069 12945 
3 13068 13069 12944 
3 12943 13068 12944 
3 13067 13068 12943 
3 12942 13067 12943 
3 13066 13067 12942 
3 12941 13066 12942 
3 13065 13066 12941 
3 12940 13065 12941 
3 13064 13065 12940 
3 12939 13064 12940 
3 13063 13064 12939 
3 12938 13063 12939 
3 13062 13063 12938 
3 12937 13062 12938 
3 13061 13062 12937 
3 12936 13061 12937 
3 13060 13061 12936 
3 12935 13060 12936 
3 13059 13060 12935 
3 12934 13059 12935 
3 13058 13059 12934 
3 12933 13058 12934 
3 13057 13058 12933 
3 12932 13057 12933 
3 13056 13057 12932 
3 12931 13056 12932 
3 13055 13056 12931 
3 12930 13055 12931 
3 13054 13055 12930 
3 12929 13054 12930 
3 13053 13054 12929 
3 12928 13053 12929 
3 13052 13053 12928 
3 12927 13052 12928 
3 13051 13052 12927 
3 12926 13051 12927 
3 13050 13051 12926 
3 12925 13050 12926 
3 13049 13050 12925 
3 12924 13049 12925 
3 13048 13049 12924 
3 12923 13048 12924 
3 13047 13048 12923 
3 12922 13047 12923 
3 13046 13047 12922 
3 12921 13046 12922 
3 13045 13046 12921 
3 13285 13407 13286 
3 13406 13407 13285 
3 13284 13406 13285 
3 13405 13406 13284 
3 13283 13405 13284 
3 13404 13405 13283 
3 13282 13404 13283 
3 13403 13404 13282 
3 13281 13403 13282 
3 13402 13403 13281 
3 13280 13402 13281 
3 13401 13402 13280 
3 13279 13401 13280 
3 13400 13401 13279 
3 13278 13400 13279 
3 13399 13400 13278 
3 13277 13399 13278 
3 13398 13399 13277 
3 13276 13398 13277 
3 13397 13398 13276 
3 13275 13397 13276 
3 13396 13397 13275 
3 13274 13396 13275 
3 13395 13396 13274 
3 13273 13395 13274 
3 13394 13395 13273 
3 13272 13394 13273 
3 13270 13393 13271 
3 13392 13393 13270 
3 13268 13391 13269 
3 13390 13391 13268 
3 13267 13390 13268 
3 13389 13390 13267 
3 13387 13388 13266 
3 13265 13387 13266 
3 13386 13387 13265 
3 13264 13386 13265 
3 13385 13386 13264 
3 13263 13385 13264 
3 13384 13385 13263 
3 13262 13384 13263 
3 13383 13384 13262 
3 13261 13383 13262 
3 13382 13383 13261 
3 13260 13382 13261 
3 13381 13382 13260 
3 13259 13381 13260 
3 13380 13381 13259 
3 13258 13380 13259 
3 13379 13380 13258 
3 13257 13379 13258 
3 13378 13379 13257 
3 13256 13378 13257 
3 13377 13378 13256 
3 13255 13377 13256 
3 13376 13377 13255 
3 13254 13376 13255 
3 13375 13376 13254 
3 13253 13375 13254 
3 13374 13375 13253 
3 13252 13374 13253 
3 13373 13374 13252 
3 13251 13373 13252 
3 13372 13373 13251 
3 13250 13372 13251 
3 13371 13372 13250 
3 13249 13371 13250 
3 13370 13371 13249 
3 13247 13369 13248 
3 13368 13369 13247 
3 13246 13368 13247 
3 13367 13368 13246 
3 13245 13367 13246 
3 13366 13367 13245 
3 13244 13366 13245 
3 13365 13366 13244 
3 13243 13365 13244 
3 13364 13365 13243 
3 13242 13364 13243 
3 13240 13363 13241 
3 13362 13363 13240 
3 13239 13362 13240 
3 13361 13362 13239 
3 13359 13360 13238 
3 13237 13359 13238 
3 13358 13359 13237 
3 13236 13358 13237 
3 13357 13358 13236 
3 13235 13357 13236 
3 13356 13357 13235 
3 13234 13356 13235 
3 13232 13355 13233 
3 13354 13355 13232 
3 13231 13354 13232 
3 13353 13354 13231 
3 13230 13353 13231 
3 13352 13353 13230 
3 13229 13352 13230 
3 13351 13352 13229 
3 13228 13351 13229 
3 13350 13351 13228 
3 13227 13350 13228 
3 13349 13350 13227 
3 13226 13349 13227 
3 13348 13349 13226 
3 13225 13348 13226 
3 13347 13348 13225 
3 13345 13346 13224 
3 13223 13345 13224 
3 13344 13345 13223 
3 13222 13344 13223 
3 13343 13344 13222 
3 13221 13343 13222 
3 13342 13343 13221 
3 13220 13342 13221 
3 13341 13342 13220 
3 13219 13341 13220 
3 13340 13341 13219 
3 13218 13340 13219 
3 13339 13340 13218 
3 13217 13339 13218 
3 13338 13339 13217 
3 13216 13338 13217 
3 13337 13338 13216 
3 13215 13337 13216 
3 13336 13337 13215 
3 13214 13336 13215 
3 13335 13336 13214 
3 13213 13335 13214 
3 13334 13335 13213 
3 13212 13334 13213 
3 13333 13334 13212 
3 13211 13333 13212 
3 13332 13333 13211 
3 13210 13332 13211 
3 13331 13332 13210 
3 13209 13331 13210 
3 13330 13331 13209 
3 13208 13330 13209 
3 13329 13330 13208 
3 13207 13329 13208 
3 13328 13329 13207 
3 13326 13327 13206 
3 13324 13325 13205 
3 13204 13324 13205 
3 13323 13324 13204 
3 13203 13323 13204 
3 13322 13323 13203 
3 13202 13322 13203 
3 13321 13322 13202 
3 13201 13321 13202 
3 13320 13321 13201 
3 13200 13320 13201 
3 13319 13320 13200 
3 13199 13319 13200 
3 13318 13319 13199 
3 13198 13318 13199 
3 13317 13318 13198 
3 13197 13317 13198 
3 13315 13316 13196 
3 13195 13315 13196 
3 13314 13315 13195 
3 13194 13314 13195 
3 13313 13314 13194 
3 13193 13313 13194 
3 13312 13313 13193 
3 13192 13312 13193 
3 13311 13312 13192 
3 13191 13311 13192 
3 13189 13310 13190 
3 13309 13310 13189 
3 13188 13309 13189 
3 13308 13309 13188 
3 13187 13308 13188 
3 13307 13308 13187 
3 13186 13307 13187 
3 13306 13307 13186 
3 13304 13305 13185 
3 13184 13304 13185 
3 13303 13304 13184 
3 13183 13303 13184 
3 13302 13303 13183 
3 13182 13302 13183 
3 13301 13302 13182 
3 13181 13301 13182 
3 13300 13301 13181 
3 13180 13300 13181 
3 13299 13300 13180 
3 13179 13299 13180 
3 13298 13299 13179 
3 13178 13298 13179 
3 13297 13298 13178 
3 13177 13297 13178 
3 13296 13297 13177 
3 13176 13296 13177 
3 13295 13296 13176 
3 13175 13295 13176 
3 13294 13295 13175 
3 13174 13294 13175 
3 13293 13294 13174 
3 13173 13293 13174 
3 13292 13293 13173 
3 13172 13292 13173 
3 13291 13292 13172 
3 13171 13291 13172 
3 13290 13291 13171 
3 13170 13290 13171 
3 13289 13290 13170 
3 13169 13289 13170 
3 13288 13289 13169 
3 13168 13288 13169 
3 13287 13288 13168 
3 13406 13529 13407 
3 13528 13529 13406 
3 13405 13528 13406 
3 13527 13528 13405 
3 13404 13527 13405 
3 13402 13526 13403 
3 13525 13526 13402 
3 13401 13525 13402 
3 13524 13525 13401 
3 13400 13524 13401 
3 13523 13524 13400 
3 13399 13523 13400 
3 13522 13523 13399 
3 13398 13522 13399 
3 13521 13522 13398 
3 13397 13521 13398 
3 13520 13521 13397 
3 13396 13520 13397 
3 13519 13520 13396 
3 13395 13519 13396 
3 13518 13519 13395 
3 13394 13518 13395 
3 13517 13518 13394 
3 13392 13516 13393 
3 13515 13516 13392 
3 13513 13514 13391 
3 13390 13513 13391 
3 13512 13513 13390 
3 13389 13512 13390 
3 13511 13512 13389 
3 13388 13511 13389 
3 13510 13511 13388 
3 13387 13510 13388 
3 13509 13510 13387 
3 13386 13509 13387 
3 13508 13509 13386 
3 13385 13508 13386 
3 13507 13508 13385 
3 13384 13507 13385 
3 13506 13507 13384 
3 13383 13506 13384 
3 13505 13506 13383 
3 13382 13505 13383 
3 13504 13505 13382 
3 13381 13504 13382 
3 13503 13504 13381 
3 13380 13503 13381 
3 13502 13503 13380 
3 13379 13502 13380 
3 13501 13502 13379 
3 13378 13501 13379 
3 13500 13501 13378 
3 13377 13500 13378 
3 13499 13500 13377 
3 13376 13499 13377 
3 13498 13499 13376 
3 13375 13498 13376 
3 13497 13498 13375 
3 13374 13497 13375 
3 13496 13497 13374 
3 13373 13496 13374 
3 13495 13496 13373 
3 13372 13495 13373 
3 13494 13495 13372 
3 13371 13494 13372 
3 13493 13494 13371 
3 13370 13493 13371 
3 13492 13493 13370 
3 13367 13490 13368 
3 13489 13490 13367 
3 13366 13489 13367 
3 13488 13489 13366 
3 13365 13488 13366 
3 13487 13488 13365 
3 13364 13487 13365 
3 13486 13487 13364 
3 13484 13485 13363 
3 13362 13484 13363 
3 13483 13484 13362 
3 13361 13483 13362 
3 13482 13483 13361 
3 13360 13482 13361 
3 13481 13482 13360 
3 13359 13481 13360 
3 13480 13481 13359 
3 13358 13480 13359 
3 13479 13480 13358 
3 13357 13479 13358 
3 13478 13479 13357 
3 13356 13478 13357 
3 13477 13478 13356 
3 13353 13475 13354 
3 13474 13475 13353 
3 13352 13474 13353 
3 13473 13474 13352 
3 13351 13473 13352 
3 13472 13473 13351 
3 13350 13472 13351 
3 13471 13472 13350 
3 13349 13471 13350 
3 13470 13471 13349 
3 13348 13470 13349 
3 13469 13470 13348 
3 13347 13469 13348 
3 13468 13469 13347 
3 13346 13468 13347 
3 13467 13468 13346 
3 13345 13467 13346 
3 13466 13467 13345 
3 13344 13466 13345 
3 13465 13466 13344 
3 13343 13465 13344 
3 13464 13465 13343 
3 13342 13464 13343 
3 13463 13464 13342 
3 13341 13463 13342 
3 13462 13463 13341 
3 13340 13462 13341 
3 13461 13462 13340 
3 13339 13461 13340 
3 13460 13461 13339 
3 13338 13460 13339 
3 13459 13460 13338 
3 13337 13459 13338 
3 13458 13459 13337 
3 13336 13458 13337 
3 13457 13458 13336 
3 13335 13457 13336 
3 13456 13457 13335 
3 13334 13456 13335 
3 13455 13456 13334 
3 13333 13455 13334 
3 13454 13455 13333 
3 13332 13454 13333 
3 13453 13454 13332 
3 13331 13453 13332 
3 13452 13453 13331 
3 13330 13452 13331 
3 13451 13452 13330 
3 13329 13451 13330 
3 13450 13451 13329 
3 13328 13450 13329 
3 13449 13450 13328 
3 13327 13449 13328 
3 13448 13449 13327 
3 13326 13448 13327 
3 13447 13448 13326 
3 13325 13447 13326 
3 13446 13447 13325 
3 13324 13446 13325 
3 13445 13446 13324 
3 13323 13445 13324 
3 13444 13445 13323 
3 13322 13444 13323 
3 13443 13444 13322 
3 13321 13443 13322 
3 13442 13443 13321 
3 13320 13442 13321 
3 13441 13442 13320 
3 13319 13441 13320 
3 13440 13441 13319 
3 13318 13440 13319 
3 13439 13440 13318 
3 13317 13439 13318 
3 13315 13438 13316 
3 13437 13438 13315 
3 13314 13437 13315 
3 13436 13437 13314 
3 13313 13436 13314 
3 13435 13436 13313 
3 13312 13435 13313 
3 13434 13435 13312 
3 13311 13434 13312 
3 13433 13434 13311 
3 13431 13432 13310 
3 13309 13431 13310 
3 13430 13431 13309 
3 13308 13430 13309 
3 13429 13430 13308 
3 13307 13429 13308 
3 13428 13429 13307 
3 13306 13428 13307 
3 13427 13428 13306 
3 13305 13427 13306 
3 13426 13427 13305 
3 13304 13426 13305 
3 13425 13426 13304 
3 13303 13425 13304 
3 13424 13425 13303 
3 13302 13424 13303 
3 13423 13424 13302 
3 13301 13423 13302 
3 13422 13423 13301 
3 13300 13422 13301 
3 13421 13422 13300 
3 13299 13421 13300 
3 13420 13421 13299 
3 13298 13420 13299 
3 13419 13420 13298 
3 13297 13419 13298 
3 13418 13419 13297 
3 13296 13418 13297 
3 13417 13418 13296 
3 13295 13417 13296 
3 13416 13417 13295 
3 13294 13416 13295 
3 13415 13416 13294 
3 13293 13415 13294 
3 13414 13415 13293 
3 13292 13414 13293 
3 13413 13414 13292 
3 13291 13413 13292 
3 13412 13413 13291 
3 13290 13412 13291 
3 13411 13412 13290 
3 13289 13411 13290 
3 13410 13411 13289 
3 13288 13410 13289 
3 13409 13410 13288 
3 13287 13409 13288 
3 13408 13409 13287 
3 13166 13286 13167 
3 13285 13286 13166 
3 13165 13285 13166 
3 13284 13285 13165 
3 13164 13284 13165 
3 13283 13284 13164 
3 13163 13283 13164 
3 13282 13283 13163 
3 13162 13282 13163 
3 13281 13282 13162 
3 13161 13281 13162 
3 13280 13281 13161 
3 13160 13280 13161 
3 13279 13280 13160 
3 13159 13279 13160 
3 13278 13279 13159 
3 13158 13278 13159 
3 13277 13278 13158 
3 13157 13277 13158 
3 13276 13277 13157 
3 13156 13276 13157 
3 13275 13276 13156 
3 13155 13275 13156 
3 13274 13275 13155 
3 13154 13274 13155 
3 13273 13274 13154 
3 13153 13273 13154 
3 13272 13273 13153 
3 13152 13272 13153 
3 13271 13272 13152 
3 13151 13271 13152 
3 13270 13271 13151 
3 13150 13270 13151 
3 13148 13269 13149 
3 13268 13269 13148 
3 13147 13268 13148 
3 13267 13268 13147 
3 13146 13267 13147 
3 13144 13266 13145 
3 13265 13266 13144 
3 13143 13265 13144 
3 13264 13265 13143 
3 13142 13264 13143 
3 13263 13264 13142 
3 13141 13263 13142 
3 13262 13263 13141 
3 13140 13262 13141 
3 13261 13262 13140 
3 13139 13261 13140 
3 13260 13261 13139 
3 13138 13260 13139 
3 13259 13260 13138 
3 13137 13259 13138 
3 13258 13259 13137 
3 13136 13258 13137 
3 13257 13258 13136 
3 13135 13257 13136 
3 13256 13257 13135 
3 13134 13256 13135 
3 13255 13256 13134 
3 13133 13255 13134 
3 13254 13255 13133 
3 13132 13254 13133 
3 13253 13254 13132 
3 13131 13253 13132 
3 13252 13253 13131 
3 13130 13252 13131 
3 13251 13252 13130 
3 13129 13251 13130 
3 13250 13251 13129 
3 13128 13250 13129 
3 13249 13250 13128 
3 13127 13249 13128 
3 13125 13248 13126 
3 13247 13248 13125 
3 13124 13247 13125 
3 13246 13247 13124 
3 13123 13246 13124 
3 13245 13246 13123 
3 13122 13245 13123 
3 13244 13245 13122 
3 13121 13244 13122 
3 13243 13244 13121 
3 13120 13243 13121 
3 13242 13243 13120 
3 13239 13240 13119 
3 13118 13239 13119 
3 13116 13238 13117 
3 13237 13238 13116 
3 13115 13237 13116 
3 13236 13237 13115 
3 13114 13236 13115 
3 13235 13236 13114 
3 13113 13235 13114 
3 13234 13235 13113 
3 13112 13234 13113 
3 13233 13234 13112 
3 13111 13233 13112 
3 13232 13233 13111 
3 13110 13232 13111 
3 13231 13232 13110 
3 13109 13231 13110 
3 13230 13231 13109 
3 13108 13230 13109 
3 13229 13230 13108 
3 13107 13229 13108 
3 13228 13229 13107 
3 13106 13228 13107 
3 13227 13228 13106 
3 13225 13226 13105 
3 13104 13225 13105 
3 13223 13224 13103 
3 13102 13223 13103 
3 13222 13223 13102 
3 13101 13222 13102 
3 13221 13222 13101 
3 13100 13221 13101 
3 13220 13221 13100 
3 13099 13220 13100 
3 13219 13220 13099 
3 13098 13219 13099 
3 13218 13219 13098 
3 13097 13218 13098 
3 13217 13218 13097 
3 13096 13217 13097 
3 13216 13217 13096 
3 13095 13216 13096 
3 13215 13216 13095 
3 13094 13215 13095 
3 13214 13215 13094 
3 13093 13214 13094 
3 13213 13214 13093 
3 13092 13213 13093 
3 13212 13213 13092 
3 13091 13212 13092 
3 13211 13212 13091 
3 13090 13211 13091 
3 13210 13211 13090 
3 13089 13210 13090 
3 13209 13210 13089 
3 13088 13209 13089 
3 13208 13209 13088 
3 13087 13208 13088 
3 13207 13208 13087 
3 13086 13207 13087 
3 13084 13206 13085 
3 13082 13205 13083 
3 13204 13205 13082 
3 13081 13204 13082 
3 13203 13204 13081 
3 13080 13203 13081 
3 13202 13203 13080 
3 13079 13202 13080 
3 13201 13202 13079 
3 13078 13201 13079 
3 13200 13201 13078 
3 13077 13200 13078 
3 13199 13200 13077 
3 13076 13199 13077 
3 13198 13199 13076 
3 13075 13198 13076 
3 13197 13198 13075 
3 13073 13196 13074 
3 13195 13196 13073 
3 13072 13195 13073 
3 13194 13195 13072 
3 13071 13194 13072 
3 13193 13194 13071 
3 13070 13193 13071 
3 13192 13193 13070 
3 13069 13192 13070 
3 13191 13192 13069 
3 13068 13191 13069 
3 13190 13191 13068 
3 13067 13190 13068 
3 13189 13190 13067 
3 13066 13189 13067 
3 13188 13189 13066 
3 13065 13188 13066 
3 13187 13188 13065 
3 13064 13187 13065 
3 13186 13187 13064 
3 13063 13186 13064 
3 13061 13185 13062 
3 13184 13185 13061 
3 13060 13184 13061 
3 13183 13184 13060 
3 13059 13183 13060 
3 13182 13183 13059 
3 13058 13182 13059 
3 13181 13182 13058 
3 13057 13181 13058 
3 13180 13181 13057 
3 13056 13180 13057 
3 13179 13180 13056 
3 13055 13179 13056 
3 13178 13179 13055 
3 13054 13178 13055 
3 13177 13178 13054 
3 13053 13177 13054 
3 13176 13177 13053 
3 13052 13176 13053 
3 13175 13176 13052 
3 13051 13175 13052 
3 13174 13175 13051 
3 13050 13174 13051 
3 13173 13174 13050 
3 13049 13173 13050 
3 13172 13173 13049 
3 13048 13172 13049 
3 13171 13172 13048 
3 13047 13171 13048 
3 13170 13171 13047 
3 13046 13170 13047 
3 13169 13170 13046 
3 13045 13169 13046 
3 13168 13169 13045 
3 12799 12920 12800 
3 12919 12920 12799 
3 12798 12919 12799 
3 12918 12919 12798 
3 12797 12918 12798 
3 12917 12918 12797 
3 12796 12917 12797 
3 12916 12917 12796 
3 12795 12916 12796 
3 12915 12916 12795 
3 12794 12915 12795 
3 12914 12915 12794 
3 12793 12914 12794 
3 12913 12914 12793 
3 12792 12913 12793 
3 12912 12913 12792 
3 12791 12912 12792 
3 12911 12912 12791 
3 12790 12911 12791 
3 12910 12911 12790 
3 12789 12910 12790 
3 12909 12910 12789 
3 12788 12909 12789 
3 12908 12909 12788 
3 12787 12908 12788 
3 12907 12908 12787 
3 12786 12907 12787 
3 12906 12907 12786 
3 12785 12906 12786 
3 12905 12906 12785 
3 12784 12905 12785 
3 12904 12905 12784 
3 12783 12904 12784 
3 12903 12904 12783 
3 12782 12903 12783 
3 12902 12903 12782 
3 12781 12902 12782 
3 12901 12902 12781 
3 12780 12901 12781 
3 12900 12901 12780 
3 12779 12900 12780 
3 12899 12900 12779 
3 12897 12898 12778 
3 12777 12897 12778 
3 12896 12897 12777 
3 12776 12896 12777 
3 12895 12896 12776 
3 12893 12894 12773 
3 12772 12893 12773 
3 12892 12893 12772 
3 12890 12891 12771 
3 12770 12890 12771 
3 12889 12890 12770 
3 12769 12889 12770 
3 12888 12889 12769 
3 12886 12887 12768 
3 12884 12885 12767 
3 12766 12884 12767 
3 12883 12884 12766 
3 12765 12883 12766 
3 12882 12883 12765 
3 12764 12882 12765 
3 12881 12882 12764 
3 12763 12881 12764 
3 12880 12881 12763 
3 12762 12880 12763 
3 12879 12880 12762 
3 12761 12879 12762 
3 12878 12879 12761 
3 12876 12877 12760 
3 12759 12876 12760 
3 12875 12876 12759 
3 12758 12875 12759 
3 12874 12875 12758 
3 12757 12874 12758 
3 12873 12874 12757 
3 12756 12873 12757 
3 12872 12873 12756 
3 12755 12872 12756 
3 12871 12872 12755 
3 12754 12871 12755 
3 12870 12871 12754 
3 12753 12870 12754 
3 12869 12870 12753 
3 12867 12868 12752 
3 12751 12867 12752 
3 12866 12867 12751 
3 12750 12866 12751 
3 12865 12866 12750 
3 12749 12865 12750 
3 12864 12865 12749 
3 12748 12864 12749 
3 12863 12864 12748 
3 12747 12863 12748 
3 12745 12862 12746 
3 12861 12862 12745 
3 12744 12861 12745 
3 12860 12861 12744 
3 12743 12860 12744 
3 12859 12860 12743 
3 12742 12859 12743 
3 12858 12859 12742 
3 12741 12858 12742 
3 12857 12858 12741 
3 12740 12857 12741 
3 12856 12857 12740 
3 12739 12856 12740 
3 12855 12856 12739 
3 12738 12855 12739 
3 12854 12855 12738 
3 12737 12854 12738 
3 12853 12854 12737 
3 12736 12853 12737 
3 12852 12853 12736 
3 12735 12852 12736 
3 12851 12852 12735 
3 12734 12851 12735 
3 12850 12851 12734 
3 12733 12850 12734 
3 12849 12850 12733 
3 12732 12849 12733 
3 12848 12849 12732 
3 12731 12848 12732 
3 12847 12848 12731 
3 12730 12847 12731 
3 12846 12847 12730 
3 12729 12846 12730 
3 12845 12846 12729 
3 12728 12845 12729 
3 12844 12845 12728 
3 12727 12844 12728 
3 12843 12844 12727 
3 12726 12843 12727 
3 12842 12843 12726 
3 12725 12842 12726 
3 12841 12842 12725 
3 12724 12841 12725 
3 12840 12841 12724 
3 12723 12840 12724 
3 12839 12840 12723 
3 12722 12839 12723 
3 12838 12839 12722 
3 12721 12838 12722 
3 12837 12838 12721 
3 12720 12837 12721 
3 12836 12837 12720 
3 12719 12836 12720 
3 12835 12836 12719 
3 12718 12835 12719 
3 12834 12835 12718 
3 12717 12834 12718 
3 12833 12834 12717 
3 12715 12832 12716 
3 12831 12832 12715 
3 12714 12831 12715 
3 12830 12831 12714 
3 12713 12830 12714 
3 12829 12830 12713 
3 12712 12829 12713 
3 12828 12829 12712 
3 12711 12828 12712 
3 12827 12828 12711 
3 12710 12827 12711 
3 12826 12827 12710 
3 12709 12826 12710 
3 12825 12826 12709 
3 12708 12825 12709 
3 12824 12825 12708 
3 12707 12824 12708 
3 12823 12824 12707 
3 12706 12823 12707 
3 12822 12823 12706 
3 12705 12822 12706 
3 12821 12822 12705 
3 12704 12821 12705 
3 12820 12821 12704 
3 12703 12820 12704 
3 12701 12819 12702 
3 12818 12819 12701 
3 12700 12818 12701 
3 12817 12818 12700 
3 12699 12817 12700 
3 12696 12816 12697 
3 12815 12816 12696 
3 12812 12813 12695 
3 12694 12812 12695 
3 12811 12812 12694 
3 12693 12811 12694 
3 12810 12811 12693 
3 12692 12810 12693 
3 12809 12810 12692 
3 12691 12809 12692 
3 12808 12809 12691 
3 12690 12808 12691 
3 12807 12808 12690 
3 12689 12807 12690 
3 12806 12807 12689 
3 12688 12806 12689 
3 12805 12806 12688 
3 12687 12805 12688 
3 12804 12805 12687 
3 12686 12804 12687 
3 12803 12804 12686 
3 12685 12803 12686 
3 12802 12803 12685 
3 12684 12802 12685 
3 12801 12802 12684 
3 12919 13044 12920 
3 13043 13044 12919 
3 12918 13043 12919 
3 13042 13043 12918 
3 12917 13042 12918 
3 13041 13042 12917 
3 12916 13041 12917 
3 13040 13041 12916 
3 12915 13040 12916 
3 13039 13040 12915 
3 12914 13039 12915 
3 13038 13039 12914 
3 12913 13038 12914 
3 13037 13038 12913 
3 12912 13037 12913 
3 13036 13037 12912 
3 12911 13036 12912 
3 13035 13036 12911 
3 12910 13035 12911 
3 13034 13035 12910 
3 12909 13034 12910 
3 13033 13034 12909 
3 12908 13033 12909 
3 12906 13032 12907 
3 13031 13032 12906 
3 12905 13031 12906 
3 13030 13031 12905 
3 12904 13030 12905 
3 13029 13030 12904 
3 12903 13029 12904 
3 13028 13029 12903 
3 12902 13028 12903 
3 13027 13028 12902 
3 12901 13027 12902 
3 13026 13027 12901 
3 12900 13026 12901 
3 13025 13026 12900 
3 12899 13025 12900 
3 13024 13025 12899 
3 12898 13024 12899 
3 13023 13024 12898 
3 12897 13023 12898 
3 13022 13023 12897 
3 12896 13022 12897 
3 13021 13022 12896 
3 12895 13021 12896 
3 13020 13021 12895 
3 13016 13017 12894 
3 12893 13016 12894 
3 13015 13016 12893 
3 12892 13015 12893 
3 13014 13015 12892 
3 12891 13014 12892 
3 13013 13014 12891 
3 12890 13013 12891 
3 12888 13012 12889 
3 13011 13012 12888 
3 12887 13011 12888 
3 13010 13011 12887 
3 12886 13010 12887 
3 13009 13010 12886 
3 12885 13009 12886 
3 13008 13009 12885 
3 12884 13008 12885 
3 13007 13008 12884 
3 12883 13007 12884 
3 13006 13007 12883 
3 12882 13006 12883 
3 13005 13006 12882 
3 12881 13005 12882 
3 13004 13005 12881 
3 12880 13004 12881 
3 13003 13004 12880 
3 12879 13003 12880 
3 13002 13003 12879 
3 12878 13002 12879 
3 13001 13002 12878 
3 12877 13001 12878 
3 13000 13001 12877 
3 12876 13000 12877 
3 12999 13000 12876 
3 12875 12999 12876 
3 12998 12999 12875 
3 12874 12998 12875 
3 12997 12998 12874 
3 12873 12997 12874 
3 12996 12997 12873 
3 12872 12996 12873 
3 12995 12996 12872 
3 12871 12995 12872 
3 12994 12995 12871 
3 12870 12994 12871 
3 12993 12994 12870 
3 12869 12993 12870 
3 12992 12993 12869 
3 12868 12992 12869 
3 12991 12992 12868 
3 12867 12991 12868 
3 12990 12991 12867 
3 12866 12990 12867 
3 12989 12990 12866 
3 12865 12989 12866 
3 12988 12989 12865 
3 12864 12988 12865 
3 12987 12988 12864 
3 12863 12987 12864 
3 12986 12987 12863 
3 12861 12985 12862 
3 12984 12985 12861 
3 12860 12984 12861 
3 12983 12984 12860 
3 12859 12983 12860 
3 12982 12983 12859 
3 12858 12982 12859 
3 12981 12982 12858 
3 12857 12981 12858 
3 12980 12981 12857 
3 12856 12980 12857 
3 12979 12980 12856 
3 12855 12979 12856 
3 12978 12979 12855 
3 12854 12978 12855 
3 12977 12978 12854 
3 12853 12977 12854 
3 12976 12977 12853 
3 12852 12976 12853 
3 12975 12976 12852 
3 12851 12975 12852 
3 12974 12975 12851 
3 12850 12974 12851 
3 12973 12974 12850 
3 12849 12973 12850 
3 12972 12973 12849 
3 12848 12972 12849 
3 12971 12972 12848 
3 12847 12971 12848 
3 12970 12971 12847 
3 12846 12970 12847 
3 12969 12970 12846 
3 12845 12969 12846 
3 12968 12969 12845 
3 12844 12968 12845 
3 12967 12968 12844 
3 12843 12967 12844 
3 12966 12967 12843 
3 12842 12966 12843 
3 12965 12966 12842 
3 12841 12965 12842 
3 12964 12965 12841 
3 12840 12964 12841 
3 12963 12964 12840 
3 12839 12963 12840 
3 12962 12963 12839 
3 12838 12962 12839 
3 12961 12962 12838 
3 12837 12961 12838 
3 12960 12961 12837 
3 12836 12960 12837 
3 12959 12960 12836 
3 12835 12959 12836 
3 12958 12959 12835 
3 12834 12958 12835 
3 12957 12958 12834 
3 12833 12957 12834 
3 12956 12957 12833 
3 12954 12955 12832 
3 12831 12954 12832 
3 12953 12954 12831 
3 12830 12953 12831 
3 12952 12953 12830 
3 12829 12952 12830 
3 12951 12952 12829 
3 12828 12951 12829 
3 12950 12951 12828 
3 12827 12950 12828 
3 12949 12950 12827 
3 12826 12949 12827 
3 12824 12948 12825 
3 12947 12948 12824 
3 12823 12947 12824 
3 12946 12947 12823 
3 12822 12946 12823 
3 12945 12946 12822 
3 12821 12945 12822 
3 12944 12945 12821 
3 12820 12944 12821 
3 12943 12944 12820 
3 12941 12942 12819 
3 12818 12941 12819 
3 12940 12941 12818 
3 12817 12940 12818 
3 12939 12940 12817 
3 12936 12937 12816 
3 12815 12936 12816 
3 12935 12936 12815 
3 12814 12935 12815 
3 12934 12935 12814 
3 12813 12934 12814 
3 12933 12934 12813 
3 12812 12933 12813 
3 12932 12933 12812 
3 12811 12932 12812 
3 12931 12932 12811 
3 12810 12931 12811 
3 12930 12931 12810 
3 12809 12930 12810 
3 12929 12930 12809 
3 12808 12929 12809 
3 12928 12929 12808 
3 12807 12928 12808 
3 12927 12928 12807 
3 12806 12927 12807 
3 12926 12927 12806 
3 12805 12926 12806 
3 12925 12926 12805 
3 12804 12925 12805 
3 12924 12925 12804 
3 12803 12924 12804 
3 12923 12924 12803 
3 12802 12923 12803 
3 12922 12923 12802 
3 12801 12922 12802 
3 12921 12922 12801 
3 12682 12800 12683 
3 12799 12800 12682 
3 12797 12798 12681 
3 12680 12797 12681 
3 12796 12797 12680 
3 12679 12796 12680 
3 12795 12796 12679 
3 12678 12795 12679 
3 12794 12795 12678 
3 12677 12794 12678 
3 12793 12794 12677 
3 12676 12793 12677 
3 12792 12793 12676 
3 12675 12792 12676 
3 12791 12792 12675 
3 12674 12791 12675 
3 12790 12791 12674 
3 12673 12790 12674 
3 12789 12790 12673 
3 12672 12789 12673 
3 12788 12789 12672 
3 12671 12788 12672 
3 12787 12788 12671 
3 12670 12787 12671 
3 12786 12787 12670 
3 12669 12786 12670 
3 12785 12786 12669 
3 12668 12785 12669 
3 12784 12785 12668 
3 12667 12784 12668 
3 12783 12784 12667 
3 12666 12783 12667 
3 12782 12783 12666 
3 12665 12782 12666 
3 12781 12782 12665 
3 12779 12780 12664 
3 12662 12778 12663 
3 12777 12778 12662 
3 12661 12777 12662 
3 12776 12777 12661 
3 12660 12776 12661 
3 12774 12775 12659 
3 12655 12771 12656 
3 12770 12771 12655 
3 12651 12767 12652 
3 12766 12767 12651 
3 12764 12765 12650 
3 12649 12764 12650 
3 12763 12764 12649 
3 12648 12763 12649 
3 12762 12763 12648 
3 12759 12760 12647 
3 12646 12759 12647 
3 12758 12759 12646 
3 12645 12758 12646 
3 12757 12758 12645 
3 12644 12757 12645 
3 12756 12757 12644 
3 12643 12756 12644 
3 12755 12756 12643 
3 12753 12754 12642 
3 12641 12753 12642 
3 12751 12752 12640 
3 12749 12750 12639 
3 12638 12749 12639 
3 12748 12749 12638 
3 12637 12748 12638 
3 12747 12748 12637 
3 12636 12747 12637 
3 12746 12747 12636 
3 12635 12746 12636 
3 12745 12746 12635 
3 12634 12745 12635 
3 12744 12745 12634 
3 12633 12744 12634 
3 12743 12744 12633 
3 12632 12743 12633 
3 12742 12743 12632 
3 12631 12742 12632 
3 12741 12742 12631 
3 12630 12741 12631 
3 12740 12741 12630 
3 12629 12740 12630 
3 12739 12740 12629 
3 12628 12739 12629 
3 12738 12739 12628 
3 12627 12738 12628 
3 12737 12738 12627 
3 12626 12737 12627 
3 12736 12737 12626 
3 12625 12736 12626 
3 12735 12736 12625 
3 12624 12735 12625 
3 12734 12735 12624 
3 12623 12734 12624 
3 12733 12734 12623 
3 12622 12733 12623 
3 12732 12733 12622 
3 12621 12732 12622 
3 12731 12732 12621 
3 12620 12731 12621 
3 12730 12731 12620 
3 12619 12730 12620 
3 12729 12730 12619 
3 12618 12729 12619 
3 12728 12729 12618 
3 12617 12728 12618 
3 12727 12728 12617 
3 12616 12727 12617 
3 12726 12727 12616 
3 12615 12726 12616 
3 12725 12726 12615 
3 12614 12725 12615 
3 12724 12725 12614 
3 12613 12724 12614 
3 12723 12724 12613 
3 12612 12723 12613 
3 12722 12723 12612 
3 12611 12722 12612 
3 12721 12722 12611 
3 12610 12721 12611 
3 12720 12721 12610 
3 12609 12720 12610 
3 12719 12720 12609 
3 12608 12719 12609 
3 12718 12719 12608 
3 12607 12718 12608 
3 12717 12718 12607 
3 12606 12717 12607 
3 12604 12716 12605 
3 12715 12716 12604 
3 12603 12715 12604 
3 12714 12715 12603 
3 12602 12714 12603 
3 12713 12714 12602 
3 12601 12713 12602 
3 12712 12713 12601 
3 12600 12712 12601 
3 12711 12712 12600 
3 12599 12711 12600 
3 12710 12711 12599 
3 12598 12710 12599 
3 12709 12710 12598 
3 12597 12709 12598 
3 12708 12709 12597 
3 12596 12708 12597 
3 12707 12708 12596 
3 12595 12707 12596 
3 12706 12707 12595 
3 12594 12706 12595 
3 12705 12706 12594 
3 12593 12705 12594 
3 12704 12705 12593 
3 12592 12704 12593 
3 12703 12704 12592 
3 12591 12703 12592 
3 12702 12703 12591 
3 12590 12702 12591 
3 12701 12702 12590 
3 12589 12701 12590 
3 12700 12701 12589 
3 12588 12700 12589 
3 12699 12700 12588 
3 12587 12699 12588 
3 12698 12699 12587 
3 12586 12698 12587 
3 12697 12698 12586 
3 12585 12697 12586 
3 12696 12697 12585 
3 12584 12696 12585 
3 12694 12695 12582 
3 12581 12694 12582 
3 12693 12694 12581 
3 12580 12693 12581 
3 12692 12693 12580 
3 12579 12692 12580 
3 12691 12692 12579 
3 12578 12691 12579 
3 12690 12691 12578 
3 12577 12690 12578 
3 12689 12690 12577 
3 12576 12689 12577 
3 12688 12689 12576 
3 12575 12688 12576 
3 12687 12688 12575 
3 12574 12687 12575 
3 12686 12687 12574 
3 12573 12686 12574 
3 12685 12686 12573 
3 12572 12685 12573 
3 12684 12685 12572 
3 12107 12225 12108 
3 12224 12225 12107 
3 12106 12224 12107 
3 12223 12224 12106 
3 12105 12223 12106 
3 12220 12221 12103 
3 12102 12220 12103 
3 12219 12220 12102 
3 12101 12219 12102 
3 12218 12219 12101 
3 12216 12217 12100 
3 12099 12216 12100 
3 12215 12216 12099 
3 12098 12215 12099 
3 12214 12215 12098 
3 12097 12214 12098 
3 12213 12214 12097 
3 12096 12213 12097 
3 12094 12212 12095 
3 12092 12211 12093 
3 12210 12211 12092 
3 12091 12210 12092 
3 12209 12210 12091 
3 12207 12208 12090 
3 12089 12207 12090 
3 12206 12207 12089 
3 12088 12206 12089 
3 12205 12206 12088 
3 12087 12205 12088 
3 12204 12205 12087 
3 12086 12204 12087 
3 12203 12204 12086 
3 12085 12203 12086 
3 12202 12203 12085 
3 12084 12202 12085 
3 12201 12202 12084 
3 12083 12201 12084 
3 12200 12201 12083 
3 12082 12200 12083 
3 12199 12200 12082 
3 12081 12199 12082 
3 12198 12199 12081 
3 12080 12198 12081 
3 12197 12198 12080 
3 12079 12197 12080 
3 12196 12197 12079 
3 12078 12196 12079 
3 12195 12196 12078 
3 12193 12194 12077 
3 12076 12193 12077 
3 12192 12193 12076 
3 12075 12192 12076 
3 12191 12192 12075 
3 12074 12191 12075 
3 12190 12191 12074 
3 12073 12190 12074 
3 12189 12190 12073 
3 12070 12187 12071 
3 12186 12187 12070 
3 12069 12186 12070 
3 12185 12186 12069 
3 12068 12185 12069 
3 12184 12185 12068 
3 12067 12184 12068 
3 12183 12184 12067 
3 12066 12183 12067 
3 12182 12183 12066 
3 12064 12181 12065 
3 12180 12181 12064 
3 12063 12180 12064 
3 12179 12180 12063 
3 12062 12179 12063 
3 12178 12179 12062 
3 12061 12178 12062 
3 12177 12178 12061 
3 12060 12177 12061 
3 12176 12177 12060 
3 12059 12176 12060 
3 12175 12176 12059 
3 12058 12175 12059 
3 12174 12175 12058 
3 12057 12174 12058 
3 12173 12174 12057 
3 12056 12173 12057 
3 12172 12173 12056 
3 12055 12172 12056 
3 12171 12172 12055 
3 12054 12171 12055 
3 12170 12171 12054 
3 12053 12170 12054 
3 12169 12170 12053 
3 12052 12169 12053 
3 12168 12169 12052 
3 12051 12168 12052 
3 12167 12168 12051 
3 12050 12167 12051 
3 12166 12167 12050 
3 12049 12166 12050 
3 12165 12166 12049 
3 12163 12164 12048 
3 12047 12163 12048 
3 12162 12163 12047 
3 12046 12162 12047 
3 12161 12162 12046 
3 12045 12161 12046 
3 12160 12161 12045 
3 12044 12160 12045 
3 12159 12160 12044 
3 12043 12159 12044 
3 12158 12159 12043 
3 12156 12157 12042 
3 12041 12156 12042 
3 12155 12156 12041 
3 12040 12155 12041 
3 12154 12155 12040 
3 12039 12154 12040 
3 12153 12154 12039 
3 12038 12153 12039 
3 12152 12153 12038 
3 12037 12152 12038 
3 12151 12152 12037 
3 12036 12151 12037 
3 12150 12151 12036 
3 12035 12150 12036 
3 12149 12150 12035 
3 12034 12149 12035 
3 12148 12149 12034 
3 12033 12148 12034 
3 12147 12148 12033 
3 12032 12147 12033 
3 12030 12146 12031 
3 12145 12146 12030 
3 12029 12145 12030 
3 12144 12145 12029 
3 12028 12144 12029 
3 12143 12144 12028 
3 12027 12143 12028 
3 12142 12143 12027 
3 12026 12142 12027 
3 12141 12142 12026 
3 12025 12141 12026 
3 12140 12141 12025 
3 12024 12140 12025 
3 12139 12140 12024 
3 12023 12139 12024 
3 12138 12139 12023 
3 12022 12138 12023 
3 12137 12138 12022 
3 12021 12137 12022 
3 12136 12137 12021 
3 12020 12136 12021 
3 12135 12136 12020 
3 12019 12135 12020 
3 12134 12135 12019 
3 12018 12134 12019 
3 12133 12134 12018 
3 12017 12133 12018 
3 12132 12133 12017 
3 12016 12132 12017 
3 12131 12132 12016 
3 12015 12131 12016 
3 12130 12131 12015 
3 12014 12130 12015 
3 12011 12129 12012 
3 12128 12129 12011 
3 12010 12128 12011 
3 12127 12128 12010 
3 12009 12127 12010 
3 12126 12127 12009 
3 12008 12126 12009 
3 12125 12126 12008 
3 12005 12123 12006 
3 12122 12123 12005 
3 12004 12122 12005 
3 12002 12121 12003 
3 12120 12121 12002 
3 12001 12120 12002 
3 12119 12120 12001 
3 12000 12119 12001 
3 12118 12119 12000 
3 11999 12118 12000 
3 12117 12118 11999 
3 11998 12117 11999 
3 12116 12117 11998 
3 12114 12115 11997 
3 11996 12114 11997 
3 11994 12113 11995 
3 12112 12113 11994 
3 12110 12111 11993 
3 11992 12110 11993 
3 12109 12110 11992 
3 12340 12454 12341 
3 12453 12454 12340 
3 12339 12453 12340 
3 12452 12453 12339 
3 12338 12452 12339 
3 12451 12452 12338 
3 12337 12451 12338 
3 12450 12451 12337 
3 12336 12450 12337 
3 12449 12450 12336 
3 12335 12449 12336 
3 12448 12449 12335 
3 12334 12448 12335 
3 12447 12448 12334 
3 12333 12447 12334 
3 12446 12447 12333 
3 12332 12446 12333 
3 12445 12446 12332 
3 12331 12445 12332 
3 12329 12444 12330 
3 12443 12444 12329 
3 12326 12441 12327 
3 12440 12441 12326 
3 12325 12440 12326 
3 12323 12439 12324 
3 12438 12439 12323 
3 12322 12438 12323 
3 12320 12437 12321 
3 12436 12437 12320 
3 12319 12436 12320 
3 12435 12436 12319 
3 12318 12435 12319 
3 12434 12435 12318 
3 12317 12434 12318 
3 12433 12434 12317 
3 12316 12433 12317 
3 12314 12432 12315 
3 12431 12432 12314 
3 12313 12431 12314 
3 12430 12431 12313 
3 12312 12430 12313 
3 12429 12430 12312 
3 12311 12429 12312 
3 12428 12429 12311 
3 12310 12428 12311 
3 12427 12428 12310 
3 12309 12427 12310 
3 12426 12427 12309 
3 12308 12426 12309 
3 12425 12426 12308 
3 12307 12425 12308 
3 12424 12425 12307 
3 12422 12423 12306 
3 12305 12422 12306 
3 12421 12422 12305 
3 12303 12420 12304 
3 12419 12420 12303 
3 12302 12419 12303 
3 12417 12418 12301 
3 12413 12414 12299 
3 12298 12413 12299 
3 12412 12413 12298 
3 12297 12412 12298 
3 12295 12411 12296 
3 12410 12411 12295 
3 12294 12410 12295 
3 12409 12410 12294 
3 12293 12409 12294 
3 12408 12409 12293 
3 12292 12408 12293 
3 12407 12408 12292 
3 12291 12407 12292 
3 12406 12407 12291 
3 12290 12406 12291 
3 12405 12406 12290 
3 12289 12405 12290 
3 12404 12405 12289 
3 12288 12404 12289 
3 12403 12404 12288 
3 12287 12403 12288 
3 12402 12403 12287 
3 12286 12402 12287 
3 12401 12402 12286 
3 12285 12401 12286 
3 12400 12401 12285 
3 12284 12400 12285 
3 12399 12400 12284 
3 12283 12399 12284 
3 12398 12399 12283 
3 12282 12398 12283 
3 12397 12398 12282 
3 12281 12397 12282 
3 12396 12397 12281 
3 12280 12396 12281 
3 12395 12396 12280 
3 12279 12395 12280 
3 12394 12395 12279 
3 12278 12394 12279 
3 12393 12394 12278 
3 12277 12393 12278 
3 12392 12393 12277 
3 12276 12392 12277 
3 12274 12391 12275 
3 12390 12391 12274 
3 12273 12390 12274 
3 12389 12390 12273 
3 12272 12389 12273 
3 12388 12389 12272 
3 12271 12388 12272 
3 12387 12388 12271 
3 12270 12387 12271 
3 12386 12387 12270 
3 12269 12386 12270 
3 12385 12386 12269 
3 12268 12385 12269 
3 12384 12385 12268 
3 12267 12384 12268 
3 12383 12384 12267 
3 12266 12383 12267 
3 12382 12383 12266 
3 12265 12382 12266 
3 12381 12382 12265 
3 12264 12381 12265 
3 12380 12381 12264 
3 12263 12380 12264 
3 12379 12380 12263 
3 12262 12379 12263 
3 12378 12379 12262 
3 12261 12378 12262 
3 12377 12378 12261 
3 12260 12377 12261 
3 12376 12377 12260 
3 12259 12376 12260 
3 12375 12376 12259 
3 12258 12375 12259 
3 12374 12375 12258 
3 12257 12374 12258 
3 12255 12373 12256 
3 12372 12373 12255 
3 12254 12372 12255 
3 12252 12371 12253 
3 12370 12371 12252 
3 12368 12369 12251 
3 12250 12368 12251 
3 12367 12368 12250 
3 12249 12367 12250 
3 12366 12367 12249 
3 12248 12366 12249 
3 12365 12366 12248 
3 12247 12365 12248 
3 12364 12365 12247 
3 12361 12362 12245 
3 12244 12361 12245 
3 12242 12360 12243 
3 12359 12360 12242 
3 12241 12359 12242 
3 12358 12359 12241 
3 12240 12358 12241 
3 12357 12358 12240 
3 12239 12357 12240 
3 12356 12357 12239 
3 12238 12356 12239 
3 12355 12356 12238 
3 12237 12355 12238 
3 12354 12355 12237 
3 12236 12354 12237 
3 12353 12354 12236 
3 12235 12353 12236 
3 12352 12353 12235 
3 12234 12352 12235 
3 12351 12352 12234 
3 12233 12351 12234 
3 12350 12351 12233 
3 12232 12350 12233 
3 12349 12350 12232 
3 12231 12349 12232 
3 12348 12349 12231 
3 12230 12348 12231 
3 12347 12348 12230 
3 12345 12346 12229 
3 12228 12345 12229 
3 12344 12345 12228 
3 12227 12344 12228 
3 12343 12344 12227 
3 12226 12343 12227 
3 12342 12343 12226 
3 12453 12571 12454 
3 12570 12571 12453 
3 12452 12570 12453 
3 12569 12570 12452 
3 12451 12569 12452 
3 12568 12569 12451 
3 12450 12568 12451 
3 12567 12568 12450 
3 12449 12567 12450 
3 12566 12567 12449 
3 12448 12566 12449 
3 12565 12566 12448 
3 12447 12565 12448 
3 12564 12565 12447 
3 12446 12564 12447 
3 12563 12564 12446 
3 12445 12563 12446 
3 12562 12563 12445 
3 12560 12561 12444 
3 12443 12560 12444 
3 12559 12560 12443 
3 12442 12559 12443 
3 12558 12559 12442 
3 12556 12557 12441 
3 12440 12556 12441 
3 12555 12556 12440 
3 12553 12554 12439 
3 12438 12553 12439 
3 12552 12553 12438 
3 12550 12551 12437 
3 12436 12550 12437 
3 12549 12550 12436 
3 12435 12549 12436 
3 12548 12549 12435 
3 12434 12548 12435 
3 12547 12548 12434 
3 12433 12547 12434 
3 12546 12547 12433 
3 12544 12545 12432 
3 12431 12544 12432 
3 12543 12544 12431 
3 12430 12543 12431 
3 12542 12543 12430 
3 12429 12542 12430 
3 12427 12541 12428 
3 12540 12541 12427 
3 12426 12540 12427 
3 12539 12540 12426 
3 12425 12539 12426 
3 12538 12539 12425 
3 12424 12538 12425 
3 12537 12538 12424 
3 12423 12537 12424 
3 12536 12537 12423 
3 12422 12536 12423 
3 12535 12536 12422 
3 12421 12535 12422 
3 12534 12535 12421 
3 12532 12533 12420 
3 12419 12532 12420 
3 12531 12532 12419 
3 12415 12528 12416 
3 12527 12528 12415 
3 12414 12527 12415 
3 12526 12527 12414 
3 12413 12526 12414 
3 12525 12526 12413 
3 12412 12525 12413 
3 12524 12525 12412 
3 12522 12523 12411 
3 12410 12522 12411 
3 12521 12522 12410 
3 12409 12521 12410 
3 12520 12521 12409 
3 12408 12520 12409 
3 12519 12520 12408 
3 12407 12519 12408 
3 12518 12519 12407 
3 12406 12518 12407 
3 12517 12518 12406 
3 12405 12517 12406 
3 12516 12517 12405 
3 12404 12516 12405 
3 12515 12516 12404 
3 12403 12515 12404 
3 12514 12515 12403 
3 12402 12514 12403 
3 12513 12514 12402 
3 12401 12513 12402 
3 12512 12513 12401 
3 12400 12512 12401 
3 12511 12512 12400 
3 12399 12511 12400 
3 12510 12511 12399 
3 12398 12510 12399 
3 12509 12510 12398 
3 12397 12509 12398 
3 12508 12509 12397 
3 12396 12508 12397 
3 12507 12508 12396 
3 12395 12507 12396 
3 12506 12507 12395 
3 12394 12506 12395 
3 12505 12506 12394 
3 12393 12505 12394 
3 12504 12505 12393 
3 12392 12504 12393 
3 12503 12504 12392 
3 12501 12502 12391 
3 12390 12501 12391 
3 12500 12501 12390 
3 12389 12500 12390 
3 12387 12499 12388 
3 12498 12499 12387 
3 12386 12498 12387 
3 12497 12498 12386 
3 12385 12497 12386 
3 12496 12497 12385 
3 12384 12496 12385 
3 12495 12496 12384 
3 12383 12495 12384 
3 12494 12495 12383 
3 12382 12494 12383 
3 12493 12494 12382 
3 12381 12493 12382 
3 12492 12493 12381 
3 12380 12492 12381 
3 12491 12492 12380 
3 12379 12491 12380 
3 12490 12491 12379 
3 12378 12490 12379 
3 12489 12490 12378 
3 12377 12489 12378 
3 12488 12489 12377 
3 12376 12488 12377 
3 12487 12488 12376 
3 12375 12487 12376 
3 12486 12487 12375 
3 12374 12486 12375 
3 12485 12486 12374 
3 12372 12484 12373 
3 12483 12484 12372 
3 12481 12482 12371 
3 12370 12481 12371 
3 12480 12481 12370 
3 12369 12480 12370 
3 12479 12480 12369 
3 12368 12479 12369 
3 12478 12479 12368 
3 12367 12478 12368 
3 12477 12478 12367 
3 12366 12477 12367 
3 12364 12476 12365 
3 12475 12476 12364 
3 12363 12475 12364 
3 12358 12470 12359 
3 12469 12470 12358 
3 12357 12469 12358 
3 12468 12469 12357 
3 12356 12468 12357 
3 12467 12468 12356 
3 12355 12467 12356 
3 12466 12467 12355 
3 12354 12466 12355 
3 12465 12466 12354 
3 12353 12465 12354 
3 12351 12464 12352 
3 12463 12464 12351 
3 12350 12463 12351 
3 12348 12462 12349 
3 12461 12462 12348 
3 12347 12461 12348 
3 12460 12461 12347 
3 12346 12460 12347 
3 12459 12460 12346 
3 12345 12459 12346 
3 12458 12459 12345 
3 12344 12458 12345 
3 12457 12458 12344 
3 12343 12457 12344 
3 12456 12457 12343 
3 12342 12456 12343 
3 12455 12456 12342 
3 12224 12341 12225 
3 12340 12341 12224 
3 12223 12340 12224 
3 12339 12340 12223 
3 12337 12338 12222 
3 12221 12337 12222 
3 12336 12337 12221 
3 12220 12336 12221 
3 12335 12336 12220 
3 12219 12335 12220 
3 12334 12335 12219 
3 12218 12334 12219 
3 12333 12334 12218 
3 12217 12333 12218 
3 12332 12333 12217 
3 12216 12332 12217 
3 12331 12332 12216 
3 12215 12331 12216 
3 12330 12331 12215 
3 12214 12330 12215 
3 12329 12330 12214 
3 12213 12329 12214 
3 12327 12328 12212 
3 12325 12326 12211 
3 12210 12325 12211 
3 12324 12325 12210 
3 12209 12324 12210 
3 12323 12324 12209 
3 12208 12323 12209 
3 12322 12323 12208 
3 12207 12322 12208 
3 12321 12322 12207 
3 12206 12321 12207 
3 12320 12321 12206 
3 12205 12320 12206 
3 12319 12320 12205 
3 12204 12319 12205 
3 12318 12319 12204 
3 12203 12318 12204 
3 12317 12318 12203 
3 12202 12317 12203 
3 12316 12317 12202 
3 12201 12316 12202 
3 12315 12316 12201 
3 12200 12315 12201 
3 12314 12315 12200 
3 12199 12314 12200 
3 12313 12314 12199 
3 12198 12313 12199 
3 12312 12313 12198 
3 12197 12312 12198 
3 12311 12312 12197 
3 12196 12311 12197 
3 12310 12311 12196 
3 12195 12310 12196 
3 12309 12310 12195 
3 12194 12309 12195 
3 12308 12309 12194 
3 12193 12308 12194 
3 12307 12308 12193 
3 12192 12307 12193 
3 12190 12306 12191 
3 12305 12306 12190 
3 12189 12305 12190 
3 12302 12303 12187 
3 12186 12302 12187 
3 12184 12301 12185 
3 12182 12300 12183 
3 12180 12299 12181 
3 12298 12299 12180 
3 12179 12298 12180 
3 12297 12298 12179 
3 12178 12297 12179 
3 12296 12297 12178 
3 12177 12296 12178 
3 12295 12296 12177 
3 12176 12295 12177 
3 12294 12295 12176 
3 12175 12294 12176 
3 12293 12294 12175 
3 12174 12293 12175 
3 12292 12293 12174 
3 12173 12292 12174 
3 12291 12292 12173 
3 12172 12291 12173 
3 12290 12291 12172 
3 12171 12290 12172 
3 12289 12290 12171 
3 12170 12289 12171 
3 12288 12289 12170 
3 12169 12288 12170 
3 12287 12288 12169 
3 12168 12287 12169 
3 12286 12287 12168 
3 12167 12286 12168 
3 12285 12286 12167 
3 12166 12285 12167 
3 12284 12285 12166 
3 12165 12284 12166 
3 12283 12284 12165 
3 12164 12283 12165 
3 12282 12283 12164 
3 12163 12282 12164 
3 12281 12282 12163 
3 12162 12281 12163 
3 12280 12281 12162 
3 12161 12280 12162 
3 12279 12280 12161 
3 12160 12279 12161 
3 12278 12279 12160 
3 12159 12278 12160 
3 12277 12278 12159 
3 12158 12277 12159 
3 12276 12277 12158 
3 12157 12276 12158 
3 12275 12276 12157 
3 12156 12275 12157 
3 12274 12275 12156 
3 12155 12274 12156 
3 12273 12274 12155 
3 12154 12273 12155 
3 12272 12273 12154 
3 12153 12272 12154 
3 12271 12272 12153 
3 12152 12271 12153 
3 12270 12271 12152 
3 12151 12270 12152 
3 12269 12270 12151 
3 12150 12269 12151 
3 12268 12269 12150 
3 12149 12268 12150 
3 12267 12268 12149 
3 12148 12267 12149 
3 12266 12267 12148 
3 12147 12266 12148 
3 12265 12266 12147 
3 12263 12264 12146 
3 12145 12263 12146 
3 12262 12263 12145 
3 12144 12262 12145 
3 12261 12262 12144 
3 12143 12261 12144 
3 12260 12261 12143 
3 12142 12260 12143 
3 12259 12260 12142 
3 12141 12259 12142 
3 12258 12259 12141 
3 12140 12258 12141 
3 12257 12258 12140 
3 12139 12257 12140 
3 12256 12257 12139 
3 12138 12256 12139 
3 12255 12256 12138 
3 12137 12255 12138 
3 12254 12255 12137 
3 12136 12254 12137 
3 12253 12254 12136 
3 12135 12253 12136 
3 12252 12253 12135 
3 12134 12252 12135 
3 12132 12251 12133 
3 12250 12251 12132 
3 12131 12250 12132 
3 12249 12250 12131 
3 12130 12249 12131 
3 12248 12249 12130 
3 12128 12246 12129 
3 12126 12245 12127 
3 12244 12245 12126 
3 12125 12244 12126 
3 12241 12242 12123 
3 12122 12241 12123 
3 12240 12241 12122 
3 12238 12239 12121 
3 12120 12238 12121 
3 12237 12238 12120 
3 12119 12237 12120 
3 12236 12237 12119 
3 12118 12236 12119 
3 12235 12236 12118 
3 12117 12235 12118 
3 12234 12235 12117 
3 12116 12234 12117 
3 12233 12234 12116 
3 12115 12233 12116 
3 12232 12233 12115 
3 12114 12232 12115 
3 12231 12232 12114 
3 12111 12229 12112 
3 12228 12229 12111 
3 12110 12228 12111 
3 12227 12228 12110 
3 12109 12227 12110 
3 12226 12227 12109 
3 11876 11991 11877 
3 11990 11991 11876 
3 11875 11990 11876 
3 11989 11990 11875 
3 11987 11988 11874 
3 11873 11987 11874 
3 11986 11987 11873 
3 11872 11986 11873 
3 11985 11986 11872 
3 11871 11985 11872 
3 11984 11985 11871 
3 11870 11984 11871 
3 11983 11984 11870 
3 11869 11983 11870 
3 11982 11983 11869 
3 11868 11982 11869 
3 11981 11982 11868 
3 11867 11981 11868 
3 11980 11981 11867 
3 11866 11980 11867 
3 11979 11980 11866 
3 11865 11979 11866 
3 11978 11979 11865 
3 11864 11978 11865 
3 11977 11978 11864 
3 11863 11977 11864 
3 11976 11977 11863 
3 11862 11976 11863 
3 11975 11976 11862 
3 11861 11975 11862 
3 11974 11975 11861 
3 11860 11974 11861 
3 11973 11974 11860 
3 11859 11973 11860 
3 11857 11972 11858 
3 11971 11972 11857 
3 11854 11969 11855 
3 11968 11969 11854 
3 11966 11967 11853 
3 11852 11966 11853 
3 11965 11966 11852 
3 11851 11965 11852 
3 11964 11965 11851 
3 11850 11964 11851 
3 11963 11964 11850 
3 11961 11962 11849 
3 11848 11961 11849 
3 11960 11961 11848 
3 11846 11959 11847 
3 11844 11958 11845 
3 11957 11958 11844 
3 11843 11957 11844 
3 11956 11957 11843 
3 11842 11956 11843 
3 11955 11956 11842 
3 11841 11955 11842 
3 11954 11955 11841 
3 11840 11954 11841 
3 11953 11954 11840 
3 11839 11953 11840 
3 11837 11952 11838 
3 11951 11952 11837 
3 11836 11951 11837 
3 11950 11951 11836 
3 11835 11950 11836 
3 11949 11950 11835 
3 11834 11949 11835 
3 11948 11949 11834 
3 11833 11948 11834 
3 11947 11948 11833 
3 11832 11947 11833 
3 11946 11947 11832 
3 11831 11946 11832 
3 11945 11946 11831 
3 11830 11945 11831 
3 11944 11945 11830 
3 11829 11944 11830 
3 11943 11944 11829 
3 11828 11943 11829 
3 11942 11943 11828 
3 11827 11942 11828 
3 11941 11942 11827 
3 11826 11941 11827 
3 11940 11941 11826 
3 11825 11940 11826 
3 11939 11940 11825 
3 11824 11939 11825 
3 11938 11939 11824 
3 11823 11938 11824 
3 11937 11938 11823 
3 11822 11937 11823 
3 11936 11937 11822 
3 11821 11936 11822 
3 11935 11936 11821 
3 11820 11935 11821 
3 11934 11935 11820 
3 11819 11934 11820 
3 11933 11934 11819 
3 11818 11933 11819 
3 11932 11933 11818 
3 11817 11932 11818 
3 11931 11932 11817 
3 11816 11931 11817 
3 11930 11931 11816 
3 11815 11930 11816 
3 11929 11930 11815 
3 11814 11929 11815 
3 11928 11929 11814 
3 11813 11928 11814 
3 11927 11928 11813 
3 11812 11927 11813 
3 11925 11926 11810 
3 11809 11925 11810 
3 11924 11925 11809 
3 11808 11924 11809 
3 11923 11924 11808 
3 11807 11923 11808 
3 11922 11923 11807 
3 11806 11922 11807 
3 11921 11922 11806 
3 11805 11921 11806 
3 11920 11921 11805 
3 11804 11920 11805 
3 11919 11920 11804 
3 11803 11919 11804 
3 11918 11919 11803 
3 11802 11918 11803 
3 11917 11918 11802 
3 11801 11917 11802 
3 11916 11917 11801 
3 11800 11916 11801 
3 11915 11916 11800 
3 11799 11915 11800 
3 11914 11915 11799 
3 11798 11914 11799 
3 11913 11914 11798 
3 11797 11913 11798 
3 11912 11913 11797 
3 11796 11912 11797 
3 11911 11912 11796 
3 11795 11911 11796 
3 11910 11911 11795 
3 11794 11910 11795 
3 11908 11909 11793 
3 11792 11908 11793 
3 11907 11908 11792 
3 11791 11907 11792 
3 11906 11907 11791 
3 11790 11906 11791 
3 11905 11906 11790 
3 11789 11905 11790 
3 11904 11905 11789 
3 11788 11904 11789 
3 11903 11904 11788 
3 11787 11903 11788 
3 11902 11903 11787 
3 11786 11902 11787 
3 11901 11902 11786 
3 11785 11901 11786 
3 11900 11901 11785 
3 11784 11900 11785 
3 11899 11900 11784 
3 11783 11899 11784 
3 11898 11899 11783 
3 11782 11898 11783 
3 11780 11897 11781 
3 11896 11897 11780 
3 11779 11896 11780 
3 11777 11895 11778 
3 11894 11895 11777 
3 11776 11894 11777 
3 11891 11892 11774 
3 11773 11891 11774 
3 11890 11891 11773 
3 11772 11890 11773 
3 11889 11890 11772 
3 11771 11889 11772 
3 11888 11889 11771 
3 11770 11888 11771 
3 11887 11888 11770 
3 11769 11887 11770 
3 11886 11887 11769 
3 11768 11886 11769 
3 11885 11886 11768 
3 11767 11885 11768 
3 11884 11885 11767 
3 11766 11884 11767 
3 11883 11884 11766 
3 11765 11883 11766 
3 11762 11880 11763 
3 11879 11880 11762 
3 12107 12108 11991 
3 11990 12107 11991 
3 12106 12107 11990 
3 11989 12106 11990 
3 12105 12106 11989 
3 11988 12105 11989 
3 12104 12105 11988 
3 11987 12104 11988 
3 11985 12103 11986 
3 12102 12103 11985 
3 11984 12102 11985 
3 12101 12102 11984 
3 11983 12101 11984 
3 11981 12100 11982 
3 12099 12100 11981 
3 11980 12099 11981 
3 12098 12099 11980 
3 11979 12098 11980 
3 12097 12098 11979 
3 11978 12097 11979 
3 12096 12097 11978 
3 11977 12096 11978 
3 12095 12096 11977 
3 11976 12095 11977 
3 12094 12095 11976 
3 11975 12094 11976 
3 12093 12094 11975 
3 11974 12093 11975 
3 12092 12093 11974 
3 11973 12092 11974 
3 12091 12092 11973 
3 11971 12090 11972 
3 12089 12090 11971 
3 11970 12089 11971 
3 12088 12089 11970 
3 12085 12086 11969 
3 11968 12085 11969 
3 12084 12085 11968 
3 11967 12084 11968 
3 12083 12084 11967 
3 11966 12083 11967 
3 12082 12083 11966 
3 11965 12082 11966 
3 12081 12082 11965 
3 11964 12081 11965 
3 12080 12081 11964 
3 11963 12080 11964 
3 12079 12080 11963 
3 11962 12079 11963 
3 12078 12079 11962 
3 11961 12078 11962 
3 12075 12076 11959 
3 12073 12074 11958 
3 11957 12073 11958 
3 11955 12072 11956 
3 12071 12072 11955 
3 11954 12071 11955 
3 12070 12071 11954 
3 11953 12070 11954 
3 12069 12070 11953 
3 12067 12068 11952 
3 11951 12067 11952 
3 12066 12067 11951 
3 11950 12066 11951 
3 11948 12065 11949 
3 12064 12065 11948 
3 11947 12064 11948 
3 12063 12064 11947 
3 11946 12063 11947 
3 12062 12063 11946 
3 11945 12062 11946 
3 12061 12062 11945 
3 11944 12061 11945 
3 12060 12061 11944 
3 11943 12060 11944 
3 12059 12060 11943 
3 11942 12059 11943 
3 12058 12059 11942 
3 11941 12058 11942 
3 12057 12058 11941 
3 11940 12057 11941 
3 12056 12057 11940 
3 11939 12056 11940 
3 12055 12056 11939 
3 11938 12055 11939 
3 12054 12055 11938 
3 11937 12054 11938 
3 12053 12054 11937 
3 11936 12053 11937 
3 12052 12053 11936 
3 11935 12052 11936 
3 12051 12052 11935 
3 11934 12051 11935 
3 12050 12051 11934 
3 11933 12050 11934 
3 12049 12050 11933 
3 11932 12049 11933 
3 11930 12048 11931 
3 12047 12048 11930 
3 11929 12047 11930 
3 12046 12047 11929 
3 11928 12046 11929 
3 12045 12046 11928 
3 11927 12045 11928 
3 12044 12045 11927 
3 11925 12042 11926 
3 12041 12042 11925 
3 11924 12041 11925 
3 12040 12041 11924 
3 11923 12040 11924 
3 12039 12040 11923 
3 11922 12039 11923 
3 12038 12039 11922 
3 11921 12038 11922 
3 12037 12038 11921 
3 11920 12037 11921 
3 12036 12037 11920 
3 11919 12036 11920 
3 12035 12036 11919 
3 11918 12035 11919 
3 12034 12035 11918 
3 11917 12034 11918 
3 12033 12034 11917 
3 11916 12033 11917 
3 12032 12033 11916 
3 11915 12032 11916 
3 12031 12032 11915 
3 11914 12031 11915 
3 12030 12031 11914 
3 11913 12030 11914 
3 12029 12030 11913 
3 11912 12029 11913 
3 12028 12029 11912 
3 11911 12028 11912 
3 12027 12028 11911 
3 11910 12027 11911 
3 12026 12027 11910 
3 12024 12025 11909 
3 11908 12024 11909 
3 12023 12024 11908 
3 11907 12023 11908 
3 12022 12023 11907 
3 11906 12022 11907 
3 12021 12022 11906 
3 11905 12021 11906 
3 12020 12021 11905 
3 11904 12020 11905 
3 12019 12020 11904 
3 11903 12019 11904 
3 12018 12019 11903 
3 11902 12018 11903 
3 12017 12018 11902 
3 11901 12017 11902 
3 12016 12017 11901 
3 11900 12016 11901 
3 12015 12016 11900 
3 11899 12015 11900 
3 12014 12015 11899 
3 11898 12014 11899 
3 12013 12014 11898 
3 12011 12012 11897 
3 11896 12011 11897 
3 12010 12011 11896 
3 12008 12009 11895 
3 11894 12008 11895 
3 12006 12007 11893 
3 11892 12006 11893 
3 12005 12006 11892 
3 11891 12005 11892 
3 12004 12005 11891 
3 11890 12004 11891 
3 12003 12004 11890 
3 11889 12003 11890 
3 12002 12003 11889 
3 11888 12002 11889 
3 12001 12002 11888 
3 11887 12001 11888 
3 12000 12001 11887 
3 11886 12000 11887 
3 11999 12000 11886 
3 11885 11999 11886 
3 11998 11999 11885 
3 11884 11998 11885 
3 11995 11996 11882 
3 11881 11995 11882 
3 11994 11995 11881 
3 11879 11993 11880 
3 11992 11993 11879 
3 11760 11878 11761 
3 11877 11878 11760 
3 11759 11877 11760 
3 11876 11877 11759 
3 11756 11874 11757 
3 11873 11874 11756 
3 11755 11873 11756 
3 11872 11873 11755 
3 11754 11872 11755 
3 11871 11872 11754 
3 11753 11871 11754 
3 11870 11871 11753 
3 11752 11870 11753 
3 11869 11870 11752 
3 11751 11869 11752 
3 11868 11869 11751 
3 11750 11868 11751 
3 11867 11868 11750 
3 11749 11867 11750 
3 11866 11867 11749 
3 11748 11866 11749 
3 11865 11866 11748 
3 11747 11865 11748 
3 11864 11865 11747 
3 11746 11864 11747 
3 11863 11864 11746 
3 11861 11862 11745 
3 11744 11861 11745 
3 11860 11861 11744 
3 11743 11860 11744 
3 11859 11860 11743 
3 11742 11859 11743 
3 11858 11859 11742 
3 11741 11858 11742 
3 11857 11858 11741 
3 11738 11856 11739 
3 11855 11856 11738 
3 11737 11855 11738 
3 11854 11855 11737 
3 11736 11854 11737 
3 11734 11853 11735 
3 11852 11853 11734 
3 11733 11852 11734 
3 11851 11852 11733 
3 11732 11851 11733 
3 11850 11851 11732 
3 11731 11850 11732 
3 11729 11849 11730 
3 11848 11849 11729 
3 11727 11847 11728 
3 11846 11847 11727 
3 11726 11846 11727 
3 11845 11846 11726 
3 11725 11845 11726 
3 11844 11845 11725 
3 11724 11844 11725 
3 11843 11844 11724 
3 11723 11843 11724 
3 11842 11843 11723 
3 11722 11842 11723 
3 11841 11842 11722 
3 11721 11841 11722 
3 11840 11841 11721 
3 11720 11840 11721 
3 11839 11840 11720 
3 11719 11839 11720 
3 11838 11839 11719 
3 11718 11838 11719 
3 11837 11838 11718 
3 11717 11837 11718 
3 11836 11837 11717 
3 11716 11836 11717 
3 11835 11836 11716 
3 11715 11835 11716 
3 11834 11835 11715 
3 11714 11834 11715 
3 11833 11834 11714 
3 11713 11833 11714 
3 11832 11833 11713 
3 11712 11832 11713 
3 11831 11832 11712 
3 11711 11831 11712 
3 11830 11831 11711 
3 11710 11830 11711 
3 11829 11830 11710 
3 11709 11829 11710 
3 11828 11829 11709 
3 11708 11828 11709 
3 11827 11828 11708 
3 11707 11827 11708 
3 11826 11827 11707 
3 11706 11826 11707 
3 11825 11826 11706 
3 11705 11825 11706 
3 11824 11825 11705 
3 11704 11824 11705 
3 11823 11824 11704 
3 11703 11823 11704 
3 11822 11823 11703 
3 11702 11822 11703 
3 11821 11822 11702 
3 11701 11821 11702 
3 11820 11821 11701 
3 11700 11820 11701 
3 11819 11820 11700 
3 11699 11819 11700 
3 11818 11819 11699 
3 11698 11818 11699 
3 11817 11818 11698 
3 11697 11817 11698 
3 11816 11817 11697 
3 11696 11816 11697 
3 11815 11816 11696 
3 11813 11814 11695 
3 11694 11813 11695 
3 11812 11813 11694 
3 11693 11812 11694 
3 11811 11812 11693 
3 11692 11811 11693 
3 11690 11810 11691 
3 11809 11810 11690 
3 11689 11809 11690 
3 11808 11809 11689 
3 11688 11808 11689 
3 11807 11808 11688 
3 11687 11807 11688 
3 11806 11807 11687 
3 11686 11806 11687 
3 11805 11806 11686 
3 11685 11805 11686 
3 11804 11805 11685 
3 11684 11804 11685 
3 11803 11804 11684 
3 11683 11803 11684 
3 11802 11803 11683 
3 11682 11802 11683 
3 11801 11802 11682 
3 11681 11801 11682 
3 11800 11801 11681 
3 11680 11800 11681 
3 11799 11800 11680 
3 11679 11799 11680 
3 11798 11799 11679 
3 11796 11797 11678 
3 11677 11796 11678 
3 11795 11796 11677 
3 11676 11795 11677 
3 11794 11795 11676 
3 11675 11794 11676 
3 11673 11793 11674 
3 11792 11793 11673 
3 11672 11792 11673 
3 11791 11792 11672 
3 11671 11791 11672 
3 11790 11791 11671 
3 11670 11790 11671 
3 11789 11790 11670 
3 11669 11789 11670 
3 11788 11789 11669 
3 11668 11788 11669 
3 11787 11788 11668 
3 11667 11787 11668 
3 11786 11787 11667 
3 11666 11786 11667 
3 11785 11786 11666 
3 11665 11785 11666 
3 11784 11785 11665 
3 11664 11784 11665 
3 11783 11784 11664 
3 11663 11783 11664 
3 11782 11783 11663 
3 11662 11782 11663 
3 11781 11782 11662 
3 11661 11781 11662 
3 11780 11781 11661 
3 11660 11780 11661 
3 11779 11780 11660 
3 11659 11779 11660 
3 11778 11779 11659 
3 11658 11778 11659 
3 11777 11778 11658 
3 11657 11777 11658 
3 11776 11777 11657 
3 11656 11776 11657 
3 11775 11776 11656 
3 11655 11775 11656 
3 11771 11772 11653 
3 11652 11771 11653 
3 11770 11771 11652 
3 11651 11770 11652 
3 11769 11770 11651 
3 11650 11769 11651 
3 11768 11769 11650 
3 11766 11767 11649 
3 11648 11766 11649 
3 11765 11766 11648 
3 11647 11765 11648 
3 11764 11765 11647 
3 11646 11764 11647 
3 11643 11763 11644 
3 11762 11763 11643 
3 9742 9860 9743 
3 9859 9860 9742 
3 9741 9859 9742 
3 9739 9858 9740 
3 9857 9858 9739 
3 9738 9857 9739 
3 9855 9856 9737 
3 9736 9855 9737 
3 9854 9855 9736 
3 9735 9854 9736 
3 9853 9854 9735 
3 9851 9852 9734 
3 9733 9851 9734 
3 9850 9851 9733 
3 9732 9850 9733 
3 9849 9850 9732 
3 9731 9849 9732 
3 9848 9849 9731 
3 9730 9848 9731 
3 9847 9848 9730 
3 9729 9847 9730 
3 9846 9847 9729 
3 9728 9846 9729 
3 9845 9846 9728 
3 9727 9845 9728 
3 9844 9845 9727 
3 9726 9844 9727 
3 9843 9844 9726 
3 9725 9843 9726 
3 9840 9841 9723 
3 9722 9840 9723 
3 9720 9839 9721 
3 9838 9839 9720 
3 9719 9838 9720 
3 9837 9838 9719 
3 9718 9837 9719 
3 9836 9837 9718 
3 9717 9836 9718 
3 9835 9836 9717 
3 9716 9835 9717 
3 9834 9835 9716 
3 9715 9834 9716 
3 9713 9833 9714 
3 9832 9833 9713 
3 9712 9832 9713 
3 9831 9832 9712 
3 9711 9831 9712 
3 9830 9831 9711 
3 9710 9830 9711 
3 9829 9830 9710 
3 9709 9829 9710 
3 9828 9829 9709 
3 9708 9828 9709 
3 9827 9828 9708 
3 9707 9827 9708 
3 9826 9827 9707 
3 9706 9826 9707 
3 9825 9826 9706 
3 9705 9825 9706 
3 9824 9825 9705 
3 9704 9824 9705 
3 9823 9824 9704 
3 9821 9822 9703 
3 9702 9821 9703 
3 9820 9821 9702 
3 9701 9820 9702 
3 9819 9820 9701 
3 9700 9819 9701 
3 9818 9819 9700 
3 9699 9818 9700 
3 9817 9818 9699 
3 9698 9817 9699 
3 9816 9817 9698 
3 9697 9816 9698 
3 9815 9816 9697 
3 9696 9815 9697 
3 9814 9815 9696 
3 9695 9814 9696 
3 9813 9814 9695 
3 9694 9813 9695 
3 9812 9813 9694 
3 9693 9812 9694 
3 9811 9812 9693 
3 9692 9811 9693 
3 9810 9811 9692 
3 9691 9810 9692 
3 9689 9809 9690 
3 9808 9809 9689 
3 9688 9808 9689 
3 9807 9808 9688 
3 9687 9807 9688 
3 9806 9807 9687 
3 9686 9806 9687 
3 9805 9806 9686 
3 9685 9805 9686 
3 9804 9805 9685 
3 9684 9804 9685 
3 9803 9804 9684 
3 9683 9803 9684 
3 9681 9802 9682 
3 9801 9802 9681 
3 9680 9801 9681 
3 9800 9801 9680 
3 9679 9800 9680 
3 9799 9800 9679 
3 9677 9797 9678 
3 9796 9797 9677 
3 9676 9796 9677 
3 9795 9796 9676 
3 9675 9795 9676 
3 9794 9795 9675 
3 9674 9794 9675 
3 9793 9794 9674 
3 9673 9793 9674 
3 9792 9793 9673 
3 9672 9792 9673 
3 9670 9791 9671 
3 9790 9791 9670 
3 9669 9790 9670 
3 9789 9790 9669 
3 9668 9789 9669 
3 9788 9789 9668 
3 9667 9788 9668 
3 9787 9788 9667 
3 9666 9787 9667 
3 9786 9787 9666 
3 9665 9786 9666 
3 9785 9786 9665 
3 9664 9785 9665 
3 9784 9785 9664 
3 9663 9784 9664 
3 9783 9784 9663 
3 9662 9783 9663 
3 9782 9783 9662 
3 9661 9782 9662 
3 9781 9782 9661 
3 9660 9781 9661 
3 9780 9781 9660 
3 9659 9780 9660 
3 9779 9780 9659 
3 9658 9779 9659 
3 9778 9779 9658 
3 9657 9778 9658 
3 9777 9778 9657 
3 9656 9777 9657 
3 9776 9777 9656 
3 9655 9776 9656 
3 9775 9776 9655 
3 9654 9775 9655 
3 9774 9775 9654 
3 9653 9774 9654 
3 9773 9774 9653 
3 9652 9773 9653 
3 9772 9773 9652 
3 9651 9772 9652 
3 9771 9772 9651 
3 9650 9771 9651 
3 9770 9771 9650 
3 9649 9770 9650 
3 9769 9770 9649 
3 9648 9769 9649 
3 9768 9769 9648 
3 9647 9768 9648 
3 9767 9768 9647 
3 9646 9767 9647 
3 9766 9767 9646 
3 9645 9766 9646 
3 9765 9766 9645 
3 9644 9765 9645 
3 9764 9765 9644 
3 9643 9764 9644 
3 9763 9764 9643 
3 9642 9763 9643 
3 9762 9763 9642 
3 9641 9762 9642 
3 9761 9762 9641 
3 9640 9761 9641 
3 9760 9761 9640 
3 9639 9760 9640 
3 9759 9760 9639 
3 9638 9759 9639 
3 9758 9759 9638 
3 9637 9758 9638 
3 9757 9758 9637 
3 9636 9757 9637 
3 9756 9757 9636 
3 9635 9756 9636 
3 9755 9756 9635 
3 9634 9755 9635 
3 9754 9755 9634 
3 9633 9754 9634 
3 9753 9754 9633 
3 9632 9753 9633 
3 9752 9753 9632 
3 9631 9752 9632 
3 9751 9752 9631 
3 9630 9751 9631 
3 9750 9751 9630 
3 9629 9750 9630 
3 9627 9749 9628 
3 9748 9749 9627 
3 9626 9748 9627 
3 9624 9747 9625 
3 9746 9747 9624 
3 9623 9746 9624 
3 9745 9746 9623 
3 9622 9745 9623 
3 9744 9745 9622 
3 10682 10799 10683 
3 10798 10799 10682 
3 10681 10798 10682 
3 10797 10798 10681 
3 10680 10797 10681 
3 10796 10797 10680 
3 10679 10796 10680 
3 10795 10796 10679 
3 10678 10795 10679 
3 10794 10795 10678 
3 10677 10794 10678 
3 10793 10794 10677 
3 10676 10793 10677 
3 10792 10793 10676 
3 10675 10792 10676 
3 10791 10792 10675 
3 10674 10791 10675 
3 10790 10791 10674 
3 10787 10788 10672 
3 10671 10787 10672 
3 10786 10787 10671 
3 10670 10786 10671 
3 10785 10786 10670 
3 10669 10785 10670 
3 10784 10785 10669 
3 10782 10783 10668 
3 10780 10781 10667 
3 10778 10779 10666 
3 10665 10778 10666 
3 10777 10778 10665 
3 10664 10777 10665 
3 10776 10777 10664 
3 10663 10776 10664 
3 10775 10776 10663 
3 10662 10775 10663 
3 10774 10775 10662 
3 10661 10774 10662 
3 10773 10774 10661 
3 10660 10773 10661 
3 10772 10773 10660 
3 10659 10772 10660 
3 10771 10772 10659 
3 10658 10771 10659 
3 10770 10771 10658 
3 10657 10770 10658 
3 10769 10770 10657 
3 10656 10769 10657 
3 10768 10769 10656 
3 10655 10768 10656 
3 10767 10768 10655 
3 10654 10767 10655 
3 10766 10767 10654 
3 10653 10766 10654 
3 10765 10766 10653 
3 10652 10765 10653 
3 10764 10765 10652 
3 10651 10764 10652 
3 10763 10764 10651 
3 10650 10763 10651 
3 10762 10763 10650 
3 10649 10762 10650 
3 10761 10762 10649 
3 10648 10761 10649 
3 10760 10761 10648 
3 10647 10760 10648 
3 10759 10760 10647 
3 10646 10759 10647 
3 10758 10759 10646 
3 10645 10758 10646 
3 10757 10758 10645 
3 10644 10757 10645 
3 10756 10757 10644 
3 10643 10756 10644 
3 10755 10756 10643 
3 10642 10755 10643 
3 10754 10755 10642 
3 10641 10754 10642 
3 10753 10754 10641 
3 10640 10753 10641 
3 10752 10753 10640 
3 10639 10752 10640 
3 10636 10751 10637 
3 10750 10751 10636 
3 10635 10750 10636 
3 10749 10750 10635 
3 10634 10749 10635 
3 10748 10749 10634 
3 10633 10748 10634 
3 10747 10748 10633 
3 10632 10747 10633 
3 10746 10747 10632 
3 10631 10746 10632 
3 10745 10746 10631 
3 10630 10745 10631 
3 10744 10745 10630 
3 10629 10744 10630 
3 10743 10744 10629 
3 10628 10743 10629 
3 10742 10743 10628 
3 10627 10742 10628 
3 10741 10742 10627 
3 10626 10741 10627 
3 10740 10741 10626 
3 10625 10740 10626 
3 10739 10740 10625 
3 10624 10739 10625 
3 10738 10739 10624 
3 10623 10738 10624 
3 10737 10738 10623 
3 10622 10737 10623 
3 10736 10737 10622 
3 10621 10736 10622 
3 10735 10736 10621 
3 10620 10735 10621 
3 10734 10735 10620 
3 10619 10734 10620 
3 10733 10734 10619 
3 10618 10733 10619 
3 10732 10733 10618 
3 10617 10732 10618 
3 10731 10732 10617 
3 10616 10731 10617 
3 10730 10731 10616 
3 10615 10730 10616 
3 10729 10730 10615 
3 10614 10729 10615 
3 10728 10729 10614 
3 10613 10728 10614 
3 10727 10728 10613 
3 10612 10727 10613 
3 10726 10727 10612 
3 10611 10726 10612 
3 10725 10726 10611 
3 10610 10725 10611 
3 10724 10725 10610 
3 10609 10724 10610 
3 10723 10724 10609 
3 10608 10723 10609 
3 10722 10723 10608 
3 10607 10722 10608 
3 10721 10722 10607 
3 10606 10721 10607 
3 10720 10721 10606 
3 10605 10720 10606 
3 10719 10720 10605 
3 10604 10719 10605 
3 10718 10719 10604 
3 10603 10718 10604 
3 10717 10718 10603 
3 10602 10717 10603 
3 10716 10717 10602 
3 10601 10716 10602 
3 10715 10716 10601 
3 10600 10715 10601 
3 10598 10714 10599 
3 10713 10714 10598 
3 10597 10713 10598 
3 10712 10713 10597 
3 10596 10712 10597 
3 10711 10712 10596 
3 10595 10711 10596 
3 10710 10711 10595 
3 10594 10710 10595 
3 10709 10710 10594 
3 10593 10709 10594 
3 10708 10709 10593 
3 10592 10708 10593 
3 10707 10708 10592 
3 10591 10707 10592 
3 10706 10707 10591 
3 10703 10704 10590 
3 10589 10703 10590 
3 10702 10703 10589 
3 10588 10702 10589 
3 10701 10702 10588 
3 10587 10701 10588 
3 10700 10701 10587 
3 10586 10700 10587 
3 10698 10699 10585 
3 10584 10698 10585 
3 10581 10696 10582 
3 10695 10696 10581 
3 10580 10695 10581 
3 10694 10695 10580 
3 10579 10694 10580 
3 10577 10693 10578 
3 10692 10693 10577 
3 10576 10692 10577 
3 10691 10692 10576 
3 10574 10690 10575 
3 10572 10689 10573 
3 10688 10689 10572 
3 10571 10688 10572 
3 10687 10688 10571 
3 10569 10685 10570 
3 10684 10685 10569 
3 11149 11272 11150 
3 11271 11272 11149 
3 11146 11269 11147 
3 11268 11269 11146 
3 11145 11268 11146 
3 11267 11268 11145 
3 11265 11266 11144 
3 11143 11265 11144 
3 11264 11265 11143 
3 11142 11264 11143 
3 11263 11264 11142 
3 11141 11263 11142 
3 11262 11263 11141 
3 11140 11262 11141 
3 11261 11262 11140 
3 11139 11261 11140 
3 11260 11261 11139 
3 11138 11260 11139 
3 11259 11260 11138 
3 11137 11259 11138 
3 11258 11259 11137 
3 11136 11258 11137 
3 11257 11258 11136 
3 11135 11257 11136 
3 11256 11257 11135 
3 11134 11256 11135 
3 11255 11256 11134 
3 11133 11255 11134 
3 11254 11255 11133 
3 11132 11254 11133 
3 11253 11254 11132 
3 11131 11253 11132 
3 11252 11253 11131 
3 11130 11252 11131 
3 11251 11252 11130 
3 11129 11251 11130 
3 11250 11251 11129 
3 11128 11250 11129 
3 11249 11250 11128 
3 11127 11249 11128 
3 11248 11249 11127 
3 11126 11248 11127 
3 11247 11248 11126 
3 11125 11247 11126 
3 11246 11247 11125 
3 11124 11246 11125 
3 11245 11246 11124 
3 11123 11245 11124 
3 11244 11245 11123 
3 11122 11244 11123 
3 11243 11244 11122 
3 11121 11243 11122 
3 11242 11243 11121 
3 11120 11242 11121 
3 11241 11242 11120 
3 11119 11241 11120 
3 11240 11241 11119 
3 11118 11240 11119 
3 11239 11240 11118 
3 11117 11239 11118 
3 11238 11239 11117 
3 11116 11238 11117 
3 11237 11238 11116 
3 11115 11237 11116 
3 11236 11237 11115 
3 11114 11236 11115 
3 11235 11236 11114 
3 11113 11235 11114 
3 11234 11235 11113 
3 11112 11234 11113 
3 11233 11234 11112 
3 11111 11233 11112 
3 11232 11233 11111 
3 11110 11232 11111 
3 11231 11232 11110 
3 11109 11231 11110 
3 11230 11231 11109 
3 11108 11230 11109 
3 11229 11230 11108 
3 11107 11229 11108 
3 11228 11229 11107 
3 11106 11228 11107 
3 11227 11228 11106 
3 11105 11227 11106 
3 11226 11227 11105 
3 11104 11226 11105 
3 11225 11226 11104 
3 11103 11225 11104 
3 11224 11225 11103 
3 11102 11224 11103 
3 11223 11224 11102 
3 11101 11223 11102 
3 11222 11223 11101 
3 11100 11222 11101 
3 11221 11222 11100 
3 11099 11221 11100 
3 11220 11221 11099 
3 11098 11220 11099 
3 11219 11220 11098 
3 11097 11219 11098 
3 11218 11219 11097 
3 11096 11218 11097 
3 11217 11218 11096 
3 11095 11217 11096 
3 11216 11217 11095 
3 11094 11216 11095 
3 11215 11216 11094 
3 11093 11215 11094 
3 11214 11215 11093 
3 11092 11214 11093 
3 11213 11214 11092 
3 11091 11213 11092 
3 11212 11213 11091 
3 11090 11212 11091 
3 11211 11212 11090 
3 11089 11211 11090 
3 11210 11211 11089 
3 11088 11210 11089 
3 11209 11210 11088 
3 11087 11209 11088 
3 11208 11209 11087 
3 11086 11208 11087 
3 11207 11208 11086 
3 11085 11207 11086 
3 11206 11207 11085 
3 11084 11206 11085 
3 11205 11206 11084 
3 11083 11205 11084 
3 11204 11205 11083 
3 11082 11204 11083 
3 11203 11204 11082 
3 11081 11203 11082 
3 11202 11203 11081 
3 11080 11202 11081 
3 11201 11202 11080 
3 11079 11201 11080 
3 11200 11201 11079 
3 11078 11200 11079 
3 11199 11200 11078 
3 11077 11199 11078 
3 11198 11199 11077 
3 11076 11198 11077 
3 11197 11198 11076 
3 11075 11197 11076 
3 11196 11197 11075 
3 11074 11196 11075 
3 11195 11196 11074 
3 11073 11195 11074 
3 11194 11195 11073 
3 11072 11194 11073 
3 11193 11194 11072 
3 11071 11193 11072 
3 11192 11193 11071 
3 11070 11192 11071 
3 11191 11192 11070 
3 11188 11189 11069 
3 11068 11188 11069 
3 11187 11188 11068 
3 11067 11187 11068 
3 11186 11187 11067 
3 11066 11186 11067 
3 11185 11186 11066 
3 11065 11185 11066 
3 11184 11185 11065 
3 11064 11184 11065 
3 11183 11184 11064 
3 11063 11183 11064 
3 11182 11183 11063 
3 11062 11182 11063 
3 11181 11182 11062 
3 11061 11181 11062 
3 11180 11181 11061 
3 11060 11180 11061 
3 11179 11180 11060 
3 11059 11179 11060 
3 11178 11179 11059 
3 11058 11178 11059 
3 11177 11178 11058 
3 11057 11177 11058 
3 11176 11177 11057 
3 11056 11176 11057 
3 11175 11176 11056 
3 11055 11175 11056 
3 11174 11175 11055 
3 11054 11174 11055 
3 11173 11174 11054 
3 11053 11173 11054 
3 11172 11173 11053 
3 11052 11172 11053 
3 11171 11172 11052 
3 11051 11171 11052 
3 11170 11171 11051 
3 11050 11170 11051 
3 11169 11170 11050 
3 11049 11169 11050 
3 11168 11169 11049 
3 11048 11168 11049 
3 11167 11168 11048 
3 11047 11167 11048 
3 11166 11167 11047 
3 11046 11166 11047 
3 11165 11166 11046 
3 11045 11165 11046 
3 11164 11165 11045 
3 11044 11164 11045 
3 11163 11164 11044 
3 11161 11162 11043 
3 11042 11161 11043 
3 11159 11160 11041 
3 11040 11159 11041 
3 11158 11159 11040 
3 11039 11158 11040 
3 11157 11158 11039 
3 11038 11157 11039 
3 11156 11157 11038 
3 11037 11156 11038 
3 11155 11156 11037 
3 11036 11155 11037 
3 11154 11155 11036 
3 11035 11154 11036 
3 11153 11154 11035 
3 11395 11521 11396 
3 11520 11521 11395 
3 11394 11520 11395 
3 11519 11520 11394 
3 11393 11519 11394 
3 11518 11519 11393 
3 11392 11518 11393 
3 11517 11518 11392 
3 11391 11517 11392 
3 11516 11517 11391 
3 11390 11516 11391 
3 11515 11516 11390 
3 11389 11515 11390 
3 11514 11515 11389 
3 11388 11514 11389 
3 11513 11514 11388 
3 11387 11513 11388 
3 11512 11513 11387 
3 11386 11512 11387 
3 11511 11512 11386 
3 11385 11511 11386 
3 11510 11511 11385 
3 11384 11510 11385 
3 11509 11510 11384 
3 11383 11509 11384 
3 11508 11509 11383 
3 11382 11508 11383 
3 11507 11508 11382 
3 11381 11507 11382 
3 11506 11507 11381 
3 11380 11506 11381 
3 11505 11506 11380 
3 11379 11505 11380 
3 11504 11505 11379 
3 11378 11504 11379 
3 11503 11504 11378 
3 11377 11503 11378 
3 11502 11503 11377 
3 11376 11502 11377 
3 11501 11502 11376 
3 11375 11501 11376 
3 11500 11501 11375 
3 11374 11500 11375 
3 11499 11500 11374 
3 11373 11499 11374 
3 11498 11499 11373 
3 11372 11498 11373 
3 11497 11498 11372 
3 11371 11497 11372 
3 11496 11497 11371 
3 11370 11496 11371 
3 11495 11496 11370 
3 11369 11495 11370 
3 11494 11495 11369 
3 11368 11494 11369 
3 11493 11494 11368 
3 11367 11493 11368 
3 11492 11493 11367 
3 11366 11492 11367 
3 11491 11492 11366 
3 11365 11491 11366 
3 11490 11491 11365 
3 11364 11490 11365 
3 11489 11490 11364 
3 11363 11489 11364 
3 11488 11489 11363 
3 11362 11488 11363 
3 11487 11488 11362 
3 11360 11486 11361 
3 11485 11486 11360 
3 11359 11485 11360 
3 11484 11485 11359 
3 11358 11484 11359 
3 11483 11484 11358 
3 11357 11483 11358 
3 11482 11483 11357 
3 11356 11482 11357 
3 11481 11482 11356 
3 11355 11481 11356 
3 11480 11481 11355 
3 11354 11480 11355 
3 11479 11480 11354 
3 11353 11479 11354 
3 11478 11479 11353 
3 11352 11478 11353 
3 11477 11478 11352 
3 11351 11477 11352 
3 11476 11477 11351 
3 11350 11476 11351 
3 11475 11476 11350 
3 11349 11475 11350 
3 11474 11475 11349 
3 11348 11474 11349 
3 11473 11474 11348 
3 11347 11473 11348 
3 11472 11473 11347 
3 11346 11472 11347 
3 11471 11472 11346 
3 11345 11471 11346 
3 11470 11471 11345 
3 11344 11470 11345 
3 11469 11470 11344 
3 11343 11469 11344 
3 11468 11469 11343 
3 11342 11468 11343 
3 11467 11468 11342 
3 11341 11467 11342 
3 11466 11467 11341 
3 11340 11466 11341 
3 11465 11466 11340 
3 11339 11465 11340 
3 11464 11465 11339 
3 11338 11464 11339 
3 11463 11464 11338 
3 11337 11463 11338 
3 11462 11463 11337 
3 11336 11462 11337 
3 11461 11462 11336 
3 11335 11461 11336 
3 11460 11461 11335 
3 11334 11460 11335 
3 11459 11460 11334 
3 11333 11459 11334 
3 11458 11459 11333 
3 11332 11458 11333 
3 11457 11458 11332 
3 11331 11457 11332 
3 11456 11457 11331 
3 11330 11456 11331 
3 11455 11456 11330 
3 11329 11455 11330 
3 11454 11455 11329 
3 11328 11454 11329 
3 11453 11454 11328 
3 11327 11453 11328 
3 11452 11453 11327 
3 11326 11452 11327 
3 11451 11452 11326 
3 11325 11451 11326 
3 11450 11451 11325 
3 11324 11450 11325 
3 11449 11450 11324 
3 11323 11449 11324 
3 11448 11449 11323 
3 11322 11448 11323 
3 11447 11448 11322 
3 11321 11447 11322 
3 11446 11447 11321 
3 11320 11446 11321 
3 11445 11446 11320 
3 11319 11445 11320 
3 11444 11445 11319 
3 11318 11444 11319 
3 11443 11444 11318 
3 11317 11443 11318 
3 11442 11443 11317 
3 11316 11442 11317 
3 11441 11442 11316 
3 11315 11441 11316 
3 11440 11441 11315 
3 11314 11440 11315 
3 11439 11440 11314 
3 11313 11439 11314 
3 11438 11439 11313 
3 11312 11438 11313 
3 11437 11438 11312 
3 11311 11437 11312 
3 11436 11437 11311 
3 11310 11436 11311 
3 11435 11436 11310 
3 11309 11435 11310 
3 11434 11435 11309 
3 11308 11434 11309 
3 11433 11434 11308 
3 11431 11432 11307 
3 11306 11431 11307 
3 11430 11431 11306 
3 11305 11430 11306 
3 11429 11430 11305 
3 11304 11429 11305 
3 11428 11429 11304 
3 11303 11428 11304 
3 11427 11428 11303 
3 11302 11427 11303 
3 11426 11427 11302 
3 11301 11426 11302 
3 11425 11426 11301 
3 11300 11425 11301 
3 11424 11425 11300 
3 11299 11424 11300 
3 11423 11424 11299 
3 11298 11423 11299 
3 11422 11423 11298 
3 11297 11422 11298 
3 11421 11422 11297 
3 11296 11421 11297 
3 11420 11421 11296 
3 11295 11420 11296 
3 11419 11420 11295 
3 11294 11419 11295 
3 11418 11419 11294 
3 11293 11418 11294 
3 11417 11418 11293 
3 11292 11417 11293 
3 11416 11417 11292 
3 11291 11416 11292 
3 11415 11416 11291 
3 11290 11415 11291 
3 11414 11415 11290 
3 11289 11414 11290 
3 11413 11414 11289 
3 11288 11413 11289 
3 11411 11412 11287 
3 11286 11411 11287 
3 11410 11411 11286 
3 11285 11410 11286 
3 11409 11410 11285 
3 11284 11409 11285 
3 11408 11409 11284 
3 11283 11408 11284 
3 11407 11408 11283 
3 11282 11407 11283 
3 11406 11407 11282 
3 11281 11406 11282 
3 11405 11406 11281 
3 11403 11404 11280 
3 11279 11403 11280 
3 11402 11403 11279 
3 11278 11402 11279 
3 11401 11402 11278 
3 11277 11401 11278 
3 11400 11401 11277 
3 11276 11400 11277 
3 11399 11400 11276 
3 11275 11399 11276 
3 11273 11398 11274 
3 11397 11398 11273 
3 11520 11642 11521 
3 11641 11642 11520 
3 11519 11641 11520 
3 11640 11641 11519 
3 11518 11640 11519 
3 11639 11640 11518 
3 11517 11639 11518 
3 11638 11639 11517 
3 11516 11638 11517 
3 11637 11638 11516 
3 11515 11637 11516 
3 11636 11637 11515 
3 11514 11636 11515 
3 11635 11636 11514 
3 11513 11635 11514 
3 11634 11635 11513 
3 11512 11634 11513 
3 11633 11634 11512 
3 11511 11633 11512 
3 11632 11633 11511 
3 11510 11632 11511 
3 11631 11632 11510 
3 11509 11631 11510 
3 11630 11631 11509 
3 11508 11630 11509 
3 11629 11630 11508 
3 11507 11629 11508 
3 11628 11629 11507 
3 11506 11628 11507 
3 11627 11628 11506 
3 11505 11627 11506 
3 11626 11627 11505 
3 11504 11626 11505 
3 11625 11626 11504 
3 11503 11625 11504 
3 11624 11625 11503 
3 11502 11624 11503 
3 11623 11624 11502 
3 11501 11623 11502 
3 11622 11623 11501 
3 11500 11622 11501 
3 11621 11622 11500 
3 11499 11621 11500 
3 11620 11621 11499 
3 11498 11620 11499 
3 11619 11620 11498 
3 11497 11619 11498 
3 11618 11619 11497 
3 11496 11618 11497 
3 11617 11618 11496 
3 11495 11617 11496 
3 11616 11617 11495 
3 11494 11616 11495 
3 11615 11616 11494 
3 11493 11615 11494 
3 11614 11615 11493 
3 11492 11614 11493 
3 11613 11614 11492 
3 11491 11613 11492 
3 11612 11613 11491 
3 11490 11612 11491 
3 11611 11612 11490 
3 11489 11611 11490 
3 11610 11611 11489 
3 11488 11610 11489 
3 11609 11610 11488 
3 11487 11609 11488 
3 11608 11609 11487 
3 11606 11607 11486 
3 11485 11606 11486 
3 11605 11606 11485 
3 11484 11605 11485 
3 11604 11605 11484 
3 11483 11604 11484 
3 11603 11604 11483 
3 11482 11603 11483 
3 11602 11603 11482 
3 11481 11602 11482 
3 11601 11602 11481 
3 11480 11601 11481 
3 11600 11601 11480 
3 11479 11600 11480 
3 11599 11600 11479 
3 11478 11599 11479 
3 11598 11599 11478 
3 11477 11598 11478 
3 11597 11598 11477 
3 11476 11597 11477 
3 11596 11597 11476 
3 11475 11596 11476 
3 11595 11596 11475 
3 11474 11595 11475 
3 11594 11595 11474 
3 11473 11594 11474 
3 11593 11594 11473 
3 11472 11593 11473 
3 11592 11593 11472 
3 11471 11592 11472 
3 11591 11592 11471 
3 11470 11591 11471 
3 11590 11591 11470 
3 11469 11590 11470 
3 11589 11590 11469 
3 11468 11589 11469 
3 11588 11589 11468 
3 11467 11588 11468 
3 11587 11588 11467 
3 11466 11587 11467 
3 11586 11587 11466 
3 11465 11586 11466 
3 11585 11586 11465 
3 11464 11585 11465 
3 11462 11584 11463 
3 11583 11584 11462 
3 11461 11583 11462 
3 11582 11583 11461 
3 11460 11582 11461 
3 11581 11582 11460 
3 11459 11581 11460 
3 11580 11581 11459 
3 11458 11580 11459 
3 11579 11580 11458 
3 11457 11579 11458 
3 11578 11579 11457 
3 11456 11578 11457 
3 11577 11578 11456 
3 11455 11577 11456 
3 11576 11577 11455 
3 11454 11576 11455 
3 11575 11576 11454 
3 11453 11575 11454 
3 11451 11574 11452 
3 11573 11574 11451 
3 11450 11573 11451 
3 11572 11573 11450 
3 11449 11572 11450 
3 11571 11572 11449 
3 11448 11571 11449 
3 11570 11571 11448 
3 11447 11570 11448 
3 11569 11570 11447 
3 11446 11569 11447 
3 11568 11569 11446 
3 11445 11568 11446 
3 11567 11568 11445 
3 11444 11567 11445 
3 11566 11567 11444 
3 11443 11566 11444 
3 11565 11566 11443 
3 11442 11565 11443 
3 11564 11565 11442 
3 11441 11564 11442 
3 11563 11564 11441 
3 11440 11563 11441 
3 11562 11563 11440 
3 11439 11562 11440 
3 11561 11562 11439 
3 11438 11561 11439 
3 11560 11561 11438 
3 11437 11560 11438 
3 11559 11560 11437 
3 11436 11559 11437 
3 11558 11559 11436 
3 11435 11558 11436 
3 11557 11558 11435 
3 11434 11557 11435 
3 11556 11557 11434 
3 11433 11556 11434 
3 11431 11555 11432 
3 11554 11555 11431 
3 11430 11554 11431 
3 11428 11553 11429 
3 11552 11553 11428 
3 11427 11552 11428 
3 11551 11552 11427 
3 11426 11551 11427 
3 11550 11551 11426 
3 11425 11550 11426 
3 11549 11550 11425 
3 11424 11549 11425 
3 11548 11549 11424 
3 11423 11548 11424 
3 11547 11548 11423 
3 11422 11547 11423 
3 11546 11547 11422 
3 11421 11546 11422 
3 11545 11546 11421 
3 11420 11545 11421 
3 11544 11545 11420 
3 11419 11544 11420 
3 11543 11544 11419 
3 11418 11543 11419 
3 11542 11543 11418 
3 11417 11542 11418 
3 11541 11542 11417 
3 11416 11541 11417 
3 11540 11541 11416 
3 11415 11540 11416 
3 11539 11540 11415 
3 11414 11539 11415 
3 11538 11539 11414 
3 11413 11538 11414 
3 11536 11537 11412 
3 11411 11536 11412 
3 11535 11536 11411 
3 11410 11535 11411 
3 11534 11535 11410 
3 11409 11534 11410 
3 11533 11534 11409 
3 11408 11533 11409 
3 11406 11532 11407 
3 11531 11532 11406 
3 11405 11531 11406 
3 11530 11531 11405 
3 11404 11530 11405 
3 11529 11530 11404 
3 11403 11529 11404 
3 11401 11528 11402 
3 11527 11528 11401 
3 11400 11527 11401 
3 11526 11527 11400 
3 11399 11526 11400 
3 11525 11526 11399 
3 11523 11524 11398 
3 11397 11523 11398 
3 11522 11523 11397 
3 11395 11396 11272 
3 11271 11395 11272 
3 11394 11395 11271 
3 11392 11393 11270 
3 11390 11391 11269 
3 11268 11390 11269 
3 11389 11390 11268 
3 11267 11389 11268 
3 11388 11389 11267 
3 11266 11388 11267 
3 11387 11388 11266 
3 11265 11387 11266 
3 11386 11387 11265 
3 11264 11386 11265 
3 11385 11386 11264 
3 11263 11385 11264 
3 11384 11385 11263 
3 11262 11384 11263 
3 11383 11384 11262 
3 11261 11383 11262 
3 11382 11383 11261 
3 11260 11382 11261 
3 11381 11382 11260 
3 11259 11381 11260 
3 11380 11381 11259 
3 11258 11380 11259 
3 11379 11380 11258 
3 11257 11379 11258 
3 11378 11379 11257 
3 11256 11378 11257 
3 11377 11378 11256 
3 11255 11377 11256 
3 11376 11377 11255 
3 11254 11376 11255 
3 11375 11376 11254 
3 11253 11375 11254 
3 11374 11375 11253 
3 11252 11374 11253 
3 11373 11374 11252 
3 11251 11373 11252 
3 11372 11373 11251 
3 11250 11372 11251 
3 11371 11372 11250 
3 11249 11371 11250 
3 11370 11371 11249 
3 11248 11370 11249 
3 11369 11370 11248 
3 11247 11369 11248 
3 11368 11369 11247 
3 11246 11368 11247 
3 11367 11368 11246 
3 11245 11367 11246 
3 11366 11367 11245 
3 11244 11366 11245 
3 11365 11366 11244 
3 11243 11365 11244 
3 11364 11365 11243 
3 11242 11364 11243 
3 11363 11364 11242 
3 11241 11363 11242 
3 11362 11363 11241 
3 11240 11362 11241 
3 11238 11361 11239 
3 11360 11361 11238 
3 11237 11360 11238 
3 11359 11360 11237 
3 11236 11359 11237 
3 11358 11359 11236 
3 11235 11358 11236 
3 11357 11358 11235 
3 11234 11357 11235 
3 11356 11357 11234 
3 11233 11356 11234 
3 11355 11356 11233 
3 11232 11355 11233 
3 11354 11355 11232 
3 11231 11354 11232 
3 11353 11354 11231 
3 11230 11353 11231 
3 11352 11353 11230 
3 11229 11352 11230 
3 11351 11352 11229 
3 11228 11351 11229 
3 11350 11351 11228 
3 11227 11350 11228 
3 11349 11350 11227 
3 11226 11349 11227 
3 11348 11349 11226 
3 11225 11348 11226 
3 11347 11348 11225 
3 11224 11347 11225 
3 11346 11347 11224 
3 11223 11346 11224 
3 11345 11346 11223 
3 11222 11345 11223 
3 11344 11345 11222 
3 11221 11344 11222 
3 11343 11344 11221 
3 11220 11343 11221 
3 11342 11343 11220 
3 11219 11342 11220 
3 11341 11342 11219 
3 11218 11341 11219 
3 11340 11341 11218 
3 11217 11340 11218 
3 11339 11340 11217 
3 11216 11339 11217 
3 11338 11339 11216 
3 11215 11338 11216 
3 11337 11338 11215 
3 11214 11337 11215 
3 11336 11337 11214 
3 11213 11336 11214 
3 11335 11336 11213 
3 11212 11335 11213 
3 11334 11335 11212 
3 11211 11334 11212 
3 11333 11334 11211 
3 11210 11333 11211 
3 11332 11333 11210 
3 11209 11332 11210 
3 11331 11332 11209 
3 11208 11331 11209 
3 11330 11331 11208 
3 11207 11330 11208 
3 11329 11330 11207 
3 11206 11329 11207 
3 11328 11329 11206 
3 11205 11328 11206 
3 11327 11328 11205 
3 11204 11327 11205 
3 11326 11327 11204 
3 11203 11326 11204 
3 11325 11326 11203 
3 11202 11325 11203 
3 11324 11325 11202 
3 11201 11324 11202 
3 11323 11324 11201 
3 11200 11323 11201 
3 11322 11323 11200 
3 11199 11322 11200 
3 11321 11322 11199 
3 11198 11321 11199 
3 11320 11321 11198 
3 11197 11320 11198 
3 11319 11320 11197 
3 11196 11319 11197 
3 11318 11319 11196 
3 11195 11318 11196 
3 11317 11318 11195 
3 11194 11317 11195 
3 11316 11317 11194 
3 11193 11316 11194 
3 11315 11316 11193 
3 11192 11315 11193 
3 11314 11315 11192 
3 11191 11314 11192 
3 11313 11314 11191 
3 11190 11313 11191 
3 11312 11313 11190 
3 11309 11310 11189 
3 11188 11309 11189 
3 11308 11309 11188 
3 11187 11308 11188 
3 11185 11307 11186 
3 11306 11307 11185 
3 11184 11306 11185 
3 11305 11306 11184 
3 11183 11305 11184 
3 11304 11305 11183 
3 11182 11304 11183 
3 11303 11304 11182 
3 11181 11303 11182 
3 11302 11303 11181 
3 11180 11302 11181 
3 11301 11302 11180 
3 11179 11301 11180 
3 11300 11301 11179 
3 11178 11300 11179 
3 11299 11300 11178 
3 11177 11299 11178 
3 11298 11299 11177 
3 11176 11298 11177 
3 11297 11298 11176 
3 11175 11297 11176 
3 11296 11297 11175 
3 11174 11296 11175 
3 11295 11296 11174 
3 11173 11295 11174 
3 11294 11295 11173 
3 11172 11294 11173 
3 11293 11294 11172 
3 11171 11293 11172 
3 11292 11293 11171 
3 11170 11292 11171 
3 11291 11292 11170 
3 11169 11291 11170 
3 11290 11291 11169 
3 11168 11290 11169 
3 11289 11290 11168 
3 11167 11289 11168 
3 11288 11289 11167 
3 11166 11288 11167 
3 11164 11287 11165 
3 11286 11287 11164 
3 11163 11286 11164 
3 11285 11286 11163 
3 11162 11285 11163 
3 11284 11285 11162 
3 11161 11284 11162 
3 11283 11284 11161 
3 11281 11282 11160 
3 11159 11281 11160 
3 11157 11280 11158 
3 11279 11280 11157 
3 11156 11279 11157 
3 11278 11279 11156 
3 11155 11278 11156 
3 11277 11278 11155 
3 11154 11277 11155 
3 11276 11277 11154 
3 11153 11276 11154 
3 11275 11276 11153 
3 11273 11274 11152 
3 10915 11033 10916 
3 11032 11033 10915 
3 10914 11032 10915 
3 11031 11032 10914 
3 10913 11031 10914 
3 11030 11031 10913 
3 10912 11030 10913 
3 11029 11030 10912 
3 10911 11029 10912 
3 11028 11029 10911 
3 10910 11028 10911 
3 11027 11028 10910 
3 10909 11027 10910 
3 11026 11027 10909 
3 10908 11026 10909 
3 11024 11025 10907 
3 11020 11021 10905 
3 10904 11020 10905 
3 11019 11020 10904 
3 10903 11019 10904 
3 11018 11019 10903 
3 10902 11018 10903 
3 11017 11018 10902 
3 10901 11017 10902 
3 11016 11017 10901 
3 10900 11016 10901 
3 11015 11016 10900 
3 10899 11015 10900 
3 11014 11015 10899 
3 10898 11014 10899 
3 11013 11014 10898 
3 10897 11013 10898 
3 11012 11013 10897 
3 10896 11012 10897 
3 11011 11012 10896 
3 10895 11011 10896 
3 11010 11011 10895 
3 10894 11010 10895 
3 11009 11010 10894 
3 10893 11009 10894 
3 11008 11009 10893 
3 10892 11008 10893 
3 11007 11008 10892 
3 10891 11007 10892 
3 11006 11007 10891 
3 10890 11006 10891 
3 11005 11006 10890 
3 10889 11005 10890 
3 11004 11005 10889 
3 10888 11004 10889 
3 11003 11004 10888 
3 10887 11003 10888 
3 11002 11003 10887 
3 10886 11002 10887 
3 10883 11001 10884 
3 11000 11001 10883 
3 10882 11000 10883 
3 10999 11000 10882 
3 10881 10999 10882 
3 10998 10999 10881 
3 10880 10998 10881 
3 10997 10998 10880 
3 10879 10997 10880 
3 10996 10997 10879 
3 10878 10996 10879 
3 10995 10996 10878 
3 10877 10995 10878 
3 10994 10995 10877 
3 10876 10994 10877 
3 10993 10994 10876 
3 10875 10993 10876 
3 10992 10993 10875 
3 10874 10992 10875 
3 10991 10992 10874 
3 10873 10991 10874 
3 10990 10991 10873 
3 10872 10990 10873 
3 10989 10990 10872 
3 10871 10989 10872 
3 10988 10989 10871 
3 10870 10988 10871 
3 10987 10988 10870 
3 10869 10987 10870 
3 10986 10987 10869 
3 10868 10986 10869 
3 10985 10986 10868 
3 10867 10985 10868 
3 10984 10985 10867 
3 10866 10984 10867 
3 10983 10984 10866 
3 10865 10983 10866 
3 10982 10983 10865 
3 10864 10982 10865 
3 10981 10982 10864 
3 10863 10981 10864 
3 10980 10981 10863 
3 10862 10980 10863 
3 10979 10980 10862 
3 10977 10978 10861 
3 10859 10976 10860 
3 10975 10976 10859 
3 10858 10975 10859 
3 10974 10975 10858 
3 10857 10974 10858 
3 10973 10974 10857 
3 10856 10973 10857 
3 10972 10973 10856 
3 10855 10972 10856 
3 10971 10972 10855 
3 10854 10971 10855 
3 10970 10971 10854 
3 10853 10970 10854 
3 10969 10970 10853 
3 10852 10969 10853 
3 10968 10969 10852 
3 10851 10968 10852 
3 10967 10968 10851 
3 10850 10967 10851 
3 10966 10967 10850 
3 10849 10966 10850 
3 10965 10966 10849 
3 10848 10965 10849 
3 10964 10965 10848 
3 10847 10964 10848 
3 10963 10964 10847 
3 10846 10963 10847 
3 10962 10963 10846 
3 10845 10962 10846 
3 10961 10962 10845 
3 10844 10961 10845 
3 10960 10961 10844 
3 10843 10960 10844 
3 10959 10960 10843 
3 10842 10959 10843 
3 10958 10959 10842 
3 10841 10958 10842 
3 10957 10958 10841 
3 10840 10957 10841 
3 10956 10957 10840 
3 10839 10956 10840 
3 10955 10956 10839 
3 10838 10955 10839 
3 10954 10955 10838 
3 10837 10954 10838 
3 10953 10954 10837 
3 10836 10953 10837 
3 10952 10953 10836 
3 10835 10952 10836 
3 10833 10951 10834 
3 10950 10951 10833 
3 10832 10950 10833 
3 10949 10950 10832 
3 10831 10949 10832 
3 10948 10949 10831 
3 10830 10948 10831 
3 10947 10948 10830 
3 10829 10947 10830 
3 10946 10947 10829 
3 10828 10946 10829 
3 10945 10946 10828 
3 10827 10945 10828 
3 10944 10945 10827 
3 10826 10944 10827 
3 10943 10944 10826 
3 10825 10943 10826 
3 10942 10943 10825 
3 10940 10941 10824 
3 10823 10940 10824 
3 10939 10940 10823 
3 10822 10939 10823 
3 10938 10939 10822 
3 10821 10938 10822 
3 10937 10938 10821 
3 10935 10936 10820 
3 10933 10934 10819 
3 10818 10933 10819 
3 10932 10933 10818 
3 10815 10931 10816 
3 10930 10931 10815 
3 10814 10930 10815 
3 10929 10930 10814 
3 10813 10929 10814 
3 10928 10929 10813 
3 10812 10928 10813 
3 10927 10928 10812 
3 10811 10927 10812 
3 10926 10927 10811 
3 10810 10926 10811 
3 10808 10925 10809 
3 10922 10923 10806 
3 10805 10922 10806 
3 10921 10922 10805 
3 10804 10921 10805 
3 10920 10921 10804 
3 10803 10920 10804 
3 10919 10920 10803 
3 10802 10919 10803 
3 10800 10918 10801 
3 10917 10918 10800 
3 11032 11151 11033 
3 11150 11151 11032 
3 11031 11150 11032 
3 11149 11150 11031 
3 11030 11149 11031 
3 11028 11148 11029 
3 11026 11147 11027 
3 11146 11147 11026 
3 11023 11144 11024 
3 11143 11144 11023 
3 11022 11143 11023 
3 11142 11143 11022 
3 11140 11141 11021 
3 11020 11140 11021 
3 11139 11140 11020 
3 11019 11139 11020 
3 11138 11139 11019 
3 11018 11138 11019 
3 11137 11138 11018 
3 11017 11137 11018 
3 11136 11137 11017 
3 11016 11136 11017 
3 11135 11136 11016 
3 11015 11135 11016 
3 11134 11135 11015 
3 11014 11134 11015 
3 11133 11134 11014 
3 11013 11133 11014 
3 11132 11133 11013 
3 11012 11132 11013 
3 11131 11132 11012 
3 11011 11131 11012 
3 11130 11131 11011 
3 11010 11130 11011 
3 11129 11130 11010 
3 11009 11129 11010 
3 11128 11129 11009 
3 11008 11128 11009 
3 11127 11128 11008 
3 11007 11127 11008 
3 11126 11127 11007 
3 11006 11126 11007 
3 11125 11126 11006 
3 11005 11125 11006 
3 11124 11125 11005 
3 11004 11124 11005 
3 11123 11124 11004 
3 11003 11123 11004 
3 11122 11123 11003 
3 11002 11122 11003 
3 11121 11122 11002 
3 11118 11119 11001 
3 11000 11118 11001 
3 11117 11118 11000 
3 10999 11117 11000 
3 11116 11117 10999 
3 10998 11116 10999 
3 11115 11116 10998 
3 10997 11115 10998 
3 11114 11115 10997 
3 10996 11114 10997 
3 11113 11114 10996 
3 10995 11113 10996 
3 11112 11113 10995 
3 10994 11112 10995 
3 11111 11112 10994 
3 10993 11111 10994 
3 11110 11111 10993 
3 10992 11110 10993 
3 11109 11110 10992 
3 10991 11109 10992 
3 11108 11109 10991 
3 10990 11108 10991 
3 11107 11108 10990 
3 10989 11107 10990 
3 11106 11107 10989 
3 10988 11106 10989 
3 11105 11106 10988 
3 10987 11105 10988 
3 11104 11105 10987 
3 10986 11104 10987 
3 11103 11104 10986 
3 10985 11103 10986 
3 11102 11103 10985 
3 10984 11102 10985 
3 11101 11102 10984 
3 10983 11101 10984 
3 11100 11101 10983 
3 10982 11100 10983 
3 11099 11100 10982 
3 10981 11099 10982 
3 11098 11099 10981 
3 10980 11098 10981 
3 11097 11098 10980 
3 10979 11097 10980 
3 11096 11097 10979 
3 10978 11096 10979 
3 11095 11096 10978 
3 10977 11095 10978 
3 11094 11095 10977 
3 11092 11093 10976 
3 10975 11092 10976 
3 11091 11092 10975 
3 10974 11091 10975 
3 11090 11091 10974 
3 10973 11090 10974 
3 11089 11090 10973 
3 10972 11089 10973 
3 11088 11089 10972 
3 10971 11088 10972 
3 11087 11088 10971 
3 10970 11087 10971 
3 11086 11087 10970 
3 10969 11086 10970 
3 11085 11086 10969 
3 10968 11085 10969 
3 11084 11085 10968 
3 10967 11084 10968 
3 11083 11084 10967 
3 10966 11083 10967 
3 11082 11083 10966 
3 10965 11082 10966 
3 11081 11082 10965 
3 10964 11081 10965 
3 11080 11081 10964 
3 10963 11080 10964 
3 11079 11080 10963 
3 10962 11079 10963 
3 11078 11079 10962 
3 10961 11078 10962 
3 11077 11078 10961 
3 10960 11077 10961 
3 11076 11077 10960 
3 10959 11076 10960 
3 11075 11076 10959 
3 10958 11075 10959 
3 11074 11075 10958 
3 10957 11074 10958 
3 11073 11074 10957 
3 10956 11073 10957 
3 11072 11073 10956 
3 10955 11072 10956 
3 11071 11072 10955 
3 10954 11071 10955 
3 11070 11071 10954 
3 10953 11070 10954 
3 10949 11069 10950 
3 11068 11069 10949 
3 10948 11068 10949 
3 11067 11068 10948 
3 10947 11067 10948 
3 11066 11067 10947 
3 10946 11066 10947 
3 11065 11066 10946 
3 10945 11065 10946 
3 11064 11065 10945 
3 10944 11064 10945 
3 11063 11064 10944 
3 10943 11063 10944 
3 11062 11063 10943 
3 10942 11062 10943 
3 11061 11062 10942 
3 10941 11061 10942 
3 11060 11061 10941 
3 10940 11060 10941 
3 11059 11060 10940 
3 10939 11059 10940 
3 11058 11059 10939 
3 10938 11058 10939 
3 11057 11058 10938 
3 10937 11057 10938 
3 11056 11057 10937 
3 10936 11056 10937 
3 11055 11056 10936 
3 10935 11055 10936 
3 11054 11055 10935 
3 10934 11054 10935 
3 11053 11054 10934 
3 10933 11053 10934 
3 11052 11053 10933 
3 10932 11052 10933 
3 11051 11052 10932 
3 11048 11049 10931 
3 10930 11048 10931 
3 11047 11048 10930 
3 10929 11047 10930 
3 11046 11047 10929 
3 10928 11046 10929 
3 11045 11046 10928 
3 10927 11045 10928 
3 11044 11045 10927 
3 10926 11044 10927 
3 11042 11043 10925 
3 10923 11041 10924 
3 11040 11041 10923 
3 10922 11040 10923 
3 11039 11040 10922 
3 10921 11039 10922 
3 11038 11039 10921 
3 10920 11038 10921 
3 11037 11038 10920 
3 10919 11037 10920 
3 11036 11037 10919 
3 10798 10916 10799 
3 10915 10916 10798 
3 10797 10915 10798 
3 10914 10915 10797 
3 10796 10914 10797 
3 10913 10914 10796 
3 10795 10913 10796 
3 10912 10913 10795 
3 10794 10912 10795 
3 10911 10912 10794 
3 10793 10911 10794 
3 10910 10911 10793 
3 10792 10910 10793 
3 10909 10910 10792 
3 10791 10909 10792 
3 10908 10909 10791 
3 10790 10908 10791 
3 10787 10906 10788 
3 10785 10905 10786 
3 10904 10905 10785 
3 10784 10904 10785 
3 10903 10904 10784 
3 10783 10903 10784 
3 10902 10903 10783 
3 10782 10902 10783 
3 10901 10902 10782 
3 10781 10901 10782 
3 10900 10901 10781 
3 10780 10900 10781 
3 10899 10900 10780 
3 10779 10899 10780 
3 10898 10899 10779 
3 10778 10898 10779 
3 10897 10898 10778 
3 10777 10897 10778 
3 10896 10897 10777 
3 10776 10896 10777 
3 10895 10896 10776 
3 10775 10895 10776 
3 10894 10895 10775 
3 10774 10894 10775 
3 10893 10894 10774 
3 10773 10893 10774 
3 10892 10893 10773 
3 10772 10892 10773 
3 10891 10892 10772 
3 10771 10891 10772 
3 10890 10891 10771 
3 10770 10890 10771 
3 10889 10890 10770 
3 10769 10889 10770 
3 10888 10889 10769 
3 10768 10888 10769 
3 10887 10888 10768 
3 10767 10887 10768 
3 10886 10887 10767 
3 10766 10886 10767 
3 10885 10886 10766 
3 10765 10885 10766 
3 10884 10885 10765 
3 10764 10884 10765 
3 10883 10884 10764 
3 10763 10883 10764 
3 10882 10883 10763 
3 10762 10882 10763 
3 10881 10882 10762 
3 10761 10881 10762 
3 10880 10881 10761 
3 10760 10880 10761 
3 10879 10880 10760 
3 10759 10879 10760 
3 10878 10879 10759 
3 10758 10878 10759 
3 10877 10878 10758 
3 10757 10877 10758 
3 10876 10877 10757 
3 10756 10876 10757 
3 10875 10876 10756 
3 10755 10875 10756 
3 10874 10875 10755 
3 10754 10874 10755 
3 10873 10874 10754 
3 10753 10873 10754 
3 10872 10873 10753 
3 10752 10872 10753 
3 10871 10872 10752 
3 10868 10869 10751 
3 10750 10868 10751 
3 10867 10868 10750 
3 10749 10867 10750 
3 10866 10867 10749 
3 10748 10866 10749 
3 10865 10866 10748 
3 10747 10865 10748 
3 10864 10865 10747 
3 10746 10864 10747 
3 10863 10864 10746 
3 10745 10863 10746 
3 10862 10863 10745 
3 10744 10862 10745 
3 10742 10861 10743 
3 10740 10860 10741 
3 10859 10860 10740 
3 10739 10859 10740 
3 10858 10859 10739 
3 10738 10858 10739 
3 10857 10858 10738 
3 10737 10857 10738 
3 10856 10857 10737 
3 10736 10856 10737 
3 10855 10856 10736 
3 10735 10855 10736 
3 10854 10855 10735 
3 10734 10854 10735 
3 10853 10854 10734 
3 10733 10853 10734 
3 10852 10853 10733 
3 10732 10852 10733 
3 10851 10852 10732 
3 10731 10851 10732 
3 10850 10851 10731 
3 10730 10850 10731 
3 10849 10850 10730 
3 10729 10849 10730 
3 10848 10849 10729 
3 10728 10848 10729 
3 10847 10848 10728 
3 10727 10847 10728 
3 10846 10847 10727 
3 10726 10846 10727 
3 10845 10846 10726 
3 10725 10845 10726 
3 10844 10845 10725 
3 10724 10844 10725 
3 10843 10844 10724 
3 10723 10843 10724 
3 10842 10843 10723 
3 10722 10842 10723 
3 10841 10842 10722 
3 10721 10841 10722 
3 10840 10841 10721 
3 10720 10840 10721 
3 10839 10840 10720 
3 10719 10839 10720 
3 10838 10839 10719 
3 10718 10838 10719 
3 10837 10838 10718 
3 10717 10837 10718 
3 10836 10837 10717 
3 10716 10836 10717 
3 10835 10836 10716 
3 10715 10835 10716 
3 10834 10835 10715 
3 10832 10833 10714 
3 10713 10832 10714 
3 10831 10832 10713 
3 10712 10831 10713 
3 10830 10831 10712 
3 10711 10830 10712 
3 10829 10830 10711 
3 10710 10829 10711 
3 10828 10829 10710 
3 10709 10828 10710 
3 10827 10828 10709 
3 10708 10827 10709 
3 10826 10827 10708 
3 10707 10826 10708 
3 10825 10826 10707 
3 10706 10825 10707 
3 10704 10824 10705 
3 10823 10824 10704 
3 10703 10823 10704 
3 10822 10823 10703 
3 10702 10822 10703 
3 10821 10822 10702 
3 10701 10821 10702 
3 10698 10819 10699 
3 10818 10819 10698 
3 10815 10816 10696 
3 10695 10815 10696 
3 10814 10815 10695 
3 10694 10814 10695 
3 10813 10814 10694 
3 10811 10812 10693 
3 10692 10811 10693 
3 10810 10811 10692 
3 10691 10810 10692 
3 10809 10810 10691 
3 10807 10808 10690 
3 10688 10806 10689 
3 10805 10806 10688 
3 10687 10805 10688 
3 10804 10805 10687 
3 10686 10804 10687 
3 10803 10804 10686 
3 10801 10802 10685 
3 10684 10801 10685 
3 10800 10801 10684 
3 10212 10332 10213 
3 10331 10332 10212 
3 10211 10331 10212 
3 10330 10331 10211 
3 10210 10330 10211 
3 10329 10330 10210 
3 10209 10329 10210 
3 10328 10329 10209 
3 10208 10328 10209 
3 10327 10328 10208 
3 10207 10327 10208 
3 10326 10327 10207 
3 10206 10326 10207 
3 10325 10326 10206 
3 10205 10325 10206 
3 10324 10325 10205 
3 10204 10324 10205 
3 10323 10324 10204 
3 10203 10323 10204 
3 10201 10322 10202 
3 10321 10322 10201 
3 10319 10320 10200 
3 10199 10319 10200 
3 10318 10319 10199 
3 10198 10318 10199 
3 10317 10318 10198 
3 10195 10316 10196 
3 10315 10316 10195 
3 10194 10315 10195 
3 10190 10312 10191 
3 10311 10312 10190 
3 10189 10311 10190 
3 10310 10311 10189 
3 10188 10310 10189 
3 10309 10310 10188 
3 10187 10309 10188 
3 10308 10309 10187 
3 10186 10308 10187 
3 10307 10308 10186 
3 10304 10305 10185 
3 10184 10304 10185 
3 10303 10304 10184 
3 10183 10303 10184 
3 10302 10303 10183 
3 10182 10302 10183 
3 10301 10302 10182 
3 10181 10301 10182 
3 10300 10301 10181 
3 10180 10300 10181 
3 10299 10300 10180 
3 10179 10299 10180 
3 10298 10299 10179 
3 10178 10298 10179 
3 10297 10298 10178 
3 10177 10297 10178 
3 10296 10297 10177 
3 10176 10296 10177 
3 10295 10296 10176 
3 10175 10295 10176 
3 10294 10295 10175 
3 10174 10294 10175 
3 10293 10294 10174 
3 10173 10293 10174 
3 10292 10293 10173 
3 10172 10292 10173 
3 10291 10292 10172 
3 10171 10291 10172 
3 10290 10291 10171 
3 10170 10290 10171 
3 10289 10290 10170 
3 10169 10289 10170 
3 10288 10289 10169 
3 10168 10288 10169 
3 10287 10288 10168 
3 10167 10287 10168 
3 10286 10287 10167 
3 10166 10286 10167 
3 10285 10286 10166 
3 10165 10285 10166 
3 10284 10285 10165 
3 10164 10284 10165 
3 10283 10284 10164 
3 10163 10283 10164 
3 10282 10283 10163 
3 10162 10282 10163 
3 10281 10282 10162 
3 10161 10281 10162 
3 10280 10281 10161 
3 10160 10280 10161 
3 10279 10280 10160 
3 10159 10279 10160 
3 10278 10279 10159 
3 10158 10278 10159 
3 10277 10278 10158 
3 10157 10277 10158 
3 10276 10277 10157 
3 10156 10276 10157 
3 10275 10276 10156 
3 10155 10275 10156 
3 10274 10275 10155 
3 10154 10274 10155 
3 10273 10274 10154 
3 10153 10273 10154 
3 10272 10273 10153 
3 10152 10272 10153 
3 10271 10272 10152 
3 10151 10271 10152 
3 10270 10271 10151 
3 10150 10270 10151 
3 10269 10270 10150 
3 10149 10269 10150 
3 10268 10269 10149 
3 10148 10268 10149 
3 10267 10268 10148 
3 10147 10267 10148 
3 10266 10267 10147 
3 10146 10266 10147 
3 10265 10266 10146 
3 10145 10265 10146 
3 10264 10265 10145 
3 10144 10264 10145 
3 10263 10264 10144 
3 10143 10263 10144 
3 10262 10263 10143 
3 10142 10262 10143 
3 10261 10262 10142 
3 10141 10261 10142 
3 10260 10261 10141 
3 10140 10260 10141 
3 10259 10260 10140 
3 10139 10259 10140 
3 10258 10259 10139 
3 10138 10258 10139 
3 10257 10258 10138 
3 10137 10257 10138 
3 10256 10257 10137 
3 10136 10256 10137 
3 10255 10256 10136 
3 10135 10255 10136 
3 10254 10255 10135 
3 10134 10254 10135 
3 10253 10254 10134 
3 10133 10253 10134 
3 10252 10253 10133 
3 10132 10252 10133 
3 10130 10251 10131 
3 10250 10251 10130 
3 10129 10250 10130 
3 10249 10250 10129 
3 10128 10249 10129 
3 10248 10249 10128 
3 10127 10248 10128 
3 10247 10248 10127 
3 10126 10247 10127 
3 10246 10247 10126 
3 10125 10246 10126 
3 10245 10246 10125 
3 10124 10245 10125 
3 10244 10245 10124 
3 10123 10244 10124 
3 10243 10244 10123 
3 10122 10243 10123 
3 10242 10243 10122 
3 10121 10242 10122 
3 10241 10242 10121 
3 10239 10240 10120 
3 10119 10239 10120 
3 10238 10239 10119 
3 10236 10237 10118 
3 10117 10236 10118 
3 10235 10236 10117 
3 10116 10235 10117 
3 10114 10234 10115 
3 10233 10234 10114 
3 10113 10233 10114 
3 10232 10233 10113 
3 10112 10232 10113 
3 10231 10232 10112 
3 10111 10231 10112 
3 10230 10231 10111 
3 10109 10229 10110 
3 10228 10229 10109 
3 10108 10228 10109 
3 10227 10228 10108 
3 10107 10227 10108 
3 10226 10227 10107 
3 10106 10226 10107 
3 10225 10226 10106 
3 10105 10225 10106 
3 10224 10225 10105 
3 10104 10224 10105 
3 10223 10224 10104 
3 10103 10223 10104 
3 10222 10223 10103 
3 10102 10222 10103 
3 10221 10222 10102 
3 10101 10221 10102 
3 10220 10221 10101 
3 10100 10220 10101 
3 10219 10220 10100 
3 10099 10219 10100 
3 10218 10219 10099 
3 10098 10218 10099 
3 10217 10218 10098 
3 10097 10217 10098 
3 10216 10217 10097 
3 10096 10216 10097 
3 10094 10215 10095 
3 10214 10215 10094 
3 10452 10568 10453 
3 10567 10568 10452 
3 10451 10567 10452 
3 10566 10567 10451 
3 10450 10566 10451 
3 10565 10566 10450 
3 10449 10565 10450 
3 10563 10564 10448 
3 10447 10563 10448 
3 10562 10563 10447 
3 10446 10562 10447 
3 10444 10561 10445 
3 10560 10561 10444 
3 10443 10560 10444 
3 10559 10560 10443 
3 10442 10559 10443 
3 10558 10559 10442 
3 10441 10558 10442 
3 10439 10557 10440 
3 10556 10557 10439 
3 10438 10556 10439 
3 10555 10556 10438 
3 10437 10555 10438 
3 10554 10555 10437 
3 10433 10552 10434 
3 10551 10552 10433 
3 10432 10551 10433 
3 10550 10551 10432 
3 10548 10549 10431 
3 10430 10548 10431 
3 10547 10548 10430 
3 10429 10547 10430 
3 10546 10547 10429 
3 10428 10546 10429 
3 10545 10546 10428 
3 10427 10545 10428 
3 10544 10545 10427 
3 10426 10544 10427 
3 10543 10544 10426 
3 10425 10543 10426 
3 10542 10543 10425 
3 10424 10542 10425 
3 10541 10542 10424 
3 10423 10541 10424 
3 10540 10541 10423 
3 10422 10540 10423 
3 10539 10540 10422 
3 10421 10539 10422 
3 10538 10539 10421 
3 10420 10538 10421 
3 10537 10538 10420 
3 10419 10537 10420 
3 10536 10537 10419 
3 10418 10536 10419 
3 10535 10536 10418 
3 10417 10535 10418 
3 10534 10535 10417 
3 10416 10534 10417 
3 10533 10534 10416 
3 10415 10533 10416 
3 10532 10533 10415 
3 10414 10532 10415 
3 10531 10532 10414 
3 10413 10531 10414 
3 10530 10531 10413 
3 10412 10530 10413 
3 10529 10530 10412 
3 10411 10529 10412 
3 10528 10529 10411 
3 10410 10528 10411 
3 10527 10528 10410 
3 10409 10527 10410 
3 10526 10527 10409 
3 10408 10526 10409 
3 10525 10526 10408 
3 10407 10525 10408 
3 10524 10525 10407 
3 10406 10524 10407 
3 10523 10524 10406 
3 10405 10523 10406 
3 10522 10523 10405 
3 10404 10522 10405 
3 10521 10522 10404 
3 10403 10521 10404 
3 10520 10521 10403 
3 10402 10520 10403 
3 10519 10520 10402 
3 10401 10519 10402 
3 10518 10519 10401 
3 10400 10518 10401 
3 10517 10518 10400 
3 10399 10517 10400 
3 10516 10517 10399 
3 10398 10516 10399 
3 10515 10516 10398 
3 10397 10515 10398 
3 10514 10515 10397 
3 10396 10514 10397 
3 10513 10514 10396 
3 10395 10513 10396 
3 10512 10513 10395 
3 10394 10512 10395 
3 10511 10512 10394 
3 10393 10511 10394 
3 10391 10510 10392 
3 10509 10510 10391 
3 10390 10509 10391 
3 10508 10509 10390 
3 10389 10508 10390 
3 10507 10508 10389 
3 10388 10507 10389 
3 10506 10507 10388 
3 10387 10506 10388 
3 10505 10506 10387 
3 10386 10505 10387 
3 10504 10505 10386 
3 10385 10504 10386 
3 10503 10504 10385 
3 10384 10503 10385 
3 10502 10503 10384 
3 10383 10502 10384 
3 10501 10502 10383 
3 10382 10501 10383 
3 10500 10501 10382 
3 10381 10500 10382 
3 10499 10500 10381 
3 10380 10499 10381 
3 10498 10499 10380 
3 10379 10498 10380 
3 10497 10498 10379 
3 10378 10497 10379 
3 10496 10497 10378 
3 10377 10496 10378 
3 10495 10496 10377 
3 10376 10495 10377 
3 10494 10495 10376 
3 10375 10494 10376 
3 10373 10493 10374 
3 10370 10492 10371 
3 10491 10492 10370 
3 10369 10491 10370 
3 10490 10491 10369 
3 10368 10490 10369 
3 10366 10489 10367 
3 10488 10489 10366 
3 10365 10488 10366 
3 10487 10488 10365 
3 10364 10487 10365 
3 10486 10487 10364 
3 10363 10486 10364 
3 10485 10486 10363 
3 10362 10485 10363 
3 10484 10485 10362 
3 10361 10484 10362 
3 10483 10484 10361 
3 10360 10483 10361 
3 10482 10483 10360 
3 10359 10482 10360 
3 10481 10482 10359 
3 10358 10481 10359 
3 10480 10481 10358 
3 10357 10480 10358 
3 10479 10480 10357 
3 10356 10479 10357 
3 10478 10479 10356 
3 10355 10478 10356 
3 10353 10477 10354 
3 10476 10477 10353 
3 10352 10476 10353 
3 10475 10476 10352 
3 10351 10475 10352 
3 10474 10475 10351 
3 10350 10474 10351 
3 10473 10474 10350 
3 10349 10473 10350 
3 10347 10472 10348 
3 10471 10472 10347 
3 10346 10471 10347 
3 10470 10471 10346 
3 10466 10467 10344 
3 10343 10466 10344 
3 10465 10466 10343 
3 10342 10465 10343 
3 10464 10465 10342 
3 10341 10464 10342 
3 10463 10464 10341 
3 10340 10463 10341 
3 10462 10463 10340 
3 10339 10462 10340 
3 10461 10462 10339 
3 10338 10461 10339 
3 10460 10461 10338 
3 10337 10460 10338 
3 10459 10460 10337 
3 10336 10459 10337 
3 10458 10459 10336 
3 10335 10458 10336 
3 10457 10458 10335 
3 10455 10456 10334 
3 10333 10455 10334 
3 10454 10455 10333 
3 10567 10683 10568 
3 10682 10683 10567 
3 10566 10682 10567 
3 10681 10682 10566 
3 10565 10681 10566 
3 10680 10681 10565 
3 10678 10679 10564 
3 10563 10678 10564 
3 10677 10678 10563 
3 10562 10677 10563 
3 10676 10677 10562 
3 10674 10675 10561 
3 10560 10674 10561 
3 10558 10673 10559 
3 10556 10672 10557 
3 10671 10672 10556 
3 10555 10671 10556 
3 10670 10671 10555 
3 10554 10670 10555 
3 10669 10670 10554 
3 10553 10669 10554 
3 10551 10667 10552 
3 10549 10666 10550 
3 10665 10666 10549 
3 10548 10665 10549 
3 10664 10665 10548 
3 10547 10664 10548 
3 10663 10664 10547 
3 10546 10663 10547 
3 10662 10663 10546 
3 10545 10662 10546 
3 10661 10662 10545 
3 10544 10661 10545 
3 10660 10661 10544 
3 10543 10660 10544 
3 10659 10660 10543 
3 10542 10659 10543 
3 10658 10659 10542 
3 10541 10658 10542 
3 10657 10658 10541 
3 10540 10657 10541 
3 10656 10657 10540 
3 10539 10656 10540 
3 10655 10656 10539 
3 10538 10655 10539 
3 10654 10655 10538 
3 10537 10654 10538 
3 10653 10654 10537 
3 10536 10653 10537 
3 10652 10653 10536 
3 10535 10652 10536 
3 10651 10652 10535 
3 10534 10651 10535 
3 10650 10651 10534 
3 10533 10650 10534 
3 10649 10650 10533 
3 10532 10649 10533 
3 10648 10649 10532 
3 10531 10648 10532 
3 10647 10648 10531 
3 10530 10647 10531 
3 10646 10647 10530 
3 10529 10646 10530 
3 10645 10646 10529 
3 10528 10645 10529 
3 10644 10645 10528 
3 10527 10644 10528 
3 10643 10644 10527 
3 10526 10643 10527 
3 10642 10643 10526 
3 10525 10642 10526 
3 10641 10642 10525 
3 10524 10641 10525 
3 10640 10641 10524 
3 10523 10640 10524 
3 10639 10640 10523 
3 10522 10639 10523 
3 10638 10639 10522 
3 10521 10638 10522 
3 10637 10638 10521 
3 10520 10637 10521 
3 10636 10637 10520 
3 10519 10636 10520 
3 10635 10636 10519 
3 10518 10635 10519 
3 10634 10635 10518 
3 10517 10634 10518 
3 10633 10634 10517 
3 10516 10633 10517 
3 10632 10633 10516 
3 10515 10632 10516 
3 10631 10632 10515 
3 10514 10631 10515 
3 10630 10631 10514 
3 10513 10630 10514 
3 10629 10630 10513 
3 10512 10629 10513 
3 10628 10629 10512 
3 10511 10628 10512 
3 10627 10628 10511 
3 10625 10626 10510 
3 10509 10625 10510 
3 10624 10625 10509 
3 10508 10624 10509 
3 10623 10624 10508 
3 10507 10623 10508 
3 10622 10623 10507 
3 10506 10622 10507 
3 10621 10622 10506 
3 10505 10621 10506 
3 10620 10621 10505 
3 10504 10620 10505 
3 10619 10620 10504 
3 10503 10619 10504 
3 10618 10619 10503 
3 10502 10618 10503 
3 10617 10618 10502 
3 10501 10617 10502 
3 10616 10617 10501 
3 10500 10616 10501 
3 10615 10616 10500 
3 10499 10615 10500 
3 10614 10615 10499 
3 10498 10614 10499 
3 10613 10614 10498 
3 10497 10613 10498 
3 10612 10613 10497 
3 10496 10612 10497 
3 10611 10612 10496 
3 10495 10611 10496 
3 10610 10611 10495 
3 10494 10610 10495 
3 10609 10610 10494 
3 10607 10608 10493 
3 10604 10605 10492 
3 10491 10604 10492 
3 10603 10604 10491 
3 10490 10603 10491 
3 10602 10603 10490 
3 10600 10601 10489 
3 10488 10600 10489 
3 10599 10600 10488 
3 10487 10599 10488 
3 10598 10599 10487 
3 10486 10598 10487 
3 10597 10598 10486 
3 10485 10597 10486 
3 10596 10597 10485 
3 10484 10596 10485 
3 10595 10596 10484 
3 10483 10595 10484 
3 10594 10595 10483 
3 10482 10594 10483 
3 10593 10594 10482 
3 10481 10593 10482 
3 10592 10593 10481 
3 10480 10592 10481 
3 10591 10592 10480 
3 10479 10591 10480 
3 10589 10590 10477 
3 10476 10589 10477 
3 10588 10589 10476 
3 10475 10588 10476 
3 10587 10588 10475 
3 10474 10587 10475 
3 10586 10587 10474 
3 10473 10586 10474 
3 10584 10585 10472 
3 10471 10584 10472 
3 10581 10582 10469 
3 10468 10581 10469 
3 10580 10581 10468 
3 10467 10580 10468 
3 10579 10580 10467 
3 10466 10579 10467 
3 10578 10579 10466 
3 10465 10578 10466 
3 10577 10578 10465 
3 10464 10577 10465 
3 10576 10577 10464 
3 10463 10576 10464 
3 10461 10575 10462 
3 10574 10575 10461 
3 10460 10574 10461 
3 10573 10574 10460 
3 10459 10573 10460 
3 10572 10573 10459 
3 10458 10572 10459 
3 10571 10572 10458 
3 10457 10571 10458 
3 10454 10570 10455 
3 10569 10570 10454 
3 10331 10453 10332 
3 10452 10453 10331 
3 10330 10452 10331 
3 10451 10452 10330 
3 10329 10451 10330 
3 10450 10451 10329 
3 10328 10450 10329 
3 10449 10450 10328 
3 10327 10449 10328 
3 10325 10448 10326 
3 10447 10448 10325 
3 10324 10447 10325 
3 10446 10447 10324 
3 10323 10446 10324 
3 10445 10446 10323 
3 10443 10444 10322 
3 10321 10443 10322 
3 10442 10443 10321 
3 10320 10442 10321 
3 10441 10442 10320 
3 10319 10441 10320 
3 10440 10441 10319 
3 10318 10440 10319 
3 10439 10440 10318 
3 10317 10439 10318 
3 10438 10439 10317 
3 10315 10436 10316 
3 10435 10436 10315 
3 10433 10434 10314 
3 10313 10433 10314 
3 10432 10433 10313 
3 10311 10431 10312 
3 10430 10431 10311 
3 10310 10430 10311 
3 10429 10430 10310 
3 10309 10429 10310 
3 10428 10429 10309 
3 10308 10428 10309 
3 10427 10428 10308 
3 10307 10427 10308 
3 10426 10427 10307 
3 10306 10426 10307 
3 10425 10426 10306 
3 10305 10425 10306 
3 10424 10425 10305 
3 10304 10424 10305 
3 10423 10424 10304 
3 10303 10423 10304 
3 10422 10423 10303 
3 10302 10422 10303 
3 10421 10422 10302 
3 10301 10421 10302 
3 10420 10421 10301 
3 10300 10420 10301 
3 10419 10420 10300 
3 10299 10419 10300 
3 10418 10419 10299 
3 10298 10418 10299 
3 10417 10418 10298 
3 10297 10417 10298 
3 10416 10417 10297 
3 10296 10416 10297 
3 10415 10416 10296 
3 10295 10415 10296 
3 10414 10415 10295 
3 10294 10414 10295 
3 10413 10414 10294 
3 10293 10413 10294 
3 10412 10413 10293 
3 10292 10412 10293 
3 10411 10412 10292 
3 10291 10411 10292 
3 10410 10411 10291 
3 10290 10410 10291 
3 10409 10410 10290 
3 10289 10409 10290 
3 10408 10409 10289 
3 10288 10408 10289 
3 10407 10408 10288 
3 10287 10407 10288 
3 10406 10407 10287 
3 10286 10406 10287 
3 10405 10406 10286 
3 10285 10405 10286 
3 10404 10405 10285 
3 10284 10404 10285 
3 10403 10404 10284 
3 10283 10403 10284 
3 10402 10403 10283 
3 10282 10402 10283 
3 10401 10402 10282 
3 10281 10401 10282 
3 10400 10401 10281 
3 10280 10400 10281 
3 10399 10400 10280 
3 10279 10399 10280 
3 10398 10399 10279 
3 10278 10398 10279 
3 10397 10398 10278 
3 10277 10397 10278 
3 10396 10397 10277 
3 10276 10396 10277 
3 10395 10396 10276 
3 10275 10395 10276 
3 10394 10395 10275 
3 10274 10394 10275 
3 10393 10394 10274 
3 10273 10393 10274 
3 10392 10393 10273 
3 10272 10392 10273 
3 10391 10392 10272 
3 10271 10391 10272 
3 10390 10391 10271 
3 10270 10390 10271 
3 10389 10390 10270 
3 10269 10389 10270 
3 10388 10389 10269 
3 10268 10388 10269 
3 10387 10388 10268 
3 10267 10387 10268 
3 10386 10387 10267 
3 10266 10386 10267 
3 10385 10386 10266 
3 10265 10385 10266 
3 10384 10385 10265 
3 10264 10384 10265 
3 10383 10384 10264 
3 10263 10383 10264 
3 10382 10383 10263 
3 10262 10382 10263 
3 10381 10382 10262 
3 10261 10381 10262 
3 10380 10381 10261 
3 10260 10380 10261 
3 10379 10380 10260 
3 10259 10379 10260 
3 10378 10379 10259 
3 10258 10378 10259 
3 10377 10378 10258 
3 10257 10377 10258 
3 10376 10377 10257 
3 10256 10376 10257 
3 10375 10376 10256 
3 10255 10375 10256 
3 10374 10375 10255 
3 10254 10374 10255 
3 10373 10374 10254 
3 10253 10373 10254 
3 10372 10373 10253 
3 10252 10372 10253 
3 10371 10372 10252 
3 10369 10370 10251 
3 10250 10369 10251 
3 10368 10369 10250 
3 10249 10368 10250 
3 10367 10368 10249 
3 10248 10367 10249 
3 10366 10367 10248 
3 10247 10366 10248 
3 10365 10366 10247 
3 10246 10365 10247 
3 10364 10365 10246 
3 10245 10364 10246 
3 10363 10364 10245 
3 10244 10363 10245 
3 10362 10363 10244 
3 10243 10362 10244 
3 10361 10362 10243 
3 10242 10361 10243 
3 10360 10361 10242 
3 10241 10360 10242 
3 10359 10360 10241 
3 10240 10359 10241 
3 10358 10359 10240 
3 10239 10358 10240 
3 10357 10358 10239 
3 10238 10357 10239 
3 10356 10357 10238 
3 10237 10356 10238 
3 10355 10356 10237 
3 10236 10355 10237 
3 10354 10355 10236 
3 10235 10354 10236 
3 10353 10354 10235 
3 10351 10352 10234 
3 10233 10351 10234 
3 10350 10351 10233 
3 10232 10350 10233 
3 10349 10350 10232 
3 10231 10349 10232 
3 10348 10349 10231 
3 10230 10348 10231 
3 10347 10348 10230 
3 10227 10345 10228 
3 10224 10344 10225 
3 10343 10344 10224 
3 10223 10343 10224 
3 10342 10343 10223 
3 10222 10342 10223 
3 10341 10342 10222 
3 10221 10341 10222 
3 10340 10341 10221 
3 10220 10340 10221 
3 10339 10340 10220 
3 10219 10339 10220 
3 10338 10339 10219 
3 10218 10338 10219 
3 10337 10338 10218 
3 10217 10337 10218 
3 10336 10337 10217 
3 10216 10336 10217 
3 10335 10336 10216 
3 10214 10334 10215 
3 10333 10334 10214 
3 9974 10091 9975 
3 10090 10091 9974 
3 9973 10090 9974 
3 10089 10090 9973 
3 10087 10088 9972 
3 9971 10087 9972 
3 10086 10087 9971 
3 9970 10086 9971 
3 10085 10086 9970 
3 9969 10085 9970 
3 10084 10085 9969 
3 9968 10084 9969 
3 10083 10084 9968 
3 9967 10083 9968 
3 10082 10083 9967 
3 9966 10082 9967 
3 10081 10082 9966 
3 9965 10081 9966 
3 10080 10081 9965 
3 9964 10080 9965 
3 10079 10080 9964 
3 9963 10079 9964 
3 10076 10077 9960 
3 9959 10076 9960 
3 10075 10076 9959 
3 9958 10075 9959 
3 9956 10074 9957 
3 10073 10074 9956 
3 9955 10073 9956 
3 9953 10072 9954 
3 10071 10072 9953 
3 9952 10071 9953 
3 10070 10071 9952 
3 9951 10070 9952 
3 10069 10070 9951 
3 9950 10069 9951 
3 10068 10069 9950 
3 9949 10068 9950 
3 9947 10067 9948 
3 10066 10067 9947 
3 9946 10066 9947 
3 10065 10066 9946 
3 9945 10065 9946 
3 10064 10065 9945 
3 9944 10064 9945 
3 10063 10064 9944 
3 9943 10063 9944 
3 10062 10063 9943 
3 9942 10062 9943 
3 10061 10062 9942 
3 9941 10061 9942 
3 10060 10061 9941 
3 9940 10060 9941 
3 10059 10060 9940 
3 9939 10059 9940 
3 10058 10059 9939 
3 9938 10058 9939 
3 10057 10058 9938 
3 10055 10056 9937 
3 9936 10055 9937 
3 10054 10055 9936 
3 9935 10054 9936 
3 10053 10054 9935 
3 9934 10053 9935 
3 10052 10053 9934 
3 9933 10052 9934 
3 10051 10052 9933 
3 9932 10051 9933 
3 10050 10051 9932 
3 9931 10050 9932 
3 10049 10050 9931 
3 9930 10049 9931 
3 10048 10049 9930 
3 9929 10048 9930 
3 10047 10048 9929 
3 9928 10047 9929 
3 10046 10047 9928 
3 9927 10046 9928 
3 10045 10046 9927 
3 9926 10045 9927 
3 10044 10045 9926 
3 9925 10044 9926 
3 10043 10044 9925 
3 10041 10042 9924 
3 9923 10041 9924 
3 10040 10041 9923 
3 9922 10040 9923 
3 10039 10040 9922 
3 9921 10039 9922 
3 10038 10039 9921 
3 9920 10038 9921 
3 10037 10038 9920 
3 9919 10037 9920 
3 10036 10037 9919 
3 9918 10036 9919 
3 10035 10036 9918 
3 9917 10035 9918 
3 10034 10035 9917 
3 9916 10034 9917 
3 9914 10033 9915 
3 10032 10033 9914 
3 9913 10032 9914 
3 10031 10032 9913 
3 9912 10031 9913 
3 10030 10031 9912 
3 9911 10030 9912 
3 10028 10029 9910 
3 9909 10028 9910 
3 10027 10028 9909 
3 9908 10027 9909 
3 10026 10027 9908 
3 9907 10026 9908 
3 10025 10026 9907 
3 9906 10025 9907 
3 10024 10025 9906 
3 9905 10024 9906 
3 10023 10024 9905 
3 9904 10023 9905 
3 10022 10023 9904 
3 9903 10022 9904 
3 9900 10021 9901 
3 10020 10021 9900 
3 9899 10020 9900 
3 10019 10020 9899 
3 9898 10019 9899 
3 10018 10019 9898 
3 9897 10018 9898 
3 10017 10018 9897 
3 9896 10017 9897 
3 10016 10017 9896 
3 9895 10016 9896 
3 10015 10016 9895 
3 9894 10015 9895 
3 10014 10015 9894 
3 9893 10014 9894 
3 10013 10014 9893 
3 9892 10013 9893 
3 10012 10013 9892 
3 9891 10012 9892 
3 10011 10012 9891 
3 9890 10011 9891 
3 10010 10011 9890 
3 9889 10010 9890 
3 10009 10010 9889 
3 9888 10009 9889 
3 10008 10009 9888 
3 9887 10008 9888 
3 10007 10008 9887 
3 9886 10007 9887 
3 10006 10007 9886 
3 9885 10006 9886 
3 10005 10006 9885 
3 9884 10005 9885 
3 10004 10005 9884 
3 9883 10004 9884 
3 10003 10004 9883 
3 9882 10003 9883 
3 10002 10003 9882 
3 9881 10002 9882 
3 10001 10002 9881 
3 9880 10001 9881 
3 10000 10001 9880 
3 9879 10000 9880 
3 9999 10000 9879 
3 9878 9999 9879 
3 9998 9999 9878 
3 9996 9997 9877 
3 9876 9996 9877 
3 9995 9996 9876 
3 9875 9995 9876 
3 9994 9995 9875 
3 9874 9994 9875 
3 9993 9994 9874 
3 9873 9993 9874 
3 9871 9992 9872 
3 9991 9992 9871 
3 9870 9991 9871 
3 9990 9991 9870 
3 9869 9990 9870 
3 9989 9990 9869 
3 9868 9989 9869 
3 9988 9989 9868 
3 9867 9988 9868 
3 9987 9988 9867 
3 9985 9986 9866 
3 9865 9985 9866 
3 9984 9985 9865 
3 9864 9984 9865 
3 9983 9984 9864 
3 9863 9983 9864 
3 9982 9983 9863 
3 9862 9982 9863 
3 9981 9982 9862 
3 9861 9981 9862 
3 9980 9981 9861 
3 10211 10212 10092 
3 10209 10210 10091 
3 10090 10209 10091 
3 10208 10209 10090 
3 10089 10208 10090 
3 10207 10208 10089 
3 10088 10207 10089 
3 10206 10207 10088 
3 10087 10206 10088 
3 10205 10206 10087 
3 10086 10205 10087 
3 10204 10205 10086 
3 10085 10204 10086 
3 10203 10204 10085 
3 10084 10203 10085 
3 10202 10203 10084 
3 10083 10202 10084 
3 10201 10202 10083 
3 10082 10201 10083 
3 10080 10200 10081 
3 10199 10200 10080 
3 10079 10199 10080 
3 10198 10199 10079 
3 10196 10197 10078 
3 10077 10196 10078 
3 10195 10196 10077 
3 10076 10195 10077 
3 10194 10195 10076 
3 10075 10194 10076 
3 10193 10194 10075 
3 10073 10192 10074 
3 10191 10192 10073 
3 10189 10190 10072 
3 10071 10189 10072 
3 10188 10189 10071 
3 10070 10188 10071 
3 10187 10188 10070 
3 10069 10187 10070 
3 10186 10187 10069 
3 10068 10186 10069 
3 10066 10185 10067 
3 10184 10185 10066 
3 10065 10184 10066 
3 10183 10184 10065 
3 10064 10183 10065 
3 10182 10183 10064 
3 10063 10182 10064 
3 10181 10182 10063 
3 10062 10181 10063 
3 10180 10181 10062 
3 10061 10180 10062 
3 10179 10180 10061 
3 10060 10179 10061 
3 10178 10179 10060 
3 10059 10178 10060 
3 10177 10178 10059 
3 10058 10177 10059 
3 10176 10177 10058 
3 10057 10176 10058 
3 10175 10176 10057 
3 10056 10175 10057 
3 10174 10175 10056 
3 10055 10174 10056 
3 10173 10174 10055 
3 10054 10173 10055 
3 10172 10173 10054 
3 10053 10172 10054 
3 10171 10172 10053 
3 10052 10171 10053 
3 10170 10171 10052 
3 10051 10170 10052 
3 10169 10170 10051 
3 10050 10169 10051 
3 10168 10169 10050 
3 10049 10168 10050 
3 10167 10168 10049 
3 10048 10167 10049 
3 10166 10167 10048 
3 10047 10166 10048 
3 10165 10166 10047 
3 10046 10165 10047 
3 10164 10165 10046 
3 10045 10164 10046 
3 10163 10164 10045 
3 10044 10163 10045 
3 10162 10163 10044 
3 10043 10162 10044 
3 10161 10162 10043 
3 10042 10161 10043 
3 10160 10161 10042 
3 10041 10160 10042 
3 10159 10160 10041 
3 10040 10159 10041 
3 10158 10159 10040 
3 10039 10158 10040 
3 10157 10158 10039 
3 10038 10157 10039 
3 10156 10157 10038 
3 10037 10156 10038 
3 10155 10156 10037 
3 10036 10155 10037 
3 10154 10155 10036 
3 10035 10154 10036 
3 10153 10154 10035 
3 10034 10153 10035 
3 10152 10153 10034 
3 10150 10151 10033 
3 10032 10150 10033 
3 10149 10150 10032 
3 10031 10149 10032 
3 10148 10149 10031 
3 10030 10148 10031 
3 10147 10148 10030 
3 10145 10146 10029 
3 10028 10145 10029 
3 10144 10145 10028 
3 10027 10144 10028 
3 10143 10144 10027 
3 10026 10143 10027 
3 10142 10143 10026 
3 10025 10142 10026 
3 10141 10142 10025 
3 10024 10141 10025 
3 10140 10141 10024 
3 10023 10140 10024 
3 10139 10140 10023 
3 10022 10139 10023 
3 10138 10139 10022 
3 10135 10136 10021 
3 10020 10135 10021 
3 10134 10135 10020 
3 10019 10134 10020 
3 10133 10134 10019 
3 10018 10133 10019 
3 10132 10133 10018 
3 10017 10132 10018 
3 10131 10132 10017 
3 10016 10131 10017 
3 10130 10131 10016 
3 10015 10130 10016 
3 10129 10130 10015 
3 10014 10129 10015 
3 10128 10129 10014 
3 10013 10128 10014 
3 10127 10128 10013 
3 10012 10127 10013 
3 10126 10127 10012 
3 10011 10126 10012 
3 10125 10126 10011 
3 10010 10125 10011 
3 10124 10125 10010 
3 10009 10124 10010 
3 10123 10124 10009 
3 10008 10123 10009 
3 10122 10123 10008 
3 10007 10122 10008 
3 10121 10122 10007 
3 10006 10121 10007 
3 10004 10120 10005 
3 10119 10120 10004 
3 10003 10119 10004 
3 10001 10118 10002 
3 10117 10118 10001 
3 10000 10117 10001 
3 10116 10117 10000 
3 9999 10116 10000 
3 10115 10116 9999 
3 9998 10115 9999 
3 10114 10115 9998 
3 9997 10114 9998 
3 10113 10114 9997 
3 9996 10113 9997 
3 10112 10113 9996 
3 9995 10112 9996 
3 10111 10112 9995 
3 9994 10111 9995 
3 10108 10109 9992 
3 9991 10108 9992 
3 10107 10108 9991 
3 9990 10107 9991 
3 10106 10107 9990 
3 9989 10106 9990 
3 10105 10106 9989 
3 9988 10105 9989 
3 10104 10105 9988 
3 9987 10104 9988 
3 10103 10104 9987 
3 9986 10103 9987 
3 10102 10103 9986 
3 9985 10102 9986 
3 10101 10102 9985 
3 9984 10101 9985 
3 10100 10101 9984 
3 9983 10100 9984 
3 10099 10100 9983 
3 9982 10099 9983 
3 10098 10099 9982 
3 9981 10098 9982 
3 10097 10098 9981 
3 9980 10097 9981 
3 10096 10097 9980 
3 9979 10096 9980 
3 10095 10096 9979 
3 9978 10095 9979 
3 10094 10095 9978 
3 9973 9974 9856 
3 9855 9973 9856 
3 9853 9972 9854 
3 9971 9972 9853 
3 9852 9971 9853 
3 9970 9971 9852 
3 9851 9970 9852 
3 9969 9970 9851 
3 9850 9969 9851 
3 9968 9969 9850 
3 9849 9968 9850 
3 9967 9968 9849 
3 9848 9967 9849 
3 9966 9967 9848 
3 9847 9966 9848 
3 9965 9966 9847 
3 9846 9965 9847 
3 9964 9965 9846 
3 9845 9964 9846 
3 9963 9964 9845 
3 9844 9963 9845 
3 9962 9963 9844 
3 9843 9962 9844 
3 9961 9962 9843 
3 9841 9960 9842 
3 9959 9960 9841 
3 9840 9959 9841 
3 9958 9959 9840 
3 9956 9957 9839 
3 9838 9956 9839 
3 9955 9956 9838 
3 9837 9955 9838 
3 9954 9955 9837 
3 9836 9954 9837 
3 9953 9954 9836 
3 9835 9953 9836 
3 9952 9953 9835 
3 9834 9952 9835 
3 9951 9952 9834 
3 9949 9950 9833 
3 9832 9949 9833 
3 9948 9949 9832 
3 9831 9948 9832 
3 9947 9948 9831 
3 9830 9947 9831 
3 9946 9947 9830 
3 9829 9946 9830 
3 9945 9946 9829 
3 9828 9945 9829 
3 9944 9945 9828 
3 9827 9944 9828 
3 9943 9944 9827 
3 9826 9943 9827 
3 9942 9943 9826 
3 9825 9942 9826 
3 9941 9942 9825 
3 9824 9941 9825 
3 9940 9941 9824 
3 9823 9940 9824 
3 9939 9940 9823 
3 9822 9939 9823 
3 9938 9939 9822 
3 9821 9938 9822 
3 9819 9937 9820 
3 9936 9937 9819 
3 9818 9936 9819 
3 9935 9936 9818 
3 9817 9935 9818 
3 9934 9935 9817 
3 9816 9934 9817 
3 9933 9934 9816 
3 9815 9933 9816 
3 9932 9933 9815 
3 9814 9932 9815 
3 9931 9932 9814 
3 9813 9931 9814 
3 9930 9931 9813 
3 9812 9930 9813 
3 9929 9930 9812 
3 9811 9929 9812 
3 9928 9929 9811 
3 9810 9928 9811 
3 9927 9928 9810 
3 9925 9926 9809 
3 9808 9925 9809 
3 9806 9924 9807 
3 9923 9924 9806 
3 9805 9923 9806 
3 9922 9923 9805 
3 9804 9922 9805 
3 9921 9922 9804 
3 9803 9921 9804 
3 9920 9921 9803 
3 9918 9919 9802 
3 9801 9918 9802 
3 9917 9918 9801 
3 9800 9917 9801 
3 9916 9917 9800 
3 9799 9916 9800 
3 9915 9916 9799 
3 9798 9915 9799 
3 9914 9915 9798 
3 9912 9913 9797 
3 9796 9912 9797 
3 9911 9912 9796 
3 9795 9911 9796 
3 9793 9910 9794 
3 9909 9910 9793 
3 9792 9909 9793 
3 9908 9909 9792 
3 9906 9907 9791 
3 9790 9906 9791 
3 9905 9906 9790 
3 9789 9905 9790 
3 9904 9905 9789 
3 9788 9904 9789 
3 9903 9904 9788 
3 9787 9903 9788 
3 9902 9903 9787 
3 9786 9902 9787 
3 9901 9902 9786 
3 9785 9901 9786 
3 9900 9901 9785 
3 9784 9900 9785 
3 9899 9900 9784 
3 9783 9899 9784 
3 9898 9899 9783 
3 9782 9898 9783 
3 9897 9898 9782 
3 9781 9897 9782 
3 9896 9897 9781 
3 9780 9896 9781 
3 9895 9896 9780 
3 9779 9895 9780 
3 9894 9895 9779 
3 9778 9894 9779 
3 9893 9894 9778 
3 9777 9893 9778 
3 9892 9893 9777 
3 9776 9892 9777 
3 9891 9892 9776 
3 9775 9891 9776 
3 9890 9891 9775 
3 9774 9890 9775 
3 9889 9890 9774 
3 9773 9889 9774 
3 9888 9889 9773 
3 9772 9888 9773 
3 9887 9888 9772 
3 9771 9887 9772 
3 9886 9887 9771 
3 9770 9886 9771 
3 9885 9886 9770 
3 9769 9885 9770 
3 9884 9885 9769 
3 9768 9884 9769 
3 9883 9884 9768 
3 9767 9883 9768 
3 9882 9883 9767 
3 9766 9882 9767 
3 9881 9882 9766 
3 9765 9881 9766 
3 9880 9881 9765 
3 9764 9880 9765 
3 9879 9880 9764 
3 9763 9879 9764 
3 9878 9879 9763 
3 9762 9878 9763 
3 9760 9877 9761 
3 9876 9877 9760 
3 9759 9876 9760 
3 9875 9876 9759 
3 9758 9875 9759 
3 9874 9875 9758 
3 9757 9874 9758 
3 9873 9874 9757 
3 9756 9873 9757 
3 9872 9873 9756 
3 9755 9872 9756 
3 9871 9872 9755 
3 9754 9871 9755 
3 9870 9871 9754 
3 9753 9870 9754 
3 9869 9870 9753 
3 9752 9869 9753 
3 9868 9869 9752 
3 9751 9868 9752 
3 9867 9868 9751 
3 9750 9867 9751 
3 9865 9866 9749 
3 9748 9865 9749 
3 9864 9865 9748 
3 9862 9863 9747 
3 9746 9862 9747 
3 9861 9862 9746 
3 9745 9861 9746 
3 8789 8905 8790 
3 8904 8905 8789 
3 8788 8904 8789 
3 8903 8904 8788 
3 8901 8902 8787 
3 8786 8901 8787 
3 8900 8901 8786 
3 8785 8900 8786 
3 8899 8900 8785 
3 8784 8899 8785 
3 8898 8899 8784 
3 8783 8898 8784 
3 8896 8897 8782 
3 8781 8896 8782 
3 8895 8896 8781 
3 8780 8895 8781 
3 8894 8895 8780 
3 8779 8894 8780 
3 8893 8894 8779 
3 8778 8893 8779 
3 8892 8893 8778 
3 8889 8890 8775 
3 8774 8889 8775 
3 8888 8889 8774 
3 8773 8888 8774 
3 8887 8888 8773 
3 8772 8887 8773 
3 8886 8887 8772 
3 8884 8885 8771 
3 8770 8884 8771 
3 8883 8884 8770 
3 8769 8883 8770 
3 8882 8883 8769 
3 8768 8882 8769 
3 8766 8881 8767 
3 8764 8880 8765 
3 8879 8880 8764 
3 8763 8879 8764 
3 8878 8879 8763 
3 8762 8878 8763 
3 8877 8878 8762 
3 8761 8877 8762 
3 8759 8876 8760 
3 8875 8876 8759 
3 8758 8875 8759 
3 8874 8875 8758 
3 8757 8874 8758 
3 8873 8874 8757 
3 8756 8873 8757 
3 8872 8873 8756 
3 8755 8872 8756 
3 8871 8872 8755 
3 8754 8871 8755 
3 8870 8871 8754 
3 8753 8870 8754 
3 8869 8870 8753 
3 8752 8869 8753 
3 8868 8869 8752 
3 8751 8868 8752 
3 8749 8867 8750 
3 8866 8867 8749 
3 8748 8866 8749 
3 8865 8866 8748 
3 8747 8865 8748 
3 8864 8865 8747 
3 8746 8864 8747 
3 8863 8864 8746 
3 8744 8862 8745 
3 8861 8862 8744 
3 8743 8861 8744 
3 8860 8861 8743 
3 8742 8860 8743 
3 8859 8860 8742 
3 8741 8859 8742 
3 8858 8859 8741 
3 8740 8858 8741 
3 8857 8858 8740 
3 8739 8857 8740 
3 8856 8857 8739 
3 8738 8856 8739 
3 8855 8856 8738 
3 8737 8855 8738 
3 8854 8855 8737 
3 8736 8854 8737 
3 8853 8854 8736 
3 8735 8853 8736 
3 8852 8853 8735 
3 8734 8852 8735 
3 8851 8852 8734 
3 8733 8851 8734 
3 8850 8851 8733 
3 8732 8850 8733 
3 8849 8850 8732 
3 8731 8849 8732 
3 8848 8849 8731 
3 8730 8848 8731 
3 8847 8848 8730 
3 8729 8847 8730 
3 8846 8847 8729 
3 8728 8846 8729 
3 8845 8846 8728 
3 8727 8845 8728 
3 8844 8845 8727 
3 8726 8844 8727 
3 8843 8844 8726 
3 8725 8843 8726 
3 8842 8843 8725 
3 8724 8842 8725 
3 8841 8842 8724 
3 8723 8841 8724 
3 8840 8841 8723 
3 8722 8840 8723 
3 8839 8840 8722 
3 8721 8839 8722 
3 8838 8839 8721 
3 8720 8838 8721 
3 8837 8838 8720 
3 8719 8837 8720 
3 8836 8837 8719 
3 8718 8836 8719 
3 8835 8836 8718 
3 8717 8835 8718 
3 8834 8835 8717 
3 8716 8834 8717 
3 8833 8834 8716 
3 8715 8833 8716 
3 8832 8833 8715 
3 8714 8832 8715 
3 8831 8832 8714 
3 8713 8831 8714 
3 8830 8831 8713 
3 8712 8830 8713 
3 8710 8829 8711 
3 8828 8829 8710 
3 8709 8828 8710 
3 8827 8828 8709 
3 8708 8827 8709 
3 8826 8827 8708 
3 8707 8826 8708 
3 8825 8826 8707 
3 8706 8825 8707 
3 8824 8825 8706 
3 8705 8824 8706 
3 8823 8824 8705 
3 8704 8823 8705 
3 8822 8823 8704 
3 8703 8822 8704 
3 8821 8822 8703 
3 8702 8821 8703 
3 8820 8821 8702 
3 8701 8820 8702 
3 8819 8820 8701 
3 8700 8819 8701 
3 8818 8819 8700 
3 8699 8818 8700 
3 8817 8818 8699 
3 8698 8817 8699 
3 8816 8817 8698 
3 8697 8816 8698 
3 8815 8816 8697 
3 8696 8815 8697 
3 8814 8815 8696 
3 8695 8814 8696 
3 8813 8814 8695 
3 8694 8813 8695 
3 8812 8813 8694 
3 8693 8812 8694 
3 8811 8812 8693 
3 8692 8811 8693 
3 8810 8811 8692 
3 8691 8810 8692 
3 8809 8810 8691 
3 8690 8809 8691 
3 8808 8809 8690 
3 8689 8808 8690 
3 8807 8808 8689 
3 8688 8807 8689 
3 8806 8807 8688 
3 8687 8806 8688 
3 8805 8806 8687 
3 8686 8805 8687 
3 8804 8805 8686 
3 8685 8804 8686 
3 8803 8804 8685 
3 8684 8803 8685 
3 8802 8803 8684 
3 8683 8802 8684 
3 8801 8802 8683 
3 8682 8801 8683 
3 8800 8801 8682 
3 8681 8800 8682 
3 8799 8800 8681 
3 8797 8798 8680 
3 8679 8797 8680 
3 8796 8797 8679 
3 8678 8796 8679 
3 8795 8796 8678 
3 8677 8795 8678 
3 8675 8794 8676 
3 8793 8794 8675 
3 8674 8793 8675 
3 8672 8792 8673 
3 8791 8792 8672 
3 9262 9384 9263 
3 9383 9384 9262 
3 9261 9383 9262 
3 9258 9381 9259 
3 9380 9381 9258 
3 9378 9379 9257 
3 9376 9377 9256 
3 9255 9376 9256 
3 9375 9376 9255 
3 9254 9375 9255 
3 9374 9375 9254 
3 9253 9374 9254 
3 9373 9374 9253 
3 9252 9373 9253 
3 9372 9373 9252 
3 9251 9372 9252 
3 9371 9372 9251 
3 9250 9371 9251 
3 9370 9371 9250 
3 9249 9370 9250 
3 9369 9370 9249 
3 9248 9369 9249 
3 9368 9369 9248 
3 9247 9368 9248 
3 9245 9367 9246 
3 9366 9367 9245 
3 9244 9366 9245 
3 9365 9366 9244 
3 9243 9365 9244 
3 9364 9365 9243 
3 9242 9364 9243 
3 9363 9364 9242 
3 9241 9363 9242 
3 9239 9362 9240 
3 9361 9362 9239 
3 9238 9361 9239 
3 9360 9361 9238 
3 9237 9360 9238 
3 9359 9360 9237 
3 9236 9359 9237 
3 9358 9359 9236 
3 9235 9358 9236 
3 9357 9358 9235 
3 9234 9357 9235 
3 9356 9357 9234 
3 9233 9356 9234 
3 9355 9356 9233 
3 9232 9355 9233 
3 9354 9355 9232 
3 9231 9354 9232 
3 9353 9354 9231 
3 9230 9353 9231 
3 9352 9353 9230 
3 9229 9352 9230 
3 9351 9352 9229 
3 9228 9351 9229 
3 9350 9351 9228 
3 9227 9350 9228 
3 9349 9350 9227 
3 9226 9349 9227 
3 9348 9349 9226 
3 9225 9348 9226 
3 9347 9348 9225 
3 9224 9347 9225 
3 9346 9347 9224 
3 9223 9346 9224 
3 9345 9346 9223 
3 9222 9345 9223 
3 9344 9345 9222 
3 9221 9344 9222 
3 9343 9344 9221 
3 9220 9343 9221 
3 9342 9343 9220 
3 9219 9342 9220 
3 9341 9342 9219 
3 9218 9341 9219 
3 9340 9341 9218 
3 9217 9340 9218 
3 9339 9340 9217 
3 9216 9339 9217 
3 9338 9339 9216 
3 9215 9338 9216 
3 9213 9337 9214 
3 9336 9337 9213 
3 9212 9336 9213 
3 9335 9336 9212 
3 9333 9334 9211 
3 9210 9333 9211 
3 9332 9333 9210 
3 9209 9332 9210 
3 9331 9332 9209 
3 9208 9331 9209 
3 9330 9331 9208 
3 9207 9330 9208 
3 9329 9330 9207 
3 9206 9329 9207 
3 9328 9329 9206 
3 9205 9328 9206 
3 9327 9328 9205 
3 9204 9327 9205 
3 9326 9327 9204 
3 9203 9326 9204 
3 9325 9326 9203 
3 9202 9325 9203 
3 9324 9325 9202 
3 9201 9324 9202 
3 9323 9324 9201 
3 9200 9323 9201 
3 9322 9323 9200 
3 9199 9322 9200 
3 9321 9322 9199 
3 9198 9321 9199 
3 9320 9321 9198 
3 9197 9320 9198 
3 9319 9320 9197 
3 9196 9319 9197 
3 9318 9319 9196 
3 9195 9318 9196 
3 9317 9318 9195 
3 9194 9317 9195 
3 9316 9317 9194 
3 9193 9316 9194 
3 9315 9316 9193 
3 9192 9315 9193 
3 9314 9315 9192 
3 9191 9314 9192 
3 9313 9314 9191 
3 9190 9313 9191 
3 9312 9313 9190 
3 9189 9312 9190 
3 9311 9312 9189 
3 9188 9311 9189 
3 9186 9310 9187 
3 9309 9310 9186 
3 9185 9309 9186 
3 9308 9309 9185 
3 9184 9308 9185 
3 9307 9308 9184 
3 9183 9307 9184 
3 9306 9307 9183 
3 9182 9306 9183 
3 9305 9306 9182 
3 9181 9305 9182 
3 9304 9305 9181 
3 9180 9304 9181 
3 9303 9304 9180 
3 9301 9302 9179 
3 9178 9301 9179 
3 9300 9301 9178 
3 9177 9300 9178 
3 9299 9300 9177 
3 9176 9299 9177 
3 9298 9299 9176 
3 9175 9298 9176 
3 9297 9298 9175 
3 9174 9297 9175 
3 9296 9297 9174 
3 9173 9296 9174 
3 9295 9296 9173 
3 9172 9295 9173 
3 9294 9295 9172 
3 9171 9294 9172 
3 9293 9294 9171 
3 9170 9293 9171 
3 9292 9293 9170 
3 9169 9292 9170 
3 9291 9292 9169 
3 9168 9291 9169 
3 9290 9291 9168 
3 9167 9290 9168 
3 9289 9290 9167 
3 9166 9289 9167 
3 9288 9289 9166 
3 9165 9288 9166 
3 9287 9288 9165 
3 9164 9287 9165 
3 9286 9287 9164 
3 9163 9286 9164 
3 9285 9286 9163 
3 9162 9285 9163 
3 9284 9285 9162 
3 9161 9284 9162 
3 9283 9284 9161 
3 9160 9283 9161 
3 9282 9283 9160 
3 9159 9282 9160 
3 9281 9282 9159 
3 9158 9281 9159 
3 9280 9281 9158 
3 9157 9280 9158 
3 9279 9280 9157 
3 9156 9279 9157 
3 9278 9279 9156 
3 9155 9278 9156 
3 9277 9278 9155 
3 9154 9277 9155 
3 9276 9277 9154 
3 9153 9276 9154 
3 9275 9276 9153 
3 9152 9275 9153 
3 9274 9275 9152 
3 9151 9274 9152 
3 9149 9273 9150 
3 9272 9273 9149 
3 9148 9272 9149 
3 9271 9272 9148 
3 9147 9271 9148 
3 9270 9271 9147 
3 9146 9270 9147 
3 9269 9270 9146 
3 9145 9269 9146 
3 9268 9269 9145 
3 9144 9268 9145 
3 9267 9268 9144 
3 9143 9267 9144 
3 9266 9267 9143 
3 9142 9266 9143 
3 9265 9266 9142 
3 9141 9265 9142 
3 9264 9265 9141 
3 9500 9621 9501 
3 9620 9621 9500 
3 9499 9620 9500 
3 9617 9618 9497 
3 9496 9617 9497 
3 9616 9617 9496 
3 9495 9616 9496 
3 9615 9616 9495 
3 9494 9615 9495 
3 9614 9615 9494 
3 9493 9614 9494 
3 9613 9614 9493 
3 9492 9613 9493 
3 9612 9613 9492 
3 9491 9612 9492 
3 9611 9612 9491 
3 9490 9611 9491 
3 9610 9611 9490 
3 9489 9610 9490 
3 9609 9610 9489 
3 9488 9609 9489 
3 9608 9609 9488 
3 9487 9608 9488 
3 9607 9608 9487 
3 9486 9607 9487 
3 9484 9606 9485 
3 9605 9606 9484 
3 9483 9605 9484 
3 9604 9605 9483 
3 9482 9604 9483 
3 9603 9604 9482 
3 9481 9603 9482 
3 9602 9603 9481 
3 9480 9602 9481 
3 9601 9602 9480 
3 9479 9601 9480 
3 9600 9601 9479 
3 9598 9599 9478 
3 9477 9598 9478 
3 9597 9598 9477 
3 9595 9596 9476 
3 9475 9595 9476 
3 9594 9595 9475 
3 9474 9594 9475 
3 9593 9594 9474 
3 9473 9593 9474 
3 9592 9593 9473 
3 9472 9592 9473 
3 9591 9592 9472 
3 9471 9591 9472 
3 9590 9591 9471 
3 9470 9590 9471 
3 9589 9590 9470 
3 9469 9589 9470 
3 9588 9589 9469 
3 9468 9588 9469 
3 9587 9588 9468 
3 9467 9587 9468 
3 9586 9587 9467 
3 9466 9586 9467 
3 9585 9586 9466 
3 9465 9585 9466 
3 9463 9584 9464 
3 9583 9584 9463 
3 9462 9583 9463 
3 9582 9583 9462 
3 9461 9582 9462 
3 9581 9582 9461 
3 9460 9581 9461 
3 9580 9581 9460 
3 9459 9580 9460 
3 9579 9580 9459 
3 9458 9579 9459 
3 9578 9579 9458 
3 9457 9578 9458 
3 9577 9578 9457 
3 9456 9577 9457 
3 9576 9577 9456 
3 9455 9576 9456 
3 9575 9576 9455 
3 9454 9575 9455 
3 9574 9575 9454 
3 9453 9574 9454 
3 9573 9574 9453 
3 9452 9573 9453 
3 9572 9573 9452 
3 9451 9572 9452 
3 9571 9572 9451 
3 9450 9571 9451 
3 9570 9571 9450 
3 9449 9570 9450 
3 9569 9570 9449 
3 9448 9569 9449 
3 9568 9569 9448 
3 9447 9568 9448 
3 9567 9568 9447 
3 9446 9567 9447 
3 9566 9567 9446 
3 9445 9566 9446 
3 9565 9566 9445 
3 9444 9565 9445 
3 9564 9565 9444 
3 9443 9564 9444 
3 9563 9564 9443 
3 9442 9563 9443 
3 9562 9563 9442 
3 9441 9562 9442 
3 9561 9562 9441 
3 9440 9561 9441 
3 9560 9561 9440 
3 9558 9559 9439 
3 9438 9558 9439 
3 9557 9558 9438 
3 9555 9556 9437 
3 9436 9555 9437 
3 9434 9554 9435 
3 9553 9554 9434 
3 9433 9553 9434 
3 9552 9553 9433 
3 9432 9552 9433 
3 9551 9552 9432 
3 9431 9551 9432 
3 9550 9551 9431 
3 9430 9550 9431 
3 9549 9550 9430 
3 9429 9549 9430 
3 9548 9549 9429 
3 9546 9547 9428 
3 9427 9546 9428 
3 9545 9546 9427 
3 9426 9545 9427 
3 9544 9545 9426 
3 9425 9544 9426 
3 9543 9544 9425 
3 9424 9543 9425 
3 9542 9543 9424 
3 9423 9542 9424 
3 9541 9542 9423 
3 9422 9541 9423 
3 9540 9541 9422 
3 9421 9540 9422 
3 9539 9540 9421 
3 9420 9539 9421 
3 9538 9539 9420 
3 9419 9538 9420 
3 9537 9538 9419 
3 9418 9537 9419 
3 9536 9537 9418 
3 9417 9536 9418 
3 9535 9536 9417 
3 9416 9535 9417 
3 9534 9535 9416 
3 9415 9534 9416 
3 9533 9534 9415 
3 9414 9533 9415 
3 9532 9533 9414 
3 9413 9532 9414 
3 9531 9532 9413 
3 9412 9531 9413 
3 9530 9531 9412 
3 9411 9530 9412 
3 9529 9530 9411 
3 9410 9529 9411 
3 9528 9529 9410 
3 9526 9527 9409 
3 9524 9525 9408 
3 9407 9524 9408 
3 9523 9524 9407 
3 9406 9523 9407 
3 9522 9523 9406 
3 9405 9522 9406 
3 9521 9522 9405 
3 9404 9521 9405 
3 9520 9521 9404 
3 9403 9520 9404 
3 9519 9520 9403 
3 9402 9519 9403 
3 9518 9519 9402 
3 9401 9518 9402 
3 9517 9518 9401 
3 9400 9517 9401 
3 9516 9517 9400 
3 9399 9516 9400 
3 9515 9516 9399 
3 9398 9515 9399 
3 9514 9515 9398 
3 9397 9514 9398 
3 9513 9514 9397 
3 9396 9513 9397 
3 9512 9513 9396 
3 9395 9512 9396 
3 9511 9512 9395 
3 9394 9511 9395 
3 9510 9511 9394 
3 9393 9510 9394 
3 9509 9510 9393 
3 9392 9509 9393 
3 9508 9509 9392 
3 9391 9508 9392 
3 9507 9508 9391 
3 9505 9506 9390 
3 9389 9505 9390 
3 9504 9505 9389 
3 9388 9504 9389 
3 9386 9503 9387 
3 9502 9503 9386 
3 9385 9502 9386 
3 9620 9743 9621 
3 9742 9743 9620 
3 9740 9741 9619 
3 9618 9740 9619 
3 9739 9740 9618 
3 9617 9739 9618 
3 9738 9739 9617 
3 9616 9738 9617 
3 9614 9737 9615 
3 9736 9737 9614 
3 9613 9736 9614 
3 9735 9736 9613 
3 9612 9735 9613 
3 9610 9734 9611 
3 9733 9734 9610 
3 9609 9733 9610 
3 9732 9733 9609 
3 9608 9732 9609 
3 9731 9732 9608 
3 9607 9731 9608 
3 9730 9731 9607 
3 9727 9728 9606 
3 9605 9727 9606 
3 9726 9727 9605 
3 9604 9726 9605 
3 9725 9726 9604 
3 9603 9725 9604 
3 9724 9725 9603 
3 9602 9724 9603 
3 9600 9723 9601 
3 9722 9723 9600 
3 9599 9722 9600 
3 9721 9722 9599 
3 9598 9721 9599 
3 9720 9721 9598 
3 9597 9720 9598 
3 9719 9720 9597 
3 9596 9719 9597 
3 9718 9719 9596 
3 9595 9718 9596 
3 9717 9718 9595 
3 9594 9717 9595 
3 9716 9717 9594 
3 9593 9716 9594 
3 9715 9716 9593 
3 9592 9715 9593 
3 9714 9715 9592 
3 9591 9714 9592 
3 9713 9714 9591 
3 9590 9713 9591 
3 9712 9713 9590 
3 9589 9712 9590 
3 9711 9712 9589 
3 9588 9711 9589 
3 9710 9711 9588 
3 9587 9710 9588 
3 9709 9710 9587 
3 9586 9709 9587 
3 9708 9709 9586 
3 9585 9708 9586 
3 9707 9708 9585 
3 9705 9706 9584 
3 9583 9705 9584 
3 9704 9705 9583 
3 9582 9704 9583 
3 9580 9703 9581 
3 9702 9703 9580 
3 9579 9702 9580 
3 9701 9702 9579 
3 9578 9701 9579 
3 9700 9701 9578 
3 9577 9700 9578 
3 9699 9700 9577 
3 9576 9699 9577 
3 9698 9699 9576 
3 9575 9698 9576 
3 9697 9698 9575 
3 9574 9697 9575 
3 9696 9697 9574 
3 9573 9696 9574 
3 9695 9696 9573 
3 9572 9695 9573 
3 9694 9695 9572 
3 9571 9694 9572 
3 9693 9694 9571 
3 9570 9693 9571 
3 9692 9693 9570 
3 9569 9692 9570 
3 9691 9692 9569 
3 9568 9691 9569 
3 9690 9691 9568 
3 9567 9690 9568 
3 9689 9690 9567 
3 9566 9689 9567 
3 9688 9689 9566 
3 9565 9688 9566 
3 9687 9688 9565 
3 9564 9687 9565 
3 9686 9687 9564 
3 9563 9686 9564 
3 9685 9686 9563 
3 9562 9685 9563 
3 9684 9685 9562 
3 9561 9684 9562 
3 9683 9684 9561 
3 9560 9683 9561 
3 9682 9683 9560 
3 9559 9682 9560 
3 9681 9682 9559 
3 9558 9681 9559 
3 9680 9681 9558 
3 9557 9680 9558 
3 9679 9680 9557 
3 9556 9679 9557 
3 9677 9678 9554 
3 9553 9677 9554 
3 9676 9677 9553 
3 9552 9676 9553 
3 9675 9676 9552 
3 9551 9675 9552 
3 9674 9675 9551 
3 9550 9674 9551 
3 9673 9674 9550 
3 9549 9673 9550 
3 9672 9673 9549 
3 9548 9672 9549 
3 9671 9672 9548 
3 9547 9671 9548 
3 9670 9671 9547 
3 9546 9670 9547 
3 9669 9670 9546 
3 9545 9669 9546 
3 9668 9669 9545 
3 9544 9668 9545 
3 9667 9668 9544 
3 9543 9667 9544 
3 9666 9667 9543 
3 9542 9666 9543 
3 9665 9666 9542 
3 9541 9665 9542 
3 9664 9665 9541 
3 9540 9664 9541 
3 9663 9664 9540 
3 9539 9663 9540 
3 9662 9663 9539 
3 9538 9662 9539 
3 9661 9662 9538 
3 9537 9661 9538 
3 9660 9661 9537 
3 9536 9660 9537 
3 9659 9660 9536 
3 9535 9659 9536 
3 9658 9659 9535 
3 9534 9658 9535 
3 9657 9658 9534 
3 9533 9657 9534 
3 9656 9657 9533 
3 9532 9656 9533 
3 9655 9656 9532 
3 9531 9655 9532 
3 9654 9655 9531 
3 9530 9654 9531 
3 9653 9654 9530 
3 9529 9653 9530 
3 9652 9653 9529 
3 9528 9652 9529 
3 9651 9652 9528 
3 9527 9651 9528 
3 9650 9651 9527 
3 9526 9650 9527 
3 9649 9650 9526 
3 9525 9649 9526 
3 9648 9649 9525 
3 9524 9648 9525 
3 9647 9648 9524 
3 9523 9647 9524 
3 9646 9647 9523 
3 9522 9646 9523 
3 9645 9646 9522 
3 9521 9645 9522 
3 9644 9645 9521 
3 9520 9644 9521 
3 9643 9644 9520 
3 9519 9643 9520 
3 9642 9643 9519 
3 9518 9642 9519 
3 9641 9642 9518 
3 9517 9641 9518 
3 9640 9641 9517 
3 9516 9640 9517 
3 9639 9640 9516 
3 9515 9639 9516 
3 9638 9639 9515 
3 9514 9638 9515 
3 9637 9638 9514 
3 9513 9637 9514 
3 9636 9637 9513 
3 9512 9636 9513 
3 9635 9636 9512 
3 9511 9635 9512 
3 9634 9635 9511 
3 9510 9634 9511 
3 9633 9634 9510 
3 9509 9633 9510 
3 9632 9633 9509 
3 9508 9632 9509 
3 9631 9632 9508 
3 9507 9631 9508 
3 9630 9631 9507 
3 9506 9630 9507 
3 9629 9630 9506 
3 9505 9629 9506 
3 9628 9629 9505 
3 9504 9628 9505 
3 9627 9628 9504 
3 9625 9626 9503 
3 9502 9625 9503 
3 9624 9625 9502 
3 9383 9501 9384 
3 9500 9501 9383 
3 9498 9499 9382 
3 9380 9497 9381 
3 9496 9497 9380 
3 9379 9496 9380 
3 9495 9496 9379 
3 9378 9495 9379 
3 9494 9495 9378 
3 9377 9494 9378 
3 9493 9494 9377 
3 9376 9493 9377 
3 9492 9493 9376 
3 9375 9492 9376 
3 9491 9492 9375 
3 9374 9491 9375 
3 9490 9491 9374 
3 9373 9490 9374 
3 9489 9490 9373 
3 9372 9489 9373 
3 9488 9489 9372 
3 9371 9488 9372 
3 9487 9488 9371 
3 9370 9487 9371 
3 9486 9487 9370 
3 9369 9486 9370 
3 9483 9484 9367 
3 9366 9483 9367 
3 9482 9483 9366 
3 9365 9482 9366 
3 9481 9482 9365 
3 9364 9481 9365 
3 9480 9481 9364 
3 9363 9480 9364 
3 9479 9480 9363 
3 9361 9478 9362 
3 9477 9478 9361 
3 9360 9477 9361 
3 9358 9476 9359 
3 9475 9476 9358 
3 9357 9475 9358 
3 9474 9475 9357 
3 9356 9474 9357 
3 9473 9474 9356 
3 9355 9473 9356 
3 9472 9473 9355 
3 9354 9472 9355 
3 9471 9472 9354 
3 9353 9471 9354 
3 9470 9471 9353 
3 9352 9470 9353 
3 9469 9470 9352 
3 9351 9469 9352 
3 9468 9469 9351 
3 9350 9468 9351 
3 9467 9468 9350 
3 9349 9467 9350 
3 9466 9467 9349 
3 9348 9466 9349 
3 9465 9466 9348 
3 9347 9465 9348 
3 9464 9465 9347 
3 9346 9464 9347 
3 9463 9464 9346 
3 9345 9463 9346 
3 9462 9463 9345 
3 9344 9462 9345 
3 9461 9462 9344 
3 9343 9461 9344 
3 9460 9461 9343 
3 9342 9460 9343 
3 9459 9460 9342 
3 9341 9459 9342 
3 9458 9459 9341 
3 9340 9458 9341 
3 9457 9458 9340 
3 9339 9457 9340 
3 9456 9457 9339 
3 9338 9456 9339 
3 9455 9456 9338 
3 9453 9454 9337 
3 9336 9453 9337 
3 9452 9453 9336 
3 9335 9452 9336 
3 9451 9452 9335 
3 9334 9451 9335 
3 9450 9451 9334 
3 9333 9450 9334 
3 9449 9450 9333 
3 9332 9449 9333 
3 9448 9449 9332 
3 9331 9448 9332 
3 9447 9448 9331 
3 9330 9447 9331 
3 9446 9447 9330 
3 9329 9446 9330 
3 9445 9446 9329 
3 9328 9445 9329 
3 9444 9445 9328 
3 9327 9444 9328 
3 9443 9444 9327 
3 9326 9443 9327 
3 9442 9443 9326 
3 9325 9442 9326 
3 9441 9442 9325 
3 9324 9441 9325 
3 9440 9441 9324 
3 9323 9440 9324 
3 9321 9439 9322 
3 9438 9439 9321 
3 9320 9438 9321 
3 9318 9437 9319 
3 9436 9437 9318 
3 9317 9436 9318 
3 9435 9436 9317 
3 9316 9435 9317 
3 9434 9435 9316 
3 9315 9434 9316 
3 9433 9434 9315 
3 9314 9433 9315 
3 9432 9433 9314 
3 9313 9432 9314 
3 9431 9432 9313 
3 9312 9431 9313 
3 9430 9431 9312 
3 9311 9430 9312 
3 9429 9430 9311 
3 9309 9428 9310 
3 9427 9428 9309 
3 9308 9427 9309 
3 9426 9427 9308 
3 9307 9426 9308 
3 9425 9426 9307 
3 9306 9425 9307 
3 9424 9425 9306 
3 9305 9424 9306 
3 9423 9424 9305 
3 9304 9423 9305 
3 9422 9423 9304 
3 9303 9422 9304 
3 9421 9422 9303 
3 9302 9421 9303 
3 9420 9421 9302 
3 9301 9420 9302 
3 9419 9420 9301 
3 9300 9419 9301 
3 9418 9419 9300 
3 9299 9418 9300 
3 9417 9418 9299 
3 9298 9417 9299 
3 9416 9417 9298 
3 9297 9416 9298 
3 9415 9416 9297 
3 9296 9415 9297 
3 9414 9415 9296 
3 9295 9414 9296 
3 9413 9414 9295 
3 9294 9413 9295 
3 9412 9413 9294 
3 9293 9412 9294 
3 9411 9412 9293 
3 9292 9411 9293 
3 9410 9411 9292 
3 9291 9410 9292 
3 9289 9409 9290 
3 9287 9408 9288 
3 9407 9408 9287 
3 9286 9407 9287 
3 9406 9407 9286 
3 9285 9406 9286 
3 9405 9406 9285 
3 9284 9405 9285 
3 9404 9405 9284 
3 9283 9404 9284 
3 9403 9404 9283 
3 9282 9403 9283 
3 9402 9403 9282 
3 9281 9402 9282 
3 9401 9402 9281 
3 9280 9401 9281 
3 9400 9401 9280 
3 9279 9400 9280 
3 9399 9400 9279 
3 9278 9399 9279 
3 9398 9399 9278 
3 9277 9398 9278 
3 9397 9398 9277 
3 9276 9397 9277 
3 9396 9397 9276 
3 9275 9396 9276 
3 9395 9396 9275 
3 9274 9395 9275 
3 9394 9395 9274 
3 9392 9393 9273 
3 9272 9392 9273 
3 9391 9392 9272 
3 9271 9391 9272 
3 9269 9390 9270 
3 9389 9390 9269 
3 9268 9389 9269 
3 9388 9389 9268 
3 9267 9388 9268 
3 9387 9388 9267 
3 9266 9387 9267 
3 9386 9387 9266 
3 9265 9386 9266 
3 9385 9386 9265 
3 9264 9385 9265 
3 9020 9140 9021 
3 9139 9140 9020 
3 9019 9139 9020 
3 9138 9139 9019 
3 9018 9138 9019 
3 9137 9138 9018 
3 9017 9137 9018 
3 9136 9137 9017 
3 9016 9136 9017 
3 9135 9136 9016 
3 9014 9133 9015 
3 9132 9133 9014 
3 9013 9132 9014 
3 9131 9132 9013 
3 9012 9131 9013 
3 9130 9131 9012 
3 9011 9130 9012 
3 9129 9130 9011 
3 9010 9129 9011 
3 9128 9129 9010 
3 9009 9128 9010 
3 9127 9128 9009 
3 9008 9127 9009 
3 9126 9127 9008 
3 9007 9126 9008 
3 9125 9126 9007 
3 9006 9125 9007 
3 9124 9125 9006 
3 9005 9124 9006 
3 9123 9124 9005 
3 9004 9123 9005 
3 9122 9123 9004 
3 9003 9122 9004 
3 9121 9122 9003 
3 9002 9121 9003 
3 9120 9121 9002 
3 9118 9119 9001 
3 9000 9118 9001 
3 9117 9118 9000 
3 8999 9117 9000 
3 9116 9117 8999 
3 8998 9116 8999 
3 9115 9116 8998 
3 8996 9114 8997 
3 9113 9114 8996 
3 8995 9113 8996 
3 9112 9113 8995 
3 8994 9112 8995 
3 9111 9112 8994 
3 8993 9111 8994 
3 9110 9111 8993 
3 8992 9110 8993 
3 9109 9110 8992 
3 8991 9109 8992 
3 8989 9106 8990 
3 9105 9106 8989 
3 8988 9105 8989 
3 9104 9105 8988 
3 8987 9104 8988 
3 9103 9104 8987 
3 8986 9103 8987 
3 9102 9103 8986 
3 8985 9102 8986 
3 9101 9102 8985 
3 8984 9101 8985 
3 9100 9101 8984 
3 8983 9100 8984 
3 9099 9100 8983 
3 8982 9099 8983 
3 9098 9099 8982 
3 8981 9098 8982 
3 9097 9098 8981 
3 8980 9097 8981 
3 9096 9097 8980 
3 8979 9096 8980 
3 9095 9096 8979 
3 8978 9095 8979 
3 9094 9095 8978 
3 8977 9094 8978 
3 9093 9094 8977 
3 8976 9093 8977 
3 9092 9093 8976 
3 8975 9092 8976 
3 9091 9092 8975 
3 8972 9090 8973 
3 9089 9090 8972 
3 9087 9088 8971 
3 8970 9087 8971 
3 9086 9087 8970 
3 8969 9086 8970 
3 9085 9086 8969 
3 8968 9085 8969 
3 9084 9085 8968 
3 8967 9084 8968 
3 9083 9084 8967 
3 8966 9083 8967 
3 9082 9083 8966 
3 8965 9082 8966 
3 9081 9082 8965 
3 8964 9081 8965 
3 9080 9081 8964 
3 8963 9080 8964 
3 9079 9080 8963 
3 8962 9079 8963 
3 9078 9079 8962 
3 8961 9078 8962 
3 9077 9078 8961 
3 8960 9077 8961 
3 9076 9077 8960 
3 8959 9076 8960 
3 9075 9076 8959 
3 8958 9075 8959 
3 9074 9075 8958 
3 8957 9074 8958 
3 9073 9074 8957 
3 8956 9073 8957 
3 9072 9073 8956 
3 8955 9072 8956 
3 9071 9072 8955 
3 8954 9071 8955 
3 8952 9070 8953 
3 9069 9070 8952 
3 8951 9069 8952 
3 9068 9069 8951 
3 8950 9068 8951 
3 9067 9068 8950 
3 8949 9067 8950 
3 9066 9067 8949 
3 8948 9066 8949 
3 9065 9066 8948 
3 8947 9065 8948 
3 9064 9065 8947 
3 8946 9064 8947 
3 9063 9064 8946 
3 9061 9062 8945 
3 8944 9061 8945 
3 9060 9061 8944 
3 8943 9060 8944 
3 9059 9060 8943 
3 8942 9059 8943 
3 9058 9059 8942 
3 8941 9058 8942 
3 9057 9058 8941 
3 8940 9057 8941 
3 9056 9057 8940 
3 8939 9056 8940 
3 9055 9056 8939 
3 8938 9055 8939 
3 9054 9055 8938 
3 8937 9054 8938 
3 9053 9054 8937 
3 8936 9053 8937 
3 8934 9052 8935 
3 9051 9052 8934 
3 8933 9051 8934 
3 9050 9051 8933 
3 8932 9050 8933 
3 9049 9050 8932 
3 8931 9049 8932 
3 9048 9049 8931 
3 8930 9048 8931 
3 9047 9048 8930 
3 8929 9047 8930 
3 9046 9047 8929 
3 8928 9046 8929 
3 9045 9046 8928 
3 8927 9045 8928 
3 9044 9045 8927 
3 8926 9044 8927 
3 8924 9043 8925 
3 9042 9043 8924 
3 8923 9042 8924 
3 9041 9042 8923 
3 8922 9041 8923 
3 9040 9041 8922 
3 8921 9040 8922 
3 9039 9040 8921 
3 8920 9039 8921 
3 9038 9039 8920 
3 8919 9038 8920 
3 9037 9038 8919 
3 8918 9037 8919 
3 9036 9037 8918 
3 8917 9036 8918 
3 9035 9036 8917 
3 8916 9035 8917 
3 9034 9035 8916 
3 8915 9034 8916 
3 9033 9034 8915 
3 8914 9033 8915 
3 9032 9033 8914 
3 8913 9032 8914 
3 9031 9032 8913 
3 8912 9031 8913 
3 9030 9031 8912 
3 8911 9030 8912 
3 9029 9030 8911 
3 9027 9028 8910 
3 8909 9027 8910 
3 9026 9027 8909 
3 9024 9025 8908 
3 8907 9024 8908 
3 9023 9024 8907 
3 8906 9023 8907 
3 9022 9023 8906 
3 9139 9263 9140 
3 9262 9263 9139 
3 9138 9262 9139 
3 9261 9262 9138 
3 9137 9261 9138 
3 9135 9260 9136 
3 9259 9260 9135 
3 9134 9259 9135 
3 9258 9259 9134 
3 9132 9257 9133 
3 9130 9256 9131 
3 9255 9256 9130 
3 9129 9255 9130 
3 9254 9255 9129 
3 9128 9254 9129 
3 9253 9254 9128 
3 9127 9253 9128 
3 9252 9253 9127 
3 9126 9252 9127 
3 9251 9252 9126 
3 9125 9251 9126 
3 9250 9251 9125 
3 9124 9250 9125 
3 9249 9250 9124 
3 9123 9249 9124 
3 9248 9249 9123 
3 9122 9248 9123 
3 9247 9248 9122 
3 9121 9247 9122 
3 9246 9247 9121 
3 9120 9246 9121 
3 9245 9246 9120 
3 9119 9245 9120 
3 9244 9245 9119 
3 9118 9244 9119 
3 9243 9244 9118 
3 9117 9243 9118 
3 9242 9243 9117 
3 9116 9242 9117 
3 9241 9242 9116 
3 9115 9241 9116 
3 9240 9241 9115 
3 9238 9239 9114 
3 9113 9238 9114 
3 9237 9238 9113 
3 9112 9237 9113 
3 9236 9237 9112 
3 9111 9236 9112 
3 9235 9236 9111 
3 9110 9235 9111 
3 9234 9235 9110 
3 9109 9234 9110 
3 9233 9234 9109 
3 9231 9232 9108 
3 9107 9231 9108 
3 9230 9231 9107 
3 9228 9229 9106 
3 9105 9228 9106 
3 9227 9228 9105 
3 9104 9227 9105 
3 9226 9227 9104 
3 9103 9226 9104 
3 9225 9226 9103 
3 9102 9225 9103 
3 9224 9225 9102 
3 9101 9224 9102 
3 9223 9224 9101 
3 9100 9223 9101 
3 9222 9223 9100 
3 9099 9222 9100 
3 9221 9222 9099 
3 9098 9221 9099 
3 9220 9221 9098 
3 9097 9220 9098 
3 9219 9220 9097 
3 9096 9219 9097 
3 9218 9219 9096 
3 9095 9218 9096 
3 9217 9218 9095 
3 9094 9217 9095 
3 9216 9217 9094 
3 9093 9216 9094 
3 9215 9216 9093 
3 9092 9215 9093 
3 9214 9215 9092 
3 9091 9214 9092 
3 9213 9214 9091 
3 9089 9211 9090 
3 9210 9211 9089 
3 9088 9210 9089 
3 9209 9210 9088 
3 9087 9209 9088 
3 9208 9209 9087 
3 9086 9208 9087 
3 9207 9208 9086 
3 9085 9207 9086 
3 9206 9207 9085 
3 9084 9206 9085 
3 9205 9206 9084 
3 9083 9205 9084 
3 9204 9205 9083 
3 9082 9204 9083 
3 9203 9204 9082 
3 9081 9203 9082 
3 9202 9203 9081 
3 9080 9202 9081 
3 9201 9202 9080 
3 9079 9201 9080 
3 9200 9201 9079 
3 9078 9200 9079 
3 9199 9200 9078 
3 9077 9199 9078 
3 9198 9199 9077 
3 9076 9198 9077 
3 9197 9198 9076 
3 9075 9197 9076 
3 9196 9197 9075 
3 9074 9196 9075 
3 9195 9196 9074 
3 9073 9195 9074 
3 9194 9195 9073 
3 9072 9194 9073 
3 9193 9194 9072 
3 9071 9193 9072 
3 9192 9193 9071 
3 9190 9191 9070 
3 9069 9190 9070 
3 9189 9190 9069 
3 9068 9189 9069 
3 9188 9189 9068 
3 9067 9188 9068 
3 9187 9188 9067 
3 9066 9187 9067 
3 9186 9187 9066 
3 9065 9186 9066 
3 9185 9186 9065 
3 9064 9185 9065 
3 9184 9185 9064 
3 9063 9184 9064 
3 9183 9184 9063 
3 9062 9183 9063 
3 9182 9183 9062 
3 9061 9182 9062 
3 9181 9182 9061 
3 9060 9181 9061 
3 9180 9181 9060 
3 9059 9180 9060 
3 9057 9179 9058 
3 9178 9179 9057 
3 9056 9178 9057 
3 9177 9178 9056 
3 9055 9177 9056 
3 9176 9177 9055 
3 9054 9176 9055 
3 9175 9176 9054 
3 9053 9175 9054 
3 9174 9175 9053 
3 9172 9173 9052 
3 9051 9172 9052 
3 9171 9172 9051 
3 9050 9171 9051 
3 9170 9171 9050 
3 9049 9170 9050 
3 9169 9170 9049 
3 9048 9169 9049 
3 9168 9169 9048 
3 9047 9168 9048 
3 9167 9168 9047 
3 9046 9167 9047 
3 9166 9167 9046 
3 9045 9166 9046 
3 9165 9166 9045 
3 9044 9165 9045 
3 9164 9165 9044 
3 9162 9163 9043 
3 9042 9162 9043 
3 9161 9162 9042 
3 9041 9161 9042 
3 9160 9161 9041 
3 9040 9160 9041 
3 9159 9160 9040 
3 9039 9159 9040 
3 9158 9159 9039 
3 9038 9158 9039 
3 9157 9158 9038 
3 9037 9157 9038 
3 9156 9157 9037 
3 9036 9156 9037 
3 9155 9156 9036 
3 9035 9155 9036 
3 9154 9155 9035 
3 9034 9154 9035 
3 9153 9154 9034 
3 9033 9153 9034 
3 9152 9153 9033 
3 9032 9152 9033 
3 9151 9152 9032 
3 9031 9151 9032 
3 9150 9151 9031 
3 9030 9150 9031 
3 9149 9150 9030 
3 9029 9149 9030 
3 9148 9149 9029 
3 9028 9148 9029 
3 9147 9148 9028 
3 9027 9147 9028 
3 9146 9147 9027 
3 9026 9146 9027 
3 9145 9146 9026 
3 9025 9145 9026 
3 9144 9145 9025 
3 9024 9144 9025 
3 9143 9144 9024 
3 9023 9143 9024 
3 9142 9143 9023 
3 9022 9142 9023 
3 9141 9142 9022 
3 8904 9021 8905 
3 9020 9021 8904 
3 8903 9020 8904 
3 9019 9020 8903 
3 8902 9019 8903 
3 9018 9019 8902 
3 8901 9018 8902 
3 9017 9018 8901 
3 8900 9017 8901 
3 9016 9017 8900 
3 8899 9016 8900 
3 9014 9015 8897 
3 8896 9014 8897 
3 9013 9014 8896 
3 8895 9013 8896 
3 9012 9013 8895 
3 8894 9012 8895 
3 9011 9012 8894 
3 8893 9011 8894 
3 9010 9011 8893 
3 8892 9010 8893 
3 9009 9010 8892 
3 9007 9008 8891 
3 9004 9005 8890 
3 8889 9004 8890 
3 9003 9004 8889 
3 8888 9003 8889 
3 9002 9003 8888 
3 8887 9002 8888 
3 8885 9001 8886 
3 9000 9001 8885 
3 8884 9000 8885 
3 8999 9000 8884 
3 8883 8999 8884 
3 8998 8999 8883 
3 8882 8998 8883 
3 8996 8997 8881 
3 8994 8995 8880 
3 8879 8994 8880 
3 8993 8994 8879 
3 8878 8993 8879 
3 8992 8993 8878 
3 8877 8992 8878 
3 8991 8992 8877 
3 8873 8990 8874 
3 8989 8990 8873 
3 8872 8989 8873 
3 8988 8989 8872 
3 8871 8988 8872 
3 8987 8988 8871 
3 8870 8987 8871 
3 8986 8987 8870 
3 8869 8986 8870 
3 8985 8986 8869 
3 8868 8985 8869 
3 8984 8985 8868 
3 8982 8983 8867 
3 8866 8982 8867 
3 8981 8982 8866 
3 8865 8981 8866 
3 8980 8981 8865 
3 8864 8980 8865 
3 8979 8980 8864 
3 8863 8979 8864 
3 8978 8979 8863 
3 8976 8977 8862 
3 8861 8976 8862 
3 8975 8976 8861 
3 8860 8975 8861 
3 8858 8974 8859 
3 8973 8974 8858 
3 8857 8973 8858 
3 8972 8973 8857 
3 8856 8972 8857 
3 8854 8971 8855 
3 8970 8971 8854 
3 8853 8970 8854 
3 8969 8970 8853 
3 8852 8969 8853 
3 8968 8969 8852 
3 8851 8968 8852 
3 8967 8968 8851 
3 8850 8967 8851 
3 8966 8967 8850 
3 8849 8966 8850 
3 8965 8966 8849 
3 8848 8965 8849 
3 8964 8965 8848 
3 8847 8964 8848 
3 8963 8964 8847 
3 8846 8963 8847 
3 8962 8963 8846 
3 8845 8962 8846 
3 8961 8962 8845 
3 8844 8961 8845 
3 8960 8961 8844 
3 8843 8960 8844 
3 8959 8960 8843 
3 8842 8959 8843 
3 8958 8959 8842 
3 8841 8958 8842 
3 8957 8958 8841 
3 8840 8957 8841 
3 8956 8957 8840 
3 8839 8956 8840 
3 8955 8956 8839 
3 8838 8955 8839 
3 8954 8955 8838 
3 8837 8954 8838 
3 8953 8954 8837 
3 8836 8953 8837 
3 8952 8953 8836 
3 8835 8952 8836 
3 8951 8952 8835 
3 8834 8951 8835 
3 8950 8951 8834 
3 8833 8950 8834 
3 8949 8950 8833 
3 8832 8949 8833 
3 8948 8949 8832 
3 8831 8948 8832 
3 8947 8948 8831 
3 8830 8947 8831 
3 8946 8947 8830 
3 8828 8945 8829 
3 8944 8945 8828 
3 8827 8944 8828 
3 8943 8944 8827 
3 8826 8943 8827 
3 8942 8943 8826 
3 8825 8942 8826 
3 8941 8942 8825 
3 8824 8941 8825 
3 8940 8941 8824 
3 8823 8940 8824 
3 8939 8940 8823 
3 8822 8939 8823 
3 8938 8939 8822 
3 8821 8938 8822 
3 8937 8938 8821 
3 8820 8937 8821 
3 8936 8937 8820 
3 8819 8936 8820 
3 8935 8936 8819 
3 8818 8935 8819 
3 8934 8935 8818 
3 8817 8934 8818 
3 8933 8934 8817 
3 8816 8933 8817 
3 8932 8933 8816 
3 8815 8932 8816 
3 8931 8932 8815 
3 8814 8931 8815 
3 8930 8931 8814 
3 8813 8930 8814 
3 8929 8930 8813 
3 8812 8929 8813 
3 8928 8929 8812 
3 8811 8928 8812 
3 8927 8928 8811 
3 8810 8927 8811 
3 8926 8927 8810 
3 8809 8926 8810 
3 8925 8926 8809 
3 8808 8925 8809 
3 8924 8925 8808 
3 8807 8924 8808 
3 8923 8924 8807 
3 8806 8923 8807 
3 8922 8923 8806 
3 8805 8922 8806 
3 8921 8922 8805 
3 8804 8921 8805 
3 8920 8921 8804 
3 8803 8920 8804 
3 8919 8920 8803 
3 8802 8919 8803 
3 8918 8919 8802 
3 8801 8918 8802 
3 8917 8918 8801 
3 8800 8917 8801 
3 8916 8917 8800 
3 8799 8916 8800 
3 8915 8916 8799 
3 8798 8915 8799 
3 8914 8915 8798 
3 8797 8914 8798 
3 8913 8914 8797 
3 8796 8913 8797 
3 8912 8913 8796 
3 8795 8912 8796 
3 8911 8912 8795 
3 8909 8910 8794 
3 8793 8909 8794 
3 8907 8908 8792 
3 8791 8907 8792 
3 8906 8907 8791 
3 8303 8431 8304 
3 8430 8431 8303 
3 8302 8430 8303 
3 8429 8430 8302 
3 8301 8429 8302 
3 8428 8429 8301 
3 8300 8428 8301 
3 8427 8428 8300 
3 8299 8427 8300 
3 8426 8427 8299 
3 8298 8426 8299 
3 8425 8426 8298 
3 8423 8424 8297 
3 8296 8423 8297 
3 8422 8423 8296 
3 8295 8422 8296 
3 8421 8422 8295 
3 8294 8421 8295 
3 8420 8421 8294 
3 8418 8419 8293 
3 8292 8418 8293 
3 8417 8418 8292 
3 8291 8417 8292 
3 8416 8417 8291 
3 8290 8416 8291 
3 8415 8416 8290 
3 8289 8415 8290 
3 8414 8415 8289 
3 8288 8414 8289 
3 8413 8414 8288 
3 8287 8413 8288 
3 8412 8413 8287 
3 8286 8412 8287 
3 8411 8412 8286 
3 8285 8411 8286 
3 8410 8411 8285 
3 8284 8410 8285 
3 8409 8410 8284 
3 8283 8409 8284 
3 8408 8409 8283 
3 8282 8408 8283 
3 8407 8408 8282 
3 8281 8407 8282 
3 8406 8407 8281 
3 8404 8405 8280 
3 8402 8403 8279 
3 8278 8402 8279 
3 8401 8402 8278 
3 8277 8401 8278 
3 8400 8401 8277 
3 8276 8400 8277 
3 8399 8400 8276 
3 8275 8399 8276 
3 8398 8399 8275 
3 8274 8398 8275 
3 8397 8398 8274 
3 8273 8397 8274 
3 8396 8397 8273 
3 8272 8396 8273 
3 8395 8396 8272 
3 8393 8394 8271 
3 8270 8393 8271 
3 8392 8393 8270 
3 8269 8392 8270 
3 8391 8392 8269 
3 8268 8391 8269 
3 8390 8391 8268 
3 8267 8390 8268 
3 8389 8390 8267 
3 8266 8389 8267 
3 8388 8389 8266 
3 8265 8388 8266 
3 8387 8388 8265 
3 8264 8387 8265 
3 8386 8387 8264 
3 8263 8386 8264 
3 8385 8386 8263 
3 8262 8385 8263 
3 8384 8385 8262 
3 8261 8384 8262 
3 8383 8384 8261 
3 8260 8383 8261 
3 8382 8383 8260 
3 8259 8382 8260 
3 8381 8382 8259 
3 8258 8381 8259 
3 8380 8381 8258 
3 8257 8380 8258 
3 8379 8380 8257 
3 8256 8379 8257 
3 8378 8379 8256 
3 8255 8378 8256 
3 8377 8378 8255 
3 8254 8377 8255 
3 8376 8377 8254 
3 8374 8375 8253 
3 8252 8374 8253 
3 8373 8374 8252 
3 8251 8373 8252 
3 8372 8373 8251 
3 8250 8372 8251 
3 8371 8372 8250 
3 8249 8371 8250 
3 8370 8371 8249 
3 8248 8370 8249 
3 8369 8370 8248 
3 8247 8369 8248 
3 8368 8369 8247 
3 8246 8368 8247 
3 8367 8368 8246 
3 8245 8367 8246 
3 8366 8367 8245 
3 8244 8366 8245 
3 8365 8366 8244 
3 8243 8365 8244 
3 8364 8365 8243 
3 8242 8364 8243 
3 8363 8364 8242 
3 8241 8363 8242 
3 8362 8363 8241 
3 8240 8362 8241 
3 8361 8362 8240 
3 8239 8361 8240 
3 8360 8361 8239 
3 8238 8360 8239 
3 8359 8360 8238 
3 8357 8358 8237 
3 8236 8357 8237 
3 8356 8357 8236 
3 8235 8356 8236 
3 8355 8356 8235 
3 8234 8355 8235 
3 8354 8355 8234 
3 8233 8354 8234 
3 8353 8354 8233 
3 8232 8353 8233 
3 8352 8353 8232 
3 8231 8352 8232 
3 8351 8352 8231 
3 8230 8351 8231 
3 8350 8351 8230 
3 8229 8350 8230 
3 8349 8350 8229 
3 8228 8349 8229 
3 8348 8349 8228 
3 8227 8348 8228 
3 8347 8348 8227 
3 8226 8347 8227 
3 8346 8347 8226 
3 8225 8346 8226 
3 8345 8346 8225 
3 8224 8345 8225 
3 8344 8345 8224 
3 8223 8344 8224 
3 8343 8344 8223 
3 8222 8343 8223 
3 8342 8343 8222 
3 8221 8342 8222 
3 8341 8342 8221 
3 8220 8341 8221 
3 8340 8341 8220 
3 8219 8340 8220 
3 8339 8340 8219 
3 8218 8339 8219 
3 8338 8339 8218 
3 8217 8338 8218 
3 8337 8338 8217 
3 8216 8337 8217 
3 8336 8337 8216 
3 8215 8336 8216 
3 8335 8336 8215 
3 8214 8335 8215 
3 8334 8335 8214 
3 8213 8334 8214 
3 8333 8334 8213 
3 8212 8333 8213 
3 8332 8333 8212 
3 8210 8331 8211 
3 8330 8331 8210 
3 8209 8330 8210 
3 8329 8330 8209 
3 8208 8329 8209 
3 8328 8329 8208 
3 8207 8328 8208 
3 8327 8328 8207 
3 8206 8327 8207 
3 8326 8327 8206 
3 8205 8326 8206 
3 8325 8326 8205 
3 8204 8325 8205 
3 8324 8325 8204 
3 8203 8324 8204 
3 8323 8324 8203 
3 8202 8323 8203 
3 8322 8323 8202 
3 8201 8322 8202 
3 8321 8322 8201 
3 8200 8321 8201 
3 8320 8321 8200 
3 8199 8320 8200 
3 8319 8320 8199 
3 8198 8319 8199 
3 8318 8319 8198 
3 8197 8318 8198 
3 8317 8318 8197 
3 8196 8317 8197 
3 8316 8317 8196 
3 8195 8316 8196 
3 8315 8316 8195 
3 8194 8315 8195 
3 8314 8315 8194 
3 8312 8313 8193 
3 8192 8312 8193 
3 8311 8312 8192 
3 8191 8311 8192 
3 8310 8311 8191 
3 8190 8310 8191 
3 8309 8310 8190 
3 8189 8309 8190 
3 8308 8309 8189 
3 8188 8308 8189 
3 8307 8308 8188 
3 8187 8307 8188 
3 8306 8307 8187 
3 8186 8306 8187 
3 8305 8306 8186 
3 8550 8671 8551 
3 8670 8671 8550 
3 8549 8670 8550 
3 8669 8670 8549 
3 8548 8669 8549 
3 8546 8668 8547 
3 8667 8668 8546 
3 8545 8667 8546 
3 8666 8667 8545 
3 8544 8666 8545 
3 8665 8666 8544 
3 8543 8665 8544 
3 8664 8665 8543 
3 8542 8664 8543 
3 8663 8664 8542 
3 8541 8663 8542 
3 8662 8663 8541 
3 8540 8662 8541 
3 8661 8662 8540 
3 8539 8661 8540 
3 8660 8661 8539 
3 8538 8660 8539 
3 8659 8660 8538 
3 8537 8659 8538 
3 8658 8659 8537 
3 8536 8658 8537 
3 8657 8658 8536 
3 8535 8657 8536 
3 8533 8656 8534 
3 8655 8656 8533 
3 8532 8655 8533 
3 8654 8655 8532 
3 8531 8654 8532 
3 8653 8654 8531 
3 8530 8653 8531 
3 8652 8653 8530 
3 8529 8652 8530 
3 8651 8652 8529 
3 8528 8651 8529 
3 8650 8651 8528 
3 8527 8650 8528 
3 8649 8650 8527 
3 8526 8649 8527 
3 8648 8649 8526 
3 8525 8648 8526 
3 8647 8648 8525 
3 8645 8646 8524 
3 8523 8645 8524 
3 8644 8645 8523 
3 8522 8644 8523 
3 8643 8644 8522 
3 8521 8643 8522 
3 8642 8643 8521 
3 8520 8642 8521 
3 8641 8642 8520 
3 8519 8641 8520 
3 8640 8641 8519 
3 8518 8640 8519 
3 8639 8640 8518 
3 8517 8639 8518 
3 8638 8639 8517 
3 8516 8638 8517 
3 8637 8638 8516 
3 8515 8637 8516 
3 8636 8637 8515 
3 8514 8636 8515 
3 8635 8636 8514 
3 8513 8635 8514 
3 8634 8635 8513 
3 8512 8634 8513 
3 8633 8634 8512 
3 8511 8633 8512 
3 8632 8633 8511 
3 8510 8632 8511 
3 8631 8632 8510 
3 8509 8631 8510 
3 8630 8631 8509 
3 8508 8630 8509 
3 8629 8630 8508 
3 8507 8629 8508 
3 8628 8629 8507 
3 8506 8628 8507 
3 8627 8628 8506 
3 8505 8627 8506 
3 8626 8627 8505 
3 8504 8626 8505 
3 8625 8626 8504 
3 8503 8625 8504 
3 8624 8625 8503 
3 8502 8624 8503 
3 8623 8624 8502 
3 8501 8623 8502 
3 8622 8623 8501 
3 8499 8621 8500 
3 8620 8621 8499 
3 8498 8620 8499 
3 8619 8620 8498 
3 8497 8619 8498 
3 8618 8619 8497 
3 8496 8618 8497 
3 8617 8618 8496 
3 8495 8617 8496 
3 8616 8617 8495 
3 8494 8616 8495 
3 8615 8616 8494 
3 8493 8615 8494 
3 8614 8615 8493 
3 8492 8614 8493 
3 8613 8614 8492 
3 8491 8613 8492 
3 8612 8613 8491 
3 8490 8612 8491 
3 8611 8612 8490 
3 8609 8610 8489 
3 8488 8609 8489 
3 8608 8609 8488 
3 8487 8608 8488 
3 8607 8608 8487 
3 8486 8607 8487 
3 8606 8607 8486 
3 8485 8606 8486 
3 8605 8606 8485 
3 8484 8605 8485 
3 8604 8605 8484 
3 8483 8604 8484 
3 8603 8604 8483 
3 8482 8603 8483 
3 8602 8603 8482 
3 8481 8602 8482 
3 8601 8602 8481 
3 8480 8601 8481 
3 8600 8601 8480 
3 8479 8600 8480 
3 8599 8600 8479 
3 8478 8599 8479 
3 8476 8598 8477 
3 8597 8598 8476 
3 8595 8596 8475 
3 8474 8595 8475 
3 8594 8595 8474 
3 8473 8594 8474 
3 8593 8594 8473 
3 8472 8593 8473 
3 8592 8593 8472 
3 8471 8592 8472 
3 8591 8592 8471 
3 8470 8591 8471 
3 8468 8590 8469 
3 8589 8590 8468 
3 8467 8589 8468 
3 8465 8588 8466 
3 8587 8588 8465 
3 8464 8587 8465 
3 8586 8587 8464 
3 8463 8586 8464 
3 8585 8586 8463 
3 8462 8585 8463 
3 8584 8585 8462 
3 8461 8584 8462 
3 8583 8584 8461 
3 8460 8583 8461 
3 8582 8583 8460 
3 8459 8582 8460 
3 8581 8582 8459 
3 8458 8581 8459 
3 8580 8581 8458 
3 8457 8580 8458 
3 8579 8580 8457 
3 8456 8579 8457 
3 8578 8579 8456 
3 8455 8578 8456 
3 8577 8578 8455 
3 8454 8577 8455 
3 8576 8577 8454 
3 8453 8576 8454 
3 8575 8576 8453 
3 8573 8574 8452 
3 8451 8573 8452 
3 8572 8573 8451 
3 8450 8572 8451 
3 8571 8572 8450 
3 8449 8571 8450 
3 8570 8571 8449 
3 8448 8570 8449 
3 8569 8570 8448 
3 8447 8569 8448 
3 8568 8569 8447 
3 8446 8568 8447 
3 8567 8568 8446 
3 8445 8567 8446 
3 8566 8567 8445 
3 8444 8566 8445 
3 8565 8566 8444 
3 8442 8564 8443 
3 8563 8564 8442 
3 8441 8563 8442 
3 8562 8563 8441 
3 8440 8562 8441 
3 8561 8562 8440 
3 8439 8561 8440 
3 8560 8561 8439 
3 8438 8560 8439 
3 8559 8560 8438 
3 8437 8559 8438 
3 8558 8559 8437 
3 8556 8557 8436 
3 8434 8555 8435 
3 8554 8555 8434 
3 8433 8554 8434 
3 8553 8554 8433 
3 8432 8553 8433 
3 8552 8553 8432 
3 8670 8790 8671 
3 8789 8790 8670 
3 8669 8789 8670 
3 8788 8789 8669 
3 8667 8787 8668 
3 8786 8787 8667 
3 8666 8786 8667 
3 8785 8786 8666 
3 8665 8785 8666 
3 8784 8785 8665 
3 8664 8784 8665 
3 8783 8784 8664 
3 8663 8783 8664 
3 8661 8782 8662 
3 8781 8782 8661 
3 8660 8781 8661 
3 8780 8781 8660 
3 8659 8780 8660 
3 8779 8780 8659 
3 8658 8779 8659 
3 8778 8779 8658 
3 8657 8778 8658 
3 8654 8776 8655 
3 8652 8775 8653 
3 8774 8775 8652 
3 8651 8774 8652 
3 8773 8774 8651 
3 8650 8773 8651 
3 8772 8773 8650 
3 8649 8772 8650 
3 8647 8771 8648 
3 8770 8771 8647 
3 8646 8770 8647 
3 8769 8770 8646 
3 8645 8769 8646 
3 8768 8769 8645 
3 8644 8768 8645 
3 8767 8768 8644 
3 8643 8767 8644 
3 8766 8767 8643 
3 8642 8766 8643 
3 8765 8766 8642 
3 8641 8765 8642 
3 8764 8765 8641 
3 8640 8764 8641 
3 8763 8764 8640 
3 8639 8763 8640 
3 8762 8763 8639 
3 8638 8762 8639 
3 8761 8762 8638 
3 8637 8761 8638 
3 8760 8761 8637 
3 8636 8760 8637 
3 8759 8760 8636 
3 8635 8759 8636 
3 8758 8759 8635 
3 8634 8758 8635 
3 8757 8758 8634 
3 8633 8757 8634 
3 8756 8757 8633 
3 8632 8756 8633 
3 8755 8756 8632 
3 8631 8755 8632 
3 8754 8755 8631 
3 8630 8754 8631 
3 8753 8754 8630 
3 8629 8753 8630 
3 8752 8753 8629 
3 8628 8752 8629 
3 8751 8752 8628 
3 8627 8751 8628 
3 8750 8751 8627 
3 8626 8750 8627 
3 8749 8750 8626 
3 8625 8749 8626 
3 8748 8749 8625 
3 8624 8748 8625 
3 8747 8748 8624 
3 8623 8747 8624 
3 8746 8747 8623 
3 8622 8746 8623 
3 8744 8745 8621 
3 8620 8744 8621 
3 8743 8744 8620 
3 8619 8743 8620 
3 8742 8743 8619 
3 8618 8742 8619 
3 8741 8742 8618 
3 8617 8741 8618 
3 8740 8741 8617 
3 8616 8740 8617 
3 8739 8740 8616 
3 8615 8739 8616 
3 8738 8739 8615 
3 8614 8738 8615 
3 8737 8738 8614 
3 8613 8737 8614 
3 8736 8737 8613 
3 8612 8736 8613 
3 8735 8736 8612 
3 8611 8735 8612 
3 8734 8735 8611 
3 8610 8734 8611 
3 8733 8734 8610 
3 8609 8733 8610 
3 8732 8733 8609 
3 8608 8732 8609 
3 8731 8732 8608 
3 8607 8731 8608 
3 8730 8731 8607 
3 8606 8730 8607 
3 8729 8730 8606 
3 8605 8729 8606 
3 8728 8729 8605 
3 8604 8728 8605 
3 8727 8728 8604 
3 8603 8727 8604 
3 8726 8727 8603 
3 8602 8726 8603 
3 8725 8726 8602 
3 8601 8725 8602 
3 8724 8725 8601 
3 8600 8724 8601 
3 8723 8724 8600 
3 8599 8723 8600 
3 8722 8723 8599 
3 8720 8721 8598 
3 8597 8720 8598 
3 8719 8720 8597 
3 8596 8719 8597 
3 8718 8719 8596 
3 8595 8718 8596 
3 8717 8718 8595 
3 8594 8717 8595 
3 8716 8717 8594 
3 8593 8716 8594 
3 8715 8716 8593 
3 8592 8715 8593 
3 8714 8715 8592 
3 8591 8714 8592 
3 8713 8714 8591 
3 8711 8712 8590 
3 8589 8711 8590 
3 8710 8711 8589 
3 8708 8709 8588 
3 8587 8708 8588 
3 8707 8708 8587 
3 8586 8707 8587 
3 8706 8707 8586 
3 8585 8706 8586 
3 8705 8706 8585 
3 8584 8705 8585 
3 8704 8705 8584 
3 8583 8704 8584 
3 8703 8704 8583 
3 8582 8703 8583 
3 8702 8703 8582 
3 8581 8702 8582 
3 8701 8702 8581 
3 8580 8701 8581 
3 8700 8701 8580 
3 8579 8700 8580 
3 8699 8700 8579 
3 8578 8699 8579 
3 8698 8699 8578 
3 8577 8698 8578 
3 8697 8698 8577 
3 8576 8697 8577 
3 8696 8697 8576 
3 8575 8696 8576 
3 8695 8696 8575 
3 8574 8695 8575 
3 8694 8695 8574 
3 8573 8694 8574 
3 8693 8694 8573 
3 8572 8693 8573 
3 8692 8693 8572 
3 8571 8692 8572 
3 8691 8692 8571 
3 8570 8691 8571 
3 8690 8691 8570 
3 8569 8690 8570 
3 8689 8690 8569 
3 8568 8689 8569 
3 8688 8689 8568 
3 8567 8688 8568 
3 8687 8688 8567 
3 8566 8687 8567 
3 8686 8687 8566 
3 8565 8686 8566 
3 8685 8686 8565 
3 8683 8684 8564 
3 8563 8683 8564 
3 8682 8683 8563 
3 8562 8682 8563 
3 8681 8682 8562 
3 8561 8681 8562 
3 8559 8680 8560 
3 8679 8680 8559 
3 8558 8679 8559 
3 8678 8679 8558 
3 8557 8678 8558 
3 8677 8678 8557 
3 8556 8677 8557 
3 8675 8676 8555 
3 8554 8675 8555 
3 8674 8675 8554 
3 8553 8674 8554 
3 8673 8674 8553 
3 8552 8673 8553 
3 8672 8673 8552 
3 8430 8551 8431 
3 8550 8551 8430 
3 8429 8550 8430 
3 8549 8550 8429 
3 8428 8549 8429 
3 8548 8549 8428 
3 8427 8548 8428 
3 8547 8548 8427 
3 8426 8547 8427 
3 8546 8547 8426 
3 8425 8546 8426 
3 8545 8546 8425 
3 8424 8545 8425 
3 8544 8545 8424 
3 8423 8544 8424 
3 8543 8544 8423 
3 8422 8543 8423 
3 8542 8543 8422 
3 8421 8542 8422 
3 8541 8542 8421 
3 8420 8541 8421 
3 8540 8541 8420 
3 8419 8540 8420 
3 8539 8540 8419 
3 8418 8539 8419 
3 8538 8539 8418 
3 8417 8538 8418 
3 8537 8538 8417 
3 8416 8537 8417 
3 8536 8537 8416 
3 8415 8536 8416 
3 8535 8536 8415 
3 8414 8535 8415 
3 8534 8535 8414 
3 8413 8534 8414 
3 8533 8534 8413 
3 8412 8533 8413 
3 8532 8533 8412 
3 8411 8532 8412 
3 8531 8532 8411 
3 8410 8531 8411 
3 8530 8531 8410 
3 8409 8530 8410 
3 8529 8530 8409 
3 8408 8529 8409 
3 8528 8529 8408 
3 8407 8528 8408 
3 8527 8528 8407 
3 8406 8527 8407 
3 8526 8527 8406 
3 8405 8526 8406 
3 8525 8526 8405 
3 8404 8525 8405 
3 8402 8524 8403 
3 8523 8524 8402 
3 8401 8523 8402 
3 8522 8523 8401 
3 8400 8522 8401 
3 8521 8522 8400 
3 8399 8521 8400 
3 8520 8521 8399 
3 8398 8520 8399 
3 8519 8520 8398 
3 8397 8519 8398 
3 8518 8519 8397 
3 8396 8518 8397 
3 8517 8518 8396 
3 8395 8517 8396 
3 8516 8517 8395 
3 8394 8516 8395 
3 8515 8516 8394 
3 8393 8515 8394 
3 8514 8515 8393 
3 8392 8514 8393 
3 8513 8514 8392 
3 8391 8513 8392 
3 8512 8513 8391 
3 8390 8512 8391 
3 8511 8512 8390 
3 8389 8511 8390 
3 8510 8511 8389 
3 8388 8510 8389 
3 8509 8510 8388 
3 8387 8509 8388 
3 8508 8509 8387 
3 8386 8508 8387 
3 8507 8508 8386 
3 8385 8507 8386 
3 8506 8507 8385 
3 8384 8506 8385 
3 8505 8506 8384 
3 8383 8505 8384 
3 8504 8505 8383 
3 8382 8504 8383 
3 8503 8504 8382 
3 8381 8503 8382 
3 8502 8503 8381 
3 8380 8502 8381 
3 8501 8502 8380 
3 8379 8501 8380 
3 8377 8500 8378 
3 8499 8500 8377 
3 8376 8499 8377 
3 8498 8499 8376 
3 8375 8498 8376 
3 8497 8498 8375 
3 8374 8497 8375 
3 8496 8497 8374 
3 8373 8496 8374 
3 8495 8496 8373 
3 8372 8495 8373 
3 8494 8495 8372 
3 8371 8494 8372 
3 8493 8494 8371 
3 8370 8493 8371 
3 8492 8493 8370 
3 8369 8492 8370 
3 8491 8492 8369 
3 8368 8491 8369 
3 8490 8491 8368 
3 8367 8490 8368 
3 8365 8489 8366 
3 8488 8489 8365 
3 8364 8488 8365 
3 8487 8488 8364 
3 8363 8487 8364 
3 8486 8487 8363 
3 8362 8486 8363 
3 8485 8486 8362 
3 8361 8485 8362 
3 8484 8485 8361 
3 8360 8484 8361 
3 8483 8484 8360 
3 8359 8483 8360 
3 8482 8483 8359 
3 8358 8482 8359 
3 8481 8482 8358 
3 8357 8481 8358 
3 8480 8481 8357 
3 8356 8480 8357 
3 8479 8480 8356 
3 8355 8479 8356 
3 8478 8479 8355 
3 8354 8478 8355 
3 8477 8478 8354 
3 8353 8477 8354 
3 8476 8477 8353 
3 8352 8476 8353 
3 8350 8475 8351 
3 8474 8475 8350 
3 8349 8474 8350 
3 8473 8474 8349 
3 8348 8473 8349 
3 8472 8473 8348 
3 8347 8472 8348 
3 8471 8472 8347 
3 8346 8471 8347 
3 8470 8471 8346 
3 8345 8470 8346 
3 8469 8470 8345 
3 8344 8469 8345 
3 8468 8469 8344 
3 8343 8468 8344 
3 8467 8468 8343 
3 8342 8467 8343 
3 8466 8467 8342 
3 8341 8466 8342 
3 8465 8466 8341 
3 8340 8465 8341 
3 8464 8465 8340 
3 8339 8464 8340 
3 8463 8464 8339 
3 8338 8463 8339 
3 8462 8463 8338 
3 8337 8462 8338 
3 8461 8462 8337 
3 8336 8461 8337 
3 8460 8461 8336 
3 8335 8460 8336 
3 8459 8460 8335 
3 8334 8459 8335 
3 8458 8459 8334 
3 8333 8458 8334 
3 8457 8458 8333 
3 8332 8457 8333 
3 8456 8457 8332 
3 8454 8455 8331 
3 8330 8454 8331 
3 8453 8454 8330 
3 8329 8453 8330 
3 8327 8452 8328 
3 8451 8452 8327 
3 8326 8451 8327 
3 8450 8451 8326 
3 8325 8450 8326 
3 8449 8450 8325 
3 8324 8449 8325 
3 8448 8449 8324 
3 8323 8448 8324 
3 8447 8448 8323 
3 8322 8447 8323 
3 8446 8447 8322 
3 8321 8446 8322 
3 8445 8446 8321 
3 8320 8445 8321 
3 8444 8445 8320 
3 8319 8444 8320 
3 8317 8443 8318 
3 8442 8443 8317 
3 8316 8442 8317 
3 8441 8442 8316 
3 8315 8441 8316 
3 8440 8441 8315 
3 8314 8440 8315 
3 8439 8440 8314 
3 8313 8439 8314 
3 8438 8439 8313 
3 8312 8438 8313 
3 8437 8438 8312 
3 8311 8437 8312 
3 8309 8436 8310 
3 8307 8435 8308 
3 8434 8435 8307 
3 8306 8434 8307 
3 8433 8434 8306 
3 8305 8433 8306 
3 8432 8433 8305 
3 8064 8185 8065 
3 8184 8185 8064 
3 8063 8184 8064 
3 8183 8184 8063 
3 8062 8183 8063 
3 8182 8183 8062 
3 8061 8182 8062 
3 8181 8182 8061 
3 8060 8181 8061 
3 8180 8181 8060 
3 8059 8180 8060 
3 8179 8180 8059 
3 8058 8179 8059 
3 8178 8179 8058 
3 8057 8178 8058 
3 8177 8178 8057 
3 8056 8177 8057 
3 8176 8177 8056 
3 8055 8176 8056 
3 8175 8176 8055 
3 8054 8175 8055 
3 8174 8175 8054 
3 8053 8174 8054 
3 8173 8174 8053 
3 8052 8173 8053 
3 8172 8173 8052 
3 8051 8172 8052 
3 8171 8172 8051 
3 8050 8171 8051 
3 8170 8171 8050 
3 8049 8170 8050 
3 8169 8170 8049 
3 8048 8169 8049 
3 8168 8169 8048 
3 8047 8168 8048 
3 8045 8167 8046 
3 8166 8167 8045 
3 8044 8166 8045 
3 8165 8166 8044 
3 8043 8165 8044 
3 8164 8165 8043 
3 8042 8164 8043 
3 8163 8164 8042 
3 8041 8163 8042 
3 8162 8163 8041 
3 8040 8162 8041 
3 8161 8162 8040 
3 8039 8161 8040 
3 8160 8161 8039 
3 8038 8160 8039 
3 8159 8160 8038 
3 8037 8159 8038 
3 8158 8159 8037 
3 8036 8158 8037 
3 8157 8158 8036 
3 8035 8157 8036 
3 8156 8157 8035 
3 8034 8156 8035 
3 8155 8156 8034 
3 8033 8155 8034 
3 8031 8154 8032 
3 8153 8154 8031 
3 8030 8153 8031 
3 8152 8153 8030 
3 8029 8152 8030 
3 8151 8152 8029 
3 8028 8151 8029 
3 8150 8151 8028 
3 8027 8150 8028 
3 8149 8150 8027 
3 8026 8149 8027 
3 8148 8149 8026 
3 8025 8148 8026 
3 8147 8148 8025 
3 8024 8147 8025 
3 8146 8147 8024 
3 8023 8146 8024 
3 8145 8146 8023 
3 8142 8143 8022 
3 8021 8142 8022 
3 8141 8142 8021 
3 8020 8141 8021 
3 8140 8141 8020 
3 8019 8140 8020 
3 8139 8140 8019 
3 8018 8139 8019 
3 8138 8139 8018 
3 8017 8138 8018 
3 8137 8138 8017 
3 8016 8137 8017 
3 8136 8137 8016 
3 8015 8136 8016 
3 8135 8136 8015 
3 8014 8135 8015 
3 8134 8135 8014 
3 8013 8134 8014 
3 8133 8134 8013 
3 8012 8133 8013 
3 8132 8133 8012 
3 8011 8132 8012 
3 8131 8132 8011 
3 8010 8131 8011 
3 8130 8131 8010 
3 8009 8130 8010 
3 8129 8130 8009 
3 8008 8129 8009 
3 8128 8129 8008 
3 8007 8128 8008 
3 8127 8128 8007 
3 8006 8127 8007 
3 8126 8127 8006 
3 8005 8126 8006 
3 8125 8126 8005 
3 8004 8125 8005 
3 8124 8125 8004 
3 8003 8124 8004 
3 8123 8124 8003 
3 8002 8123 8003 
3 8122 8123 8002 
3 8001 8122 8002 
3 8121 8122 8001 
3 8000 8121 8001 
3 8120 8121 8000 
3 7999 8120 8000 
3 8119 8120 7999 
3 7998 8119 7999 
3 7996 8118 7997 
3 8117 8118 7996 
3 7995 8117 7996 
3 8116 8117 7995 
3 7994 8116 7995 
3 8115 8116 7994 
3 7993 8115 7994 
3 8114 8115 7993 
3 7992 8114 7993 
3 8113 8114 7992 
3 7991 8113 7992 
3 8112 8113 7991 
3 7990 8112 7991 
3 8111 8112 7990 
3 7989 8111 7990 
3 8110 8111 7989 
3 7988 8110 7989 
3 8109 8110 7988 
3 7987 8109 7988 
3 8108 8109 7987 
3 7986 8108 7987 
3 8107 8108 7986 
3 7985 8107 7986 
3 8106 8107 7985 
3 7984 8106 7985 
3 8105 8106 7984 
3 7983 8105 7984 
3 8104 8105 7983 
3 7982 8104 7983 
3 8103 8104 7982 
3 7981 8103 7982 
3 8102 8103 7981 
3 7980 8102 7981 
3 8101 8102 7980 
3 7979 8101 7980 
3 8100 8101 7979 
3 7978 8100 7979 
3 8099 8100 7978 
3 7977 8099 7978 
3 8098 8099 7977 
3 7976 8098 7977 
3 8097 8098 7976 
3 7975 8097 7976 
3 8096 8097 7975 
3 7974 8096 7975 
3 8095 8096 7974 
3 7973 8095 7974 
3 8094 8095 7973 
3 7972 8094 7973 
3 8093 8094 7972 
3 7971 8093 7972 
3 8092 8093 7971 
3 7970 8092 7971 
3 8091 8092 7970 
3 7969 8091 7970 
3 8090 8091 7969 
3 7968 8090 7969 
3 8089 8090 7968 
3 7967 8089 7968 
3 8088 8089 7967 
3 7966 8088 7967 
3 8087 8088 7966 
3 7965 8087 7966 
3 8086 8087 7965 
3 7964 8086 7965 
3 8085 8086 7964 
3 7963 8085 7964 
3 8084 8085 7963 
3 7962 8084 7963 
3 8083 8084 7962 
3 7961 8083 7962 
3 8082 8083 7961 
3 7960 8082 7961 
3 8081 8082 7960 
3 7959 8081 7960 
3 8080 8081 7959 
3 7958 8080 7959 
3 8079 8080 7958 
3 7957 8079 7958 
3 8078 8079 7957 
3 7956 8078 7957 
3 8077 8078 7956 
3 7955 8077 7956 
3 8076 8077 7955 
3 7954 8076 7955 
3 8075 8076 7954 
3 7953 8075 7954 
3 8074 8075 7953 
3 7952 8074 7953 
3 8073 8074 7952 
3 7951 8073 7952 
3 8072 8073 7951 
3 7950 8072 7951 
3 8071 8072 7950 
3 7949 8071 7950 
3 8070 8071 7949 
3 7945 8069 7946 
3 8068 8069 7945 
3 7944 8068 7945 
3 8067 8068 7944 
3 7943 8067 7944 
3 8066 8067 7943 
3 7942 8066 7943 
3 8184 8304 8185 
3 8303 8304 8184 
3 8183 8303 8184 
3 8302 8303 8183 
3 8182 8302 8183 
3 8301 8302 8182 
3 8181 8301 8182 
3 8300 8301 8181 
3 8180 8300 8181 
3 8299 8300 8180 
3 8179 8299 8180 
3 8298 8299 8179 
3 8178 8298 8179 
3 8176 8297 8177 
3 8296 8297 8176 
3 8175 8296 8176 
3 8295 8296 8175 
3 8174 8295 8175 
3 8294 8295 8174 
3 8173 8294 8174 
3 8171 8293 8172 
3 8292 8293 8171 
3 8170 8292 8171 
3 8291 8292 8170 
3 8169 8291 8170 
3 8290 8291 8169 
3 8168 8290 8169 
3 8289 8290 8168 
3 8287 8288 8167 
3 8166 8287 8167 
3 8286 8287 8166 
3 8165 8286 8166 
3 8285 8286 8165 
3 8164 8285 8165 
3 8284 8285 8164 
3 8163 8284 8164 
3 8283 8284 8163 
3 8162 8283 8163 
3 8282 8283 8162 
3 8161 8282 8162 
3 8281 8282 8161 
3 8160 8281 8161 
3 8158 8280 8159 
3 8156 8279 8157 
3 8278 8279 8156 
3 8155 8278 8156 
3 8277 8278 8155 
3 8275 8276 8154 
3 8153 8275 8154 
3 8274 8275 8153 
3 8152 8274 8153 
3 8273 8274 8152 
3 8151 8273 8152 
3 8272 8273 8151 
3 8150 8272 8151 
3 8148 8271 8149 
3 8270 8271 8148 
3 8147 8270 8148 
3 8269 8270 8147 
3 8146 8269 8147 
3 8268 8269 8146 
3 8145 8268 8146 
3 8267 8268 8145 
3 8144 8267 8145 
3 8266 8267 8144 
3 8143 8266 8144 
3 8265 8266 8143 
3 8142 8265 8143 
3 8264 8265 8142 
3 8141 8264 8142 
3 8263 8264 8141 
3 8140 8263 8141 
3 8262 8263 8140 
3 8139 8262 8140 
3 8261 8262 8139 
3 8138 8261 8139 
3 8260 8261 8138 
3 8137 8260 8138 
3 8259 8260 8137 
3 8136 8259 8137 
3 8258 8259 8136 
3 8135 8258 8136 
3 8257 8258 8135 
3 8134 8257 8135 
3 8256 8257 8134 
3 8133 8256 8134 
3 8255 8256 8133 
3 8132 8255 8133 
3 8254 8255 8132 
3 8131 8254 8132 
3 8129 8253 8130 
3 8252 8253 8129 
3 8128 8252 8129 
3 8251 8252 8128 
3 8127 8251 8128 
3 8250 8251 8127 
3 8126 8250 8127 
3 8249 8250 8126 
3 8125 8249 8126 
3 8248 8249 8125 
3 8124 8248 8125 
3 8247 8248 8124 
3 8123 8247 8124 
3 8246 8247 8123 
3 8122 8246 8123 
3 8245 8246 8122 
3 8121 8245 8122 
3 8244 8245 8121 
3 8120 8244 8121 
3 8243 8244 8120 
3 8119 8243 8120 
3 8242 8243 8119 
3 8240 8241 8118 
3 8117 8240 8118 
3 8239 8240 8117 
3 8116 8239 8117 
3 8238 8239 8116 
3 8115 8238 8116 
3 8113 8237 8114 
3 8236 8237 8113 
3 8112 8236 8113 
3 8235 8236 8112 
3 8111 8235 8112 
3 8234 8235 8111 
3 8110 8234 8111 
3 8233 8234 8110 
3 8109 8233 8110 
3 8232 8233 8109 
3 8108 8232 8109 
3 8231 8232 8108 
3 8107 8231 8108 
3 8230 8231 8107 
3 8106 8230 8107 
3 8229 8230 8106 
3 8105 8229 8106 
3 8228 8229 8105 
3 8104 8228 8105 
3 8227 8228 8104 
3 8103 8227 8104 
3 8226 8227 8103 
3 8102 8226 8103 
3 8225 8226 8102 
3 8101 8225 8102 
3 8224 8225 8101 
3 8100 8224 8101 
3 8223 8224 8100 
3 8099 8223 8100 
3 8222 8223 8099 
3 8098 8222 8099 
3 8221 8222 8098 
3 8097 8221 8098 
3 8220 8221 8097 
3 8096 8220 8097 
3 8219 8220 8096 
3 8095 8219 8096 
3 8218 8219 8095 
3 8094 8218 8095 
3 8217 8218 8094 
3 8093 8217 8094 
3 8216 8217 8093 
3 8092 8216 8093 
3 8215 8216 8092 
3 8091 8215 8092 
3 8214 8215 8091 
3 8090 8214 8091 
3 8213 8214 8090 
3 8089 8213 8090 
3 8212 8213 8089 
3 8088 8212 8089 
3 8086 8211 8087 
3 8210 8211 8086 
3 8085 8210 8086 
3 8209 8210 8085 
3 8084 8209 8085 
3 8208 8209 8084 
3 8083 8208 8084 
3 8207 8208 8083 
3 8082 8207 8083 
3 8206 8207 8082 
3 8081 8206 8082 
3 8205 8206 8081 
3 8080 8205 8081 
3 8204 8205 8080 
3 8079 8204 8080 
3 8203 8204 8079 
3 8078 8203 8079 
3 8202 8203 8078 
3 8077 8202 8078 
3 8201 8202 8077 
3 8076 8201 8077 
3 8200 8201 8076 
3 8075 8200 8076 
3 8199 8200 8075 
3 8074 8199 8075 
3 8198 8199 8074 
3 8073 8198 8074 
3 8197 8198 8073 
3 8072 8197 8073 
3 8196 8197 8072 
3 8071 8196 8072 
3 8195 8196 8071 
3 8070 8195 8071 
3 8194 8195 8070 
3 8191 8192 8069 
3 8068 8191 8069 
3 8190 8191 8068 
3 8067 8190 8068 
3 8189 8190 8067 
3 8066 8189 8067 
3 8188 8189 8066 
3 8063 8064 7939 
3 7938 8063 7939 
3 8062 8063 7938 
3 7937 8062 7938 
3 8061 8062 7937 
3 7936 8061 7937 
3 8060 8061 7936 
3 7935 8060 7936 
3 8059 8060 7935 
3 7934 8059 7935 
3 8058 8059 7934 
3 7933 8058 7934 
3 8057 8058 7933 
3 7932 8057 7933 
3 8056 8057 7932 
3 7931 8056 7932 
3 8055 8056 7931 
3 7930 8055 7931 
3 8054 8055 7930 
3 7929 8054 7930 
3 8053 8054 7929 
3 7928 8053 7929 
3 8052 8053 7928 
3 7927 8052 7928 
3 8051 8052 7927 
3 7926 8051 7927 
3 8050 8051 7926 
3 7925 8050 7926 
3 8049 8050 7925 
3 7924 8049 7925 
3 8048 8049 7924 
3 7923 8048 7924 
3 8047 8048 7923 
3 7922 8047 7923 
3 8046 8047 7922 
3 7921 8046 7922 
3 8045 8046 7921 
3 7920 8045 7921 
3 8044 8045 7920 
3 7919 8044 7920 
3 8043 8044 7919 
3 7918 8043 7919 
3 8042 8043 7918 
3 7917 8042 7918 
3 8041 8042 7917 
3 7916 8041 7917 
3 8040 8041 7916 
3 7915 8040 7916 
3 8039 8040 7915 
3 7914 8039 7915 
3 8038 8039 7914 
3 7913 8038 7914 
3 8037 8038 7913 
3 7912 8037 7913 
3 8036 8037 7912 
3 7911 8036 7912 
3 8035 8036 7911 
3 7910 8035 7911 
3 8034 8035 7910 
3 7909 8034 7910 
3 8033 8034 7909 
3 8031 8032 7908 
3 7907 8031 7908 
3 8030 8031 7907 
3 7906 8030 7907 
3 8029 8030 7906 
3 7905 8029 7906 
3 8028 8029 7905 
3 7904 8028 7905 
3 8027 8028 7904 
3 7903 8027 7904 
3 8026 8027 7903 
3 7902 8026 7903 
3 8025 8026 7902 
3 7901 8025 7902 
3 8024 8025 7901 
3 7900 8024 7901 
3 8023 8024 7900 
3 7899 8023 7900 
3 8021 8022 7897 
3 7896 8021 7897 
3 8020 8021 7896 
3 7895 8020 7896 
3 8019 8020 7895 
3 8017 8018 7894 
3 7893 8017 7894 
3 8016 8017 7893 
3 7892 8016 7893 
3 8015 8016 7892 
3 7891 8015 7892 
3 8014 8015 7891 
3 7890 8014 7891 
3 8013 8014 7890 
3 7889 8013 7890 
3 8012 8013 7889 
3 7888 8012 7889 
3 8011 8012 7888 
3 7887 8011 7888 
3 8010 8011 7887 
3 7886 8010 7887 
3 8009 8010 7886 
3 7885 8009 7886 
3 8008 8009 7885 
3 7884 8008 7885 
3 8007 8008 7884 
3 7883 8007 7884 
3 8006 8007 7883 
3 7882 8006 7883 
3 8005 8006 7882 
3 7881 8005 7882 
3 8004 8005 7881 
3 7880 8004 7881 
3 8003 8004 7880 
3 7879 8003 7880 
3 8002 8003 7879 
3 7878 8002 7879 
3 8001 8002 7878 
3 7877 8001 7878 
3 8000 8001 7877 
3 7876 8000 7877 
3 7999 8000 7876 
3 7875 7999 7876 
3 7998 7999 7875 
3 7996 7997 7874 
3 7873 7996 7874 
3 7995 7996 7873 
3 7872 7995 7873 
3 7994 7995 7872 
3 7871 7994 7872 
3 7993 7994 7871 
3 7870 7993 7871 
3 7992 7993 7870 
3 7869 7992 7870 
3 7991 7992 7869 
3 7868 7991 7869 
3 7990 7991 7868 
3 7867 7990 7868 
3 7989 7990 7867 
3 7866 7989 7867 
3 7988 7989 7866 
3 7865 7988 7866 
3 7987 7988 7865 
3 7864 7987 7865 
3 7986 7987 7864 
3 7984 7985 7863 
3 7862 7984 7863 
3 7983 7984 7862 
3 7981 7982 7861 
3 7860 7981 7861 
3 7980 7981 7860 
3 7859 7980 7860 
3 7979 7980 7859 
3 7858 7979 7859 
3 7978 7979 7858 
3 7857 7978 7858 
3 7977 7978 7857 
3 7856 7977 7857 
3 7976 7977 7856 
3 7855 7976 7856 
3 7975 7976 7855 
3 7854 7975 7855 
3 7974 7975 7854 
3 7853 7974 7854 
3 7973 7974 7853 
3 7852 7973 7853 
3 7972 7973 7852 
3 7851 7972 7852 
3 7971 7972 7851 
3 7850 7971 7851 
3 7970 7971 7850 
3 7849 7970 7850 
3 7969 7970 7849 
3 7848 7969 7849 
3 7968 7969 7848 
3 7847 7968 7848 
3 7967 7968 7847 
3 7846 7967 7847 
3 7966 7967 7846 
3 7845 7966 7846 
3 7965 7966 7845 
3 7844 7965 7845 
3 7964 7965 7844 
3 7843 7964 7844 
3 7963 7964 7843 
3 7842 7963 7843 
3 7962 7963 7842 
3 7841 7962 7842 
3 7961 7962 7841 
3 7840 7961 7841 
3 7960 7961 7840 
3 7839 7960 7840 
3 7959 7960 7839 
3 7838 7959 7839 
3 7958 7959 7838 
3 7837 7958 7838 
3 7957 7958 7837 
3 7836 7957 7837 
3 7956 7957 7836 
3 7835 7956 7836 
3 7955 7956 7835 
3 7834 7955 7835 
3 7954 7955 7834 
3 7833 7954 7834 
3 7953 7954 7833 
3 7832 7953 7833 
3 7952 7953 7832 
3 7950 7951 7831 
3 7830 7950 7831 
3 7949 7950 7830 
3 7829 7949 7830 
3 7827 7948 7828 
3 7947 7948 7827 
3 7826 7947 7827 
3 7946 7947 7826 
3 7944 7945 7825 
3 7824 7944 7825 
3 7943 7944 7824 
3 7823 7943 7824 
3 7942 7943 7823 
3 7822 7942 7823 
3 7941 7942 7822 
3 3857 3984 3858 
3 3983 3984 3857 
3 3856 3983 3857 
3 3982 3983 3856 
3 3855 3982 3856 
3 3981 3982 3855 
3 3854 3981 3855 
3 3980 3981 3854 
3 3853 3980 3854 
3 3979 3980 3853 
3 3852 3979 3853 
3 3978 3979 3852 
3 3851 3978 3852 
3 3977 3978 3851 
3 3850 3977 3851 
3 3976 3977 3850 
3 3849 3976 3850 
3 3975 3976 3849 
3 3848 3975 3849 
3 3974 3975 3848 
3 3847 3974 3848 
3 3973 3974 3847 
3 3846 3973 3847 
3 3972 3973 3846 
3 3845 3972 3846 
3 3971 3972 3845 
3 3844 3971 3845 
3 3970 3971 3844 
3 3843 3970 3844 
3 3969 3970 3843 
3 3842 3969 3843 
3 3968 3969 3842 
3 3841 3968 3842 
3 3967 3968 3841 
3 3840 3967 3841 
3 3966 3967 3840 
3 3839 3966 3840 
3 3965 3966 3839 
3 3838 3965 3839 
3 3964 3965 3838 
3 3837 3964 3838 
3 3963 3964 3837 
3 3836 3963 3837 
3 3962 3963 3836 
3 3835 3962 3836 
3 3961 3962 3835 
3 3834 3961 3835 
3 3960 3961 3834 
3 3833 3960 3834 
3 3959 3960 3833 
3 3832 3959 3833 
3 3958 3959 3832 
3 3831 3958 3832 
3 3957 3958 3831 
3 3830 3957 3831 
3 3956 3957 3830 
3 3829 3956 3830 
3 3955 3956 3829 
3 3828 3955 3829 
3 3954 3955 3828 
3 3827 3954 3828 
3 3953 3954 3827 
3 3826 3953 3827 
3 3952 3953 3826 
3 3825 3952 3826 
3 3951 3952 3825 
3 3824 3951 3825 
3 3950 3951 3824 
3 3823 3950 3824 
3 3949 3950 3823 
3 3822 3949 3823 
3 3948 3949 3822 
3 3821 3948 3822 
3 3947 3948 3821 
3 3820 3947 3821 
3 3946 3947 3820 
3 3819 3946 3820 
3 3945 3946 3819 
3 3818 3945 3819 
3 3944 3945 3818 
3 3817 3944 3818 
3 3943 3944 3817 
3 3816 3943 3817 
3 3942 3943 3816 
3 3815 3942 3816 
3 3941 3942 3815 
3 3814 3941 3815 
3 3940 3941 3814 
3 3813 3940 3814 
3 3939 3940 3813 
3 3812 3939 3813 
3 3938 3939 3812 
3 3811 3938 3812 
3 3937 3938 3811 
3 3810 3937 3811 
3 3936 3937 3810 
3 3809 3936 3810 
3 3935 3936 3809 
3 3808 3935 3809 
3 3934 3935 3808 
3 3807 3934 3808 
3 3933 3934 3807 
3 3806 3933 3807 
3 3932 3933 3806 
3 3805 3932 3806 
3 3931 3932 3805 
3 3804 3931 3805 
3 3930 3931 3804 
3 3803 3930 3804 
3 3929 3930 3803 
3 3802 3929 3803 
3 3928 3929 3802 
3 3801 3928 3802 
3 3927 3928 3801 
3 3800 3927 3801 
3 3926 3927 3800 
3 3799 3926 3800 
3 3925 3926 3799 
3 3798 3925 3799 
3 3924 3925 3798 
3 3797 3924 3798 
3 3923 3924 3797 
3 3921 3922 3796 
3 3795 3921 3796 
3 3920 3921 3795 
3 3794 3920 3795 
3 3919 3920 3794 
3 3793 3919 3794 
3 3918 3919 3793 
3 3792 3918 3793 
3 3917 3918 3792 
3 3791 3917 3792 
3 3916 3917 3791 
3 3790 3916 3791 
3 3915 3916 3790 
3 3789 3915 3790 
3 3914 3915 3789 
3 3788 3914 3789 
3 3913 3914 3788 
3 3787 3913 3788 
3 3912 3913 3787 
3 3786 3912 3787 
3 3911 3912 3786 
3 3785 3911 3786 
3 3910 3911 3785 
3 3784 3910 3785 
3 3909 3910 3784 
3 3783 3909 3784 
3 3908 3909 3783 
3 3782 3908 3783 
3 3780 3907 3781 
3 3906 3907 3780 
3 3779 3906 3780 
3 3905 3906 3779 
3 3778 3905 3779 
3 3904 3905 3778 
3 3777 3904 3778 
3 3903 3904 3777 
3 3776 3903 3777 
3 3902 3903 3776 
3 3775 3902 3776 
3 3901 3902 3775 
3 3774 3901 3775 
3 3900 3901 3774 
3 3773 3900 3774 
3 3899 3900 3773 
3 3772 3899 3773 
3 3898 3899 3772 
3 3896 3897 3771 
3 3770 3896 3771 
3 3895 3896 3770 
3 3769 3895 3770 
3 3767 3894 3768 
3 3893 3894 3767 
3 3766 3893 3767 
3 3892 3893 3766 
3 3765 3892 3766 
3 3891 3892 3765 
3 3764 3891 3765 
3 3890 3891 3764 
3 3763 3890 3764 
3 3889 3890 3763 
3 3762 3889 3763 
3 3888 3889 3762 
3 3761 3888 3762 
3 3887 3888 3761 
3 3760 3887 3761 
3 3886 3887 3760 
3 3759 3886 3760 
3 3885 3886 3759 
3 3883 3884 3758 
3 3757 3883 3758 
3 3882 3883 3757 
3 3756 3882 3757 
3 3881 3882 3756 
3 3755 3881 3756 
3 3880 3881 3755 
3 3754 3880 3755 
3 3879 3880 3754 
3 3753 3879 3754 
3 3878 3879 3753 
3 3752 3878 3753 
3 3877 3878 3752 
3 3751 3877 3752 
3 3876 3877 3751 
3 3750 3876 3751 
3 3875 3876 3750 
3 3749 3875 3750 
3 3874 3875 3749 
3 3748 3874 3749 
3 3873 3874 3748 
3 3747 3873 3748 
3 3872 3873 3747 
3 3746 3872 3747 
3 3871 3872 3746 
3 3745 3871 3746 
3 3870 3871 3745 
3 3744 3870 3745 
3 3869 3870 3744 
3 3743 3869 3744 
3 3868 3869 3743 
3 3742 3868 3743 
3 3867 3868 3742 
3 3741 3867 3742 
3 3866 3867 3741 
3 3740 3866 3741 
3 3865 3866 3740 
3 3739 3865 3740 
3 3864 3865 3739 
3 3738 3864 3739 
3 3863 3864 3738 
3 3737 3863 3738 
3 3862 3863 3737 
3 3736 3862 3737 
3 3861 3862 3736 
3 3735 3861 3736 
3 3860 3861 3735 
3 3734 3860 3735 
3 3859 3860 3734 
3 5847 5972 5848 
3 5971 5972 5847 
3 5846 5971 5847 
3 5970 5971 5846 
3 5845 5970 5846 
3 5969 5970 5845 
3 5844 5969 5845 
3 5968 5969 5844 
3 5843 5968 5844 
3 5967 5968 5843 
3 5842 5967 5843 
3 5966 5967 5842 
3 5841 5966 5842 
3 5965 5966 5841 
3 5840 5965 5841 
3 5964 5965 5840 
3 5839 5964 5840 
3 5963 5964 5839 
3 5961 5962 5838 
3 5837 5961 5838 
3 5960 5961 5837 
3 5836 5960 5837 
3 5959 5960 5836 
3 5835 5959 5836 
3 5958 5959 5835 
3 5834 5958 5835 
3 5957 5958 5834 
3 5833 5957 5834 
3 5956 5957 5833 
3 5832 5956 5833 
3 5955 5956 5832 
3 5831 5955 5832 
3 5954 5955 5831 
3 5830 5954 5831 
3 5953 5954 5830 
3 5829 5953 5830 
3 5952 5953 5829 
3 5828 5952 5829 
3 5951 5952 5828 
3 5827 5951 5828 
3 5950 5951 5827 
3 5826 5950 5827 
3 5949 5950 5826 
3 5825 5949 5826 
3 5948 5949 5825 
3 5824 5948 5825 
3 5947 5948 5824 
3 5823 5947 5824 
3 5946 5947 5823 
3 5822 5946 5823 
3 5945 5946 5822 
3 5821 5945 5822 
3 5944 5945 5821 
3 5820 5944 5821 
3 5943 5944 5820 
3 5819 5943 5820 
3 5942 5943 5819 
3 5818 5942 5819 
3 5941 5942 5818 
3 5817 5941 5818 
3 5940 5941 5817 
3 5816 5940 5817 
3 5939 5940 5816 
3 5815 5939 5816 
3 5938 5939 5815 
3 5814 5938 5815 
3 5937 5938 5814 
3 5813 5937 5814 
3 5936 5937 5813 
3 5812 5936 5813 
3 5935 5936 5812 
3 5811 5935 5812 
3 5934 5935 5811 
3 5810 5934 5811 
3 5933 5934 5810 
3 5809 5933 5810 
3 5932 5933 5809 
3 5808 5932 5809 
3 5931 5932 5808 
3 5807 5931 5808 
3 5930 5931 5807 
3 5806 5930 5807 
3 5929 5930 5806 
3 5805 5929 5806 
3 5928 5929 5805 
3 5804 5928 5805 
3 5927 5928 5804 
3 5803 5927 5804 
3 5926 5927 5803 
3 5802 5926 5803 
3 5925 5926 5802 
3 5801 5925 5802 
3 5924 5925 5801 
3 5800 5924 5801 
3 5923 5924 5800 
3 5799 5923 5800 
3 5922 5923 5799 
3 5798 5922 5799 
3 5921 5922 5798 
3 5797 5921 5798 
3 5920 5921 5797 
3 5796 5920 5797 
3 5919 5920 5796 
3 5795 5919 5796 
3 5918 5919 5795 
3 5916 5917 5794 
3 5793 5916 5794 
3 5915 5916 5793 
3 5913 5914 5792 
3 5791 5913 5792 
3 5912 5913 5791 
3 5790 5912 5791 
3 5911 5912 5790 
3 5789 5911 5790 
3 5910 5911 5789 
3 5788 5910 5789 
3 5909 5910 5788 
3 5787 5909 5788 
3 5908 5909 5787 
3 5786 5908 5787 
3 5907 5908 5786 
3 5785 5907 5786 
3 5906 5907 5785 
3 5784 5906 5785 
3 5905 5906 5784 
3 5783 5905 5784 
3 5904 5905 5783 
3 5782 5904 5783 
3 5903 5904 5782 
3 5781 5903 5782 
3 5902 5903 5781 
3 5780 5902 5781 
3 5901 5902 5780 
3 5779 5901 5780 
3 5900 5901 5779 
3 5778 5900 5779 
3 5899 5900 5778 
3 5777 5899 5778 
3 5898 5899 5777 
3 5776 5898 5777 
3 5897 5898 5776 
3 5775 5897 5776 
3 5896 5897 5775 
3 5774 5896 5775 
3 5895 5896 5774 
3 5773 5895 5774 
3 5894 5895 5773 
3 5772 5894 5773 
3 5893 5894 5772 
3 5771 5893 5772 
3 5892 5893 5771 
3 5770 5892 5771 
3 5891 5892 5770 
3 5769 5891 5770 
3 5890 5891 5769 
3 5768 5890 5769 
3 5889 5890 5768 
3 5767 5889 5768 
3 5888 5889 5767 
3 5766 5888 5767 
3 5887 5888 5766 
3 5765 5887 5766 
3 5886 5887 5765 
3 5764 5886 5765 
3 5885 5886 5764 
3 5763 5885 5764 
3 5884 5885 5763 
3 5762 5884 5763 
3 5883 5884 5762 
3 5881 5882 5761 
3 5760 5881 5761 
3 5880 5881 5760 
3 5759 5880 5760 
3 5879 5880 5759 
3 5758 5879 5759 
3 5878 5879 5758 
3 5757 5878 5758 
3 5877 5878 5757 
3 5756 5877 5757 
3 5876 5877 5756 
3 5755 5876 5756 
3 5875 5876 5755 
3 5754 5875 5755 
3 5874 5875 5754 
3 5753 5874 5754 
3 5873 5874 5753 
3 5752 5873 5753 
3 5872 5873 5752 
3 5751 5872 5752 
3 5871 5872 5751 
3 5750 5871 5751 
3 5870 5871 5750 
3 5749 5870 5750 
3 5869 5870 5749 
3 5748 5869 5749 
3 5868 5869 5748 
3 5747 5868 5748 
3 5867 5868 5747 
3 5746 5867 5747 
3 5866 5867 5746 
3 5745 5866 5746 
3 5865 5866 5745 
3 5744 5865 5745 
3 5864 5865 5744 
3 5743 5864 5744 
3 5863 5864 5743 
3 5742 5863 5743 
3 5862 5863 5742 
3 5741 5862 5742 
3 5861 5862 5741 
3 5740 5861 5741 
3 5860 5861 5740 
3 5739 5860 5740 
3 5859 5860 5739 
3 5738 5859 5739 
3 5858 5859 5738 
3 5737 5858 5738 
3 5857 5858 5737 
3 5736 5857 5737 
3 5734 5856 5735 
3 5855 5856 5734 
3 5733 5855 5734 
3 5854 5855 5733 
3 5732 5854 5733 
3 5853 5854 5732 
3 5731 5853 5732 
3 5852 5853 5731 
3 5730 5852 5731 
3 5851 5852 5730 
3 5849 5850 5729 
3 5728 5849 5729 
3 6834 6961 6835 
3 6960 6961 6834 
3 6833 6960 6834 
3 6959 6960 6833 
3 6832 6959 6833 
3 6958 6959 6832 
3 6831 6958 6832 
3 6829 6957 6830 
3 6956 6957 6829 
3 6828 6956 6829 
3 6955 6956 6828 
3 6827 6955 6828 
3 6954 6955 6827 
3 6826 6954 6827 
3 6953 6954 6826 
3 6825 6953 6826 
3 6952 6953 6825 
3 6824 6952 6825 
3 6951 6952 6824 
3 6823 6951 6824 
3 6950 6951 6823 
3 6822 6950 6823 
3 6949 6950 6822 
3 6821 6949 6822 
3 6948 6949 6821 
3 6820 6948 6821 
3 6947 6948 6820 
3 6819 6947 6820 
3 6946 6947 6819 
3 6818 6946 6819 
3 6945 6946 6818 
3 6817 6945 6818 
3 6944 6945 6817 
3 6816 6944 6817 
3 6943 6944 6816 
3 6815 6943 6816 
3 6942 6943 6815 
3 6814 6942 6815 
3 6941 6942 6814 
3 6813 6941 6814 
3 6940 6941 6813 
3 6812 6940 6813 
3 6939 6940 6812 
3 6811 6939 6812 
3 6938 6939 6811 
3 6810 6938 6811 
3 6937 6938 6810 
3 6809 6937 6810 
3 6936 6937 6809 
3 6808 6936 6809 
3 6935 6936 6808 
3 6807 6935 6808 
3 6934 6935 6807 
3 6806 6934 6807 
3 6933 6934 6806 
3 6805 6933 6806 
3 6932 6933 6805 
3 6804 6932 6805 
3 6931 6932 6804 
3 6803 6931 6804 
3 6930 6931 6803 
3 6802 6930 6803 
3 6929 6930 6802 
3 6801 6929 6802 
3 6928 6929 6801 
3 6800 6928 6801 
3 6927 6928 6800 
3 6799 6927 6800 
3 6926 6927 6799 
3 6798 6926 6799 
3 6925 6926 6798 
3 6797 6925 6798 
3 6924 6925 6797 
3 6796 6924 6797 
3 6923 6924 6796 
3 6795 6923 6796 
3 6922 6923 6795 
3 6794 6922 6795 
3 6921 6922 6794 
3 6793 6921 6794 
3 6920 6921 6793 
3 6792 6920 6793 
3 6919 6920 6792 
3 6791 6919 6792 
3 6918 6919 6791 
3 6790 6918 6791 
3 6917 6918 6790 
3 6789 6917 6790 
3 6916 6917 6789 
3 6788 6916 6789 
3 6915 6916 6788 
3 6787 6915 6788 
3 6914 6915 6787 
3 6786 6914 6787 
3 6913 6914 6786 
3 6785 6913 6786 
3 6912 6913 6785 
3 6784 6912 6785 
3 6911 6912 6784 
3 6783 6911 6784 
3 6910 6911 6783 
3 6782 6910 6783 
3 6909 6910 6782 
3 6781 6909 6782 
3 6908 6909 6781 
3 6780 6908 6781 
3 6907 6908 6780 
3 6779 6907 6780 
3 6906 6907 6779 
3 6778 6906 6779 
3 6905 6906 6778 
3 6777 6905 6778 
3 6904 6905 6777 
3 6776 6904 6777 
3 6903 6904 6776 
3 6775 6903 6776 
3 6902 6903 6775 
3 6774 6902 6775 
3 6901 6902 6774 
3 6773 6901 6774 
3 6900 6901 6773 
3 6772 6900 6773 
3 6899 6900 6772 
3 6771 6899 6772 
3 6898 6899 6771 
3 6770 6898 6771 
3 6897 6898 6770 
3 6769 6897 6770 
3 6896 6897 6769 
3 6768 6896 6769 
3 6895 6896 6768 
3 6767 6895 6768 
3 6894 6895 6767 
3 6766 6894 6767 
3 6893 6894 6766 
3 6765 6893 6766 
3 6892 6893 6765 
3 6764 6892 6765 
3 6891 6892 6764 
3 6763 6891 6764 
3 6890 6891 6763 
3 6762 6890 6763 
3 6889 6890 6762 
3 6761 6889 6762 
3 6888 6889 6761 
3 6760 6888 6761 
3 6887 6888 6760 
3 6759 6887 6760 
3 6886 6887 6759 
3 6758 6886 6759 
3 6885 6886 6758 
3 6757 6885 6758 
3 6884 6885 6757 
3 6756 6884 6757 
3 6883 6884 6756 
3 6755 6883 6756 
3 6882 6883 6755 
3 6754 6882 6755 
3 6881 6882 6754 
3 6753 6881 6754 
3 6880 6881 6753 
3 6752 6880 6753 
3 6879 6880 6752 
3 6751 6879 6752 
3 6878 6879 6751 
3 6750 6878 6751 
3 6877 6878 6750 
3 6749 6877 6750 
3 6876 6877 6749 
3 6748 6876 6749 
3 6875 6876 6748 
3 6747 6875 6748 
3 6874 6875 6747 
3 6746 6874 6747 
3 6873 6874 6746 
3 6745 6873 6746 
3 6872 6873 6745 
3 6744 6872 6745 
3 6871 6872 6744 
3 6743 6871 6744 
3 6870 6871 6743 
3 6742 6870 6743 
3 6869 6870 6742 
3 6741 6869 6742 
3 6868 6869 6741 
3 6740 6868 6741 
3 6867 6868 6740 
3 6739 6867 6740 
3 6866 6867 6739 
3 6738 6866 6739 
3 6865 6866 6738 
3 6737 6865 6738 
3 6864 6865 6737 
3 6736 6864 6737 
3 6863 6864 6736 
3 6735 6863 6736 
3 6862 6863 6735 
3 6734 6862 6735 
3 6861 6862 6734 
3 6733 6861 6734 
3 6860 6861 6733 
3 6732 6860 6733 
3 6859 6860 6732 
3 6731 6859 6732 
3 6858 6859 6731 
3 6730 6858 6731 
3 6857 6858 6730 
3 6729 6857 6730 
3 6856 6857 6729 
3 6728 6856 6729 
3 6855 6856 6728 
3 6727 6855 6728 
3 6854 6855 6727 
3 6726 6854 6727 
3 6853 6854 6726 
3 6725 6853 6726 
3 6852 6853 6725 
3 6724 6852 6725 
3 6851 6852 6724 
3 6723 6851 6724 
3 6850 6851 6723 
3 6722 6850 6723 
3 6849 6850 6722 
3 6721 6849 6722 
3 6848 6849 6721 
3 6720 6848 6721 
3 6847 6848 6720 
3 6719 6847 6720 
3 6846 6847 6719 
3 6718 6846 6719 
3 6845 6846 6718 
3 6717 6845 6718 
3 6844 6845 6717 
3 6716 6844 6717 
3 6714 6843 6715 
3 6842 6843 6714 
3 6713 6842 6714 
3 6841 6842 6713 
3 6712 6841 6713 
3 6840 6841 6712 
3 6711 6840 6712 
3 6839 6840 6711 
3 6710 6839 6711 
3 6838 6839 6710 
3 6709 6838 6710 
3 6837 6838 6709 
3 6708 6837 6709 
3 6836 6837 6708 
3 7336 7459 7337 
3 7458 7459 7336 
3 7335 7458 7336 
3 7333 7457 7334 
3 7456 7457 7333 
3 7332 7456 7333 
3 7330 7455 7331 
3 7454 7455 7330 
3 7329 7454 7330 
3 7453 7454 7329 
3 7328 7453 7329 
3 7452 7453 7328 
3 7327 7452 7328 
3 7451 7452 7327 
3 7326 7451 7327 
3 7450 7451 7326 
3 7325 7450 7326 
3 7449 7450 7325 
3 7324 7449 7325 
3 7448 7449 7324 
3 7323 7448 7324 
3 7447 7448 7323 
3 7322 7447 7323 
3 7446 7447 7322 
3 7321 7446 7322 
3 7445 7446 7321 
3 7320 7445 7321 
3 7444 7445 7320 
3 7319 7444 7320 
3 7443 7444 7319 
3 7318 7443 7319 
3 7442 7443 7318 
3 7317 7442 7318 
3 7441 7442 7317 
3 7316 7441 7317 
3 7440 7441 7316 
3 7315 7440 7316 
3 7439 7440 7315 
3 7314 7439 7315 
3 7438 7439 7314 
3 7313 7438 7314 
3 7437 7438 7313 
3 7312 7437 7313 
3 7436 7437 7312 
3 7311 7436 7312 
3 7309 7435 7310 
3 7434 7435 7309 
3 7308 7434 7309 
3 7433 7434 7308 
3 7307 7433 7308 
3 7432 7433 7307 
3 7306 7432 7307 
3 7431 7432 7306 
3 7305 7431 7306 
3 7430 7431 7305 
3 7304 7430 7305 
3 7429 7430 7304 
3 7303 7429 7304 
3 7428 7429 7303 
3 7302 7428 7303 
3 7427 7428 7302 
3 7301 7427 7302 
3 7426 7427 7301 
3 7300 7426 7301 
3 7425 7426 7300 
3 7299 7425 7300 
3 7424 7425 7299 
3 7298 7424 7299 
3 7423 7424 7298 
3 7297 7423 7298 
3 7422 7423 7297 
3 7420 7421 7296 
3 7295 7420 7296 
3 7419 7420 7295 
3 7294 7419 7295 
3 7418 7419 7294 
3 7293 7418 7294 
3 7417 7418 7293 
3 7292 7417 7293 
3 7416 7417 7292 
3 7291 7416 7292 
3 7415 7416 7291 
3 7290 7415 7291 
3 7414 7415 7290 
3 7289 7414 7290 
3 7413 7414 7289 
3 7288 7413 7289 
3 7412 7413 7288 
3 7287 7412 7288 
3 7411 7412 7287 
3 7286 7411 7287 
3 7410 7411 7286 
3 7285 7410 7286 
3 7409 7410 7285 
3 7284 7409 7285 
3 7282 7408 7283 
3 7407 7408 7282 
3 7281 7407 7282 
3 7406 7407 7281 
3 7280 7406 7281 
3 7405 7406 7280 
3 7279 7405 7280 
3 7404 7405 7279 
3 7278 7404 7279 
3 7403 7404 7278 
3 7277 7403 7278 
3 7402 7403 7277 
3 7276 7402 7277 
3 7401 7402 7276 
3 7275 7401 7276 
3 7400 7401 7275 
3 7274 7400 7275 
3 7399 7400 7274 
3 7273 7399 7274 
3 7398 7399 7273 
3 7272 7398 7273 
3 7397 7398 7272 
3 7271 7397 7272 
3 7396 7397 7271 
3 7270 7396 7271 
3 7395 7396 7270 
3 7269 7395 7270 
3 7394 7395 7269 
3 7268 7394 7269 
3 7393 7394 7268 
3 7267 7393 7268 
3 7392 7393 7267 
3 7266 7392 7267 
3 7391 7392 7266 
3 7265 7391 7266 
3 7390 7391 7265 
3 7264 7390 7265 
3 7389 7390 7264 
3 7263 7389 7264 
3 7388 7389 7263 
3 7262 7388 7263 
3 7387 7388 7262 
3 7261 7387 7262 
3 7386 7387 7261 
3 7260 7386 7261 
3 7385 7386 7260 
3 7259 7385 7260 
3 7384 7385 7259 
3 7258 7384 7259 
3 7383 7384 7258 
3 7257 7383 7258 
3 7382 7383 7257 
3 7256 7382 7257 
3 7381 7382 7256 
3 7255 7381 7256 
3 7380 7381 7255 
3 7254 7380 7255 
3 7379 7380 7254 
3 7253 7379 7254 
3 7378 7379 7253 
3 7252 7378 7253 
3 7377 7378 7252 
3 7251 7377 7252 
3 7376 7377 7251 
3 7250 7376 7251 
3 7375 7376 7250 
3 7249 7375 7250 
3 7374 7375 7249 
3 7248 7374 7249 
3 7373 7374 7248 
3 7247 7373 7248 
3 7372 7373 7247 
3 7246 7372 7247 
3 7371 7372 7246 
3 7245 7371 7246 
3 7370 7371 7245 
3 7244 7370 7245 
3 7369 7370 7244 
3 7243 7369 7244 
3 7241 7368 7242 
3 7367 7368 7241 
3 7240 7367 7241 
3 7366 7367 7240 
3 7239 7366 7240 
3 7365 7366 7239 
3 7238 7365 7239 
3 7364 7365 7238 
3 7237 7364 7238 
3 7363 7364 7237 
3 7236 7363 7237 
3 7362 7363 7236 
3 7235 7362 7236 
3 7361 7362 7235 
3 7234 7361 7235 
3 7232 7360 7233 
3 7359 7360 7232 
3 7231 7359 7232 
3 7358 7359 7231 
3 7230 7358 7231 
3 7357 7358 7230 
3 7229 7357 7230 
3 7356 7357 7229 
3 7228 7356 7229 
3 7355 7356 7228 
3 7227 7355 7228 
3 7354 7355 7227 
3 7226 7354 7227 
3 7353 7354 7226 
3 7225 7353 7226 
3 7352 7353 7225 
3 7224 7352 7225 
3 7351 7352 7224 
3 7223 7351 7224 
3 7350 7351 7223 
3 7222 7350 7223 
3 7349 7350 7222 
3 7221 7349 7222 
3 7348 7349 7221 
3 7220 7348 7221 
3 7347 7348 7220 
3 7219 7347 7220 
3 7346 7347 7219 
3 7344 7345 7218 
3 7217 7344 7218 
3 7343 7344 7217 
3 7216 7343 7217 
3 7342 7343 7216 
3 7215 7342 7216 
3 7341 7342 7215 
3 7214 7341 7215 
3 7340 7341 7214 
3 7213 7340 7214 
3 7339 7340 7213 
3 7212 7339 7213 
3 7338 7339 7212 
3 7577 7701 7578 
3 7700 7701 7577 
3 7576 7700 7577 
3 7699 7700 7576 
3 7575 7699 7576 
3 7698 7699 7575 
3 7574 7698 7575 
3 7697 7698 7574 
3 7573 7697 7574 
3 7696 7697 7573 
3 7694 7695 7572 
3 7571 7694 7572 
3 7693 7694 7571 
3 7570 7693 7571 
3 7692 7693 7570 
3 7569 7692 7570 
3 7691 7692 7569 
3 7568 7691 7569 
3 7690 7691 7568 
3 7567 7690 7568 
3 7689 7690 7567 
3 7564 7688 7565 
3 7687 7688 7564 
3 7563 7687 7564 
3 7686 7687 7563 
3 7562 7686 7563 
3 7685 7686 7562 
3 7683 7684 7561 
3 7560 7683 7561 
3 7682 7683 7560 
3 7559 7682 7560 
3 7681 7682 7559 
3 7558 7681 7559 
3 7680 7681 7558 
3 7557 7680 7558 
3 7679 7680 7557 
3 7556 7679 7557 
3 7678 7679 7556 
3 7555 7678 7556 
3 7677 7678 7555 
3 7554 7677 7555 
3 7676 7677 7554 
3 7553 7676 7554 
3 7675 7676 7553 
3 7552 7675 7553 
3 7674 7675 7552 
3 7551 7674 7552 
3 7673 7674 7551 
3 7550 7673 7551 
3 7672 7673 7550 
3 7549 7672 7550 
3 7671 7672 7549 
3 7548 7671 7549 
3 7670 7671 7548 
3 7547 7670 7548 
3 7669 7670 7547 
3 7546 7669 7547 
3 7668 7669 7546 
3 7545 7668 7546 
3 7667 7668 7545 
3 7544 7667 7545 
3 7666 7667 7544 
3 7543 7666 7544 
3 7665 7666 7543 
3 7542 7665 7543 
3 7664 7665 7542 
3 7541 7664 7542 
3 7663 7664 7541 
3 7540 7663 7541 
3 7662 7663 7540 
3 7539 7662 7540 
3 7537 7661 7538 
3 7660 7661 7537 
3 7536 7660 7537 
3 7659 7660 7536 
3 7535 7659 7536 
3 7658 7659 7535 
3 7534 7658 7535 
3 7657 7658 7534 
3 7533 7657 7534 
3 7656 7657 7533 
3 7532 7656 7533 
3 7655 7656 7532 
3 7531 7655 7532 
3 7654 7655 7531 
3 7530 7654 7531 
3 7653 7654 7530 
3 7529 7653 7530 
3 7652 7653 7529 
3 7528 7652 7529 
3 7651 7652 7528 
3 7649 7650 7527 
3 7526 7649 7527 
3 7648 7649 7526 
3 7525 7648 7526 
3 7647 7648 7525 
3 7524 7647 7525 
3 7646 7647 7524 
3 7523 7646 7524 
3 7645 7646 7523 
3 7522 7645 7523 
3 7644 7645 7522 
3 7521 7644 7522 
3 7643 7644 7521 
3 7520 7643 7521 
3 7642 7643 7520 
3 7519 7642 7520 
3 7641 7642 7519 
3 7518 7641 7519 
3 7640 7641 7518 
3 7517 7640 7518 
3 7639 7640 7517 
3 7516 7639 7517 
3 7638 7639 7516 
3 7515 7638 7516 
3 7637 7638 7515 
3 7514 7637 7515 
3 7636 7637 7514 
3 7513 7636 7514 
3 7635 7636 7513 
3 7512 7635 7513 
3 7634 7635 7512 
3 7511 7634 7512 
3 7633 7634 7511 
3 7510 7633 7511 
3 7632 7633 7510 
3 7509 7632 7510 
3 7631 7632 7509 
3 7508 7631 7509 
3 7630 7631 7508 
3 7507 7630 7508 
3 7629 7630 7507 
3 7506 7629 7507 
3 7628 7629 7506 
3 7505 7628 7506 
3 7627 7628 7505 
3 7504 7627 7505 
3 7626 7627 7504 
3 7503 7626 7504 
3 7625 7626 7503 
3 7502 7625 7503 
3 7624 7625 7502 
3 7501 7624 7502 
3 7623 7624 7501 
3 7500 7623 7501 
3 7622 7623 7500 
3 7499 7622 7500 
3 7621 7622 7499 
3 7498 7621 7499 
3 7620 7621 7498 
3 7497 7620 7498 
3 7618 7619 7496 
3 7495 7618 7496 
3 7617 7618 7495 
3 7494 7617 7495 
3 7616 7617 7494 
3 7614 7615 7493 
3 7492 7614 7493 
3 7613 7614 7492 
3 7491 7613 7492 
3 7612 7613 7491 
3 7490 7612 7491 
3 7611 7612 7490 
3 7609 7610 7489 
3 7488 7609 7489 
3 7608 7609 7488 
3 7487 7608 7488 
3 7607 7608 7487 
3 7486 7607 7487 
3 7606 7607 7486 
3 7485 7606 7486 
3 7605 7606 7485 
3 7484 7605 7485 
3 7604 7605 7484 
3 7483 7604 7484 
3 7603 7604 7483 
3 7482 7603 7483 
3 7602 7603 7482 
3 7481 7602 7482 
3 7601 7602 7481 
3 7480 7601 7481 
3 7600 7601 7480 
3 7479 7600 7480 
3 7599 7600 7479 
3 7478 7599 7479 
3 7598 7599 7478 
3 7477 7598 7478 
3 7597 7598 7477 
3 7476 7597 7477 
3 7596 7597 7476 
3 7475 7596 7476 
3 7595 7596 7475 
3 7474 7595 7475 
3 7594 7595 7474 
3 7473 7594 7474 
3 7593 7594 7473 
3 7472 7593 7473 
3 7592 7593 7472 
3 7471 7592 7472 
3 7591 7592 7471 
3 7470 7591 7471 
3 7590 7591 7470 
3 7588 7589 7469 
3 7468 7588 7469 
3 7587 7588 7468 
3 7467 7587 7468 
3 7465 7586 7466 
3 7585 7586 7465 
3 7464 7585 7465 
3 7584 7585 7464 
3 7463 7584 7464 
3 7583 7584 7463 
3 7462 7583 7463 
3 7582 7583 7462 
3 7580 7581 7461 
3 7460 7580 7461 
3 7579 7580 7460 
3 7700 7821 7701 
3 7820 7821 7700 
3 7699 7820 7700 
3 7819 7820 7699 
3 7698 7819 7699 
3 7818 7819 7698 
3 7697 7818 7698 
3 7817 7818 7697 
3 7696 7817 7697 
3 7816 7817 7696 
3 7695 7816 7696 
3 7815 7816 7695 
3 7694 7815 7695 
3 7814 7815 7694 
3 7693 7814 7694 
3 7813 7814 7693 
3 7692 7813 7693 
3 7812 7813 7692 
3 7691 7812 7692 
3 7811 7812 7691 
3 7690 7811 7691 
3 7810 7811 7690 
3 7689 7810 7690 
3 7809 7810 7689 
3 7806 7807 7688 
3 7687 7806 7688 
3 7805 7806 7687 
3 7686 7805 7687 
3 7804 7805 7686 
3 7685 7804 7686 
3 7803 7804 7685 
3 7684 7803 7685 
3 7802 7803 7684 
3 7683 7802 7684 
3 7801 7802 7683 
3 7682 7801 7683 
3 7680 7800 7681 
3 7799 7800 7680 
3 7679 7799 7680 
3 7798 7799 7679 
3 7678 7798 7679 
3 7676 7797 7677 
3 7796 7797 7676 
3 7675 7796 7676 
3 7795 7796 7675 
3 7674 7795 7675 
3 7671 7794 7672 
3 7793 7794 7671 
3 7670 7793 7671 
3 7792 7793 7670 
3 7669 7792 7670 
3 7791 7792 7669 
3 7668 7791 7669 
3 7666 7790 7667 
3 7789 7790 7666 
3 7665 7789 7666 
3 7788 7789 7665 
3 7664 7788 7665 
3 7787 7788 7664 
3 7663 7787 7664 
3 7784 7785 7661 
3 7660 7784 7661 
3 7783 7784 7660 
3 7659 7783 7660 
3 7782 7783 7659 
3 7658 7782 7659 
3 7781 7782 7658 
3 7657 7781 7658 
3 7780 7781 7657 
3 7656 7780 7657 
3 7779 7780 7656 
3 7655 7779 7656 
3 7778 7779 7655 
3 7654 7778 7655 
3 7777 7778 7654 
3 7653 7777 7654 
3 7776 7777 7653 
3 7652 7776 7653 
3 7775 7776 7652 
3 7651 7775 7652 
3 7774 7775 7651 
3 7650 7774 7651 
3 7773 7774 7650 
3 7649 7773 7650 
3 7772 7773 7649 
3 7648 7772 7649 
3 7771 7772 7648 
3 7647 7771 7648 
3 7770 7771 7647 
3 7646 7770 7647 
3 7769 7770 7646 
3 7645 7769 7646 
3 7768 7769 7645 
3 7644 7768 7645 
3 7767 7768 7644 
3 7643 7767 7644 
3 7766 7767 7643 
3 7642 7766 7643 
3 7765 7766 7642 
3 7641 7765 7642 
3 7764 7765 7641 
3 7640 7764 7641 
3 7763 7764 7640 
3 7639 7763 7640 
3 7762 7763 7639 
3 7638 7762 7639 
3 7761 7762 7638 
3 7637 7761 7638 
3 7760 7761 7637 
3 7636 7760 7637 
3 7759 7760 7636 
3 7635 7759 7636 
3 7758 7759 7635 
3 7634 7758 7635 
3 7757 7758 7634 
3 7633 7757 7634 
3 7756 7757 7633 
3 7632 7756 7633 
3 7755 7756 7632 
3 7631 7755 7632 
3 7754 7755 7631 
3 7630 7754 7631 
3 7753 7754 7630 
3 7629 7753 7630 
3 7752 7753 7629 
3 7628 7752 7629 
3 7751 7752 7628 
3 7627 7751 7628 
3 7750 7751 7627 
3 7626 7750 7627 
3 7749 7750 7626 
3 7625 7749 7626 
3 7748 7749 7625 
3 7624 7748 7625 
3 7747 7748 7624 
3 7623 7747 7624 
3 7746 7747 7623 
3 7622 7746 7623 
3 7745 7746 7622 
3 7621 7745 7622 
3 7744 7745 7621 
3 7620 7744 7621 
3 7743 7744 7620 
3 7741 7742 7619 
3 7618 7741 7619 
3 7740 7741 7618 
3 7617 7740 7618 
3 7739 7740 7617 
3 7616 7739 7617 
3 7738 7739 7616 
3 7615 7738 7616 
3 7737 7738 7615 
3 7614 7737 7615 
3 7736 7737 7614 
3 7613 7736 7614 
3 7735 7736 7613 
3 7612 7735 7613 
3 7734 7735 7612 
3 7611 7734 7612 
3 7733 7734 7611 
3 7610 7733 7611 
3 7732 7733 7610 
3 7609 7732 7610 
3 7731 7732 7609 
3 7608 7731 7609 
3 7730 7731 7608 
3 7607 7730 7608 
3 7729 7730 7607 
3 7606 7729 7607 
3 7728 7729 7606 
3 7605 7728 7606 
3 7727 7728 7605 
3 7604 7727 7605 
3 7726 7727 7604 
3 7603 7726 7604 
3 7725 7726 7603 
3 7602 7725 7603 
3 7600 7724 7601 
3 7723 7724 7600 
3 7599 7723 7600 
3 7722 7723 7599 
3 7598 7722 7599 
3 7721 7722 7598 
3 7597 7721 7598 
3 7720 7721 7597 
3 7596 7720 7597 
3 7719 7720 7596 
3 7595 7719 7596 
3 7718 7719 7595 
3 7594 7718 7595 
3 7717 7718 7594 
3 7593 7717 7594 
3 7716 7717 7593 
3 7592 7716 7593 
3 7715 7716 7592 
3 7591 7715 7592 
3 7714 7715 7591 
3 7590 7714 7591 
3 7713 7714 7590 
3 7589 7713 7590 
3 7712 7713 7589 
3 7588 7712 7589 
3 7709 7710 7586 
3 7585 7709 7586 
3 7708 7709 7585 
3 7584 7708 7585 
3 7707 7708 7584 
3 7583 7707 7584 
3 7706 7707 7583 
3 7582 7706 7583 
3 7705 7706 7582 
3 7581 7705 7582 
3 7704 7705 7581 
3 7580 7704 7581 
3 7703 7704 7580 
3 7579 7703 7580 
3 7702 7703 7579 
3 7458 7578 7459 
3 7577 7578 7458 
3 7575 7576 7457 
3 7456 7575 7457 
3 7574 7575 7456 
3 7453 7572 7454 
3 7571 7572 7453 
3 7452 7571 7453 
3 7570 7571 7452 
3 7451 7570 7452 
3 7569 7570 7451 
3 7450 7569 7451 
3 7568 7569 7450 
3 7449 7568 7450 
3 7567 7568 7449 
3 7448 7567 7449 
3 7446 7566 7447 
3 7565 7566 7446 
3 7445 7565 7446 
3 7564 7565 7445 
3 7444 7564 7445 
3 7563 7564 7444 
3 7443 7563 7444 
3 7562 7563 7443 
3 7442 7562 7443 
3 7440 7561 7441 
3 7560 7561 7440 
3 7439 7560 7440 
3 7559 7560 7439 
3 7438 7559 7439 
3 7558 7559 7438 
3 7437 7558 7438 
3 7557 7558 7437 
3 7436 7557 7437 
3 7556 7557 7436 
3 7554 7555 7435 
3 7434 7554 7435 
3 7553 7554 7434 
3 7433 7553 7434 
3 7552 7553 7433 
3 7432 7552 7433 
3 7551 7552 7432 
3 7431 7551 7432 
3 7550 7551 7431 
3 7430 7550 7431 
3 7549 7550 7430 
3 7429 7549 7430 
3 7548 7549 7429 
3 7428 7548 7429 
3 7547 7548 7428 
3 7427 7547 7428 
3 7546 7547 7427 
3 7426 7546 7427 
3 7545 7546 7426 
3 7425 7545 7426 
3 7544 7545 7425 
3 7424 7544 7425 
3 7543 7544 7424 
3 7423 7543 7424 
3 7542 7543 7423 
3 7422 7542 7423 
3 7541 7542 7422 
3 7421 7541 7422 
3 7540 7541 7421 
3 7420 7540 7421 
3 7539 7540 7420 
3 7419 7539 7420 
3 7538 7539 7419 
3 7418 7538 7419 
3 7537 7538 7418 
3 7417 7537 7418 
3 7536 7537 7417 
3 7416 7536 7417 
3 7535 7536 7416 
3 7415 7535 7416 
3 7534 7535 7415 
3 7414 7534 7415 
3 7533 7534 7414 
3 7413 7533 7414 
3 7532 7533 7413 
3 7412 7532 7413 
3 7531 7532 7412 
3 7411 7531 7412 
3 7530 7531 7411 
3 7410 7530 7411 
3 7529 7530 7410 
3 7409 7529 7410 
3 7528 7529 7409 
3 7407 7527 7408 
3 7526 7527 7407 
3 7406 7526 7407 
3 7525 7526 7406 
3 7405 7525 7406 
3 7524 7525 7405 
3 7404 7524 7405 
3 7523 7524 7404 
3 7403 7523 7404 
3 7522 7523 7403 
3 7402 7522 7403 
3 7521 7522 7402 
3 7401 7521 7402 
3 7520 7521 7401 
3 7400 7520 7401 
3 7519 7520 7400 
3 7399 7519 7400 
3 7518 7519 7399 
3 7398 7518 7399 
3 7517 7518 7398 
3 7397 7517 7398 
3 7516 7517 7397 
3 7396 7516 7397 
3 7515 7516 7396 
3 7395 7515 7396 
3 7514 7515 7395 
3 7394 7514 7395 
3 7513 7514 7394 
3 7393 7513 7394 
3 7512 7513 7393 
3 7392 7512 7393 
3 7511 7512 7392 
3 7391 7511 7392 
3 7510 7511 7391 
3 7390 7510 7391 
3 7509 7510 7390 
3 7389 7509 7390 
3 7508 7509 7389 
3 7388 7508 7389 
3 7507 7508 7388 
3 7387 7507 7388 
3 7506 7507 7387 
3 7386 7506 7387 
3 7505 7506 7386 
3 7385 7505 7386 
3 7504 7505 7385 
3 7384 7504 7385 
3 7503 7504 7384 
3 7383 7503 7384 
3 7502 7503 7383 
3 7382 7502 7383 
3 7501 7502 7382 
3 7381 7501 7382 
3 7500 7501 7381 
3 7380 7500 7381 
3 7499 7500 7380 
3 7379 7499 7380 
3 7498 7499 7379 
3 7378 7498 7379 
3 7497 7498 7378 
3 7377 7497 7378 
3 7375 7496 7376 
3 7495 7496 7375 
3 7374 7495 7375 
3 7494 7495 7374 
3 7373 7494 7374 
3 7371 7493 7372 
3 7492 7493 7371 
3 7370 7492 7371 
3 7491 7492 7370 
3 7369 7491 7370 
3 7490 7491 7369 
3 7367 7489 7368 
3 7488 7489 7367 
3 7366 7488 7367 
3 7487 7488 7366 
3 7365 7487 7366 
3 7486 7487 7365 
3 7364 7486 7365 
3 7485 7486 7364 
3 7363 7485 7364 
3 7484 7485 7363 
3 7362 7484 7363 
3 7483 7484 7362 
3 7361 7483 7362 
3 7482 7483 7361 
3 7480 7481 7360 
3 7359 7480 7360 
3 7479 7480 7359 
3 7358 7479 7359 
3 7478 7479 7358 
3 7357 7478 7358 
3 7477 7478 7357 
3 7356 7477 7357 
3 7476 7477 7356 
3 7355 7476 7356 
3 7475 7476 7355 
3 7354 7475 7355 
3 7474 7475 7354 
3 7353 7474 7354 
3 7473 7474 7353 
3 7352 7473 7353 
3 7472 7473 7352 
3 7351 7472 7352 
3 7471 7472 7351 
3 7350 7471 7351 
3 7470 7471 7350 
3 7349 7470 7350 
3 7347 7469 7348 
3 7468 7469 7347 
3 7346 7468 7347 
3 7467 7468 7346 
3 7345 7467 7346 
3 7466 7467 7345 
3 7344 7466 7345 
3 7465 7466 7344 
3 7343 7465 7344 
3 7464 7465 7343 
3 7342 7464 7343 
3 7463 7464 7342 
3 7341 7463 7342 
3 7462 7463 7341 
3 7340 7462 7341 
3 7338 7461 7339 
3 7460 7461 7338 
3 7084 7211 7085 
3 7210 7211 7084 
3 7083 7210 7084 
3 7209 7210 7083 
3 7082 7209 7083 
3 7208 7209 7082 
3 7081 7208 7082 
3 7207 7208 7081 
3 7080 7207 7081 
3 7206 7207 7080 
3 7079 7206 7080 
3 7205 7206 7079 
3 7078 7205 7079 
3 7204 7205 7078 
3 7077 7204 7078 
3 7203 7204 7077 
3 7076 7203 7077 
3 7202 7203 7076 
3 7075 7202 7076 
3 7201 7202 7075 
3 7074 7201 7075 
3 7200 7201 7074 
3 7073 7200 7074 
3 7199 7200 7073 
3 7072 7199 7073 
3 7198 7199 7072 
3 7071 7198 7072 
3 7197 7198 7071 
3 7070 7197 7071 
3 7196 7197 7070 
3 7069 7196 7070 
3 7195 7196 7069 
3 7068 7195 7069 
3 7194 7195 7068 
3 7067 7194 7068 
3 7193 7194 7067 
3 7066 7193 7067 
3 7192 7193 7066 
3 7065 7192 7066 
3 7191 7192 7065 
3 7064 7191 7065 
3 7190 7191 7064 
3 7063 7190 7064 
3 7189 7190 7063 
3 7062 7189 7063 
3 7188 7189 7062 
3 7061 7188 7062 
3 7187 7188 7061 
3 7060 7187 7061 
3 7186 7187 7060 
3 7059 7186 7060 
3 7185 7186 7059 
3 7058 7185 7059 
3 7184 7185 7058 
3 7057 7184 7058 
3 7183 7184 7057 
3 7180 7181 7056 
3 7055 7180 7056 
3 7179 7180 7055 
3 7054 7179 7055 
3 7178 7179 7054 
3 7053 7178 7054 
3 7177 7178 7053 
3 7052 7177 7053 
3 7176 7177 7052 
3 7051 7176 7052 
3 7175 7176 7051 
3 7050 7175 7051 
3 7174 7175 7050 
3 7049 7174 7050 
3 7173 7174 7049 
3 7048 7173 7049 
3 7172 7173 7048 
3 7047 7172 7048 
3 7171 7172 7047 
3 7046 7171 7047 
3 7170 7171 7046 
3 7045 7170 7046 
3 7169 7170 7045 
3 7044 7169 7045 
3 7168 7169 7044 
3 7043 7168 7044 
3 7167 7168 7043 
3 7042 7167 7043 
3 7166 7167 7042 
3 7041 7166 7042 
3 7039 7165 7040 
3 7164 7165 7039 
3 7038 7164 7039 
3 7163 7164 7038 
3 7037 7163 7038 
3 7162 7163 7037 
3 7160 7161 7036 
3 7035 7160 7036 
3 7159 7160 7035 
3 7034 7159 7035 
3 7158 7159 7034 
3 7033 7158 7034 
3 7157 7158 7033 
3 7032 7157 7033 
3 7156 7157 7032 
3 7031 7156 7032 
3 7155 7156 7031 
3 7030 7155 7031 
3 7154 7155 7030 
3 7029 7154 7030 
3 7153 7154 7029 
3 7028 7153 7029 
3 7152 7153 7028 
3 7027 7152 7028 
3 7151 7152 7027 
3 7026 7151 7027 
3 7150 7151 7026 
3 7025 7150 7026 
3 7149 7150 7025 
3 7024 7149 7025 
3 7148 7149 7024 
3 7023 7148 7024 
3 7147 7148 7023 
3 7022 7147 7023 
3 7146 7147 7022 
3 7021 7146 7022 
3 7145 7146 7021 
3 7020 7145 7021 
3 7144 7145 7020 
3 7019 7144 7020 
3 7143 7144 7019 
3 7018 7143 7019 
3 7142 7143 7018 
3 7017 7142 7018 
3 7141 7142 7017 
3 7016 7141 7017 
3 7140 7141 7016 
3 7015 7140 7016 
3 7139 7140 7015 
3 7014 7139 7015 
3 7138 7139 7014 
3 7013 7138 7014 
3 7137 7138 7013 
3 7012 7137 7013 
3 7136 7137 7012 
3 7011 7136 7012 
3 7135 7136 7011 
3 7010 7135 7011 
3 7134 7135 7010 
3 7009 7134 7010 
3 7133 7134 7009 
3 7008 7133 7009 
3 7132 7133 7008 
3 7007 7132 7008 
3 7131 7132 7007 
3 7006 7131 7007 
3 7130 7131 7006 
3 7005 7130 7006 
3 7129 7130 7005 
3 7004 7129 7005 
3 7128 7129 7004 
3 7003 7128 7004 
3 7127 7128 7003 
3 7002 7127 7003 
3 7126 7127 7002 
3 7001 7126 7002 
3 7125 7126 7001 
3 7000 7125 7001 
3 7124 7125 7000 
3 6999 7124 7000 
3 7123 7124 6999 
3 6998 7123 6999 
3 7122 7123 6998 
3 6997 7122 6998 
3 7121 7122 6997 
3 6996 7121 6997 
3 7120 7121 6996 
3 6995 7120 6996 
3 7119 7120 6995 
3 6994 7119 6995 
3 7118 7119 6994 
3 6993 7118 6994 
3 7117 7118 6993 
3 6992 7117 6993 
3 7116 7117 6992 
3 6991 7116 6992 
3 7115 7116 6991 
3 6990 7115 6991 
3 7114 7115 6990 
3 6989 7114 6990 
3 7113 7114 6989 
3 6988 7113 6989 
3 7112 7113 6988 
3 6987 7112 6988 
3 7111 7112 6987 
3 6986 7111 6987 
3 7110 7111 6986 
3 6985 7110 6986 
3 7109 7110 6985 
3 6984 7109 6985 
3 7108 7109 6984 
3 6983 7108 6984 
3 7107 7108 6983 
3 6982 7107 6983 
3 7106 7107 6982 
3 6981 7106 6982 
3 7105 7106 6981 
3 6980 7105 6981 
3 7104 7105 6980 
3 6979 7104 6980 
3 7103 7104 6979 
3 6978 7103 6979 
3 7102 7103 6978 
3 6977 7102 6978 
3 7101 7102 6977 
3 6976 7101 6977 
3 6974 7100 6975 
3 7099 7100 6974 
3 6973 7099 6974 
3 7098 7099 6973 
3 6972 7098 6973 
3 7097 7098 6972 
3 6971 7097 6972 
3 7096 7097 6971 
3 6970 7096 6971 
3 7095 7096 6970 
3 6969 7095 6970 
3 7094 7095 6969 
3 6968 7094 6969 
3 7093 7094 6968 
3 6967 7093 6968 
3 7092 7093 6967 
3 6966 7092 6967 
3 7091 7092 6966 
3 6965 7091 6966 
3 7090 7091 6965 
3 7088 7089 6964 
3 6963 7088 6964 
3 7087 7088 6963 
3 6962 7087 6963 
3 7086 7087 6962 
3 7210 7337 7211 
3 7336 7337 7210 
3 7209 7336 7210 
3 7335 7336 7209 
3 7208 7335 7209 
3 7334 7335 7208 
3 7207 7334 7208 
3 7333 7334 7207 
3 7206 7333 7207 
3 7332 7333 7206 
3 7205 7332 7206 
3 7331 7332 7205 
3 7204 7331 7205 
3 7330 7331 7204 
3 7203 7330 7204 
3 7329 7330 7203 
3 7202 7329 7203 
3 7328 7329 7202 
3 7201 7328 7202 
3 7327 7328 7201 
3 7200 7327 7201 
3 7326 7327 7200 
3 7199 7326 7200 
3 7325 7326 7199 
3 7198 7325 7199 
3 7324 7325 7198 
3 7197 7324 7198 
3 7323 7324 7197 
3 7196 7323 7197 
3 7322 7323 7196 
3 7195 7322 7196 
3 7321 7322 7195 
3 7194 7321 7195 
3 7320 7321 7194 
3 7193 7320 7194 
3 7319 7320 7193 
3 7192 7319 7193 
3 7318 7319 7192 
3 7191 7318 7192 
3 7317 7318 7191 
3 7190 7317 7191 
3 7316 7317 7190 
3 7189 7316 7190 
3 7315 7316 7189 
3 7188 7315 7189 
3 7314 7315 7188 
3 7187 7314 7188 
3 7313 7314 7187 
3 7186 7313 7187 
3 7312 7313 7186 
3 7185 7312 7186 
3 7311 7312 7185 
3 7184 7311 7185 
3 7310 7311 7184 
3 7183 7310 7184 
3 7309 7310 7183 
3 7182 7309 7183 
3 7308 7309 7182 
3 7181 7308 7182 
3 7307 7308 7181 
3 7180 7307 7181 
3 7306 7307 7180 
3 7179 7306 7180 
3 7305 7306 7179 
3 7178 7305 7179 
3 7304 7305 7178 
3 7177 7304 7178 
3 7303 7304 7177 
3 7176 7303 7177 
3 7302 7303 7176 
3 7175 7302 7176 
3 7301 7302 7175 
3 7174 7301 7175 
3 7300 7301 7174 
3 7173 7300 7174 
3 7299 7300 7173 
3 7172 7299 7173 
3 7298 7299 7172 
3 7171 7298 7172 
3 7297 7298 7171 
3 7170 7297 7171 
3 7168 7296 7169 
3 7295 7296 7168 
3 7167 7295 7168 
3 7294 7295 7167 
3 7166 7294 7167 
3 7293 7294 7166 
3 7291 7292 7165 
3 7164 7291 7165 
3 7290 7291 7164 
3 7163 7290 7164 
3 7289 7290 7163 
3 7162 7289 7163 
3 7288 7289 7162 
3 7161 7288 7162 
3 7287 7288 7161 
3 7160 7287 7161 
3 7286 7287 7160 
3 7159 7286 7160 
3 7285 7286 7159 
3 7158 7285 7159 
3 7284 7285 7158 
3 7157 7284 7158 
3 7283 7284 7157 
3 7156 7283 7157 
3 7282 7283 7156 
3 7155 7282 7156 
3 7281 7282 7155 
3 7154 7281 7155 
3 7280 7281 7154 
3 7153 7280 7154 
3 7279 7280 7153 
3 7152 7279 7153 
3 7278 7279 7152 
3 7151 7278 7152 
3 7277 7278 7151 
3 7150 7277 7151 
3 7276 7277 7150 
3 7149 7276 7150 
3 7275 7276 7149 
3 7148 7275 7149 
3 7274 7275 7148 
3 7147 7274 7148 
3 7273 7274 7147 
3 7146 7273 7147 
3 7272 7273 7146 
3 7145 7272 7146 
3 7271 7272 7145 
3 7144 7271 7145 
3 7270 7271 7144 
3 7143 7270 7144 
3 7269 7270 7143 
3 7142 7269 7143 
3 7268 7269 7142 
3 7141 7268 7142 
3 7267 7268 7141 
3 7140 7267 7141 
3 7266 7267 7140 
3 7139 7266 7140 
3 7265 7266 7139 
3 7138 7265 7139 
3 7264 7265 7138 
3 7137 7264 7138 
3 7263 7264 7137 
3 7136 7263 7137 
3 7262 7263 7136 
3 7135 7262 7136 
3 7261 7262 7135 
3 7134 7261 7135 
3 7260 7261 7134 
3 7133 7260 7134 
3 7259 7260 7133 
3 7132 7259 7133 
3 7258 7259 7132 
3 7131 7258 7132 
3 7257 7258 7131 
3 7130 7257 7131 
3 7256 7257 7130 
3 7129 7256 7130 
3 7255 7256 7129 
3 7128 7255 7129 
3 7254 7255 7128 
3 7127 7254 7128 
3 7253 7254 7127 
3 7126 7253 7127 
3 7252 7253 7126 
3 7125 7252 7126 
3 7251 7252 7125 
3 7124 7251 7125 
3 7250 7251 7124 
3 7123 7250 7124 
3 7249 7250 7123 
3 7122 7249 7123 
3 7248 7249 7122 
3 7121 7248 7122 
3 7247 7248 7121 
3 7120 7247 7121 
3 7246 7247 7120 
3 7119 7246 7120 
3 7245 7246 7119 
3 7118 7245 7119 
3 7244 7245 7118 
3 7117 7244 7118 
3 7243 7244 7117 
3 7116 7243 7117 
3 7242 7243 7116 
3 7115 7242 7116 
3 7241 7242 7115 
3 7114 7241 7115 
3 7240 7241 7114 
3 7113 7240 7114 
3 7239 7240 7113 
3 7112 7239 7113 
3 7238 7239 7112 
3 7111 7238 7112 
3 7237 7238 7111 
3 7110 7237 7111 
3 7236 7237 7110 
3 7109 7236 7110 
3 7235 7236 7109 
3 7108 7235 7109 
3 7234 7235 7108 
3 7107 7234 7108 
3 7233 7234 7107 
3 7106 7233 7107 
3 7232 7233 7106 
3 7105 7232 7106 
3 7231 7232 7105 
3 7104 7231 7105 
3 7230 7231 7104 
3 7103 7230 7104 
3 7229 7230 7103 
3 7102 7229 7103 
3 7228 7229 7102 
3 7101 7228 7102 
3 7227 7228 7101 
3 7225 7226 7100 
3 7099 7225 7100 
3 7224 7225 7099 
3 7098 7224 7099 
3 7223 7224 7098 
3 7097 7223 7098 
3 7222 7223 7097 
3 7096 7222 7097 
3 7221 7222 7096 
3 7095 7221 7096 
3 7220 7221 7095 
3 7094 7220 7095 
3 7219 7220 7094 
3 7093 7219 7094 
3 7091 7218 7092 
3 7217 7218 7091 
3 7090 7217 7091 
3 7216 7217 7090 
3 7089 7216 7090 
3 7215 7216 7089 
3 7088 7215 7089 
3 7214 7215 7088 
3 7087 7214 7088 
3 7213 7214 7087 
3 7086 7213 7087 
3 7212 7213 7086 
3 6960 7085 6961 
3 7084 7085 6960 
3 6959 7084 6960 
3 7083 7084 6959 
3 6958 7083 6959 
3 7082 7083 6958 
3 7080 7081 6957 
3 6956 7080 6957 
3 7079 7080 6956 
3 6955 7079 6956 
3 7078 7079 6955 
3 6954 7078 6955 
3 7077 7078 6954 
3 6953 7077 6954 
3 7076 7077 6953 
3 6952 7076 6953 
3 7075 7076 6952 
3 6951 7075 6952 
3 7074 7075 6951 
3 6950 7074 6951 
3 7073 7074 6950 
3 6949 7073 6950 
3 7072 7073 6949 
3 6948 7072 6949 
3 7071 7072 6948 
3 6947 7071 6948 
3 7070 7071 6947 
3 6946 7070 6947 
3 7069 7070 6946 
3 6945 7069 6946 
3 7068 7069 6945 
3 6944 7068 6945 
3 7067 7068 6944 
3 6943 7067 6944 
3 7066 7067 6943 
3 6942 7066 6943 
3 7065 7066 6942 
3 6941 7065 6942 
3 7064 7065 6941 
3 6940 7064 6941 
3 7063 7064 6940 
3 6939 7063 6940 
3 7062 7063 6939 
3 6938 7062 6939 
3 7061 7062 6938 
3 6937 7061 6938 
3 7060 7061 6937 
3 6936 7060 6937 
3 7059 7060 6936 
3 6935 7059 6936 
3 7058 7059 6935 
3 6934 7058 6935 
3 7057 7058 6934 
3 6933 7057 6934 
3 6930 7056 6931 
3 7055 7056 6930 
3 6929 7055 6930 
3 7054 7055 6929 
3 6928 7054 6929 
3 7053 7054 6928 
3 6927 7053 6928 
3 7052 7053 6927 
3 6926 7052 6927 
3 7051 7052 6926 
3 6925 7051 6926 
3 7050 7051 6925 
3 6924 7050 6925 
3 7049 7050 6924 
3 6923 7049 6924 
3 7048 7049 6923 
3 6922 7048 6923 
3 7047 7048 6922 
3 6921 7047 6922 
3 7046 7047 6921 
3 6920 7046 6921 
3 7045 7046 6920 
3 6919 7045 6920 
3 7044 7045 6919 
3 6918 7044 6919 
3 7043 7044 6918 
3 6917 7043 6918 
3 7042 7043 6917 
3 6916 7042 6917 
3 7041 7042 6916 
3 6915 7041 6916 
3 7040 7041 6915 
3 6914 7040 6915 
3 7039 7040 6914 
3 6913 7039 6914 
3 7038 7039 6913 
3 6912 7038 6913 
3 7037 7038 6912 
3 6911 7037 6912 
3 6909 7036 6910 
3 7035 7036 6909 
3 6908 7035 6909 
3 7034 7035 6908 
3 6907 7034 6908 
3 7033 7034 6907 
3 6906 7033 6907 
3 7032 7033 6906 
3 6905 7032 6906 
3 7031 7032 6905 
3 6904 7031 6905 
3 7030 7031 6904 
3 6903 7030 6904 
3 7029 7030 6903 
3 6902 7029 6903 
3 7028 7029 6902 
3 6901 7028 6902 
3 7027 7028 6901 
3 6900 7027 6901 
3 7026 7027 6900 
3 6899 7026 6900 
3 7025 7026 6899 
3 6898 7025 6899 
3 7024 7025 6898 
3 6897 7024 6898 
3 7023 7024 6897 
3 6896 7023 6897 
3 7022 7023 6896 
3 6895 7022 6896 
3 7021 7022 6895 
3 6894 7021 6895 
3 7020 7021 6894 
3 6893 7020 6894 
3 7019 7020 6893 
3 6892 7019 6893 
3 7018 7019 6892 
3 6891 7018 6892 
3 7017 7018 6891 
3 6890 7017 6891 
3 7016 7017 6890 
3 6889 7016 6890 
3 7015 7016 6889 
3 6888 7015 6889 
3 7014 7015 6888 
3 6887 7014 6888 
3 7013 7014 6887 
3 6886 7013 6887 
3 7012 7013 6886 
3 6885 7012 6886 
3 7011 7012 6885 
3 6884 7011 6885 
3 7010 7011 6884 
3 6883 7010 6884 
3 7009 7010 6883 
3 6882 7009 6883 
3 7008 7009 6882 
3 6881 7008 6882 
3 7007 7008 6881 
3 6880 7007 6881 
3 7006 7007 6880 
3 6879 7006 6880 
3 7005 7006 6879 
3 6878 7005 6879 
3 7004 7005 6878 
3 6877 7004 6878 
3 7003 7004 6877 
3 6876 7003 6877 
3 7002 7003 6876 
3 6875 7002 6876 
3 7001 7002 6875 
3 6874 7001 6875 
3 7000 7001 6874 
3 6873 7000 6874 
3 6999 7000 6873 
3 6872 6999 6873 
3 6998 6999 6872 
3 6871 6998 6872 
3 6997 6998 6871 
3 6870 6997 6871 
3 6996 6997 6870 
3 6869 6996 6870 
3 6995 6996 6869 
3 6868 6995 6869 
3 6994 6995 6868 
3 6867 6994 6868 
3 6993 6994 6867 
3 6866 6993 6867 
3 6992 6993 6866 
3 6865 6992 6866 
3 6991 6992 6865 
3 6864 6991 6865 
3 6990 6991 6864 
3 6863 6990 6864 
3 6989 6990 6863 
3 6862 6989 6863 
3 6988 6989 6862 
3 6861 6988 6862 
3 6987 6988 6861 
3 6860 6987 6861 
3 6986 6987 6860 
3 6859 6986 6860 
3 6985 6986 6859 
3 6858 6985 6859 
3 6984 6985 6858 
3 6857 6984 6858 
3 6983 6984 6857 
3 6856 6983 6857 
3 6982 6983 6856 
3 6855 6982 6856 
3 6981 6982 6855 
3 6854 6981 6855 
3 6980 6981 6854 
3 6853 6980 6854 
3 6979 6980 6853 
3 6852 6979 6853 
3 6978 6979 6852 
3 6851 6978 6852 
3 6977 6978 6851 
3 6850 6977 6851 
3 6976 6977 6850 
3 6849 6976 6850 
3 6975 6976 6849 
3 6848 6975 6849 
3 6974 6975 6848 
3 6847 6974 6848 
3 6973 6974 6847 
3 6846 6973 6847 
3 6972 6973 6846 
3 6845 6972 6846 
3 6971 6972 6845 
3 6844 6971 6845 
3 6970 6971 6844 
3 6968 6969 6843 
3 6842 6968 6843 
3 6967 6968 6842 
3 6841 6967 6842 
3 6966 6967 6841 
3 6840 6966 6841 
3 6965 6966 6840 
3 6839 6965 6840 
3 6837 6964 6838 
3 6963 6964 6837 
3 6836 6963 6837 
3 6962 6963 6836 
3 6339 6466 6340 
3 6465 6466 6339 
3 6338 6465 6339 
3 6464 6465 6338 
3 6337 6464 6338 
3 6463 6464 6337 
3 6336 6463 6337 
3 6462 6463 6336 
3 6335 6462 6336 
3 6461 6462 6335 
3 6334 6461 6335 
3 6460 6461 6334 
3 6333 6460 6334 
3 6459 6460 6333 
3 6332 6459 6333 
3 6458 6459 6332 
3 6331 6458 6332 
3 6457 6458 6331 
3 6330 6457 6331 
3 6456 6457 6330 
3 6329 6456 6330 
3 6455 6456 6329 
3 6328 6455 6329 
3 6454 6455 6328 
3 6327 6454 6328 
3 6453 6454 6327 
3 6326 6453 6327 
3 6452 6453 6326 
3 6325 6452 6326 
3 6451 6452 6325 
3 6324 6451 6325 
3 6450 6451 6324 
3 6323 6450 6324 
3 6449 6450 6323 
3 6322 6449 6323 
3 6448 6449 6322 
3 6446 6447 6321 
3 6320 6446 6321 
3 6445 6446 6320 
3 6319 6445 6320 
3 6444 6445 6319 
3 6318 6444 6319 
3 6443 6444 6318 
3 6317 6443 6318 
3 6442 6443 6317 
3 6316 6442 6317 
3 6441 6442 6316 
3 6315 6441 6316 
3 6440 6441 6315 
3 6438 6439 6314 
3 6313 6438 6314 
3 6437 6438 6313 
3 6312 6437 6313 
3 6436 6437 6312 
3 6311 6436 6312 
3 6435 6436 6311 
3 6310 6435 6311 
3 6434 6435 6310 
3 6432 6433 6309 
3 6308 6432 6309 
3 6431 6432 6308 
3 6307 6431 6308 
3 6430 6431 6307 
3 6306 6430 6307 
3 6429 6430 6306 
3 6427 6428 6305 
3 6304 6427 6305 
3 6426 6427 6304 
3 6303 6426 6304 
3 6425 6426 6303 
3 6302 6425 6303 
3 6424 6425 6302 
3 6301 6424 6302 
3 6423 6424 6301 
3 6300 6423 6301 
3 6422 6423 6300 
3 6299 6422 6300 
3 6421 6422 6299 
3 6298 6421 6299 
3 6420 6421 6298 
3 6297 6420 6298 
3 6419 6420 6297 
3 6296 6419 6297 
3 6418 6419 6296 
3 6295 6418 6296 
3 6417 6418 6295 
3 6294 6417 6295 
3 6416 6417 6294 
3 6293 6416 6294 
3 6415 6416 6293 
3 6292 6415 6293 
3 6414 6415 6292 
3 6291 6414 6292 
3 6413 6414 6291 
3 6290 6413 6291 
3 6412 6413 6290 
3 6289 6412 6290 
3 6411 6412 6289 
3 6288 6411 6289 
3 6410 6411 6288 
3 6287 6410 6288 
3 6409 6410 6287 
3 6286 6409 6287 
3 6408 6409 6286 
3 6285 6408 6286 
3 6407 6408 6285 
3 6284 6407 6285 
3 6406 6407 6284 
3 6283 6406 6284 
3 6405 6406 6283 
3 6282 6405 6283 
3 6404 6405 6282 
3 6281 6404 6282 
3 6403 6404 6281 
3 6280 6403 6281 
3 6402 6403 6280 
3 6279 6402 6280 
3 6401 6402 6279 
3 6278 6401 6279 
3 6400 6401 6278 
3 6277 6400 6278 
3 6399 6400 6277 
3 6276 6399 6277 
3 6398 6399 6276 
3 6275 6398 6276 
3 6397 6398 6275 
3 6274 6397 6275 
3 6396 6397 6274 
3 6273 6396 6274 
3 6395 6396 6273 
3 6272 6395 6273 
3 6394 6395 6272 
3 6271 6394 6272 
3 6393 6394 6271 
3 6270 6393 6271 
3 6392 6393 6270 
3 6269 6392 6270 
3 6391 6392 6269 
3 6268 6391 6269 
3 6390 6391 6268 
3 6267 6390 6268 
3 6389 6390 6267 
3 6266 6389 6267 
3 6388 6389 6266 
3 6265 6388 6266 
3 6387 6388 6265 
3 6264 6387 6265 
3 6386 6387 6264 
3 6263 6386 6264 
3 6385 6386 6263 
3 6383 6384 6262 
3 6261 6383 6262 
3 6382 6383 6261 
3 6260 6382 6261 
3 6381 6382 6260 
3 6259 6381 6260 
3 6380 6381 6259 
3 6258 6380 6259 
3 6379 6380 6258 
3 6257 6379 6258 
3 6378 6379 6257 
3 6256 6378 6257 
3 6377 6378 6256 
3 6255 6377 6256 
3 6376 6377 6255 
3 6254 6376 6255 
3 6375 6376 6254 
3 6253 6375 6254 
3 6374 6375 6253 
3 6252 6374 6253 
3 6373 6374 6252 
3 6251 6373 6252 
3 6372 6373 6251 
3 6250 6372 6251 
3 6371 6372 6250 
3 6249 6371 6250 
3 6370 6371 6249 
3 6248 6370 6249 
3 6369 6370 6248 
3 6247 6369 6248 
3 6368 6369 6247 
3 6246 6368 6247 
3 6367 6368 6246 
3 6245 6367 6246 
3 6366 6367 6245 
3 6244 6366 6245 
3 6365 6366 6244 
3 6243 6365 6244 
3 6364 6365 6243 
3 6242 6364 6243 
3 6363 6364 6242 
3 6241 6363 6242 
3 6362 6363 6241 
3 6240 6362 6241 
3 6361 6362 6240 
3 6239 6361 6240 
3 6360 6361 6239 
3 6238 6360 6239 
3 6359 6360 6238 
3 6237 6359 6238 
3 6358 6359 6237 
3 6236 6358 6237 
3 6357 6358 6236 
3 6235 6357 6236 
3 6356 6357 6235 
3 6234 6356 6235 
3 6355 6356 6234 
3 6233 6355 6234 
3 6354 6355 6233 
3 6232 6354 6233 
3 6353 6354 6232 
3 6231 6353 6232 
3 6352 6353 6231 
3 6230 6352 6231 
3 6351 6352 6230 
3 6229 6351 6230 
3 6350 6351 6229 
3 6228 6350 6229 
3 6349 6350 6228 
3 6227 6349 6228 
3 6348 6349 6227 
3 6226 6348 6227 
3 6347 6348 6226 
3 6225 6347 6226 
3 6346 6347 6225 
3 6224 6346 6225 
3 6345 6346 6224 
3 6223 6345 6224 
3 6344 6345 6223 
3 6222 6344 6223 
3 6220 6343 6221 
3 6218 6342 6219 
3 6341 6342 6218 
3 6586 6707 6587 
3 6706 6707 6586 
3 6585 6706 6586 
3 6705 6706 6585 
3 6584 6705 6585 
3 6704 6705 6584 
3 6583 6704 6584 
3 6703 6704 6583 
3 6582 6703 6583 
3 6702 6703 6582 
3 6581 6702 6582 
3 6701 6702 6581 
3 6580 6701 6581 
3 6700 6701 6580 
3 6579 6700 6580 
3 6699 6700 6579 
3 6578 6699 6579 
3 6576 6698 6577 
3 6697 6698 6576 
3 6575 6697 6576 
3 6696 6697 6575 
3 6573 6695 6574 
3 6694 6695 6573 
3 6572 6694 6573 
3 6693 6694 6572 
3 6571 6693 6572 
3 6692 6693 6571 
3 6570 6692 6571 
3 6691 6692 6570 
3 6569 6691 6570 
3 6690 6691 6569 
3 6568 6690 6569 
3 6689 6690 6568 
3 6567 6689 6568 
3 6686 6687 6565 
3 6564 6686 6565 
3 6685 6686 6564 
3 6563 6685 6564 
3 6684 6685 6563 
3 6562 6684 6563 
3 6683 6684 6562 
3 6561 6683 6562 
3 6559 6682 6560 
3 6681 6682 6559 
3 6558 6681 6559 
3 6680 6681 6558 
3 6557 6680 6558 
3 6679 6680 6557 
3 6556 6679 6557 
3 6678 6679 6556 
3 6555 6678 6556 
3 6677 6678 6555 
3 6554 6677 6555 
3 6676 6677 6554 
3 6553 6676 6554 
3 6675 6676 6553 
3 6552 6675 6553 
3 6674 6675 6552 
3 6551 6674 6552 
3 6673 6674 6551 
3 6550 6673 6551 
3 6672 6673 6550 
3 6549 6672 6550 
3 6671 6672 6549 
3 6547 6670 6548 
3 6669 6670 6547 
3 6546 6669 6547 
3 6668 6669 6546 
3 6545 6668 6546 
3 6667 6668 6545 
3 6544 6667 6545 
3 6666 6667 6544 
3 6543 6666 6544 
3 6665 6666 6543 
3 6542 6665 6543 
3 6664 6665 6542 
3 6541 6664 6542 
3 6663 6664 6541 
3 6540 6663 6541 
3 6662 6663 6540 
3 6539 6662 6540 
3 6661 6662 6539 
3 6538 6661 6539 
3 6660 6661 6538 
3 6537 6660 6538 
3 6659 6660 6537 
3 6536 6659 6537 
3 6658 6659 6536 
3 6535 6658 6536 
3 6657 6658 6535 
3 6534 6657 6535 
3 6656 6657 6534 
3 6533 6656 6534 
3 6655 6656 6533 
3 6532 6655 6533 
3 6654 6655 6532 
3 6531 6654 6532 
3 6653 6654 6531 
3 6530 6653 6531 
3 6652 6653 6530 
3 6529 6652 6530 
3 6651 6652 6529 
3 6528 6651 6529 
3 6650 6651 6528 
3 6527 6650 6528 
3 6649 6650 6527 
3 6526 6649 6527 
3 6648 6649 6526 
3 6525 6648 6526 
3 6647 6648 6525 
3 6524 6647 6525 
3 6646 6647 6524 
3 6523 6646 6524 
3 6645 6646 6523 
3 6522 6645 6523 
3 6644 6645 6522 
3 6521 6644 6522 
3 6643 6644 6521 
3 6520 6643 6521 
3 6642 6643 6520 
3 6519 6642 6520 
3 6641 6642 6519 
3 6518 6641 6519 
3 6640 6641 6518 
3 6517 6640 6518 
3 6639 6640 6517 
3 6516 6639 6517 
3 6638 6639 6516 
3 6636 6637 6515 
3 6514 6636 6515 
3 6635 6636 6514 
3 6513 6635 6514 
3 6634 6635 6513 
3 6512 6634 6513 
3 6633 6634 6512 
3 6511 6633 6512 
3 6632 6633 6511 
3 6510 6632 6511 
3 6631 6632 6510 
3 6509 6631 6510 
3 6630 6631 6509 
3 6508 6630 6509 
3 6629 6630 6508 
3 6507 6629 6508 
3 6628 6629 6507 
3 6506 6628 6507 
3 6627 6628 6506 
3 6505 6627 6506 
3 6626 6627 6505 
3 6504 6626 6505 
3 6625 6626 6504 
3 6503 6625 6504 
3 6624 6625 6503 
3 6502 6624 6503 
3 6623 6624 6502 
3 6501 6623 6502 
3 6622 6623 6501 
3 6500 6622 6501 
3 6621 6622 6500 
3 6499 6621 6500 
3 6620 6621 6499 
3 6498 6620 6499 
3 6619 6620 6498 
3 6497 6619 6498 
3 6618 6619 6497 
3 6496 6618 6497 
3 6617 6618 6496 
3 6495 6617 6496 
3 6616 6617 6495 
3 6494 6616 6495 
3 6615 6616 6494 
3 6493 6615 6494 
3 6614 6615 6493 
3 6492 6614 6493 
3 6613 6614 6492 
3 6491 6613 6492 
3 6612 6613 6491 
3 6490 6612 6491 
3 6611 6612 6490 
3 6489 6611 6490 
3 6610 6611 6489 
3 6487 6609 6488 
3 6485 6608 6486 
3 6607 6608 6485 
3 6484 6607 6485 
3 6606 6607 6484 
3 6483 6606 6484 
3 6481 6605 6482 
3 6604 6605 6481 
3 6480 6604 6481 
3 6603 6604 6480 
3 6479 6603 6480 
3 6602 6603 6479 
3 6478 6602 6479 
3 6601 6602 6478 
3 6477 6601 6478 
3 6600 6601 6477 
3 6476 6600 6477 
3 6599 6600 6476 
3 6475 6599 6476 
3 6598 6599 6475 
3 6474 6598 6475 
3 6597 6598 6474 
3 6473 6597 6474 
3 6596 6597 6473 
3 6594 6595 6472 
3 6471 6594 6472 
3 6593 6594 6471 
3 6470 6593 6471 
3 6592 6593 6470 
3 6590 6591 6469 
3 6468 6590 6469 
3 6589 6590 6468 
3 6467 6589 6468 
3 6588 6589 6467 
3 6706 6835 6707 
3 6834 6835 6706 
3 6705 6834 6706 
3 6833 6834 6705 
3 6704 6833 6705 
3 6832 6833 6704 
3 6703 6832 6704 
3 6831 6832 6703 
3 6702 6831 6703 
3 6830 6831 6702 
3 6701 6830 6702 
3 6829 6830 6701 
3 6700 6829 6701 
3 6828 6829 6700 
3 6699 6828 6700 
3 6827 6828 6699 
3 6825 6826 6698 
3 6697 6825 6698 
3 6824 6825 6697 
3 6696 6824 6697 
3 6823 6824 6696 
3 6821 6822 6695 
3 6694 6821 6695 
3 6820 6821 6694 
3 6693 6820 6694 
3 6819 6820 6693 
3 6692 6819 6693 
3 6818 6819 6692 
3 6691 6818 6692 
3 6817 6818 6691 
3 6690 6817 6691 
3 6816 6817 6690 
3 6689 6816 6690 
3 6815 6816 6689 
3 6813 6814 6688 
3 6687 6813 6688 
3 6812 6813 6687 
3 6686 6812 6687 
3 6811 6812 6686 
3 6685 6811 6686 
3 6810 6811 6685 
3 6684 6810 6685 
3 6809 6810 6684 
3 6683 6809 6684 
3 6808 6809 6683 
3 6806 6807 6682 
3 6681 6806 6682 
3 6805 6806 6681 
3 6680 6805 6681 
3 6804 6805 6680 
3 6679 6804 6680 
3 6803 6804 6679 
3 6678 6803 6679 
3 6802 6803 6678 
3 6677 6802 6678 
3 6801 6802 6677 
3 6676 6801 6677 
3 6800 6801 6676 
3 6675 6800 6676 
3 6799 6800 6675 
3 6674 6799 6675 
3 6798 6799 6674 
3 6673 6798 6674 
3 6797 6798 6673 
3 6672 6797 6673 
3 6796 6797 6672 
3 6671 6796 6672 
3 6795 6796 6671 
3 6793 6794 6670 
3 6669 6793 6670 
3 6792 6793 6669 
3 6668 6792 6669 
3 6791 6792 6668 
3 6667 6791 6668 
3 6790 6791 6667 
3 6666 6790 6667 
3 6789 6790 6666 
3 6665 6789 6666 
3 6788 6789 6665 
3 6664 6788 6665 
3 6787 6788 6664 
3 6663 6787 6664 
3 6786 6787 6663 
3 6662 6786 6663 
3 6785 6786 6662 
3 6661 6785 6662 
3 6784 6785 6661 
3 6660 6784 6661 
3 6783 6784 6660 
3 6659 6783 6660 
3 6782 6783 6659 
3 6658 6782 6659 
3 6781 6782 6658 
3 6657 6781 6658 
3 6780 6781 6657 
3 6656 6780 6657 
3 6779 6780 6656 
3 6655 6779 6656 
3 6778 6779 6655 
3 6654 6778 6655 
3 6777 6778 6654 
3 6653 6777 6654 
3 6776 6777 6653 
3 6652 6776 6653 
3 6775 6776 6652 
3 6651 6775 6652 
3 6774 6775 6651 
3 6650 6774 6651 
3 6773 6774 6650 
3 6649 6773 6650 
3 6772 6773 6649 
3 6648 6772 6649 
3 6771 6772 6648 
3 6647 6771 6648 
3 6770 6771 6647 
3 6646 6770 6647 
3 6769 6770 6646 
3 6645 6769 6646 
3 6768 6769 6645 
3 6644 6768 6645 
3 6767 6768 6644 
3 6643 6767 6644 
3 6766 6767 6643 
3 6642 6766 6643 
3 6765 6766 6642 
3 6641 6765 6642 
3 6764 6765 6641 
3 6640 6764 6641 
3 6763 6764 6640 
3 6639 6763 6640 
3 6762 6763 6639 
3 6638 6762 6639 
3 6761 6762 6638 
3 6637 6761 6638 
3 6760 6761 6637 
3 6636 6760 6637 
3 6759 6760 6636 
3 6635 6759 6636 
3 6758 6759 6635 
3 6634 6758 6635 
3 6757 6758 6634 
3 6633 6757 6634 
3 6756 6757 6633 
3 6632 6756 6633 
3 6755 6756 6632 
3 6631 6755 6632 
3 6754 6755 6631 
3 6630 6754 6631 
3 6753 6754 6630 
3 6629 6753 6630 
3 6752 6753 6629 
3 6628 6752 6629 
3 6751 6752 6628 
3 6627 6751 6628 
3 6750 6751 6627 
3 6626 6750 6627 
3 6749 6750 6626 
3 6625 6749 6626 
3 6748 6749 6625 
3 6624 6748 6625 
3 6747 6748 6624 
3 6623 6747 6624 
3 6746 6747 6623 
3 6622 6746 6623 
3 6745 6746 6622 
3 6621 6745 6622 
3 6744 6745 6621 
3 6620 6744 6621 
3 6743 6744 6620 
3 6619 6743 6620 
3 6742 6743 6619 
3 6618 6742 6619 
3 6741 6742 6618 
3 6617 6741 6618 
3 6740 6741 6617 
3 6616 6740 6617 
3 6739 6740 6616 
3 6615 6739 6616 
3 6738 6739 6615 
3 6614 6738 6615 
3 6737 6738 6614 
3 6613 6737 6614 
3 6736 6737 6613 
3 6612 6736 6613 
3 6735 6736 6612 
3 6611 6735 6612 
3 6734 6735 6611 
3 6610 6734 6611 
3 6733 6734 6610 
3 6731 6732 6609 
3 6729 6730 6608 
3 6607 6729 6608 
3 6728 6729 6607 
3 6606 6728 6607 
3 6727 6728 6606 
3 6725 6726 6605 
3 6604 6725 6605 
3 6724 6725 6604 
3 6603 6724 6604 
3 6723 6724 6603 
3 6602 6723 6603 
3 6722 6723 6602 
3 6601 6722 6602 
3 6721 6722 6601 
3 6600 6721 6601 
3 6720 6721 6600 
3 6599 6720 6600 
3 6719 6720 6599 
3 6598 6719 6599 
3 6718 6719 6598 
3 6597 6718 6598 
3 6717 6718 6597 
3 6596 6717 6597 
3 6716 6717 6596 
3 6595 6716 6596 
3 6715 6716 6595 
3 6594 6715 6595 
3 6714 6715 6594 
3 6593 6714 6594 
3 6713 6714 6593 
3 6592 6713 6593 
3 6712 6713 6592 
3 6591 6712 6592 
3 6711 6712 6591 
3 6590 6711 6591 
3 6710 6711 6590 
3 6589 6710 6590 
3 6709 6710 6589 
3 6588 6709 6589 
3 6708 6709 6588 
3 6465 6587 6466 
3 6586 6587 6465 
3 6464 6586 6465 
3 6585 6586 6464 
3 6463 6585 6464 
3 6584 6585 6463 
3 6462 6584 6463 
3 6583 6584 6462 
3 6461 6583 6462 
3 6582 6583 6461 
3 6460 6582 6461 
3 6581 6582 6460 
3 6459 6581 6460 
3 6580 6581 6459 
3 6458 6580 6459 
3 6579 6580 6458 
3 6457 6579 6458 
3 6578 6579 6457 
3 6456 6578 6457 
3 6577 6578 6456 
3 6455 6577 6456 
3 6576 6577 6455 
3 6454 6576 6455 
3 6575 6576 6454 
3 6453 6575 6454 
3 6451 6574 6452 
3 6573 6574 6451 
3 6450 6573 6451 
3 6572 6573 6450 
3 6449 6572 6450 
3 6571 6572 6449 
3 6448 6571 6449 
3 6570 6571 6448 
3 6447 6570 6448 
3 6569 6570 6447 
3 6446 6569 6447 
3 6568 6569 6446 
3 6445 6568 6446 
3 6567 6568 6445 
3 6444 6567 6445 
3 6566 6567 6444 
3 6443 6566 6444 
3 6441 6565 6442 
3 6564 6565 6441 
3 6440 6564 6441 
3 6563 6564 6440 
3 6439 6563 6440 
3 6562 6563 6439 
3 6438 6562 6439 
3 6561 6562 6438 
3 6437 6561 6438 
3 6560 6561 6437 
3 6436 6560 6437 
3 6559 6560 6436 
3 6435 6559 6436 
3 6558 6559 6435 
3 6434 6558 6435 
3 6557 6558 6434 
3 6433 6557 6434 
3 6556 6557 6433 
3 6432 6556 6433 
3 6555 6556 6432 
3 6431 6555 6432 
3 6554 6555 6431 
3 6430 6554 6431 
3 6553 6554 6430 
3 6429 6553 6430 
3 6552 6553 6429 
3 6428 6552 6429 
3 6551 6552 6428 
3 6427 6551 6428 
3 6550 6551 6427 
3 6426 6550 6427 
3 6549 6550 6426 
3 6425 6549 6426 
3 6423 6548 6424 
3 6547 6548 6423 
3 6422 6547 6423 
3 6546 6547 6422 
3 6421 6546 6422 
3 6545 6546 6421 
3 6420 6545 6421 
3 6544 6545 6420 
3 6419 6544 6420 
3 6543 6544 6419 
3 6418 6543 6419 
3 6542 6543 6418 
3 6417 6542 6418 
3 6541 6542 6417 
3 6416 6541 6417 
3 6540 6541 6416 
3 6415 6540 6416 
3 6539 6540 6415 
3 6414 6539 6415 
3 6538 6539 6414 
3 6413 6538 6414 
3 6537 6538 6413 
3 6412 6537 6413 
3 6536 6537 6412 
3 6411 6536 6412 
3 6535 6536 6411 
3 6410 6535 6411 
3 6534 6535 6410 
3 6409 6534 6410 
3 6533 6534 6409 
3 6408 6533 6409 
3 6532 6533 6408 
3 6407 6532 6408 
3 6531 6532 6407 
3 6406 6531 6407 
3 6530 6531 6406 
3 6405 6530 6406 
3 6529 6530 6405 
3 6404 6529 6405 
3 6528 6529 6404 
3 6403 6528 6404 
3 6527 6528 6403 
3 6402 6527 6403 
3 6526 6527 6402 
3 6401 6526 6402 
3 6525 6526 6401 
3 6400 6525 6401 
3 6524 6525 6400 
3 6399 6524 6400 
3 6523 6524 6399 
3 6398 6523 6399 
3 6522 6523 6398 
3 6397 6522 6398 
3 6521 6522 6397 
3 6396 6521 6397 
3 6520 6521 6396 
3 6395 6520 6396 
3 6519 6520 6395 
3 6394 6519 6395 
3 6518 6519 6394 
3 6393 6518 6394 
3 6517 6518 6393 
3 6392 6517 6393 
3 6516 6517 6392 
3 6391 6516 6392 
3 6389 6515 6390 
3 6514 6515 6389 
3 6388 6514 6389 
3 6513 6514 6388 
3 6387 6513 6388 
3 6512 6513 6387 
3 6386 6512 6387 
3 6511 6512 6386 
3 6385 6511 6386 
3 6510 6511 6385 
3 6384 6510 6385 
3 6509 6510 6384 
3 6383 6509 6384 
3 6508 6509 6383 
3 6382 6508 6383 
3 6507 6508 6382 
3 6381 6507 6382 
3 6506 6507 6381 
3 6380 6506 6381 
3 6505 6506 6380 
3 6379 6505 6380 
3 6504 6505 6379 
3 6378 6504 6379 
3 6503 6504 6378 
3 6377 6503 6378 
3 6502 6503 6377 
3 6376 6502 6377 
3 6501 6502 6376 
3 6375 6501 6376 
3 6500 6501 6375 
3 6374 6500 6375 
3 6499 6500 6374 
3 6373 6499 6374 
3 6498 6499 6373 
3 6372 6498 6373 
3 6497 6498 6372 
3 6371 6497 6372 
3 6496 6497 6371 
3 6370 6496 6371 
3 6495 6496 6370 
3 6369 6495 6370 
3 6494 6495 6369 
3 6368 6494 6369 
3 6493 6494 6368 
3 6367 6493 6368 
3 6492 6493 6367 
3 6366 6492 6367 
3 6491 6492 6366 
3 6365 6491 6366 
3 6490 6491 6365 
3 6364 6490 6365 
3 6489 6490 6364 
3 6363 6489 6364 
3 6361 6488 6362 
3 6487 6488 6361 
3 6360 6487 6361 
3 6486 6487 6360 
3 6359 6486 6360 
3 6485 6486 6359 
3 6358 6485 6359 
3 6484 6485 6358 
3 6357 6484 6358 
3 6483 6484 6357 
3 6356 6483 6357 
3 6482 6483 6356 
3 6355 6482 6356 
3 6481 6482 6355 
3 6354 6481 6355 
3 6480 6481 6354 
3 6353 6480 6354 
3 6479 6480 6353 
3 6352 6479 6353 
3 6478 6479 6352 
3 6351 6478 6352 
3 6477 6478 6351 
3 6350 6477 6351 
3 6476 6477 6350 
3 6349 6476 6350 
3 6475 6476 6349 
3 6348 6475 6349 
3 6474 6475 6348 
3 6347 6474 6348 
3 6473 6474 6347 
3 6346 6473 6347 
3 6344 6472 6345 
3 6471 6472 6344 
3 6468 6469 6342 
3 6341 6468 6342 
3 6467 6468 6341 
3 6090 6217 6091 
3 6216 6217 6090 
3 6089 6216 6090 
3 6215 6216 6089 
3 6088 6215 6089 
3 6214 6215 6088 
3 6212 6213 6087 
3 6086 6212 6087 
3 6211 6212 6086 
3 6085 6211 6086 
3 6210 6211 6085 
3 6084 6210 6085 
3 6209 6210 6084 
3 6083 6209 6084 
3 6208 6209 6083 
3 6082 6208 6083 
3 6207 6208 6082 
3 6205 6206 6081 
3 6080 6205 6081 
3 6204 6205 6080 
3 6079 6204 6080 
3 6203 6204 6079 
3 6078 6203 6079 
3 6202 6203 6078 
3 6077 6202 6078 
3 6201 6202 6077 
3 6076 6201 6077 
3 6200 6201 6076 
3 6075 6200 6076 
3 6199 6200 6075 
3 6074 6199 6075 
3 6198 6199 6074 
3 6073 6198 6074 
3 6197 6198 6073 
3 6072 6197 6073 
3 6196 6197 6072 
3 6071 6196 6072 
3 6195 6196 6071 
3 6070 6195 6071 
3 6194 6195 6070 
3 6069 6194 6070 
3 6193 6194 6069 
3 6068 6193 6069 
3 6192 6193 6068 
3 6067 6192 6068 
3 6191 6192 6067 
3 6066 6191 6067 
3 6190 6191 6066 
3 6065 6190 6066 
3 6189 6190 6065 
3 6064 6189 6065 
3 6188 6189 6064 
3 6063 6188 6064 
3 6187 6188 6063 
3 6062 6187 6063 
3 6186 6187 6062 
3 6061 6186 6062 
3 6185 6186 6061 
3 6060 6185 6061 
3 6184 6185 6060 
3 6059 6184 6060 
3 6183 6184 6059 
3 6058 6183 6059 
3 6182 6183 6058 
3 6057 6182 6058 
3 6181 6182 6057 
3 6056 6181 6057 
3 6180 6181 6056 
3 6055 6180 6056 
3 6179 6180 6055 
3 6054 6179 6055 
3 6178 6179 6054 
3 6053 6178 6054 
3 6177 6178 6053 
3 6052 6177 6053 
3 6176 6177 6052 
3 6051 6176 6052 
3 6175 6176 6051 
3 6050 6175 6051 
3 6174 6175 6050 
3 6049 6174 6050 
3 6173 6174 6049 
3 6048 6173 6049 
3 6172 6173 6048 
3 6047 6172 6048 
3 6171 6172 6047 
3 6046 6171 6047 
3 6170 6171 6046 
3 6045 6170 6046 
3 6169 6170 6045 
3 6044 6169 6045 
3 6168 6169 6044 
3 6043 6168 6044 
3 6167 6168 6043 
3 6042 6167 6043 
3 6166 6167 6042 
3 6041 6166 6042 
3 6165 6166 6041 
3 6040 6165 6041 
3 6164 6165 6040 
3 6039 6164 6040 
3 6163 6164 6039 
3 6038 6163 6039 
3 6162 6163 6038 
3 6037 6162 6038 
3 6161 6162 6037 
3 6036 6161 6037 
3 6160 6161 6036 
3 6035 6160 6036 
3 6159 6160 6035 
3 6156 6157 6033 
3 6032 6156 6033 
3 6155 6156 6032 
3 6031 6155 6032 
3 6154 6155 6031 
3 6030 6154 6031 
3 6153 6154 6030 
3 6029 6153 6030 
3 6152 6153 6029 
3 6028 6152 6029 
3 6151 6152 6028 
3 6027 6151 6028 
3 6150 6151 6027 
3 6026 6150 6027 
3 6149 6150 6026 
3 6025 6149 6026 
3 6148 6149 6025 
3 6024 6148 6025 
3 6147 6148 6024 
3 6023 6147 6024 
3 6146 6147 6023 
3 6022 6146 6023 
3 6145 6146 6022 
3 6021 6145 6022 
3 6144 6145 6021 
3 6020 6144 6021 
3 6143 6144 6020 
3 6019 6143 6020 
3 6142 6143 6019 
3 6018 6142 6019 
3 6141 6142 6018 
3 6017 6141 6018 
3 6140 6141 6017 
3 6016 6140 6017 
3 6139 6140 6016 
3 6015 6139 6016 
3 6138 6139 6015 
3 6014 6138 6015 
3 6137 6138 6014 
3 6013 6137 6014 
3 6136 6137 6013 
3 6012 6136 6013 
3 6135 6136 6012 
3 6011 6135 6012 
3 6134 6135 6011 
3 6010 6134 6011 
3 6133 6134 6010 
3 6009 6133 6010 
3 6132 6133 6009 
3 6008 6132 6009 
3 6131 6132 6008 
3 6007 6131 6008 
3 6130 6131 6007 
3 6006 6130 6007 
3 6129 6130 6006 
3 6005 6129 6006 
3 6128 6129 6005 
3 6004 6128 6005 
3 6127 6128 6004 
3 6003 6127 6004 
3 6126 6127 6003 
3 6002 6126 6003 
3 6125 6126 6002 
3 6001 6125 6002 
3 6124 6125 6001 
3 6000 6124 6001 
3 6123 6124 6000 
3 5999 6123 6000 
3 6122 6123 5999 
3 5998 6122 5999 
3 6121 6122 5998 
3 5997 6121 5998 
3 6120 6121 5997 
3 5996 6120 5997 
3 6119 6120 5996 
3 5995 6119 5996 
3 6118 6119 5995 
3 5994 6118 5995 
3 6117 6118 5994 
3 5993 6117 5994 
3 6116 6117 5993 
3 5992 6116 5993 
3 6115 6116 5992 
3 5991 6115 5992 
3 6114 6115 5991 
3 5990 6114 5991 
3 6113 6114 5990 
3 5989 6113 5990 
3 6112 6113 5989 
3 5988 6112 5989 
3 5986 6111 5987 
3 6110 6111 5986 
3 5985 6110 5986 
3 6109 6110 5985 
3 5984 6109 5985 
3 6108 6109 5984 
3 5983 6108 5984 
3 6107 6108 5983 
3 5982 6107 5983 
3 6106 6107 5982 
3 5981 6106 5982 
3 6105 6106 5981 
3 6102 6103 5980 
3 5979 6102 5980 
3 6101 6102 5979 
3 5978 6101 5979 
3 6100 6101 5978 
3 5977 6100 5978 
3 6099 6100 5977 
3 5976 6099 5977 
3 6098 6099 5976 
3 5975 6098 5976 
3 6097 6098 5975 
3 5974 6097 5975 
3 6096 6097 5974 
3 5973 6096 5974 
3 6095 6096 5973 
3 6216 6340 6217 
3 6339 6340 6216 
3 6215 6339 6216 
3 6338 6339 6215 
3 6214 6338 6215 
3 6337 6338 6214 
3 6213 6337 6214 
3 6336 6337 6213 
3 6212 6336 6213 
3 6335 6336 6212 
3 6211 6335 6212 
3 6334 6335 6211 
3 6210 6334 6211 
3 6333 6334 6210 
3 6209 6333 6210 
3 6332 6333 6209 
3 6208 6332 6209 
3 6331 6332 6208 
3 6207 6331 6208 
3 6330 6331 6207 
3 6206 6330 6207 
3 6329 6330 6206 
3 6205 6329 6206 
3 6328 6329 6205 
3 6204 6328 6205 
3 6327 6328 6204 
3 6203 6327 6204 
3 6326 6327 6203 
3 6202 6326 6203 
3 6325 6326 6202 
3 6201 6325 6202 
3 6324 6325 6201 
3 6200 6324 6201 
3 6323 6324 6200 
3 6199 6323 6200 
3 6322 6323 6199 
3 6198 6322 6199 
3 6196 6321 6197 
3 6320 6321 6196 
3 6195 6320 6196 
3 6319 6320 6195 
3 6194 6319 6195 
3 6318 6319 6194 
3 6193 6318 6194 
3 6317 6318 6193 
3 6192 6317 6193 
3 6316 6317 6192 
3 6191 6316 6192 
3 6315 6316 6191 
3 6190 6315 6191 
3 6188 6314 6189 
3 6313 6314 6188 
3 6187 6313 6188 
3 6312 6313 6187 
3 6186 6312 6187 
3 6311 6312 6186 
3 6185 6311 6186 
3 6310 6311 6185 
3 6184 6310 6185 
3 6182 6309 6183 
3 6308 6309 6182 
3 6181 6308 6182 
3 6307 6308 6181 
3 6180 6307 6181 
3 6306 6307 6180 
3 6179 6306 6180 
3 6177 6305 6178 
3 6304 6305 6177 
3 6176 6304 6177 
3 6303 6304 6176 
3 6175 6303 6176 
3 6302 6303 6175 
3 6174 6302 6175 
3 6301 6302 6174 
3 6173 6301 6174 
3 6300 6301 6173 
3 6172 6300 6173 
3 6299 6300 6172 
3 6171 6299 6172 
3 6298 6299 6171 
3 6170 6298 6171 
3 6297 6298 6170 
3 6169 6297 6170 
3 6296 6297 6169 
3 6168 6296 6169 
3 6295 6296 6168 
3 6167 6295 6168 
3 6294 6295 6167 
3 6166 6294 6167 
3 6293 6294 6166 
3 6165 6293 6166 
3 6292 6293 6165 
3 6164 6292 6165 
3 6291 6292 6164 
3 6163 6291 6164 
3 6290 6291 6163 
3 6162 6290 6163 
3 6289 6290 6162 
3 6161 6289 6162 
3 6288 6289 6161 
3 6160 6288 6161 
3 6287 6288 6160 
3 6159 6287 6160 
3 6286 6287 6159 
3 6284 6285 6158 
3 6157 6284 6158 
3 6283 6284 6157 
3 6156 6283 6157 
3 6282 6283 6156 
3 6155 6282 6156 
3 6281 6282 6155 
3 6154 6281 6155 
3 6280 6281 6154 
3 6153 6280 6154 
3 6279 6280 6153 
3 6152 6279 6153 
3 6278 6279 6152 
3 6151 6278 6152 
3 6277 6278 6151 
3 6150 6277 6151 
3 6276 6277 6150 
3 6149 6276 6150 
3 6275 6276 6149 
3 6148 6275 6149 
3 6274 6275 6148 
3 6147 6274 6148 
3 6273 6274 6147 
3 6146 6273 6147 
3 6272 6273 6146 
3 6145 6272 6146 
3 6271 6272 6145 
3 6144 6271 6145 
3 6270 6271 6144 
3 6143 6270 6144 
3 6269 6270 6143 
3 6142 6269 6143 
3 6268 6269 6142 
3 6141 6268 6142 
3 6267 6268 6141 
3 6140 6267 6141 
3 6266 6267 6140 
3 6139 6266 6140 
3 6265 6266 6139 
3 6138 6265 6139 
3 6264 6265 6138 
3 6137 6264 6138 
3 6263 6264 6137 
3 6136 6263 6137 
3 6134 6262 6135 
3 6261 6262 6134 
3 6133 6261 6134 
3 6260 6261 6133 
3 6132 6260 6133 
3 6259 6260 6132 
3 6131 6259 6132 
3 6258 6259 6131 
3 6130 6258 6131 
3 6257 6258 6130 
3 6129 6257 6130 
3 6256 6257 6129 
3 6128 6256 6129 
3 6255 6256 6128 
3 6127 6255 6128 
3 6254 6255 6127 
3 6126 6254 6127 
3 6253 6254 6126 
3 6125 6253 6126 
3 6252 6253 6125 
3 6124 6252 6125 
3 6251 6252 6124 
3 6123 6251 6124 
3 6250 6251 6123 
3 6122 6250 6123 
3 6249 6250 6122 
3 6121 6249 6122 
3 6248 6249 6121 
3 6120 6248 6121 
3 6247 6248 6120 
3 6119 6247 6120 
3 6246 6247 6119 
3 6118 6246 6119 
3 6245 6246 6118 
3 6117 6245 6118 
3 6244 6245 6117 
3 6116 6244 6117 
3 6243 6244 6116 
3 6115 6243 6116 
3 6242 6243 6115 
3 6114 6242 6115 
3 6241 6242 6114 
3 6113 6241 6114 
3 6240 6241 6113 
3 6112 6240 6113 
3 6239 6240 6112 
3 6237 6238 6111 
3 6110 6237 6111 
3 6236 6237 6110 
3 6109 6236 6110 
3 6235 6236 6109 
3 6108 6235 6109 
3 6234 6235 6108 
3 6107 6234 6108 
3 6233 6234 6107 
3 6106 6233 6107 
3 6232 6233 6106 
3 6105 6232 6106 
3 6231 6232 6105 
3 6104 6231 6105 
3 6230 6231 6104 
3 6103 6230 6104 
3 6229 6230 6103 
3 6102 6229 6103 
3 6228 6229 6102 
3 6101 6228 6102 
3 6227 6228 6101 
3 6100 6227 6101 
3 6226 6227 6100 
3 6099 6226 6100 
3 6225 6226 6099 
3 6098 6225 6099 
3 6224 6225 6098 
3 6097 6224 6098 
3 6223 6224 6097 
3 6096 6223 6097 
3 6222 6223 6096 
3 6095 6222 6096 
3 6221 6222 6095 
3 6094 6221 6095 
3 6220 6221 6094 
3 6093 6220 6094 
3 6219 6220 6093 
3 6092 6219 6093 
3 6218 6219 6092 
3 5971 6091 5972 
3 6090 6091 5971 
3 5970 6090 5971 
3 6089 6090 5970 
3 5969 6089 5970 
3 6088 6089 5969 
3 5968 6088 5969 
3 5966 6087 5967 
3 6086 6087 5966 
3 5965 6086 5966 
3 6085 6086 5965 
3 5964 6085 5965 
3 6084 6085 5964 
3 5963 6084 5964 
3 6083 6084 5963 
3 5962 6083 5963 
3 6082 6083 5962 
3 5961 6082 5962 
3 5959 6081 5960 
3 6080 6081 5959 
3 5958 6080 5959 
3 6079 6080 5958 
3 5957 6079 5958 
3 6078 6079 5957 
3 5956 6078 5957 
3 6077 6078 5956 
3 5955 6077 5956 
3 6076 6077 5955 
3 5954 6076 5955 
3 6075 6076 5954 
3 5953 6075 5954 
3 6074 6075 5953 
3 5952 6074 5953 
3 6073 6074 5952 
3 5951 6073 5952 
3 6072 6073 5951 
3 5950 6072 5951 
3 6071 6072 5950 
3 5949 6071 5950 
3 6070 6071 5949 
3 5948 6070 5949 
3 6069 6070 5948 
3 5947 6069 5948 
3 6068 6069 5947 
3 5946 6068 5947 
3 6067 6068 5946 
3 5945 6067 5946 
3 6066 6067 5945 
3 5944 6066 5945 
3 6065 6066 5944 
3 5943 6065 5944 
3 6064 6065 5943 
3 5942 6064 5943 
3 6063 6064 5942 
3 5941 6063 5942 
3 6062 6063 5941 
3 5940 6062 5941 
3 6061 6062 5940 
3 5939 6061 5940 
3 6060 6061 5939 
3 5938 6060 5939 
3 6059 6060 5938 
3 5937 6059 5938 
3 6058 6059 5937 
3 5936 6058 5937 
3 6057 6058 5936 
3 5935 6057 5936 
3 6056 6057 5935 
3 5934 6056 5935 
3 6055 6056 5934 
3 5933 6055 5934 
3 6054 6055 5933 
3 5932 6054 5933 
3 6053 6054 5932 
3 5931 6053 5932 
3 6052 6053 5931 
3 5930 6052 5931 
3 6051 6052 5930 
3 5929 6051 5930 
3 6050 6051 5929 
3 5928 6050 5929 
3 6049 6050 5928 
3 5927 6049 5928 
3 6048 6049 5927 
3 5926 6048 5927 
3 6047 6048 5926 
3 5925 6047 5926 
3 6046 6047 5925 
3 5924 6046 5925 
3 6045 6046 5924 
3 5923 6045 5924 
3 6044 6045 5923 
3 5922 6044 5923 
3 6043 6044 5922 
3 5921 6043 5922 
3 6042 6043 5921 
3 5920 6042 5921 
3 6041 6042 5920 
3 5919 6041 5920 
3 6040 6041 5919 
3 5918 6040 5919 
3 6039 6040 5918 
3 5917 6039 5918 
3 6038 6039 5917 
3 5916 6038 5917 
3 6037 6038 5916 
3 5915 6037 5916 
3 6036 6037 5915 
3 5914 6036 5915 
3 6035 6036 5914 
3 5913 6035 5914 
3 5911 6034 5912 
3 5909 6033 5910 
3 6032 6033 5909 
3 5908 6032 5909 
3 6031 6032 5908 
3 5907 6031 5908 
3 6030 6031 5907 
3 5906 6030 5907 
3 6029 6030 5906 
3 5905 6029 5906 
3 6028 6029 5905 
3 5904 6028 5905 
3 6027 6028 5904 
3 5903 6027 5904 
3 6026 6027 5903 
3 5902 6026 5903 
3 6025 6026 5902 
3 5901 6025 5902 
3 6024 6025 5901 
3 5900 6024 5901 
3 6023 6024 5900 
3 5899 6023 5900 
3 6022 6023 5899 
3 5898 6022 5899 
3 6021 6022 5898 
3 5897 6021 5898 
3 6020 6021 5897 
3 5896 6020 5897 
3 6019 6020 5896 
3 5895 6019 5896 
3 6018 6019 5895 
3 5894 6018 5895 
3 6017 6018 5894 
3 5893 6017 5894 
3 6016 6017 5893 
3 5892 6016 5893 
3 6015 6016 5892 
3 5891 6015 5892 
3 6014 6015 5891 
3 5890 6014 5891 
3 6013 6014 5890 
3 5889 6013 5890 
3 6012 6013 5889 
3 5888 6012 5889 
3 6011 6012 5888 
3 5887 6011 5888 
3 6010 6011 5887 
3 5886 6010 5887 
3 6009 6010 5886 
3 5885 6009 5886 
3 6008 6009 5885 
3 5884 6008 5885 
3 6007 6008 5884 
3 5883 6007 5884 
3 6006 6007 5883 
3 5882 6006 5883 
3 6005 6006 5882 
3 5881 6005 5882 
3 6004 6005 5881 
3 5880 6004 5881 
3 6003 6004 5880 
3 5879 6003 5880 
3 6002 6003 5879 
3 5878 6002 5879 
3 6001 6002 5878 
3 5877 6001 5878 
3 6000 6001 5877 
3 5876 6000 5877 
3 5999 6000 5876 
3 5875 5999 5876 
3 5998 5999 5875 
3 5874 5998 5875 
3 5997 5998 5874 
3 5873 5997 5874 
3 5996 5997 5873 
3 5872 5996 5873 
3 5995 5996 5872 
3 5871 5995 5872 
3 5994 5995 5871 
3 5870 5994 5871 
3 5993 5994 5870 
3 5869 5993 5870 
3 5992 5993 5869 
3 5868 5992 5869 
3 5991 5992 5868 
3 5867 5991 5868 
3 5990 5991 5867 
3 5866 5990 5867 
3 5989 5990 5866 
3 5865 5989 5866 
3 5988 5989 5865 
3 5864 5988 5865 
3 5987 5988 5864 
3 5863 5987 5864 
3 5986 5987 5863 
3 5862 5986 5863 
3 5985 5986 5862 
3 5861 5985 5862 
3 5984 5985 5861 
3 5860 5984 5861 
3 5983 5984 5860 
3 5859 5983 5860 
3 5982 5983 5859 
3 5858 5982 5859 
3 5981 5982 5858 
3 5857 5981 5858 
3 5855 5980 5856 
3 5979 5980 5855 
3 5854 5979 5855 
3 5978 5979 5854 
3 5853 5978 5854 
3 5977 5978 5853 
3 5852 5977 5853 
3 5976 5977 5852 
3 5851 5976 5852 
3 5975 5976 5851 
3 5850 5975 5851 
3 5974 5975 5850 
3 5849 5974 5850 
3 5973 5974 5849 
3 4855 4980 4856 
3 4979 4980 4855 
3 4854 4979 4855 
3 4978 4979 4854 
3 4853 4978 4854 
3 4977 4978 4853 
3 4852 4977 4853 
3 4976 4977 4852 
3 4851 4976 4852 
3 4975 4976 4851 
3 4850 4975 4851 
3 4974 4975 4850 
3 4849 4974 4850 
3 4973 4974 4849 
3 4848 4973 4849 
3 4972 4973 4848 
3 4847 4972 4848 
3 4971 4972 4847 
3 4846 4971 4847 
3 4970 4971 4846 
3 4845 4970 4846 
3 4969 4970 4845 
3 4844 4969 4845 
3 4968 4969 4844 
3 4843 4968 4844 
3 4967 4968 4843 
3 4842 4967 4843 
3 4966 4967 4842 
3 4841 4966 4842 
3 4965 4966 4841 
3 4839 4964 4840 
3 4963 4964 4839 
3 4838 4963 4839 
3 4962 4963 4838 
3 4837 4962 4838 
3 4961 4962 4837 
3 4836 4961 4837 
3 4960 4961 4836 
3 4835 4960 4836 
3 4959 4960 4835 
3 4834 4959 4835 
3 4958 4959 4834 
3 4833 4958 4834 
3 4957 4958 4833 
3 4832 4957 4833 
3 4956 4957 4832 
3 4831 4956 4832 
3 4955 4956 4831 
3 4830 4955 4831 
3 4954 4955 4830 
3 4829 4954 4830 
3 4953 4954 4829 
3 4828 4953 4829 
3 4952 4953 4828 
3 4827 4952 4828 
3 4951 4952 4827 
3 4826 4951 4827 
3 4950 4951 4826 
3 4825 4950 4826 
3 4949 4950 4825 
3 4824 4949 4825 
3 4948 4949 4824 
3 4823 4948 4824 
3 4947 4948 4823 
3 4822 4947 4823 
3 4946 4947 4822 
3 4821 4946 4822 
3 4945 4946 4821 
3 4820 4945 4821 
3 4944 4945 4820 
3 4819 4944 4820 
3 4943 4944 4819 
3 4818 4943 4819 
3 4942 4943 4818 
3 4817 4942 4818 
3 4941 4942 4817 
3 4816 4941 4817 
3 4940 4941 4816 
3 4815 4940 4816 
3 4939 4940 4815 
3 4814 4939 4815 
3 4938 4939 4814 
3 4813 4938 4814 
3 4937 4938 4813 
3 4812 4937 4813 
3 4936 4937 4812 
3 4811 4936 4812 
3 4935 4936 4811 
3 4810 4935 4811 
3 4934 4935 4810 
3 4809 4934 4810 
3 4933 4934 4809 
3 4808 4933 4809 
3 4932 4933 4808 
3 4807 4932 4808 
3 4931 4932 4807 
3 4806 4931 4807 
3 4930 4931 4806 
3 4805 4930 4806 
3 4929 4930 4805 
3 4804 4929 4805 
3 4928 4929 4804 
3 4803 4928 4804 
3 4927 4928 4803 
3 4802 4927 4803 
3 4926 4927 4802 
3 4801 4926 4802 
3 4925 4926 4801 
3 4800 4925 4801 
3 4924 4925 4800 
3 4799 4924 4800 
3 4923 4924 4799 
3 4798 4923 4799 
3 4922 4923 4798 
3 4797 4922 4798 
3 4921 4922 4797 
3 4796 4921 4797 
3 4920 4921 4796 
3 4795 4920 4796 
3 4919 4920 4795 
3 4794 4919 4795 
3 4918 4919 4794 
3 4793 4918 4794 
3 4917 4918 4793 
3 4792 4917 4793 
3 4916 4917 4792 
3 4791 4916 4792 
3 4915 4916 4791 
3 4790 4915 4791 
3 4914 4915 4790 
3 4789 4914 4790 
3 4913 4914 4789 
3 4788 4913 4789 
3 4912 4913 4788 
3 4787 4912 4788 
3 4911 4912 4787 
3 4786 4911 4787 
3 4910 4911 4786 
3 4785 4910 4786 
3 4909 4910 4785 
3 4784 4909 4785 
3 4908 4909 4784 
3 4783 4908 4784 
3 4907 4908 4783 
3 4782 4907 4783 
3 4906 4907 4782 
3 4781 4906 4782 
3 4905 4906 4781 
3 4780 4905 4781 
3 4904 4905 4780 
3 4779 4904 4780 
3 4903 4904 4779 
3 4778 4903 4779 
3 4902 4903 4778 
3 4777 4902 4778 
3 4901 4902 4777 
3 4776 4901 4777 
3 4900 4901 4776 
3 4775 4900 4776 
3 4899 4900 4775 
3 4774 4899 4775 
3 4898 4899 4774 
3 4773 4898 4774 
3 4897 4898 4773 
3 4772 4897 4773 
3 4896 4897 4772 
3 4771 4896 4772 
3 4895 4896 4771 
3 4770 4895 4771 
3 4894 4895 4770 
3 4769 4894 4770 
3 4893 4894 4769 
3 4768 4893 4769 
3 4892 4893 4768 
3 4767 4892 4768 
3 4891 4892 4767 
3 4766 4891 4767 
3 4764 4890 4765 
3 4889 4890 4764 
3 4763 4889 4764 
3 4888 4889 4763 
3 4886 4887 4762 
3 4761 4886 4762 
3 4885 4886 4761 
3 4760 4885 4761 
3 4884 4885 4760 
3 4759 4884 4760 
3 4883 4884 4759 
3 4758 4883 4759 
3 4882 4883 4758 
3 4757 4882 4758 
3 4881 4882 4757 
3 4756 4881 4757 
3 4880 4881 4756 
3 4755 4880 4756 
3 4879 4880 4755 
3 4754 4879 4755 
3 4878 4879 4754 
3 4753 4878 4754 
3 4877 4878 4753 
3 4752 4877 4753 
3 4876 4877 4752 
3 4751 4876 4752 
3 4875 4876 4751 
3 4750 4875 4751 
3 4874 4875 4750 
3 4749 4874 4750 
3 4873 4874 4749 
3 4748 4873 4749 
3 4872 4873 4748 
3 4747 4872 4748 
3 4871 4872 4747 
3 4869 4870 4746 
3 4745 4869 4746 
3 4868 4869 4745 
3 4744 4868 4745 
3 4867 4868 4744 
3 4743 4867 4744 
3 4866 4867 4743 
3 4742 4866 4743 
3 4865 4866 4742 
3 4741 4865 4742 
3 4864 4865 4741 
3 4740 4864 4741 
3 4863 4864 4740 
3 4739 4863 4740 
3 4862 4863 4739 
3 4738 4862 4739 
3 4861 4862 4738 
3 4737 4861 4738 
3 4860 4861 4737 
3 4736 4860 4737 
3 4733 4858 4734 
3 4857 4858 4733 
3 5351 5479 5352 
3 5478 5479 5351 
3 5350 5478 5351 
3 5477 5478 5350 
3 5349 5477 5350 
3 5476 5477 5349 
3 5348 5476 5349 
3 5475 5476 5348 
3 5347 5475 5348 
3 5474 5475 5347 
3 5346 5474 5347 
3 5473 5474 5346 
3 5345 5473 5346 
3 5472 5473 5345 
3 5344 5472 5345 
3 5471 5472 5344 
3 5343 5471 5344 
3 5470 5471 5343 
3 5468 5469 5342 
3 5341 5468 5342 
3 5467 5468 5341 
3 5340 5467 5341 
3 5466 5467 5340 
3 5339 5466 5340 
3 5465 5466 5339 
3 5338 5465 5339 
3 5464 5465 5338 
3 5337 5464 5338 
3 5463 5464 5337 
3 5336 5463 5337 
3 5462 5463 5336 
3 5335 5462 5336 
3 5461 5462 5335 
3 5334 5461 5335 
3 5460 5461 5334 
3 5333 5460 5334 
3 5459 5460 5333 
3 5332 5459 5333 
3 5458 5459 5332 
3 5331 5458 5332 
3 5457 5458 5331 
3 5330 5457 5331 
3 5456 5457 5330 
3 5329 5456 5330 
3 5455 5456 5329 
3 5328 5455 5329 
3 5454 5455 5328 
3 5327 5454 5328 
3 5453 5454 5327 
3 5326 5453 5327 
3 5452 5453 5326 
3 5325 5452 5326 
3 5451 5452 5325 
3 5324 5451 5325 
3 5450 5451 5324 
3 5323 5450 5324 
3 5449 5450 5323 
3 5322 5449 5323 
3 5448 5449 5322 
3 5321 5448 5322 
3 5447 5448 5321 
3 5320 5447 5321 
3 5446 5447 5320 
3 5319 5446 5320 
3 5445 5446 5319 
3 5318 5445 5319 
3 5444 5445 5318 
3 5317 5444 5318 
3 5443 5444 5317 
3 5316 5443 5317 
3 5442 5443 5316 
3 5315 5442 5316 
3 5441 5442 5315 
3 5314 5441 5315 
3 5440 5441 5314 
3 5313 5440 5314 
3 5439 5440 5313 
3 5312 5439 5313 
3 5438 5439 5312 
3 5311 5438 5312 
3 5437 5438 5311 
3 5310 5437 5311 
3 5436 5437 5310 
3 5309 5436 5310 
3 5435 5436 5309 
3 5308 5435 5309 
3 5434 5435 5308 
3 5307 5434 5308 
3 5433 5434 5307 
3 5306 5433 5307 
3 5432 5433 5306 
3 5305 5432 5306 
3 5431 5432 5305 
3 5304 5431 5305 
3 5430 5431 5304 
3 5303 5430 5304 
3 5429 5430 5303 
3 5302 5429 5303 
3 5428 5429 5302 
3 5301 5428 5302 
3 5427 5428 5301 
3 5300 5427 5301 
3 5426 5427 5300 
3 5299 5426 5300 
3 5425 5426 5299 
3 5298 5425 5299 
3 5424 5425 5298 
3 5297 5424 5298 
3 5423 5424 5297 
3 5296 5423 5297 
3 5422 5423 5296 
3 5295 5422 5296 
3 5421 5422 5295 
3 5294 5421 5295 
3 5420 5421 5294 
3 5293 5420 5294 
3 5419 5420 5293 
3 5292 5419 5293 
3 5418 5419 5292 
3 5291 5418 5292 
3 5417 5418 5291 
3 5290 5417 5291 
3 5416 5417 5290 
3 5289 5416 5290 
3 5415 5416 5289 
3 5288 5415 5289 
3 5414 5415 5288 
3 5287 5414 5288 
3 5413 5414 5287 
3 5286 5413 5287 
3 5412 5413 5286 
3 5285 5412 5286 
3 5411 5412 5285 
3 5284 5411 5285 
3 5410 5411 5284 
3 5283 5410 5284 
3 5409 5410 5283 
3 5282 5409 5283 
3 5408 5409 5282 
3 5281 5408 5282 
3 5407 5408 5281 
3 5280 5407 5281 
3 5406 5407 5280 
3 5279 5406 5280 
3 5405 5406 5279 
3 5278 5405 5279 
3 5404 5405 5278 
3 5277 5404 5278 
3 5403 5404 5277 
3 5276 5403 5277 
3 5402 5403 5276 
3 5275 5402 5276 
3 5401 5402 5275 
3 5274 5401 5275 
3 5400 5401 5274 
3 5273 5400 5274 
3 5399 5400 5273 
3 5272 5399 5273 
3 5398 5399 5272 
3 5271 5398 5272 
3 5397 5398 5271 
3 5270 5397 5271 
3 5396 5397 5270 
3 5269 5396 5270 
3 5395 5396 5269 
3 5268 5395 5269 
3 5394 5395 5268 
3 5267 5394 5268 
3 5393 5394 5267 
3 5266 5393 5267 
3 5392 5393 5266 
3 5265 5392 5266 
3 5391 5392 5265 
3 5264 5391 5265 
3 5390 5391 5264 
3 5263 5390 5264 
3 5389 5390 5263 
3 5262 5389 5263 
3 5388 5389 5262 
3 5261 5388 5262 
3 5387 5388 5261 
3 5260 5387 5261 
3 5386 5387 5260 
3 5259 5386 5260 
3 5385 5386 5259 
3 5258 5385 5259 
3 5384 5385 5258 
3 5257 5384 5258 
3 5383 5384 5257 
3 5256 5383 5257 
3 5382 5383 5256 
3 5255 5382 5256 
3 5381 5382 5255 
3 5379 5380 5254 
3 5253 5379 5254 
3 5378 5379 5253 
3 5376 5377 5252 
3 5251 5376 5252 
3 5375 5376 5251 
3 5250 5375 5251 
3 5374 5375 5250 
3 5249 5374 5250 
3 5373 5374 5249 
3 5248 5373 5249 
3 5372 5373 5248 
3 5247 5372 5248 
3 5371 5372 5247 
3 5246 5371 5247 
3 5370 5371 5246 
3 5245 5370 5246 
3 5369 5370 5245 
3 5244 5369 5245 
3 5368 5369 5244 
3 5243 5368 5244 
3 5367 5368 5243 
3 5242 5367 5243 
3 5366 5367 5242 
3 5241 5366 5242 
3 5365 5366 5241 
3 5240 5365 5241 
3 5364 5365 5240 
3 5239 5364 5240 
3 5363 5364 5239 
3 5238 5363 5239 
3 5362 5363 5238 
3 5237 5362 5238 
3 5361 5362 5237 
3 5236 5361 5237 
3 5360 5361 5236 
3 5235 5360 5236 
3 5359 5360 5235 
3 5234 5359 5235 
3 5358 5359 5234 
3 5233 5358 5234 
3 5357 5358 5233 
3 5232 5357 5233 
3 5356 5357 5232 
3 5231 5356 5232 
3 5354 5355 5230 
3 5229 5354 5230 
3 5353 5354 5229 
3 5724 5725 5603 
3 5602 5724 5603 
3 5600 5723 5601 
3 5722 5723 5600 
3 5599 5722 5600 
3 5721 5722 5599 
3 5598 5721 5599 
3 5720 5721 5598 
3 5718 5719 5597 
3 5596 5718 5597 
3 5717 5718 5596 
3 5595 5717 5596 
3 5716 5717 5595 
3 5594 5716 5595 
3 5715 5716 5594 
3 5593 5715 5594 
3 5714 5715 5593 
3 5592 5714 5593 
3 5713 5714 5592 
3 5591 5713 5592 
3 5712 5713 5591 
3 5590 5712 5591 
3 5711 5712 5590 
3 5589 5711 5590 
3 5710 5711 5589 
3 5588 5710 5589 
3 5709 5710 5588 
3 5707 5708 5587 
3 5586 5707 5587 
3 5706 5707 5586 
3 5585 5706 5586 
3 5705 5706 5585 
3 5584 5705 5585 
3 5704 5705 5584 
3 5583 5704 5584 
3 5703 5704 5583 
3 5582 5703 5583 
3 5702 5703 5582 
3 5581 5702 5582 
3 5701 5702 5581 
3 5580 5701 5581 
3 5700 5701 5580 
3 5579 5700 5580 
3 5699 5700 5579 
3 5578 5699 5579 
3 5698 5699 5578 
3 5577 5698 5578 
3 5697 5698 5577 
3 5576 5697 5577 
3 5696 5697 5576 
3 5575 5696 5576 
3 5695 5696 5575 
3 5574 5695 5575 
3 5694 5695 5574 
3 5573 5694 5574 
3 5693 5694 5573 
3 5572 5693 5573 
3 5692 5693 5572 
3 5571 5692 5572 
3 5691 5692 5571 
3 5570 5691 5571 
3 5690 5691 5570 
3 5569 5690 5570 
3 5689 5690 5569 
3 5568 5689 5569 
3 5688 5689 5568 
3 5567 5688 5568 
3 5687 5688 5567 
3 5566 5687 5567 
3 5686 5687 5566 
3 5565 5686 5566 
3 5685 5686 5565 
3 5564 5685 5565 
3 5684 5685 5564 
3 5563 5684 5564 
3 5683 5684 5563 
3 5562 5683 5563 
3 5560 5682 5561 
3 5681 5682 5560 
3 5559 5681 5560 
3 5680 5681 5559 
3 5558 5680 5559 
3 5679 5680 5558 
3 5557 5679 5558 
3 5678 5679 5557 
3 5556 5678 5557 
3 5677 5678 5556 
3 5555 5677 5556 
3 5676 5677 5555 
3 5554 5676 5555 
3 5675 5676 5554 
3 5553 5675 5554 
3 5674 5675 5553 
3 5552 5674 5553 
3 5673 5674 5552 
3 5551 5673 5552 
3 5672 5673 5551 
3 5550 5672 5551 
3 5671 5672 5550 
3 5549 5671 5550 
3 5670 5671 5549 
3 5548 5670 5549 
3 5669 5670 5548 
3 5547 5669 5548 
3 5668 5669 5547 
3 5546 5668 5547 
3 5667 5668 5546 
3 5545 5667 5546 
3 5666 5667 5545 
3 5544 5666 5545 
3 5665 5666 5544 
3 5543 5665 5544 
3 5664 5665 5543 
3 5542 5664 5543 
3 5663 5664 5542 
3 5541 5663 5542 
3 5662 5663 5541 
3 5540 5662 5541 
3 5661 5662 5540 
3 5539 5661 5540 
3 5660 5661 5539 
3 5538 5660 5539 
3 5659 5660 5538 
3 5537 5659 5538 
3 5658 5659 5537 
3 5536 5658 5537 
3 5657 5658 5536 
3 5535 5657 5536 
3 5656 5657 5535 
3 5534 5656 5535 
3 5655 5656 5534 
3 5533 5655 5534 
3 5654 5655 5533 
3 5532 5654 5533 
3 5653 5654 5532 
3 5531 5653 5532 
3 5652 5653 5531 
3 5530 5652 5531 
3 5651 5652 5530 
3 5529 5651 5530 
3 5650 5651 5529 
3 5528 5650 5529 
3 5649 5650 5528 
3 5527 5649 5528 
3 5648 5649 5527 
3 5526 5648 5527 
3 5647 5648 5526 
3 5525 5647 5526 
3 5646 5647 5525 
3 5524 5646 5525 
3 5645 5646 5524 
3 5523 5645 5524 
3 5644 5645 5523 
3 5522 5644 5523 
3 5643 5644 5522 
3 5521 5643 5522 
3 5642 5643 5521 
3 5520 5642 5521 
3 5641 5642 5520 
3 5519 5641 5520 
3 5640 5641 5519 
3 5518 5640 5519 
3 5639 5640 5518 
3 5517 5639 5518 
3 5638 5639 5517 
3 5516 5638 5517 
3 5637 5638 5516 
3 5515 5637 5516 
3 5636 5637 5515 
3 5514 5636 5515 
3 5635 5636 5514 
3 5513 5635 5514 
3 5634 5635 5513 
3 5512 5634 5513 
3 5633 5634 5512 
3 5511 5633 5512 
3 5632 5633 5511 
3 5510 5632 5511 
3 5631 5632 5510 
3 5509 5631 5510 
3 5630 5631 5509 
3 5508 5630 5509 
3 5629 5630 5508 
3 5507 5629 5508 
3 5628 5629 5507 
3 5506 5628 5507 
3 5627 5628 5506 
3 5505 5627 5506 
3 5626 5627 5505 
3 5504 5626 5505 
3 5625 5626 5504 
3 5503 5625 5504 
3 5624 5625 5503 
3 5502 5624 5503 
3 5623 5624 5502 
3 5501 5623 5502 
3 5622 5623 5501 
3 5500 5622 5501 
3 5621 5622 5500 
3 5499 5621 5500 
3 5620 5621 5499 
3 5498 5620 5499 
3 5619 5620 5498 
3 5497 5619 5498 
3 5618 5619 5497 
3 5496 5618 5497 
3 5617 5618 5496 
3 5495 5617 5496 
3 5616 5617 5495 
3 5494 5616 5495 
3 5615 5616 5494 
3 5493 5615 5494 
3 5491 5614 5492 
3 5613 5614 5491 
3 5490 5613 5491 
3 5612 5613 5490 
3 5489 5612 5490 
3 5611 5612 5489 
3 5488 5611 5489 
3 5610 5611 5488 
3 5487 5610 5488 
3 5609 5610 5487 
3 5486 5609 5487 
3 5608 5609 5486 
3 5485 5608 5486 
3 5483 5607 5484 
3 5606 5607 5483 
3 5482 5606 5483 
3 5605 5606 5482 
3 5481 5605 5482 
3 5725 5848 5726 
3 5847 5848 5725 
3 5724 5847 5725 
3 5846 5847 5724 
3 5844 5845 5723 
3 5722 5844 5723 
3 5843 5844 5722 
3 5721 5843 5722 
3 5842 5843 5721 
3 5720 5842 5721 
3 5841 5842 5720 
3 5719 5841 5720 
3 5840 5841 5719 
3 5718 5840 5719 
3 5839 5840 5718 
3 5717 5839 5718 
3 5715 5838 5716 
3 5837 5838 5715 
3 5714 5837 5715 
3 5836 5837 5714 
3 5713 5836 5714 
3 5835 5836 5713 
3 5712 5835 5713 
3 5834 5835 5712 
3 5711 5834 5712 
3 5833 5834 5711 
3 5710 5833 5711 
3 5832 5833 5710 
3 5709 5832 5710 
3 5831 5832 5709 
3 5708 5831 5709 
3 5830 5831 5708 
3 5707 5830 5708 
3 5829 5830 5707 
3 5706 5829 5707 
3 5828 5829 5706 
3 5705 5828 5706 
3 5827 5828 5705 
3 5704 5827 5705 
3 5826 5827 5704 
3 5703 5826 5704 
3 5825 5826 5703 
3 5702 5825 5703 
3 5824 5825 5702 
3 5701 5824 5702 
3 5823 5824 5701 
3 5700 5823 5701 
3 5822 5823 5700 
3 5699 5822 5700 
3 5821 5822 5699 
3 5698 5821 5699 
3 5820 5821 5698 
3 5697 5820 5698 
3 5819 5820 5697 
3 5696 5819 5697 
3 5818 5819 5696 
3 5695 5818 5696 
3 5817 5818 5695 
3 5694 5817 5695 
3 5816 5817 5694 
3 5693 5816 5694 
3 5815 5816 5693 
3 5692 5815 5693 
3 5814 5815 5692 
3 5691 5814 5692 
3 5813 5814 5691 
3 5690 5813 5691 
3 5812 5813 5690 
3 5689 5812 5690 
3 5811 5812 5689 
3 5688 5811 5689 
3 5810 5811 5688 
3 5687 5810 5688 
3 5809 5810 5687 
3 5686 5809 5687 
3 5808 5809 5686 
3 5685 5808 5686 
3 5807 5808 5685 
3 5684 5807 5685 
3 5806 5807 5684 
3 5683 5806 5684 
3 5805 5806 5683 
3 5803 5804 5682 
3 5681 5803 5682 
3 5802 5803 5681 
3 5680 5802 5681 
3 5801 5802 5680 
3 5679 5801 5680 
3 5800 5801 5679 
3 5678 5800 5679 
3 5799 5800 5678 
3 5677 5799 5678 
3 5798 5799 5677 
3 5676 5798 5677 
3 5797 5798 5676 
3 5675 5797 5676 
3 5796 5797 5675 
3 5674 5796 5675 
3 5795 5796 5674 
3 5673 5795 5674 
3 5671 5794 5672 
3 5793 5794 5671 
3 5670 5793 5671 
3 5668 5792 5669 
3 5791 5792 5668 
3 5667 5791 5668 
3 5790 5791 5667 
3 5666 5790 5667 
3 5789 5790 5666 
3 5665 5789 5666 
3 5788 5789 5665 
3 5664 5788 5665 
3 5787 5788 5664 
3 5663 5787 5664 
3 5786 5787 5663 
3 5662 5786 5663 
3 5785 5786 5662 
3 5661 5785 5662 
3 5784 5785 5661 
3 5660 5784 5661 
3 5783 5784 5660 
3 5659 5783 5660 
3 5782 5783 5659 
3 5658 5782 5659 
3 5781 5782 5658 
3 5657 5781 5658 
3 5780 5781 5657 
3 5656 5780 5657 
3 5779 5780 5656 
3 5655 5779 5656 
3 5778 5779 5655 
3 5654 5778 5655 
3 5777 5778 5654 
3 5653 5777 5654 
3 5776 5777 5653 
3 5652 5776 5653 
3 5775 5776 5652 
3 5651 5775 5652 
3 5774 5775 5651 
3 5650 5774 5651 
3 5773 5774 5650 
3 5649 5773 5650 
3 5772 5773 5649 
3 5648 5772 5649 
3 5771 5772 5648 
3 5647 5771 5648 
3 5770 5771 5647 
3 5646 5770 5647 
3 5769 5770 5646 
3 5645 5769 5646 
3 5768 5769 5645 
3 5644 5768 5645 
3 5767 5768 5644 
3 5643 5767 5644 
3 5766 5767 5643 
3 5642 5766 5643 
3 5765 5766 5642 
3 5641 5765 5642 
3 5764 5765 5641 
3 5640 5764 5641 
3 5763 5764 5640 
3 5639 5763 5640 
3 5762 5763 5639 
3 5638 5762 5639 
3 5636 5761 5637 
3 5760 5761 5636 
3 5635 5760 5636 
3 5759 5760 5635 
3 5634 5759 5635 
3 5758 5759 5634 
3 5633 5758 5634 
3 5757 5758 5633 
3 5632 5757 5633 
3 5756 5757 5632 
3 5631 5756 5632 
3 5755 5756 5631 
3 5630 5755 5631 
3 5754 5755 5630 
3 5629 5754 5630 
3 5753 5754 5629 
3 5628 5753 5629 
3 5752 5753 5628 
3 5627 5752 5628 
3 5751 5752 5627 
3 5626 5751 5627 
3 5750 5751 5626 
3 5625 5750 5626 
3 5749 5750 5625 
3 5624 5749 5625 
3 5748 5749 5624 
3 5623 5748 5624 
3 5747 5748 5623 
3 5622 5747 5623 
3 5746 5747 5622 
3 5621 5746 5622 
3 5745 5746 5621 
3 5620 5745 5621 
3 5744 5745 5620 
3 5619 5744 5620 
3 5743 5744 5619 
3 5618 5743 5619 
3 5742 5743 5618 
3 5617 5742 5618 
3 5741 5742 5617 
3 5616 5741 5617 
3 5740 5741 5616 
3 5615 5740 5616 
3 5739 5740 5615 
3 5737 5738 5614 
3 5613 5737 5614 
3 5736 5737 5613 
3 5612 5736 5613 
3 5735 5736 5612 
3 5611 5735 5612 
3 5734 5735 5611 
3 5610 5734 5611 
3 5733 5734 5610 
3 5609 5733 5610 
3 5732 5733 5609 
3 5608 5732 5609 
3 5731 5732 5608 
3 5605 5729 5606 
3 5728 5729 5605 
3 5478 5604 5479 
3 5476 5603 5477 
3 5602 5603 5476 
3 5475 5602 5476 
3 5601 5602 5475 
3 5474 5601 5475 
3 5600 5601 5474 
3 5473 5600 5474 
3 5599 5600 5473 
3 5472 5599 5473 
3 5598 5599 5472 
3 5471 5598 5472 
3 5469 5597 5470 
3 5596 5597 5469 
3 5468 5596 5469 
3 5595 5596 5468 
3 5467 5595 5468 
3 5594 5595 5467 
3 5466 5594 5467 
3 5593 5594 5466 
3 5465 5593 5466 
3 5592 5593 5465 
3 5464 5592 5465 
3 5591 5592 5464 
3 5463 5591 5464 
3 5590 5591 5463 
3 5462 5590 5463 
3 5589 5590 5462 
3 5461 5589 5462 
3 5588 5589 5461 
3 5460 5588 5461 
3 5458 5587 5459 
3 5586 5587 5458 
3 5457 5586 5458 
3 5585 5586 5457 
3 5456 5585 5457 
3 5584 5585 5456 
3 5455 5584 5456 
3 5583 5584 5455 
3 5454 5583 5455 
3 5582 5583 5454 
3 5453 5582 5454 
3 5581 5582 5453 
3 5452 5581 5453 
3 5580 5581 5452 
3 5451 5580 5452 
3 5579 5580 5451 
3 5450 5579 5451 
3 5578 5579 5450 
3 5449 5578 5450 
3 5577 5578 5449 
3 5448 5577 5449 
3 5576 5577 5448 
3 5447 5576 5448 
3 5575 5576 5447 
3 5446 5575 5447 
3 5574 5575 5446 
3 5445 5574 5446 
3 5573 5574 5445 
3 5444 5573 5445 
3 5572 5573 5444 
3 5443 5572 5444 
3 5571 5572 5443 
3 5442 5571 5443 
3 5570 5571 5442 
3 5441 5570 5442 
3 5569 5570 5441 
3 5440 5569 5441 
3 5568 5569 5440 
3 5439 5568 5440 
3 5567 5568 5439 
3 5438 5567 5439 
3 5566 5567 5438 
3 5437 5566 5438 
3 5565 5566 5437 
3 5436 5565 5437 
3 5564 5565 5436 
3 5435 5564 5436 
3 5563 5564 5435 
3 5434 5563 5435 
3 5562 5563 5434 
3 5433 5562 5434 
3 5561 5562 5433 
3 5432 5561 5433 
3 5560 5561 5432 
3 5431 5560 5432 
3 5559 5560 5431 
3 5430 5559 5431 
3 5558 5559 5430 
3 5429 5558 5430 
3 5557 5558 5429 
3 5428 5557 5429 
3 5556 5557 5428 
3 5427 5556 5428 
3 5555 5556 5427 
3 5426 5555 5427 
3 5554 5555 5426 
3 5425 5554 5426 
3 5553 5554 5425 
3 5424 5553 5425 
3 5552 5553 5424 
3 5423 5552 5424 
3 5551 5552 5423 
3 5422 5551 5423 
3 5550 5551 5422 
3 5421 5550 5422 
3 5549 5550 5421 
3 5420 5549 5421 
3 5548 5549 5420 
3 5419 5548 5420 
3 5547 5548 5419 
3 5418 5547 5419 
3 5546 5547 5418 
3 5417 5546 5418 
3 5545 5546 5417 
3 5416 5545 5417 
3 5544 5545 5416 
3 5415 5544 5416 
3 5543 5544 5415 
3 5414 5543 5415 
3 5542 5543 5414 
3 5413 5542 5414 
3 5541 5542 5413 
3 5412 5541 5413 
3 5540 5541 5412 
3 5411 5540 5412 
3 5539 5540 5411 
3 5410 5539 5411 
3 5538 5539 5410 
3 5409 5538 5410 
3 5537 5538 5409 
3 5408 5537 5409 
3 5536 5537 5408 
3 5407 5536 5408 
3 5535 5536 5407 
3 5406 5535 5407 
3 5534 5535 5406 
3 5405 5534 5406 
3 5533 5534 5405 
3 5404 5533 5405 
3 5532 5533 5404 
3 5403 5532 5404 
3 5531 5532 5403 
3 5402 5531 5403 
3 5530 5531 5402 
3 5401 5530 5402 
3 5529 5530 5401 
3 5400 5529 5401 
3 5528 5529 5400 
3 5399 5528 5400 
3 5527 5528 5399 
3 5398 5527 5399 
3 5526 5527 5398 
3 5397 5526 5398 
3 5525 5526 5397 
3 5396 5525 5397 
3 5524 5525 5396 
3 5395 5524 5396 
3 5523 5524 5395 
3 5394 5523 5395 
3 5522 5523 5394 
3 5393 5522 5394 
3 5521 5522 5393 
3 5392 5521 5393 
3 5520 5521 5392 
3 5391 5520 5392 
3 5519 5520 5391 
3 5390 5519 5391 
3 5518 5519 5390 
3 5389 5518 5390 
3 5517 5518 5389 
3 5388 5517 5389 
3 5516 5517 5388 
3 5387 5516 5388 
3 5515 5516 5387 
3 5386 5515 5387 
3 5514 5515 5386 
3 5385 5514 5386 
3 5513 5514 5385 
3 5384 5513 5385 
3 5512 5513 5384 
3 5383 5512 5384 
3 5511 5512 5383 
3 5382 5511 5383 
3 5510 5511 5382 
3 5381 5510 5382 
3 5509 5510 5381 
3 5380 5509 5381 
3 5508 5509 5380 
3 5379 5508 5380 
3 5507 5508 5379 
3 5378 5507 5379 
3 5506 5507 5378 
3 5377 5506 5378 
3 5505 5506 5377 
3 5376 5505 5377 
3 5504 5505 5376 
3 5375 5504 5376 
3 5503 5504 5375 
3 5374 5503 5375 
3 5502 5503 5374 
3 5373 5502 5374 
3 5501 5502 5373 
3 5372 5501 5373 
3 5500 5501 5372 
3 5371 5500 5372 
3 5499 5500 5371 
3 5370 5499 5371 
3 5498 5499 5370 
3 5369 5498 5370 
3 5497 5498 5369 
3 5368 5497 5369 
3 5496 5497 5368 
3 5367 5496 5368 
3 5495 5496 5367 
3 5366 5495 5367 
3 5494 5495 5366 
3 5365 5494 5366 
3 5493 5494 5365 
3 5364 5493 5365 
3 5492 5493 5364 
3 5363 5492 5364 
3 5491 5492 5363 
3 5362 5491 5363 
3 5490 5491 5362 
3 5361 5490 5362 
3 5489 5490 5361 
3 5360 5489 5361 
3 5488 5489 5360 
3 5359 5488 5360 
3 5487 5488 5359 
3 5358 5487 5359 
3 5486 5487 5358 
3 5357 5486 5358 
3 5485 5486 5357 
3 5356 5485 5357 
3 5484 5485 5356 
3 5482 5483 5355 
3 5354 5482 5355 
3 5481 5482 5354 
3 5353 5481 5354 
3 5480 5481 5353 
3 5104 5228 5105 
3 5227 5228 5104 
3 5103 5227 5104 
3 5226 5227 5103 
3 5102 5226 5103 
3 5225 5226 5102 
3 5101 5225 5102 
3 5224 5225 5101 
3 5100 5224 5101 
3 5223 5224 5100 
3 5099 5223 5100 
3 5222 5223 5099 
3 5098 5222 5099 
3 5221 5222 5098 
3 5097 5221 5098 
3 5220 5221 5097 
3 5096 5220 5097 
3 5219 5220 5096 
3 5095 5219 5096 
3 5218 5219 5095 
3 5094 5218 5095 
3 5217 5218 5094 
3 5093 5217 5094 
3 5216 5217 5093 
3 5092 5216 5093 
3 5215 5216 5092 
3 5091 5215 5092 
3 5214 5215 5091 
3 5090 5214 5091 
3 5213 5214 5090 
3 5089 5213 5090 
3 5212 5213 5089 
3 5088 5212 5089 
3 5211 5212 5088 
3 5087 5211 5088 
3 5210 5211 5087 
3 5086 5210 5087 
3 5209 5210 5086 
3 5085 5209 5086 
3 5208 5209 5085 
3 5084 5208 5085 
3 5207 5208 5084 
3 5083 5207 5084 
3 5206 5207 5083 
3 5082 5206 5083 
3 5205 5206 5082 
3 5081 5205 5082 
3 5204 5205 5081 
3 5080 5204 5081 
3 5203 5204 5080 
3 5079 5203 5080 
3 5202 5203 5079 
3 5078 5202 5079 
3 5201 5202 5078 
3 5077 5201 5078 
3 5200 5201 5077 
3 5076 5200 5077 
3 5199 5200 5076 
3 5075 5199 5076 
3 5198 5199 5075 
3 5074 5198 5075 
3 5197 5198 5074 
3 5073 5197 5074 
3 5196 5197 5073 
3 5072 5196 5073 
3 5195 5196 5072 
3 5071 5195 5072 
3 5194 5195 5071 
3 5070 5194 5071 
3 5193 5194 5070 
3 5069 5193 5070 
3 5192 5193 5069 
3 5068 5192 5069 
3 5191 5192 5068 
3 5067 5191 5068 
3 5190 5191 5067 
3 5066 5190 5067 
3 5189 5190 5066 
3 5065 5189 5066 
3 5188 5189 5065 
3 5064 5188 5065 
3 5187 5188 5064 
3 5063 5187 5064 
3 5186 5187 5063 
3 5062 5186 5063 
3 5185 5186 5062 
3 5061 5185 5062 
3 5184 5185 5061 
3 5060 5184 5061 
3 5183 5184 5060 
3 5059 5183 5060 
3 5182 5183 5059 
3 5058 5182 5059 
3 5181 5182 5058 
3 5057 5181 5058 
3 5180 5181 5057 
3 5056 5180 5057 
3 5179 5180 5056 
3 5055 5179 5056 
3 5178 5179 5055 
3 5054 5178 5055 
3 5177 5178 5054 
3 5053 5177 5054 
3 5176 5177 5053 
3 5052 5176 5053 
3 5175 5176 5052 
3 5051 5175 5052 
3 5174 5175 5051 
3 5050 5174 5051 
3 5173 5174 5050 
3 5049 5173 5050 
3 5172 5173 5049 
3 5048 5172 5049 
3 5171 5172 5048 
3 5047 5171 5048 
3 5170 5171 5047 
3 5046 5170 5047 
3 5169 5170 5046 
3 5045 5169 5046 
3 5168 5169 5045 
3 5044 5168 5045 
3 5167 5168 5044 
3 5043 5167 5044 
3 5166 5167 5043 
3 5042 5166 5043 
3 5165 5166 5042 
3 5041 5165 5042 
3 5164 5165 5041 
3 5040 5164 5041 
3 5163 5164 5040 
3 5039 5163 5040 
3 5162 5163 5039 
3 5038 5162 5039 
3 5161 5162 5038 
3 5037 5161 5038 
3 5160 5161 5037 
3 5036 5160 5037 
3 5159 5160 5036 
3 5035 5159 5036 
3 5158 5159 5035 
3 5034 5158 5035 
3 5157 5158 5034 
3 5033 5157 5034 
3 5156 5157 5033 
3 5032 5156 5033 
3 5155 5156 5032 
3 5031 5155 5032 
3 5154 5155 5031 
3 5030 5154 5031 
3 5153 5154 5030 
3 5029 5153 5030 
3 5152 5153 5029 
3 5028 5152 5029 
3 5151 5152 5028 
3 5027 5151 5028 
3 5150 5151 5027 
3 5026 5150 5027 
3 5149 5150 5026 
3 5025 5149 5026 
3 5148 5149 5025 
3 5024 5148 5025 
3 5147 5148 5024 
3 5023 5147 5024 
3 5146 5147 5023 
3 5022 5146 5023 
3 5145 5146 5022 
3 5021 5145 5022 
3 5144 5145 5021 
3 5020 5144 5021 
3 5143 5144 5020 
3 5019 5143 5020 
3 5142 5143 5019 
3 5018 5142 5019 
3 5141 5142 5018 
3 5017 5141 5018 
3 5140 5141 5017 
3 5016 5140 5017 
3 5139 5140 5016 
3 5015 5139 5016 
3 5138 5139 5015 
3 5014 5138 5015 
3 5137 5138 5014 
3 5013 5137 5014 
3 5136 5137 5013 
3 5012 5136 5013 
3 5135 5136 5012 
3 5011 5135 5012 
3 5134 5135 5011 
3 5010 5134 5011 
3 5133 5134 5010 
3 5009 5133 5010 
3 5132 5133 5009 
3 5130 5131 5008 
3 5128 5129 5007 
3 5006 5128 5007 
3 5004 5127 5005 
3 5126 5127 5004 
3 5003 5126 5004 
3 5125 5126 5003 
3 5002 5125 5003 
3 5124 5125 5002 
3 5001 5124 5002 
3 5123 5124 5001 
3 5000 5123 5001 
3 5122 5123 5000 
3 4999 5122 5000 
3 5121 5122 4999 
3 4998 5121 4999 
3 5120 5121 4998 
3 4997 5120 4998 
3 5119 5120 4997 
3 4996 5119 4997 
3 5118 5119 4996 
3 4995 5118 4996 
3 5117 5118 4995 
3 4994 5117 4995 
3 5116 5117 4994 
3 4993 5116 4994 
3 5115 5116 4993 
3 4992 5115 4993 
3 4990 5114 4991 
3 5113 5114 4990 
3 4989 5113 4990 
3 5112 5113 4989 
3 4988 5112 4989 
3 5111 5112 4988 
3 4987 5111 4988 
3 5110 5111 4987 
3 4986 5110 4987 
3 5109 5110 4986 
3 4985 5109 4986 
3 5108 5109 4985 
3 4984 5108 4985 
3 4981 5107 4982 
3 5106 5107 4981 
3 5227 5352 5228 
3 5351 5352 5227 
3 5226 5351 5227 
3 5350 5351 5226 
3 5225 5350 5226 
3 5349 5350 5225 
3 5224 5349 5225 
3 5348 5349 5224 
3 5223 5348 5224 
3 5347 5348 5223 
3 5222 5347 5223 
3 5346 5347 5222 
3 5221 5346 5222 
3 5345 5346 5221 
3 5220 5345 5221 
3 5344 5345 5220 
3 5219 5344 5220 
3 5343 5344 5219 
3 5218 5343 5219 
3 5216 5342 5217 
3 5341 5342 5216 
3 5215 5341 5216 
3 5340 5341 5215 
3 5214 5340 5215 
3 5339 5340 5214 
3 5213 5339 5214 
3 5338 5339 5213 
3 5212 5338 5213 
3 5337 5338 5212 
3 5211 5337 5212 
3 5336 5337 5211 
3 5210 5336 5211 
3 5335 5336 5210 
3 5209 5335 5210 
3 5334 5335 5209 
3 5208 5334 5209 
3 5333 5334 5208 
3 5207 5333 5208 
3 5332 5333 5207 
3 5206 5332 5207 
3 5331 5332 5206 
3 5205 5331 5206 
3 5330 5331 5205 
3 5204 5330 5205 
3 5329 5330 5204 
3 5203 5329 5204 
3 5328 5329 5203 
3 5202 5328 5203 
3 5327 5328 5202 
3 5201 5327 5202 
3 5326 5327 5201 
3 5200 5326 5201 
3 5325 5326 5200 
3 5199 5325 5200 
3 5324 5325 5199 
3 5198 5324 5199 
3 5323 5324 5198 
3 5197 5323 5198 
3 5322 5323 5197 
3 5196 5322 5197 
3 5321 5322 5196 
3 5195 5321 5196 
3 5320 5321 5195 
3 5194 5320 5195 
3 5319 5320 5194 
3 5193 5319 5194 
3 5318 5319 5193 
3 5192 5318 5193 
3 5317 5318 5192 
3 5191 5317 5192 
3 5316 5317 5191 
3 5190 5316 5191 
3 5315 5316 5190 
3 5189 5315 5190 
3 5314 5315 5189 
3 5188 5314 5189 
3 5313 5314 5188 
3 5187 5313 5188 
3 5312 5313 5187 
3 5186 5312 5187 
3 5311 5312 5186 
3 5185 5311 5186 
3 5310 5311 5185 
3 5184 5310 5185 
3 5309 5310 5184 
3 5183 5309 5184 
3 5308 5309 5183 
3 5182 5308 5183 
3 5307 5308 5182 
3 5181 5307 5182 
3 5306 5307 5181 
3 5180 5306 5181 
3 5305 5306 5180 
3 5179 5305 5180 
3 5304 5305 5179 
3 5178 5304 5179 
3 5303 5304 5178 
3 5177 5303 5178 
3 5302 5303 5177 
3 5176 5302 5177 
3 5301 5302 5176 
3 5175 5301 5176 
3 5300 5301 5175 
3 5174 5300 5175 
3 5299 5300 5174 
3 5173 5299 5174 
3 5298 5299 5173 
3 5172 5298 5173 
3 5297 5298 5172 
3 5171 5297 5172 
3 5296 5297 5171 
3 5170 5296 5171 
3 5295 5296 5170 
3 5169 5295 5170 
3 5294 5295 5169 
3 5168 5294 5169 
3 5293 5294 5168 
3 5167 5293 5168 
3 5292 5293 5167 
3 5166 5292 5167 
3 5291 5292 5166 
3 5165 5291 5166 
3 5290 5291 5165 
3 5164 5290 5165 
3 5289 5290 5164 
3 5163 5289 5164 
3 5288 5289 5163 
3 5162 5288 5163 
3 5287 5288 5162 
3 5161 5287 5162 
3 5286 5287 5161 
3 5160 5286 5161 
3 5285 5286 5160 
3 5159 5285 5160 
3 5284 5285 5159 
3 5158 5284 5159 
3 5283 5284 5158 
3 5157 5283 5158 
3 5282 5283 5157 
3 5156 5282 5157 
3 5281 5282 5156 
3 5155 5281 5156 
3 5280 5281 5155 
3 5154 5280 5155 
3 5279 5280 5154 
3 5153 5279 5154 
3 5278 5279 5153 
3 5152 5278 5153 
3 5277 5278 5152 
3 5151 5277 5152 
3 5276 5277 5151 
3 5150 5276 5151 
3 5275 5276 5150 
3 5149 5275 5150 
3 5274 5275 5149 
3 5148 5274 5149 
3 5273 5274 5148 
3 5147 5273 5148 
3 5272 5273 5147 
3 5146 5272 5147 
3 5271 5272 5146 
3 5145 5271 5146 
3 5270 5271 5145 
3 5144 5270 5145 
3 5269 5270 5144 
3 5143 5269 5144 
3 5268 5269 5143 
3 5142 5268 5143 
3 5267 5268 5142 
3 5141 5267 5142 
3 5266 5267 5141 
3 5140 5266 5141 
3 5265 5266 5140 
3 5139 5265 5140 
3 5264 5265 5139 
3 5138 5264 5139 
3 5263 5264 5138 
3 5137 5263 5138 
3 5262 5263 5137 
3 5136 5262 5137 
3 5261 5262 5136 
3 5135 5261 5136 
3 5260 5261 5135 
3 5134 5260 5135 
3 5259 5260 5134 
3 5133 5259 5134 
3 5258 5259 5133 
3 5132 5258 5133 
3 5257 5258 5132 
3 5255 5256 5131 
3 5130 5255 5131 
3 5128 5254 5129 
3 5253 5254 5128 
3 5126 5252 5127 
3 5251 5252 5126 
3 5125 5251 5126 
3 5250 5251 5125 
3 5124 5250 5125 
3 5249 5250 5124 
3 5123 5249 5124 
3 5248 5249 5123 
3 5122 5248 5123 
3 5247 5248 5122 
3 5121 5247 5122 
3 5246 5247 5121 
3 5120 5246 5121 
3 5245 5246 5120 
3 5119 5245 5120 
3 5244 5245 5119 
3 5118 5244 5119 
3 5243 5244 5118 
3 5117 5243 5118 
3 5242 5243 5117 
3 5116 5242 5117 
3 5241 5242 5116 
3 5115 5241 5116 
3 5240 5241 5115 
3 5238 5239 5114 
3 5113 5238 5114 
3 5237 5238 5113 
3 5112 5237 5113 
3 5236 5237 5112 
3 5111 5236 5112 
3 5235 5236 5111 
3 5110 5235 5111 
3 5234 5235 5110 
3 5109 5234 5110 
3 5233 5234 5109 
3 5108 5233 5109 
3 5232 5233 5108 
3 5106 5230 5107 
3 5229 5230 5106 
3 4979 5105 4980 
3 5104 5105 4979 
3 4978 5104 4979 
3 5103 5104 4978 
3 4977 5103 4978 
3 5102 5103 4977 
3 4976 5102 4977 
3 5101 5102 4976 
3 4975 5101 4976 
3 5100 5101 4975 
3 4974 5100 4975 
3 5099 5100 4974 
3 4973 5099 4974 
3 5098 5099 4973 
3 4972 5098 4973 
3 5097 5098 4972 
3 4971 5097 4972 
3 5096 5097 4971 
3 4970 5096 4971 
3 5095 5096 4970 
3 4969 5095 4970 
3 5094 5095 4969 
3 4968 5094 4969 
3 5093 5094 4968 
3 4967 5093 4968 
3 5092 5093 4967 
3 4966 5092 4967 
3 5091 5092 4966 
3 4965 5091 4966 
3 5090 5091 4965 
3 5088 5089 4964 
3 4963 5088 4964 
3 5087 5088 4963 
3 4962 5087 4963 
3 5086 5087 4962 
3 4961 5086 4962 
3 5085 5086 4961 
3 4960 5085 4961 
3 5084 5085 4960 
3 4959 5084 4960 
3 5083 5084 4959 
3 4958 5083 4959 
3 5082 5083 4958 
3 4957 5082 4958 
3 5081 5082 4957 
3 4956 5081 4957 
3 5080 5081 4956 
3 4955 5080 4956 
3 5079 5080 4955 
3 4954 5079 4955 
3 5078 5079 4954 
3 4953 5078 4954 
3 5077 5078 4953 
3 4952 5077 4953 
3 5076 5077 4952 
3 4951 5076 4952 
3 5075 5076 4951 
3 4950 5075 4951 
3 5074 5075 4950 
3 4949 5074 4950 
3 5073 5074 4949 
3 4948 5073 4949 
3 5072 5073 4948 
3 4947 5072 4948 
3 5071 5072 4947 
3 4946 5071 4947 
3 5070 5071 4946 
3 4945 5070 4946 
3 5069 5070 4945 
3 4944 5069 4945 
3 5068 5069 4944 
3 4943 5068 4944 
3 5067 5068 4943 
3 4942 5067 4943 
3 5066 5067 4942 
3 4941 5066 4942 
3 5065 5066 4941 
3 4940 5065 4941 
3 5064 5065 4940 
3 4939 5064 4940 
3 5063 5064 4939 
3 4938 5063 4939 
3 5062 5063 4938 
3 4937 5062 4938 
3 5061 5062 4937 
3 4936 5061 4937 
3 5060 5061 4936 
3 4935 5060 4936 
3 5059 5060 4935 
3 4934 5059 4935 
3 5058 5059 4934 
3 4933 5058 4934 
3 5057 5058 4933 
3 4932 5057 4933 
3 5056 5057 4932 
3 4931 5056 4932 
3 5055 5056 4931 
3 4930 5055 4931 
3 5054 5055 4930 
3 4929 5054 4930 
3 5053 5054 4929 
3 4928 5053 4929 
3 5052 5053 4928 
3 4927 5052 4928 
3 5051 5052 4927 
3 4926 5051 4927 
3 5050 5051 4926 
3 4925 5050 4926 
3 5049 5050 4925 
3 4924 5049 4925 
3 5048 5049 4924 
3 4923 5048 4924 
3 5047 5048 4923 
3 4922 5047 4923 
3 5046 5047 4922 
3 4921 5046 4922 
3 5045 5046 4921 
3 4920 5045 4921 
3 5044 5045 4920 
3 4919 5044 4920 
3 5043 5044 4919 
3 4918 5043 4919 
3 5042 5043 4918 
3 4917 5042 4918 
3 5041 5042 4917 
3 4916 5041 4917 
3 5040 5041 4916 
3 4915 5040 4916 
3 5039 5040 4915 
3 4914 5039 4915 
3 5038 5039 4914 
3 4913 5038 4914 
3 5037 5038 4913 
3 4912 5037 4913 
3 5036 5037 4912 
3 4911 5036 4912 
3 5035 5036 4911 
3 4910 5035 4911 
3 5034 5035 4910 
3 4909 5034 4910 
3 5033 5034 4909 
3 4908 5033 4909 
3 5032 5033 4908 
3 4907 5032 4908 
3 5031 5032 4907 
3 4906 5031 4907 
3 5030 5031 4906 
3 4905 5030 4906 
3 5029 5030 4905 
3 4904 5029 4905 
3 5028 5029 4904 
3 4903 5028 4904 
3 5027 5028 4903 
3 4902 5027 4903 
3 5026 5027 4902 
3 4901 5026 4902 
3 5025 5026 4901 
3 4900 5025 4901 
3 5024 5025 4900 
3 4899 5024 4900 
3 5023 5024 4899 
3 4898 5023 4899 
3 5022 5023 4898 
3 4897 5022 4898 
3 5021 5022 4897 
3 4896 5021 4897 
3 5020 5021 4896 
3 4895 5020 4896 
3 5019 5020 4895 
3 4894 5019 4895 
3 5018 5019 4894 
3 4893 5018 4894 
3 5017 5018 4893 
3 4892 5017 4893 
3 5016 5017 4892 
3 4891 5016 4892 
3 5015 5016 4891 
3 5013 5014 4890 
3 4889 5013 4890 
3 5012 5013 4889 
3 4888 5012 4889 
3 5011 5012 4888 
3 4887 5011 4888 
3 5010 5011 4887 
3 4886 5010 4887 
3 5009 5010 4886 
3 4885 5009 4886 
3 4882 5008 4883 
3 4880 5007 4881 
3 5006 5007 4880 
3 4879 5006 4880 
3 5005 5006 4879 
3 4878 5005 4879 
3 5004 5005 4878 
3 4877 5004 4878 
3 5003 5004 4877 
3 4876 5003 4877 
3 5002 5003 4876 
3 4875 5002 4876 
3 5001 5002 4875 
3 4874 5001 4875 
3 5000 5001 4874 
3 4873 5000 4874 
3 4999 5000 4873 
3 4872 4999 4873 
3 4998 4999 4872 
3 4871 4998 4872 
3 4997 4998 4871 
3 4870 4997 4871 
3 4996 4997 4870 
3 4869 4996 4870 
3 4995 4996 4869 
3 4868 4995 4869 
3 4994 4995 4868 
3 4867 4994 4868 
3 4993 4994 4867 
3 4866 4993 4867 
3 4992 4993 4866 
3 4865 4992 4866 
3 4991 4992 4865 
3 4864 4991 4865 
3 4990 4991 4864 
3 4863 4990 4864 
3 4989 4990 4863 
3 4862 4989 4863 
3 4988 4989 4862 
3 4861 4988 4862 
3 4987 4988 4861 
3 4860 4987 4861 
3 4986 4987 4860 
3 4984 4985 4859 
3 4982 4983 4858 
3 4857 4982 4858 
3 4981 4982 4857 
3 4356 4483 4357 
3 4482 4483 4356 
3 4355 4482 4356 
3 4481 4482 4355 
3 4354 4481 4355 
3 4480 4481 4354 
3 4353 4480 4354 
3 4479 4480 4353 
3 4352 4479 4353 
3 4478 4479 4352 
3 4351 4478 4352 
3 4477 4478 4351 
3 4350 4477 4351 
3 4476 4477 4350 
3 4349 4476 4350 
3 4475 4476 4349 
3 4348 4475 4349 
3 4474 4475 4348 
3 4347 4474 4348 
3 4473 4474 4347 
3 4346 4473 4347 
3 4472 4473 4346 
3 4345 4472 4346 
3 4471 4472 4345 
3 4344 4471 4345 
3 4470 4471 4344 
3 4343 4470 4344 
3 4469 4470 4343 
3 4342 4469 4343 
3 4468 4469 4342 
3 4341 4468 4342 
3 4467 4468 4341 
3 4340 4467 4341 
3 4466 4467 4340 
3 4339 4466 4340 
3 4465 4466 4339 
3 4338 4465 4339 
3 4464 4465 4338 
3 4337 4464 4338 
3 4463 4464 4337 
3 4336 4463 4337 
3 4462 4463 4336 
3 4335 4462 4336 
3 4461 4462 4335 
3 4334 4461 4335 
3 4460 4461 4334 
3 4333 4460 4334 
3 4459 4460 4333 
3 4332 4459 4333 
3 4458 4459 4332 
3 4331 4458 4332 
3 4457 4458 4331 
3 4330 4457 4331 
3 4456 4457 4330 
3 4329 4456 4330 
3 4455 4456 4329 
3 4328 4455 4329 
3 4454 4455 4328 
3 4327 4454 4328 
3 4453 4454 4327 
3 4326 4453 4327 
3 4452 4453 4326 
3 4325 4452 4326 
3 4451 4452 4325 
3 4324 4451 4325 
3 4450 4451 4324 
3 4323 4450 4324 
3 4449 4450 4323 
3 4322 4449 4323 
3 4448 4449 4322 
3 4321 4448 4322 
3 4447 4448 4321 
3 4320 4447 4321 
3 4446 4447 4320 
3 4319 4446 4320 
3 4445 4446 4319 
3 4318 4445 4319 
3 4444 4445 4318 
3 4317 4444 4318 
3 4443 4444 4317 
3 4316 4443 4317 
3 4442 4443 4316 
3 4315 4442 4316 
3 4441 4442 4315 
3 4314 4441 4315 
3 4440 4441 4314 
3 4313 4440 4314 
3 4439 4440 4313 
3 4312 4439 4313 
3 4438 4439 4312 
3 4311 4438 4312 
3 4437 4438 4311 
3 4310 4437 4311 
3 4436 4437 4310 
3 4309 4436 4310 
3 4435 4436 4309 
3 4308 4435 4309 
3 4434 4435 4308 
3 4307 4434 4308 
3 4433 4434 4307 
3 4306 4433 4307 
3 4432 4433 4306 
3 4305 4432 4306 
3 4431 4432 4305 
3 4304 4431 4305 
3 4430 4431 4304 
3 4303 4430 4304 
3 4429 4430 4303 
3 4302 4429 4303 
3 4428 4429 4302 
3 4301 4428 4302 
3 4427 4428 4301 
3 4300 4427 4301 
3 4426 4427 4300 
3 4299 4426 4300 
3 4425 4426 4299 
3 4298 4425 4299 
3 4424 4425 4298 
3 4297 4424 4298 
3 4423 4424 4297 
3 4296 4423 4297 
3 4422 4423 4296 
3 4295 4422 4296 
3 4421 4422 4295 
3 4294 4421 4295 
3 4420 4421 4294 
3 4293 4420 4294 
3 4419 4420 4293 
3 4292 4419 4293 
3 4418 4419 4292 
3 4291 4418 4292 
3 4417 4418 4291 
3 4290 4417 4291 
3 4416 4417 4290 
3 4289 4416 4290 
3 4415 4416 4289 
3 4288 4415 4289 
3 4414 4415 4288 
3 4287 4414 4288 
3 4413 4414 4287 
3 4286 4413 4287 
3 4412 4413 4286 
3 4285 4412 4286 
3 4411 4412 4285 
3 4284 4411 4285 
3 4410 4411 4284 
3 4283 4410 4284 
3 4409 4410 4283 
3 4282 4409 4283 
3 4408 4409 4282 
3 4281 4408 4282 
3 4407 4408 4281 
3 4280 4407 4281 
3 4406 4407 4280 
3 4279 4406 4280 
3 4405 4406 4279 
3 4278 4405 4279 
3 4404 4405 4278 
3 4277 4404 4278 
3 4403 4404 4277 
3 4276 4403 4277 
3 4402 4403 4276 
3 4275 4402 4276 
3 4401 4402 4275 
3 4274 4401 4275 
3 4400 4401 4274 
3 4273 4400 4274 
3 4399 4400 4273 
3 4272 4399 4273 
3 4398 4399 4272 
3 4271 4398 4272 
3 4397 4398 4271 
3 4270 4397 4271 
3 4396 4397 4270 
3 4269 4396 4270 
3 4395 4396 4269 
3 4268 4395 4269 
3 4394 4395 4268 
3 4267 4394 4268 
3 4393 4394 4267 
3 4266 4393 4267 
3 4392 4393 4266 
3 4265 4392 4266 
3 4391 4392 4265 
3 4264 4391 4265 
3 4390 4391 4264 
3 4263 4390 4264 
3 4389 4390 4263 
3 4262 4389 4263 
3 4388 4389 4262 
3 4261 4388 4262 
3 4387 4388 4261 
3 4260 4387 4261 
3 4386 4387 4260 
3 4259 4386 4260 
3 4385 4386 4259 
3 4383 4384 4258 
3 4257 4383 4258 
3 4382 4383 4257 
3 4256 4382 4257 
3 4381 4382 4256 
3 4255 4381 4256 
3 4380 4381 4255 
3 4254 4380 4255 
3 4379 4380 4254 
3 4253 4379 4254 
3 4378 4379 4253 
3 4252 4378 4253 
3 4377 4378 4252 
3 4251 4377 4252 
3 4376 4377 4251 
3 4250 4376 4251 
3 4375 4376 4250 
3 4249 4375 4250 
3 4374 4375 4249 
3 4248 4374 4249 
3 4373 4374 4248 
3 4247 4373 4248 
3 4372 4373 4247 
3 4246 4372 4247 
3 4371 4372 4246 
3 4245 4371 4246 
3 4370 4371 4245 
3 4244 4370 4245 
3 4369 4370 4244 
3 4243 4369 4244 
3 4368 4369 4243 
3 4242 4368 4243 
3 4367 4368 4242 
3 4240 4366 4241 
3 4365 4366 4240 
3 4239 4365 4240 
3 4364 4365 4239 
3 4238 4364 4239 
3 4363 4364 4238 
3 4237 4363 4238 
3 4362 4363 4237 
3 4236 4362 4237 
3 4361 4362 4236 
3 4235 4361 4236 
3 4360 4361 4235 
3 4233 4359 4234 
3 4358 4359 4233 
3 4606 4732 4607 
3 4731 4732 4606 
3 4605 4731 4606 
3 4730 4731 4605 
3 4604 4730 4605 
3 4729 4730 4604 
3 4603 4729 4604 
3 4728 4729 4603 
3 4602 4728 4603 
3 4727 4728 4602 
3 4601 4727 4602 
3 4726 4727 4601 
3 4600 4726 4601 
3 4725 4726 4600 
3 4599 4725 4600 
3 4724 4725 4599 
3 4598 4724 4599 
3 4723 4724 4598 
3 4597 4723 4598 
3 4722 4723 4597 
3 4596 4722 4597 
3 4721 4722 4596 
3 4595 4721 4596 
3 4720 4721 4595 
3 4594 4720 4595 
3 4719 4720 4594 
3 4593 4719 4594 
3 4718 4719 4593 
3 4592 4718 4593 
3 4717 4718 4592 
3 4591 4717 4592 
3 4716 4717 4591 
3 4590 4716 4591 
3 4715 4716 4590 
3 4589 4715 4590 
3 4714 4715 4589 
3 4588 4714 4589 
3 4713 4714 4588 
3 4587 4713 4588 
3 4712 4713 4587 
3 4586 4712 4587 
3 4711 4712 4586 
3 4585 4711 4586 
3 4710 4711 4585 
3 4584 4710 4585 
3 4709 4710 4584 
3 4583 4709 4584 
3 4708 4709 4583 
3 4582 4708 4583 
3 4707 4708 4582 
3 4581 4707 4582 
3 4706 4707 4581 
3 4580 4706 4581 
3 4705 4706 4580 
3 4579 4705 4580 
3 4704 4705 4579 
3 4578 4704 4579 
3 4703 4704 4578 
3 4577 4703 4578 
3 4702 4703 4577 
3 4576 4702 4577 
3 4701 4702 4576 
3 4575 4701 4576 
3 4700 4701 4575 
3 4574 4700 4575 
3 4699 4700 4574 
3 4573 4699 4574 
3 4698 4699 4573 
3 4572 4698 4573 
3 4697 4698 4572 
3 4571 4697 4572 
3 4696 4697 4571 
3 4570 4696 4571 
3 4695 4696 4570 
3 4569 4695 4570 
3 4694 4695 4569 
3 4568 4694 4569 
3 4693 4694 4568 
3 4567 4693 4568 
3 4692 4693 4567 
3 4566 4692 4567 
3 4691 4692 4566 
3 4565 4691 4566 
3 4690 4691 4565 
3 4564 4690 4565 
3 4689 4690 4564 
3 4563 4689 4564 
3 4688 4689 4563 
3 4562 4688 4563 
3 4687 4688 4562 
3 4561 4687 4562 
3 4686 4687 4561 
3 4560 4686 4561 
3 4685 4686 4560 
3 4559 4685 4560 
3 4684 4685 4559 
3 4558 4684 4559 
3 4683 4684 4558 
3 4557 4683 4558 
3 4682 4683 4557 
3 4556 4682 4557 
3 4681 4682 4556 
3 4555 4681 4556 
3 4680 4681 4555 
3 4554 4680 4555 
3 4679 4680 4554 
3 4553 4679 4554 
3 4678 4679 4553 
3 4552 4678 4553 
3 4677 4678 4552 
3 4551 4677 4552 
3 4676 4677 4551 
3 4550 4676 4551 
3 4675 4676 4550 
3 4549 4675 4550 
3 4674 4675 4549 
3 4548 4674 4549 
3 4673 4674 4548 
3 4547 4673 4548 
3 4672 4673 4547 
3 4546 4672 4547 
3 4671 4672 4546 
3 4545 4671 4546 
3 4670 4671 4545 
3 4544 4670 4545 
3 4669 4670 4544 
3 4543 4669 4544 
3 4668 4669 4543 
3 4542 4668 4543 
3 4667 4668 4542 
3 4541 4667 4542 
3 4666 4667 4541 
3 4540 4666 4541 
3 4665 4666 4540 
3 4539 4665 4540 
3 4664 4665 4539 
3 4538 4664 4539 
3 4663 4664 4538 
3 4537 4663 4538 
3 4662 4663 4537 
3 4536 4662 4537 
3 4661 4662 4536 
3 4535 4661 4536 
3 4660 4661 4535 
3 4534 4660 4535 
3 4659 4660 4534 
3 4533 4659 4534 
3 4658 4659 4533 
3 4532 4658 4533 
3 4657 4658 4532 
3 4531 4657 4532 
3 4656 4657 4531 
3 4530 4656 4531 
3 4655 4656 4530 
3 4529 4655 4530 
3 4654 4655 4529 
3 4528 4654 4529 
3 4653 4654 4528 
3 4527 4653 4528 
3 4652 4653 4527 
3 4526 4652 4527 
3 4651 4652 4526 
3 4525 4651 4526 
3 4650 4651 4525 
3 4524 4650 4525 
3 4649 4650 4524 
3 4523 4649 4524 
3 4648 4649 4523 
3 4522 4648 4523 
3 4647 4648 4522 
3 4521 4647 4522 
3 4646 4647 4521 
3 4520 4646 4521 
3 4645 4646 4520 
3 4519 4645 4520 
3 4644 4645 4519 
3 4517 4643 4518 
3 4642 4643 4517 
3 4516 4642 4517 
3 4641 4642 4516 
3 4515 4641 4516 
3 4640 4641 4515 
3 4514 4640 4515 
3 4639 4640 4514 
3 4513 4639 4514 
3 4511 4638 4512 
3 4637 4638 4511 
3 4510 4637 4511 
3 4636 4637 4510 
3 4509 4636 4510 
3 4635 4636 4509 
3 4508 4635 4509 
3 4634 4635 4508 
3 4507 4634 4508 
3 4633 4634 4507 
3 4506 4633 4507 
3 4632 4633 4506 
3 4505 4632 4506 
3 4631 4632 4505 
3 4504 4631 4505 
3 4630 4631 4504 
3 4503 4630 4504 
3 4629 4630 4503 
3 4502 4629 4503 
3 4628 4629 4502 
3 4501 4628 4502 
3 4627 4628 4501 
3 4500 4627 4501 
3 4626 4627 4500 
3 4499 4626 4500 
3 4625 4626 4499 
3 4498 4625 4499 
3 4624 4625 4498 
3 4497 4624 4498 
3 4623 4624 4497 
3 4496 4623 4497 
3 4622 4623 4496 
3 4495 4622 4496 
3 4621 4622 4495 
3 4494 4621 4495 
3 4620 4621 4494 
3 4493 4620 4494 
3 4619 4620 4493 
3 4492 4619 4493 
3 4618 4619 4492 
3 4491 4618 4492 
3 4489 4617 4490 
3 4616 4617 4489 
3 4488 4616 4489 
3 4615 4616 4488 
3 4487 4615 4488 
3 4614 4615 4487 
3 4612 4613 4486 
3 4609 4610 4485 
3 4484 4609 4485 
3 4608 4609 4484 
3 4731 4856 4732 
3 4855 4856 4731 
3 4730 4855 4731 
3 4854 4855 4730 
3 4729 4854 4730 
3 4853 4854 4729 
3 4728 4853 4729 
3 4852 4853 4728 
3 4727 4852 4728 
3 4851 4852 4727 
3 4726 4851 4727 
3 4850 4851 4726 
3 4725 4850 4726 
3 4849 4850 4725 
3 4724 4849 4725 
3 4848 4849 4724 
3 4723 4848 4724 
3 4847 4848 4723 
3 4722 4847 4723 
3 4846 4847 4722 
3 4721 4846 4722 
3 4845 4846 4721 
3 4720 4845 4721 
3 4844 4845 4720 
3 4719 4844 4720 
3 4843 4844 4719 
3 4718 4843 4719 
3 4842 4843 4718 
3 4717 4842 4718 
3 4841 4842 4717 
3 4716 4841 4717 
3 4714 4840 4715 
3 4839 4840 4714 
3 4713 4839 4714 
3 4838 4839 4713 
3 4712 4838 4713 
3 4837 4838 4712 
3 4711 4837 4712 
3 4836 4837 4711 
3 4710 4836 4711 
3 4835 4836 4710 
3 4709 4835 4710 
3 4834 4835 4709 
3 4708 4834 4709 
3 4833 4834 4708 
3 4707 4833 4708 
3 4832 4833 4707 
3 4706 4832 4707 
3 4831 4832 4706 
3 4705 4831 4706 
3 4830 4831 4705 
3 4704 4830 4705 
3 4829 4830 4704 
3 4703 4829 4704 
3 4828 4829 4703 
3 4702 4828 4703 
3 4827 4828 4702 
3 4701 4827 4702 
3 4826 4827 4701 
3 4700 4826 4701 
3 4825 4826 4700 
3 4699 4825 4700 
3 4824 4825 4699 
3 4698 4824 4699 
3 4823 4824 4698 
3 4697 4823 4698 
3 4822 4823 4697 
3 4696 4822 4697 
3 4821 4822 4696 
3 4695 4821 4696 
3 4820 4821 4695 
3 4694 4820 4695 
3 4819 4820 4694 
3 4693 4819 4694 
3 4818 4819 4693 
3 4692 4818 4693 
3 4817 4818 4692 
3 4691 4817 4692 
3 4816 4817 4691 
3 4690 4816 4691 
3 4815 4816 4690 
3 4689 4815 4690 
3 4814 4815 4689 
3 4688 4814 4689 
3 4813 4814 4688 
3 4687 4813 4688 
3 4812 4813 4687 
3 4686 4812 4687 
3 4811 4812 4686 
3 4685 4811 4686 
3 4810 4811 4685 
3 4684 4810 4685 
3 4809 4810 4684 
3 4683 4809 4684 
3 4808 4809 4683 
3 4682 4808 4683 
3 4807 4808 4682 
3 4681 4807 4682 
3 4806 4807 4681 
3 4680 4806 4681 
3 4805 4806 4680 
3 4679 4805 4680 
3 4804 4805 4679 
3 4678 4804 4679 
3 4803 4804 4678 
3 4677 4803 4678 
3 4802 4803 4677 
3 4676 4802 4677 
3 4801 4802 4676 
3 4675 4801 4676 
3 4800 4801 4675 
3 4674 4800 4675 
3 4799 4800 4674 
3 4673 4799 4674 
3 4798 4799 4673 
3 4672 4798 4673 
3 4797 4798 4672 
3 4671 4797 4672 
3 4796 4797 4671 
3 4670 4796 4671 
3 4795 4796 4670 
3 4669 4795 4670 
3 4794 4795 4669 
3 4668 4794 4669 
3 4793 4794 4668 
3 4667 4793 4668 
3 4792 4793 4667 
3 4666 4792 4667 
3 4791 4792 4666 
3 4665 4791 4666 
3 4790 4791 4665 
3 4664 4790 4665 
3 4789 4790 4664 
3 4663 4789 4664 
3 4788 4789 4663 
3 4662 4788 4663 
3 4787 4788 4662 
3 4661 4787 4662 
3 4786 4787 4661 
3 4660 4786 4661 
3 4785 4786 4660 
3 4659 4785 4660 
3 4784 4785 4659 
3 4658 4784 4659 
3 4783 4784 4658 
3 4657 4783 4658 
3 4782 4783 4657 
3 4656 4782 4657 
3 4781 4782 4656 
3 4655 4781 4656 
3 4780 4781 4655 
3 4654 4780 4655 
3 4779 4780 4654 
3 4653 4779 4654 
3 4778 4779 4653 
3 4652 4778 4653 
3 4777 4778 4652 
3 4651 4777 4652 
3 4776 4777 4651 
3 4650 4776 4651 
3 4775 4776 4650 
3 4649 4775 4650 
3 4774 4775 4649 
3 4648 4774 4649 
3 4773 4774 4648 
3 4647 4773 4648 
3 4772 4773 4647 
3 4646 4772 4647 
3 4771 4772 4646 
3 4645 4771 4646 
3 4770 4771 4645 
3 4644 4770 4645 
3 4769 4770 4644 
3 4767 4768 4643 
3 4642 4767 4643 
3 4766 4767 4642 
3 4641 4766 4642 
3 4765 4766 4641 
3 4640 4765 4641 
3 4764 4765 4640 
3 4639 4764 4640 
3 4763 4764 4639 
3 4637 4762 4638 
3 4761 4762 4637 
3 4636 4761 4637 
3 4760 4761 4636 
3 4635 4760 4636 
3 4759 4760 4635 
3 4634 4759 4635 
3 4758 4759 4634 
3 4633 4758 4634 
3 4757 4758 4633 
3 4632 4757 4633 
3 4756 4757 4632 
3 4631 4756 4632 
3 4755 4756 4631 
3 4630 4755 4631 
3 4754 4755 4630 
3 4629 4754 4630 
3 4753 4754 4629 
3 4628 4753 4629 
3 4752 4753 4628 
3 4627 4752 4628 
3 4751 4752 4627 
3 4626 4751 4627 
3 4750 4751 4626 
3 4625 4750 4626 
3 4749 4750 4625 
3 4624 4749 4625 
3 4748 4749 4624 
3 4623 4748 4624 
3 4747 4748 4623 
3 4622 4747 4623 
3 4620 4746 4621 
3 4745 4746 4620 
3 4619 4745 4620 
3 4744 4745 4619 
3 4618 4744 4619 
3 4743 4744 4618 
3 4741 4742 4617 
3 4616 4741 4617 
3 4740 4741 4616 
3 4615 4740 4616 
3 4739 4740 4615 
3 4614 4739 4615 
3 4738 4739 4614 
3 4613 4738 4614 
3 4737 4738 4613 
3 4612 4737 4613 
3 4736 4737 4612 
3 4611 4736 4612 
3 4735 4736 4611 
3 4610 4735 4611 
3 4608 4734 4609 
3 4733 4734 4608 
3 4482 4607 4483 
3 4606 4607 4482 
3 4481 4606 4482 
3 4605 4606 4481 
3 4480 4605 4481 
3 4604 4605 4480 
3 4479 4604 4480 
3 4603 4604 4479 
3 4478 4603 4479 
3 4602 4603 4478 
3 4477 4602 4478 
3 4601 4602 4477 
3 4476 4601 4477 
3 4600 4601 4476 
3 4475 4600 4476 
3 4599 4600 4475 
3 4474 4599 4475 
3 4598 4599 4474 
3 4473 4598 4474 
3 4597 4598 4473 
3 4472 4597 4473 
3 4596 4597 4472 
3 4471 4596 4472 
3 4595 4596 4471 
3 4470 4595 4471 
3 4594 4595 4470 
3 4469 4594 4470 
3 4593 4594 4469 
3 4468 4593 4469 
3 4592 4593 4468 
3 4467 4592 4468 
3 4591 4592 4467 
3 4466 4591 4467 
3 4590 4591 4466 
3 4465 4590 4466 
3 4589 4590 4465 
3 4464 4589 4465 
3 4588 4589 4464 
3 4463 4588 4464 
3 4587 4588 4463 
3 4462 4587 4463 
3 4586 4587 4462 
3 4461 4586 4462 
3 4585 4586 4461 
3 4460 4585 4461 
3 4584 4585 4460 
3 4459 4584 4460 
3 4583 4584 4459 
3 4458 4583 4459 
3 4582 4583 4458 
3 4457 4582 4458 
3 4581 4582 4457 
3 4456 4581 4457 
3 4580 4581 4456 
3 4455 4580 4456 
3 4579 4580 4455 
3 4454 4579 4455 
3 4578 4579 4454 
3 4453 4578 4454 
3 4577 4578 4453 
3 4452 4577 4453 
3 4576 4577 4452 
3 4451 4576 4452 
3 4575 4576 4451 
3 4450 4575 4451 
3 4574 4575 4450 
3 4449 4574 4450 
3 4573 4574 4449 
3 4448 4573 4449 
3 4572 4573 4448 
3 4447 4572 4448 
3 4571 4572 4447 
3 4446 4571 4447 
3 4570 4571 4446 
3 4445 4570 4446 
3 4569 4570 4445 
3 4444 4569 4445 
3 4568 4569 4444 
3 4443 4568 4444 
3 4567 4568 4443 
3 4442 4567 4443 
3 4566 4567 4442 
3 4441 4566 4442 
3 4565 4566 4441 
3 4440 4565 4441 
3 4564 4565 4440 
3 4439 4564 4440 
3 4563 4564 4439 
3 4438 4563 4439 
3 4562 4563 4438 
3 4437 4562 4438 
3 4561 4562 4437 
3 4436 4561 4437 
3 4560 4561 4436 
3 4435 4560 4436 
3 4559 4560 4435 
3 4434 4559 4435 
3 4558 4559 4434 
3 4433 4558 4434 
3 4557 4558 4433 
3 4432 4557 4433 
3 4556 4557 4432 
3 4431 4556 4432 
3 4555 4556 4431 
3 4430 4555 4431 
3 4554 4555 4430 
3 4429 4554 4430 
3 4553 4554 4429 
3 4428 4553 4429 
3 4552 4553 4428 
3 4427 4552 4428 
3 4551 4552 4427 
3 4426 4551 4427 
3 4550 4551 4426 
3 4425 4550 4426 
3 4549 4550 4425 
3 4424 4549 4425 
3 4548 4549 4424 
3 4423 4548 4424 
3 4547 4548 4423 
3 4422 4547 4423 
3 4546 4547 4422 
3 4421 4546 4422 
3 4545 4546 4421 
3 4420 4545 4421 
3 4544 4545 4420 
3 4419 4544 4420 
3 4543 4544 4419 
3 4418 4543 4419 
3 4542 4543 4418 
3 4417 4542 4418 
3 4541 4542 4417 
3 4416 4541 4417 
3 4540 4541 4416 
3 4415 4540 4416 
3 4539 4540 4415 
3 4414 4539 4415 
3 4538 4539 4414 
3 4413 4538 4414 
3 4537 4538 4413 
3 4412 4537 4413 
3 4536 4537 4412 
3 4411 4536 4412 
3 4535 4536 4411 
3 4410 4535 4411 
3 4534 4535 4410 
3 4409 4534 4410 
3 4533 4534 4409 
3 4408 4533 4409 
3 4532 4533 4408 
3 4407 4532 4408 
3 4531 4532 4407 
3 4406 4531 4407 
3 4530 4531 4406 
3 4405 4530 4406 
3 4529 4530 4405 
3 4404 4529 4405 
3 4528 4529 4404 
3 4403 4528 4404 
3 4527 4528 4403 
3 4402 4527 4403 
3 4526 4527 4402 
3 4401 4526 4402 
3 4525 4526 4401 
3 4400 4525 4401 
3 4524 4525 4400 
3 4399 4524 4400 
3 4523 4524 4399 
3 4398 4523 4399 
3 4522 4523 4398 
3 4397 4522 4398 
3 4521 4522 4397 
3 4396 4521 4397 
3 4520 4521 4396 
3 4395 4520 4396 
3 4519 4520 4395 
3 4394 4519 4395 
3 4392 4518 4393 
3 4517 4518 4392 
3 4391 4517 4392 
3 4516 4517 4391 
3 4390 4516 4391 
3 4515 4516 4390 
3 4389 4515 4390 
3 4514 4515 4389 
3 4388 4514 4389 
3 4513 4514 4388 
3 4387 4513 4388 
3 4512 4513 4387 
3 4386 4512 4387 
3 4511 4512 4386 
3 4385 4511 4386 
3 4510 4511 4385 
3 4384 4510 4385 
3 4509 4510 4384 
3 4383 4509 4384 
3 4508 4509 4383 
3 4382 4508 4383 
3 4507 4508 4382 
3 4381 4507 4382 
3 4506 4507 4381 
3 4380 4506 4381 
3 4505 4506 4380 
3 4379 4505 4380 
3 4504 4505 4379 
3 4378 4504 4379 
3 4503 4504 4378 
3 4377 4503 4378 
3 4502 4503 4377 
3 4376 4502 4377 
3 4501 4502 4376 
3 4375 4501 4376 
3 4500 4501 4375 
3 4374 4500 4375 
3 4499 4500 4374 
3 4373 4499 4374 
3 4498 4499 4373 
3 4372 4498 4373 
3 4497 4498 4372 
3 4371 4497 4372 
3 4496 4497 4371 
3 4370 4496 4371 
3 4495 4496 4370 
3 4369 4495 4370 
3 4494 4495 4369 
3 4368 4494 4369 
3 4493 4494 4368 
3 4367 4493 4368 
3 4492 4493 4367 
3 4490 4491 4366 
3 4365 4490 4366 
3 4489 4490 4365 
3 4364 4489 4365 
3 4488 4489 4364 
3 4363 4488 4364 
3 4487 4488 4363 
3 4362 4487 4363 
3 4360 4486 4361 
3 4358 4485 4359 
3 4484 4485 4358 
3 4104 4232 4105 
3 4231 4232 4104 
3 4103 4231 4104 
3 4230 4231 4103 
3 4102 4230 4103 
3 4229 4230 4102 
3 4101 4229 4102 
3 4228 4229 4101 
3 4100 4228 4101 
3 4227 4228 4100 
3 4099 4227 4100 
3 4226 4227 4099 
3 4098 4226 4099 
3 4096 4225 4097 
3 4224 4225 4096 
3 4095 4224 4096 
3 4223 4224 4095 
3 4094 4223 4095 
3 4222 4223 4094 
3 4093 4222 4094 
3 4221 4222 4093 
3 4092 4221 4093 
3 4220 4221 4092 
3 4091 4220 4092 
3 4219 4220 4091 
3 4090 4219 4091 
3 4218 4219 4090 
3 4089 4218 4090 
3 4217 4218 4089 
3 4088 4217 4089 
3 4216 4217 4088 
3 4087 4216 4088 
3 4215 4216 4087 
3 4086 4215 4087 
3 4214 4215 4086 
3 4085 4214 4086 
3 4213 4214 4085 
3 4084 4213 4085 
3 4212 4213 4084 
3 4083 4212 4084 
3 4211 4212 4083 
3 4082 4211 4083 
3 4210 4211 4082 
3 4081 4210 4082 
3 4209 4210 4081 
3 4080 4209 4081 
3 4208 4209 4080 
3 4079 4208 4080 
3 4207 4208 4079 
3 4078 4207 4079 
3 4206 4207 4078 
3 4077 4206 4078 
3 4205 4206 4077 
3 4076 4205 4077 
3 4204 4205 4076 
3 4075 4204 4076 
3 4203 4204 4075 
3 4074 4203 4075 
3 4202 4203 4074 
3 4073 4202 4074 
3 4201 4202 4073 
3 4199 4200 4072 
3 4071 4199 4072 
3 4198 4199 4071 
3 4070 4198 4071 
3 4197 4198 4070 
3 4069 4197 4070 
3 4196 4197 4069 
3 4068 4196 4069 
3 4195 4196 4068 
3 4067 4195 4068 
3 4194 4195 4067 
3 4066 4194 4067 
3 4193 4194 4066 
3 4065 4193 4066 
3 4192 4193 4065 
3 4064 4192 4065 
3 4191 4192 4064 
3 4063 4191 4064 
3 4190 4191 4063 
3 4062 4190 4063 
3 4189 4190 4062 
3 4061 4189 4062 
3 4188 4189 4061 
3 4060 4188 4061 
3 4187 4188 4060 
3 4059 4187 4060 
3 4186 4187 4059 
3 4058 4186 4059 
3 4185 4186 4058 
3 4057 4185 4058 
3 4184 4185 4057 
3 4056 4184 4057 
3 4183 4184 4056 
3 4055 4183 4056 
3 4182 4183 4055 
3 4054 4182 4055 
3 4181 4182 4054 
3 4053 4181 4054 
3 4180 4181 4053 
3 4052 4180 4053 
3 4179 4180 4052 
3 4051 4179 4052 
3 4178 4179 4051 
3 4050 4178 4051 
3 4177 4178 4050 
3 4049 4177 4050 
3 4176 4177 4049 
3 4048 4176 4049 
3 4175 4176 4048 
3 4047 4175 4048 
3 4174 4175 4047 
3 4046 4174 4047 
3 4173 4174 4046 
3 4045 4173 4046 
3 4172 4173 4045 
3 4044 4172 4045 
3 4171 4172 4044 
3 4043 4171 4044 
3 4170 4171 4043 
3 4042 4170 4043 
3 4169 4170 4042 
3 4041 4169 4042 
3 4168 4169 4041 
3 4040 4168 4041 
3 4167 4168 4040 
3 4039 4167 4040 
3 4166 4167 4039 
3 4038 4166 4039 
3 4165 4166 4038 
3 4037 4165 4038 
3 4164 4165 4037 
3 4036 4164 4037 
3 4163 4164 4036 
3 4035 4163 4036 
3 4162 4163 4035 
3 4034 4162 4035 
3 4161 4162 4034 
3 4033 4161 4034 
3 4160 4161 4033 
3 4032 4160 4033 
3 4159 4160 4032 
3 4031 4159 4032 
3 4158 4159 4031 
3 4030 4158 4031 
3 4157 4158 4030 
3 4155 4156 4029 
3 4028 4155 4029 
3 4154 4155 4028 
3 4027 4154 4028 
3 4153 4154 4027 
3 4026 4153 4027 
3 4152 4153 4026 
3 4025 4152 4026 
3 4151 4152 4025 
3 4024 4151 4025 
3 4150 4151 4024 
3 4023 4150 4024 
3 4149 4150 4023 
3 4022 4149 4023 
3 4148 4149 4022 
3 4021 4148 4022 
3 4147 4148 4021 
3 4020 4147 4021 
3 4146 4147 4020 
3 4019 4146 4020 
3 4145 4146 4019 
3 4018 4145 4019 
3 4144 4145 4018 
3 4017 4144 4018 
3 4143 4144 4017 
3 4016 4143 4017 
3 4142 4143 4016 
3 4015 4142 4016 
3 4141 4142 4015 
3 4139 4140 4014 
3 4013 4139 4014 
3 4138 4139 4013 
3 4012 4138 4013 
3 4137 4138 4012 
3 4011 4137 4012 
3 4136 4137 4011 
3 4010 4136 4011 
3 4135 4136 4010 
3 4009 4135 4010 
3 4134 4135 4009 
3 4008 4134 4009 
3 4133 4134 4008 
3 4007 4133 4008 
3 4132 4133 4007 
3 4006 4132 4007 
3 4131 4132 4006 
3 4005 4131 4006 
3 4130 4131 4005 
3 4004 4130 4005 
3 4129 4130 4004 
3 4003 4129 4004 
3 4128 4129 4003 
3 4002 4128 4003 
3 4127 4128 4002 
3 4001 4127 4002 
3 4126 4127 4001 
3 4000 4126 4001 
3 4125 4126 4000 
3 3999 4125 4000 
3 4124 4125 3999 
3 4122 4123 3998 
3 3997 4122 3998 
3 4121 4122 3997 
3 3996 4121 3997 
3 4120 4121 3996 
3 3995 4120 3996 
3 4119 4120 3995 
3 3994 4119 3995 
3 4118 4119 3994 
3 4116 4117 3993 
3 3992 4116 3993 
3 4115 4116 3992 
3 3991 4115 3992 
3 4114 4115 3991 
3 3990 4114 3991 
3 4113 4114 3990 
3 3989 4113 3990 
3 4112 4113 3989 
3 4109 4110 3988 
3 3987 4109 3988 
3 4108 4109 3987 
3 3986 4108 3987 
3 4107 4108 3986 
3 3985 4107 3986 
3 4106 4107 3985 
3 4231 4357 4232 
3 4356 4357 4231 
3 4230 4356 4231 
3 4355 4356 4230 
3 4229 4355 4230 
3 4354 4355 4229 
3 4228 4354 4229 
3 4353 4354 4228 
3 4227 4353 4228 
3 4352 4353 4227 
3 4226 4352 4227 
3 4351 4352 4226 
3 4349 4350 4225 
3 4224 4349 4225 
3 4348 4349 4224 
3 4223 4348 4224 
3 4347 4348 4223 
3 4222 4347 4223 
3 4346 4347 4222 
3 4221 4346 4222 
3 4345 4346 4221 
3 4220 4345 4221 
3 4344 4345 4220 
3 4219 4344 4220 
3 4343 4344 4219 
3 4218 4343 4219 
3 4342 4343 4218 
3 4217 4342 4218 
3 4341 4342 4217 
3 4216 4341 4217 
3 4340 4341 4216 
3 4215 4340 4216 
3 4339 4340 4215 
3 4214 4339 4215 
3 4338 4339 4214 
3 4213 4338 4214 
3 4337 4338 4213 
3 4212 4337 4213 
3 4336 4337 4212 
3 4211 4336 4212 
3 4335 4336 4211 
3 4210 4335 4211 
3 4334 4335 4210 
3 4209 4334 4210 
3 4333 4334 4209 
3 4208 4333 4209 
3 4332 4333 4208 
3 4207 4332 4208 
3 4331 4332 4207 
3 4206 4331 4207 
3 4330 4331 4206 
3 4205 4330 4206 
3 4329 4330 4205 
3 4204 4329 4205 
3 4328 4329 4204 
3 4203 4328 4204 
3 4327 4328 4203 
3 4202 4327 4203 
3 4326 4327 4202 
3 4201 4326 4202 
3 4325 4326 4201 
3 4200 4325 4201 
3 4324 4325 4200 
3 4199 4324 4200 
3 4323 4324 4199 
3 4198 4323 4199 
3 4322 4323 4198 
3 4197 4322 4198 
3 4321 4322 4197 
3 4196 4321 4197 
3 4320 4321 4196 
3 4195 4320 4196 
3 4319 4320 4195 
3 4194 4319 4195 
3 4318 4319 4194 
3 4193 4318 4194 
3 4317 4318 4193 
3 4192 4317 4193 
3 4316 4317 4192 
3 4191 4316 4192 
3 4315 4316 4191 
3 4190 4315 4191 
3 4314 4315 4190 
3 4189 4314 4190 
3 4313 4314 4189 
3 4188 4313 4189 
3 4312 4313 4188 
3 4187 4312 4188 
3 4311 4312 4187 
3 4186 4311 4187 
3 4310 4311 4186 
3 4185 4310 4186 
3 4309 4310 4185 
3 4184 4309 4185 
3 4308 4309 4184 
3 4183 4308 4184 
3 4307 4308 4183 
3 4182 4307 4183 
3 4306 4307 4182 
3 4181 4306 4182 
3 4305 4306 4181 
3 4180 4305 4181 
3 4304 4305 4180 
3 4179 4304 4180 
3 4303 4304 4179 
3 4178 4303 4179 
3 4302 4303 4178 
3 4177 4302 4178 
3 4301 4302 4177 
3 4176 4301 4177 
3 4300 4301 4176 
3 4175 4300 4176 
3 4299 4300 4175 
3 4174 4299 4175 
3 4298 4299 4174 
3 4173 4298 4174 
3 4297 4298 4173 
3 4172 4297 4173 
3 4296 4297 4172 
3 4171 4296 4172 
3 4295 4296 4171 
3 4170 4295 4171 
3 4294 4295 4170 
3 4169 4294 4170 
3 4293 4294 4169 
3 4168 4293 4169 
3 4292 4293 4168 
3 4167 4292 4168 
3 4291 4292 4167 
3 4166 4291 4167 
3 4290 4291 4166 
3 4165 4290 4166 
3 4289 4290 4165 
3 4164 4289 4165 
3 4288 4289 4164 
3 4163 4288 4164 
3 4287 4288 4163 
3 4162 4287 4163 
3 4286 4287 4162 
3 4161 4286 4162 
3 4285 4286 4161 
3 4160 4285 4161 
3 4284 4285 4160 
3 4159 4284 4160 
3 4283 4284 4159 
3 4158 4283 4159 
3 4282 4283 4158 
3 4157 4282 4158 
3 4281 4282 4157 
3 4156 4281 4157 
3 4280 4281 4156 
3 4155 4280 4156 
3 4279 4280 4155 
3 4154 4279 4155 
3 4278 4279 4154 
3 4153 4278 4154 
3 4277 4278 4153 
3 4152 4277 4153 
3 4276 4277 4152 
3 4151 4276 4152 
3 4275 4276 4151 
3 4150 4275 4151 
3 4274 4275 4150 
3 4149 4274 4150 
3 4273 4274 4149 
3 4148 4273 4149 
3 4272 4273 4148 
3 4147 4272 4148 
3 4271 4272 4147 
3 4146 4271 4147 
3 4270 4271 4146 
3 4145 4270 4146 
3 4269 4270 4145 
3 4144 4269 4145 
3 4268 4269 4144 
3 4143 4268 4144 
3 4267 4268 4143 
3 4142 4267 4143 
3 4266 4267 4142 
3 4141 4266 4142 
3 4265 4266 4141 
3 4140 4265 4141 
3 4264 4265 4140 
3 4139 4264 4140 
3 4263 4264 4139 
3 4138 4263 4139 
3 4262 4263 4138 
3 4137 4262 4138 
3 4261 4262 4137 
3 4136 4261 4137 
3 4260 4261 4136 
3 4135 4260 4136 
3 4259 4260 4135 
3 4134 4259 4135 
3 4132 4258 4133 
3 4257 4258 4132 
3 4131 4257 4132 
3 4256 4257 4131 
3 4130 4256 4131 
3 4255 4256 4130 
3 4129 4255 4130 
3 4254 4255 4129 
3 4128 4254 4129 
3 4253 4254 4128 
3 4127 4253 4128 
3 4252 4253 4127 
3 4126 4252 4127 
3 4251 4252 4126 
3 4125 4251 4126 
3 4250 4251 4125 
3 4124 4250 4125 
3 4249 4250 4124 
3 4123 4249 4124 
3 4248 4249 4123 
3 4122 4248 4123 
3 4247 4248 4122 
3 4121 4247 4122 
3 4246 4247 4121 
3 4120 4246 4121 
3 4245 4246 4120 
3 4119 4245 4120 
3 4244 4245 4119 
3 4118 4244 4119 
3 4243 4244 4118 
3 4117 4243 4118 
3 4242 4243 4117 
3 4116 4242 4117 
3 4114 4241 4115 
3 4240 4241 4114 
3 4113 4240 4114 
3 4239 4240 4113 
3 4112 4239 4113 
3 4238 4239 4112 
3 4111 4238 4112 
3 4237 4238 4111 
3 4110 4237 4111 
3 4236 4237 4110 
3 4109 4236 4110 
3 4235 4236 4109 
3 4108 4235 4109 
3 4106 4234 4107 
3 4233 4234 4106 
3 3983 4105 3984 
3 4104 4105 3983 
3 3982 4104 3983 
3 4103 4104 3982 
3 3981 4103 3982 
3 4102 4103 3981 
3 3980 4102 3981 
3 4101 4102 3980 
3 3979 4101 3980 
3 4100 4101 3979 
3 3978 4100 3979 
3 4099 4100 3978 
3 3977 4099 3978 
3 4098 4099 3977 
3 3976 4098 3977 
3 4097 4098 3976 
3 3975 4097 3976 
3 4096 4097 3975 
3 3974 4096 3975 
3 4095 4096 3974 
3 3973 4095 3974 
3 4094 4095 3973 
3 3972 4094 3973 
3 4093 4094 3972 
3 3971 4093 3972 
3 4092 4093 3971 
3 3970 4092 3971 
3 4091 4092 3970 
3 3969 4091 3970 
3 4090 4091 3969 
3 3968 4090 3969 
3 4089 4090 3968 
3 3967 4089 3968 
3 4088 4089 3967 
3 3966 4088 3967 
3 4087 4088 3966 
3 3965 4087 3966 
3 4086 4087 3965 
3 3964 4086 3965 
3 4085 4086 3964 
3 3963 4085 3964 
3 4084 4085 3963 
3 3962 4084 3963 
3 4083 4084 3962 
3 3961 4083 3962 
3 4082 4083 3961 
3 3960 4082 3961 
3 4081 4082 3960 
3 3959 4081 3960 
3 4080 4081 3959 
3 3958 4080 3959 
3 4079 4080 3958 
3 3957 4079 3958 
3 4078 4079 3957 
3 3956 4078 3957 
3 4077 4078 3956 
3 3955 4077 3956 
3 4076 4077 3955 
3 3954 4076 3955 
3 4075 4076 3954 
3 3953 4075 3954 
3 4074 4075 3953 
3 3952 4074 3953 
3 4073 4074 3952 
3 3951 4073 3952 
3 3949 4072 3950 
3 4071 4072 3949 
3 3948 4071 3949 
3 4070 4071 3948 
3 3947 4070 3948 
3 4069 4070 3947 
3 3946 4069 3947 
3 4068 4069 3946 
3 3945 4068 3946 
3 4067 4068 3945 
3 3944 4067 3945 
3 4066 4067 3944 
3 3943 4066 3944 
3 4065 4066 3943 
3 3942 4065 3943 
3 4064 4065 3942 
3 3941 4064 3942 
3 4063 4064 3941 
3 3940 4063 3941 
3 4062 4063 3940 
3 3939 4062 3940 
3 4061 4062 3939 
3 3938 4061 3939 
3 4060 4061 3938 
3 3937 4060 3938 
3 4059 4060 3937 
3 3936 4059 3937 
3 4058 4059 3936 
3 3935 4058 3936 
3 4057 4058 3935 
3 3934 4057 3935 
3 4056 4057 3934 
3 3933 4056 3934 
3 4055 4056 3933 
3 3932 4055 3933 
3 4054 4055 3932 
3 3931 4054 3932 
3 4053 4054 3931 
3 3930 4053 3931 
3 4052 4053 3930 
3 3929 4052 3930 
3 4051 4052 3929 
3 3928 4051 3929 
3 4050 4051 3928 
3 3927 4050 3928 
3 4049 4050 3927 
3 3926 4049 3927 
3 4048 4049 3926 
3 3925 4048 3926 
3 4047 4048 3925 
3 3924 4047 3925 
3 4046 4047 3924 
3 3923 4046 3924 
3 4045 4046 3923 
3 3922 4045 3923 
3 4044 4045 3922 
3 3921 4044 3922 
3 4043 4044 3921 
3 3920 4043 3921 
3 4042 4043 3920 
3 3919 4042 3920 
3 4041 4042 3919 
3 3918 4041 3919 
3 4040 4041 3918 
3 3917 4040 3918 
3 4039 4040 3917 
3 3916 4039 3917 
3 4038 4039 3916 
3 3915 4038 3916 
3 4037 4038 3915 
3 3914 4037 3915 
3 4036 4037 3914 
3 3913 4036 3914 
3 4035 4036 3913 
3 3912 4035 3913 
3 4034 4035 3912 
3 3911 4034 3912 
3 4033 4034 3911 
3 3910 4033 3911 
3 4032 4033 3910 
3 3909 4032 3910 
3 4031 4032 3909 
3 3908 4031 3909 
3 4030 4031 3908 
3 3906 4029 3907 
3 4028 4029 3906 
3 3905 4028 3906 
3 4027 4028 3905 
3 3904 4027 3905 
3 4026 4027 3904 
3 3903 4026 3904 
3 4025 4026 3903 
3 3902 4025 3903 
3 4024 4025 3902 
3 3901 4024 3902 
3 4023 4024 3901 
3 3900 4023 3901 
3 4022 4023 3900 
3 3899 4022 3900 
3 4021 4022 3899 
3 3898 4021 3899 
3 4020 4021 3898 
3 3897 4020 3898 
3 4019 4020 3897 
3 3896 4019 3897 
3 4018 4019 3896 
3 3895 4018 3896 
3 4017 4018 3895 
3 4015 4016 3894 
3 3893 4015 3894 
3 3891 4014 3892 
3 4013 4014 3891 
3 3890 4013 3891 
3 4012 4013 3890 
3 3889 4012 3890 
3 4011 4012 3889 
3 3888 4011 3889 
3 4010 4011 3888 
3 3887 4010 3888 
3 4009 4010 3887 
3 3886 4009 3887 
3 4008 4009 3886 
3 3885 4008 3886 
3 4007 4008 3885 
3 3884 4007 3885 
3 4006 4007 3884 
3 3883 4006 3884 
3 4005 4006 3883 
3 3882 4005 3883 
3 4004 4005 3882 
3 3881 4004 3882 
3 4003 4004 3881 
3 3880 4003 3881 
3 4002 4003 3880 
3 3879 4002 3880 
3 4001 4002 3879 
3 3878 4001 3879 
3 4000 4001 3878 
3 3877 4000 3878 
3 3999 4000 3877 
3 3876 3999 3877 
3 3874 3998 3875 
3 3997 3998 3874 
3 3873 3997 3874 
3 3996 3997 3873 
3 3872 3996 3873 
3 3995 3996 3872 
3 3871 3995 3872 
3 3994 3995 3871 
3 3870 3994 3871 
3 3868 3993 3869 
3 3992 3993 3868 
3 3867 3992 3868 
3 3991 3992 3867 
3 3866 3991 3867 
3 3990 3991 3866 
3 3865 3990 3866 
3 3989 3990 3865 
3 3864 3989 3865 
3 3861 3988 3862 
3 3987 3988 3861 
3 3860 3987 3861 
3 3986 3987 3860 
3 3859 3986 3860 
3 3985 3986 3859 
3 1914 2038 1915 
3 2037 2038 1914 
3 1913 2037 1914 
3 2036 2037 1913 
3 1912 2036 1913 
3 2035 2036 1912 
3 1911 2035 1912 
3 2034 2035 1911 
3 1910 2034 1911 
3 2033 2034 1910 
3 1909 2033 1910 
3 2032 2033 1909 
3 1908 2032 1909 
3 2031 2032 1908 
3 1907 2031 1908 
3 2030 2031 1907 
3 1906 2030 1907 
3 2029 2030 1906 
3 1905 2029 1906 
3 2028 2029 1905 
3 1904 2028 1905 
3 2027 2028 1904 
3 2025 2026 1903 
3 1902 2025 1903 
3 2024 2025 1902 
3 1901 2024 1902 
3 2023 2024 1901 
3 2021 2022 1900 
3 1899 2021 1900 
3 2020 2021 1899 
3 1898 2020 1899 
3 2019 2020 1898 
3 1897 2019 1898 
3 2018 2019 1897 
3 1896 2018 1897 
3 2017 2018 1896 
3 1895 2017 1896 
3 2016 2017 1895 
3 1894 2016 1895 
3 2015 2016 1894 
3 1893 2015 1894 
3 2014 2015 1893 
3 1892 2014 1893 
3 2013 2014 1892 
3 1891 2013 1892 
3 2012 2013 1891 
3 1890 2012 1891 
3 2011 2012 1890 
3 1889 2011 1890 
3 2010 2011 1889 
3 1888 2010 1889 
3 2009 2010 1888 
3 1887 2009 1888 
3 2008 2009 1887 
3 1886 2008 1887 
3 2007 2008 1886 
3 1885 2007 1886 
3 2006 2007 1885 
3 1883 2005 1884 
3 2004 2005 1883 
3 1882 2004 1883 
3 2003 2004 1882 
3 1881 2003 1882 
3 2002 2003 1881 
3 1880 2002 1881 
3 2001 2002 1880 
3 1879 2001 1880 
3 2000 2001 1879 
3 1878 2000 1879 
3 1999 2000 1878 
3 1877 1999 1878 
3 1998 1999 1877 
3 1876 1998 1877 
3 1997 1998 1876 
3 1875 1997 1876 
3 1996 1997 1875 
3 1874 1996 1875 
3 1995 1996 1874 
3 1873 1995 1874 
3 1994 1995 1873 
3 1872 1994 1873 
3 1993 1994 1872 
3 1871 1993 1872 
3 1992 1993 1871 
3 1870 1992 1871 
3 1991 1992 1870 
3 1869 1991 1870 
3 1990 1991 1869 
3 1868 1990 1869 
3 1989 1990 1868 
3 1867 1989 1868 
3 1988 1989 1867 
3 1866 1988 1867 
3 1987 1988 1866 
3 1865 1987 1866 
3 1986 1987 1865 
3 1864 1986 1865 
3 1985 1986 1864 
3 1863 1985 1864 
3 1984 1985 1863 
3 1862 1984 1863 
3 1983 1984 1862 
3 1861 1983 1862 
3 1982 1983 1861 
3 1860 1982 1861 
3 1981 1982 1860 
3 1859 1981 1860 
3 1980 1981 1859 
3 1858 1980 1859 
3 1979 1980 1858 
3 1857 1979 1858 
3 1978 1979 1857 
3 1856 1978 1857 
3 1977 1978 1856 
3 1855 1977 1856 
3 1976 1977 1855 
3 1854 1976 1855 
3 1975 1976 1854 
3 1853 1975 1854 
3 1974 1975 1853 
3 1852 1974 1853 
3 1973 1974 1852 
3 1851 1973 1852 
3 1849 1972 1850 
3 1971 1972 1849 
3 1848 1971 1849 
3 1970 1971 1848 
3 1847 1970 1848 
3 1969 1970 1847 
3 1846 1969 1847 
3 1968 1969 1846 
3 1845 1968 1846 
3 1967 1968 1845 
3 1844 1967 1845 
3 1966 1967 1844 
3 1843 1966 1844 
3 1965 1966 1843 
3 1842 1965 1843 
3 1964 1965 1842 
3 1841 1964 1842 
3 1963 1964 1841 
3 1840 1963 1841 
3 1962 1963 1840 
3 1838 1961 1839 
3 1960 1961 1838 
3 1837 1960 1838 
3 1959 1960 1837 
3 1836 1959 1837 
3 1958 1959 1836 
3 1835 1958 1836 
3 1957 1958 1835 
3 1834 1957 1835 
3 1956 1957 1834 
3 1833 1956 1834 
3 1955 1956 1833 
3 1832 1955 1833 
3 1954 1955 1832 
3 1831 1954 1832 
3 1953 1954 1831 
3 1830 1953 1831 
3 1952 1953 1830 
3 1829 1952 1830 
3 1951 1952 1829 
3 1828 1951 1829 
3 1950 1951 1828 
3 1827 1950 1828 
3 1949 1950 1827 
3 1826 1949 1827 
3 1948 1949 1826 
3 1825 1948 1826 
3 1947 1948 1825 
3 1824 1947 1825 
3 1946 1947 1824 
3 1823 1946 1824 
3 1945 1946 1823 
3 1822 1945 1823 
3 1944 1945 1822 
3 1821 1944 1822 
3 1819 1943 1820 
3 1942 1943 1819 
3 1940 1941 1818 
3 1817 1940 1818 
3 1939 1940 1817 
3 1816 1939 1817 
3 1938 1939 1816 
3 1815 1938 1816 
3 1937 1938 1815 
3 1814 1937 1815 
3 1936 1937 1814 
3 1813 1936 1814 
3 1935 1936 1813 
3 1812 1935 1813 
3 1934 1935 1812 
3 1811 1934 1812 
3 1933 1934 1811 
3 1810 1933 1811 
3 1932 1933 1810 
3 1809 1932 1810 
3 1931 1932 1809 
3 1808 1931 1809 
3 1930 1931 1808 
3 1807 1930 1808 
3 1929 1930 1807 
3 1806 1929 1807 
3 1928 1929 1806 
3 1805 1928 1806 
3 1927 1928 1805 
3 1804 1927 1805 
3 1926 1927 1804 
3 1803 1926 1804 
3 1925 1926 1803 
3 1802 1925 1803 
3 1924 1925 1802 
3 1801 1924 1802 
3 1923 1924 1801 
3 1800 1923 1801 
3 1922 1923 1800 
3 1799 1922 1800 
3 1921 1922 1799 
3 1798 1921 1799 
3 1920 1921 1798 
3 1797 1920 1798 
3 1919 1920 1797 
3 1796 1919 1797 
3 1918 1919 1796 
3 1795 1918 1796 
3 1917 1918 1795 
3 1794 1917 1795 
3 2872 2997 2873 
3 2996 2997 2872 
3 2871 2996 2872 
3 2995 2996 2871 
3 2870 2995 2871 
3 2994 2995 2870 
3 2869 2994 2870 
3 2993 2994 2869 
3 2868 2993 2869 
3 2992 2993 2868 
3 2867 2992 2868 
3 2991 2992 2867 
3 2866 2991 2867 
3 2990 2991 2866 
3 2865 2990 2866 
3 2989 2990 2865 
3 2864 2989 2865 
3 2988 2989 2864 
3 2863 2988 2864 
3 2987 2988 2863 
3 2862 2987 2863 
3 2986 2987 2862 
3 2861 2986 2862 
3 2985 2986 2861 
3 2860 2985 2861 
3 2984 2985 2860 
3 2859 2984 2860 
3 2983 2984 2859 
3 2981 2982 2858 
3 2857 2981 2858 
3 2980 2981 2857 
3 2856 2980 2857 
3 2979 2980 2856 
3 2855 2979 2856 
3 2978 2979 2855 
3 2854 2978 2855 
3 2977 2978 2854 
3 2853 2977 2854 
3 2976 2977 2853 
3 2852 2976 2853 
3 2975 2976 2852 
3 2851 2975 2852 
3 2974 2975 2851 
3 2850 2974 2851 
3 2973 2974 2850 
3 2971 2972 2849 
3 2848 2971 2849 
3 2970 2971 2848 
3 2847 2970 2848 
3 2969 2970 2847 
3 2846 2969 2847 
3 2968 2969 2846 
3 2845 2968 2846 
3 2967 2968 2845 
3 2844 2967 2845 
3 2966 2967 2844 
3 2843 2966 2844 
3 2965 2966 2843 
3 2842 2965 2843 
3 2964 2965 2842 
3 2841 2964 2842 
3 2963 2964 2841 
3 2840 2963 2841 
3 2962 2963 2840 
3 2839 2962 2840 
3 2961 2962 2839 
3 2838 2961 2839 
3 2960 2961 2838 
3 2837 2960 2838 
3 2959 2960 2837 
3 2836 2959 2837 
3 2958 2959 2836 
3 2835 2958 2836 
3 2957 2958 2835 
3 2834 2957 2835 
3 2956 2957 2834 
3 2833 2956 2834 
3 2955 2956 2833 
3 2832 2955 2833 
3 2954 2955 2832 
3 2831 2954 2832 
3 2953 2954 2831 
3 2830 2953 2831 
3 2952 2953 2830 
3 2829 2952 2830 
3 2951 2952 2829 
3 2828 2951 2829 
3 2950 2951 2828 
3 2827 2950 2828 
3 2949 2950 2827 
3 2826 2949 2827 
3 2948 2949 2826 
3 2825 2948 2826 
3 2947 2948 2825 
3 2824 2947 2825 
3 2946 2947 2824 
3 2823 2946 2824 
3 2945 2946 2823 
3 2822 2945 2823 
3 2944 2945 2822 
3 2821 2944 2822 
3 2943 2944 2821 
3 2820 2943 2821 
3 2942 2943 2820 
3 2819 2942 2820 
3 2941 2942 2819 
3 2818 2941 2819 
3 2940 2941 2818 
3 2817 2940 2818 
3 2939 2940 2817 
3 2816 2939 2817 
3 2938 2939 2816 
3 2815 2938 2816 
3 2937 2938 2815 
3 2814 2937 2815 
3 2936 2937 2814 
3 2813 2936 2814 
3 2935 2936 2813 
3 2812 2935 2813 
3 2934 2935 2812 
3 2811 2934 2812 
3 2933 2934 2811 
3 2810 2933 2811 
3 2931 2932 2809 
3 2808 2931 2809 
3 2930 2931 2808 
3 2807 2930 2808 
3 2929 2930 2807 
3 2806 2929 2807 
3 2928 2929 2806 
3 2805 2928 2806 
3 2927 2928 2805 
3 2804 2927 2805 
3 2926 2927 2804 
3 2802 2925 2803 
3 2924 2925 2802 
3 2801 2924 2802 
3 2923 2924 2801 
3 2800 2923 2801 
3 2922 2923 2800 
3 2799 2922 2800 
3 2921 2922 2799 
3 2798 2921 2799 
3 2920 2921 2798 
3 2918 2919 2797 
3 2796 2918 2797 
3 2917 2918 2796 
3 2915 2916 2795 
3 2794 2915 2795 
3 2914 2915 2794 
3 2793 2914 2794 
3 2913 2914 2793 
3 2792 2913 2793 
3 2912 2913 2792 
3 2791 2912 2792 
3 2911 2912 2791 
3 2790 2911 2791 
3 2910 2911 2790 
3 2789 2910 2790 
3 2787 2909 2788 
3 2908 2909 2787 
3 2786 2908 2787 
3 2907 2908 2786 
3 2785 2907 2786 
3 2783 2906 2784 
3 2905 2906 2783 
3 2782 2905 2783 
3 2904 2905 2782 
3 2781 2904 2782 
3 2903 2904 2781 
3 2780 2903 2781 
3 2902 2903 2780 
3 2779 2902 2780 
3 2901 2902 2779 
3 2778 2901 2779 
3 2900 2901 2778 
3 2777 2900 2778 
3 2899 2900 2777 
3 2776 2899 2777 
3 2898 2899 2776 
3 2775 2898 2776 
3 2897 2898 2775 
3 2774 2897 2775 
3 2896 2897 2774 
3 2773 2896 2774 
3 2895 2896 2773 
3 2772 2895 2773 
3 2894 2895 2772 
3 2892 2893 2771 
3 2770 2892 2771 
3 2891 2892 2770 
3 2769 2891 2770 
3 2890 2891 2769 
3 2768 2890 2769 
3 2889 2890 2768 
3 2767 2889 2768 
3 2888 2889 2767 
3 2886 2887 2766 
3 2765 2886 2766 
3 2885 2886 2765 
3 2764 2885 2765 
3 2884 2885 2764 
3 2763 2884 2764 
3 2883 2884 2763 
3 2762 2883 2763 
3 2882 2883 2762 
3 2761 2882 2762 
3 2881 2882 2761 
3 2879 2880 2760 
3 2759 2879 2760 
3 2878 2879 2759 
3 2758 2878 2759 
3 2877 2878 2758 
3 2757 2877 2758 
3 2876 2877 2757 
3 2756 2876 2757 
3 2875 2876 2756 
3 2755 2875 2756 
3 2874 2875 2755 
3 3362 3490 3363 
3 3489 3490 3362 
3 3361 3489 3362 
3 3488 3489 3361 
3 3360 3488 3361 
3 3487 3488 3360 
3 3359 3487 3360 
3 3486 3487 3359 
3 3358 3486 3359 
3 3485 3486 3358 
3 3357 3485 3358 
3 3484 3485 3357 
3 3356 3484 3357 
3 3483 3484 3356 
3 3355 3483 3356 
3 3482 3483 3355 
3 3354 3482 3355 
3 3481 3482 3354 
3 3353 3481 3354 
3 3480 3481 3353 
3 3352 3480 3353 
3 3479 3480 3352 
3 3351 3479 3352 
3 3478 3479 3351 
3 3350 3478 3351 
3 3477 3478 3350 
3 3349 3477 3350 
3 3476 3477 3349 
3 3348 3476 3349 
3 3475 3476 3348 
3 3347 3475 3348 
3 3474 3475 3347 
3 3346 3474 3347 
3 3473 3474 3346 
3 3345 3473 3346 
3 3472 3473 3345 
3 3344 3472 3345 
3 3471 3472 3344 
3 3343 3471 3344 
3 3470 3471 3343 
3 3342 3470 3343 
3 3469 3470 3342 
3 3341 3469 3342 
3 3468 3469 3341 
3 3340 3468 3341 
3 3467 3468 3340 
3 3339 3467 3340 
3 3466 3467 3339 
3 3338 3466 3339 
3 3465 3466 3338 
3 3337 3465 3338 
3 3464 3465 3337 
3 3336 3464 3337 
3 3463 3464 3336 
3 3335 3463 3336 
3 3462 3463 3335 
3 3334 3462 3335 
3 3461 3462 3334 
3 3333 3461 3334 
3 3460 3461 3333 
3 3332 3460 3333 
3 3459 3460 3332 
3 3331 3459 3332 
3 3458 3459 3331 
3 3330 3458 3331 
3 3457 3458 3330 
3 3329 3457 3330 
3 3456 3457 3329 
3 3328 3456 3329 
3 3455 3456 3328 
3 3327 3455 3328 
3 3454 3455 3327 
3 3326 3454 3327 
3 3453 3454 3326 
3 3325 3453 3326 
3 3452 3453 3325 
3 3324 3452 3325 
3 3451 3452 3324 
3 3323 3451 3324 
3 3450 3451 3323 
3 3322 3450 3323 
3 3449 3450 3322 
3 3321 3449 3322 
3 3448 3449 3321 
3 3320 3448 3321 
3 3447 3448 3320 
3 3319 3447 3320 
3 3446 3447 3319 
3 3318 3446 3319 
3 3445 3446 3318 
3 3317 3445 3318 
3 3444 3445 3317 
3 3316 3444 3317 
3 3443 3444 3316 
3 3315 3443 3316 
3 3442 3443 3315 
3 3314 3442 3315 
3 3441 3442 3314 
3 3313 3441 3314 
3 3440 3441 3313 
3 3312 3440 3313 
3 3439 3440 3312 
3 3311 3439 3312 
3 3438 3439 3311 
3 3310 3438 3311 
3 3437 3438 3310 
3 3309 3437 3310 
3 3436 3437 3309 
3 3308 3436 3309 
3 3435 3436 3308 
3 3307 3435 3308 
3 3434 3435 3307 
3 3306 3434 3307 
3 3433 3434 3306 
3 3305 3433 3306 
3 3432 3433 3305 
3 3304 3432 3305 
3 3431 3432 3304 
3 3303 3431 3304 
3 3430 3431 3303 
3 3302 3430 3303 
3 3429 3430 3302 
3 3301 3429 3302 
3 3428 3429 3301 
3 3300 3428 3301 
3 3427 3428 3300 
3 3299 3427 3300 
3 3426 3427 3299 
3 3298 3426 3299 
3 3425 3426 3298 
3 3297 3425 3298 
3 3424 3425 3297 
3 3422 3423 3296 
3 3295 3422 3296 
3 3421 3422 3295 
3 3294 3421 3295 
3 3420 3421 3294 
3 3293 3420 3294 
3 3419 3420 3293 
3 3292 3419 3293 
3 3418 3419 3292 
3 3416 3417 3291 
3 3290 3416 3291 
3 3415 3416 3290 
3 3289 3415 3290 
3 3414 3415 3289 
3 3288 3414 3289 
3 3413 3414 3288 
3 3287 3413 3288 
3 3412 3413 3287 
3 3286 3412 3287 
3 3411 3412 3286 
3 3285 3411 3286 
3 3410 3411 3285 
3 3284 3410 3285 
3 3409 3410 3284 
3 3283 3409 3284 
3 3408 3409 3283 
3 3282 3408 3283 
3 3407 3408 3282 
3 3281 3407 3282 
3 3406 3407 3281 
3 3280 3406 3281 
3 3405 3406 3280 
3 3279 3405 3280 
3 3404 3405 3279 
3 3278 3404 3279 
3 3403 3404 3278 
3 3277 3403 3278 
3 3402 3403 3277 
3 3276 3402 3277 
3 3401 3402 3276 
3 3275 3401 3276 
3 3273 3400 3274 
3 3399 3400 3273 
3 3272 3399 3273 
3 3398 3399 3272 
3 3271 3398 3272 
3 3397 3398 3271 
3 3270 3397 3271 
3 3396 3397 3270 
3 3269 3396 3270 
3 3395 3396 3269 
3 3268 3395 3269 
3 3394 3395 3268 
3 3267 3394 3268 
3 3393 3394 3267 
3 3266 3393 3267 
3 3392 3393 3266 
3 3265 3392 3266 
3 3391 3392 3265 
3 3264 3391 3265 
3 3390 3391 3264 
3 3263 3390 3264 
3 3389 3390 3263 
3 3262 3389 3263 
3 3388 3389 3262 
3 3261 3388 3262 
3 3387 3388 3261 
3 3385 3386 3260 
3 3259 3385 3260 
3 3384 3385 3259 
3 3258 3384 3259 
3 3383 3384 3258 
3 3257 3383 3258 
3 3382 3383 3257 
3 3256 3382 3257 
3 3381 3382 3256 
3 3255 3381 3256 
3 3380 3381 3255 
3 3254 3380 3255 
3 3379 3380 3254 
3 3253 3379 3254 
3 3378 3379 3253 
3 3252 3378 3253 
3 3377 3378 3252 
3 3251 3377 3252 
3 3376 3377 3251 
3 3250 3376 3251 
3 3375 3376 3250 
3 3249 3375 3250 
3 3374 3375 3249 
3 3248 3374 3249 
3 3373 3374 3248 
3 3247 3373 3248 
3 3372 3373 3247 
3 3246 3372 3247 
3 3371 3372 3246 
3 3245 3371 3246 
3 3370 3371 3245 
3 3244 3370 3245 
3 3369 3370 3244 
3 3243 3369 3244 
3 3368 3369 3243 
3 3242 3368 3243 
3 3367 3368 3242 
3 3241 3367 3242 
3 3366 3367 3241 
3 3240 3366 3241 
3 3365 3366 3240 
3 3239 3365 3240 
3 3364 3365 3239 
3 3613 3733 3614 
3 3732 3733 3613 
3 3612 3732 3613 
3 3731 3732 3612 
3 3611 3731 3612 
3 3730 3731 3611 
3 3610 3730 3611 
3 3729 3730 3610 
3 3609 3729 3610 
3 3728 3729 3609 
3 3608 3728 3609 
3 3727 3728 3608 
3 3607 3727 3608 
3 3726 3727 3607 
3 3606 3726 3607 
3 3604 3725 3605 
3 3724 3725 3604 
3 3603 3724 3604 
3 3723 3724 3603 
3 3602 3723 3603 
3 3722 3723 3602 
3 3601 3722 3602 
3 3721 3722 3601 
3 3600 3721 3601 
3 3720 3721 3600 
3 3599 3720 3600 
3 3719 3720 3599 
3 3598 3719 3599 
3 3718 3719 3598 
3 3597 3718 3598 
3 3717 3718 3597 
3 3596 3717 3597 
3 3716 3717 3596 
3 3595 3716 3596 
3 3715 3716 3595 
3 3594 3715 3595 
3 3714 3715 3594 
3 3593 3714 3594 
3 3713 3714 3593 
3 3592 3713 3593 
3 3712 3713 3592 
3 3591 3712 3592 
3 3711 3712 3591 
3 3590 3711 3591 
3 3710 3711 3590 
3 3589 3710 3590 
3 3709 3710 3589 
3 3588 3709 3589 
3 3708 3709 3588 
3 3587 3708 3588 
3 3707 3708 3587 
3 3586 3707 3587 
3 3706 3707 3586 
3 3585 3706 3586 
3 3705 3706 3585 
3 3584 3705 3585 
3 3704 3705 3584 
3 3583 3704 3584 
3 3703 3704 3583 
3 3582 3703 3583 
3 3702 3703 3582 
3 3581 3702 3582 
3 3701 3702 3581 
3 3580 3701 3581 
3 3700 3701 3580 
3 3579 3700 3580 
3 3699 3700 3579 
3 3578 3699 3579 
3 3698 3699 3578 
3 3577 3698 3578 
3 3697 3698 3577 
3 3576 3697 3577 
3 3696 3697 3576 
3 3575 3696 3576 
3 3695 3696 3575 
3 3574 3695 3575 
3 3694 3695 3574 
3 3573 3694 3574 
3 3693 3694 3573 
3 3572 3693 3573 
3 3692 3693 3572 
3 3571 3692 3572 
3 3691 3692 3571 
3 3570 3691 3571 
3 3690 3691 3570 
3 3569 3690 3570 
3 3689 3690 3569 
3 3568 3689 3569 
3 3688 3689 3568 
3 3567 3688 3568 
3 3687 3688 3567 
3 3566 3687 3567 
3 3686 3687 3566 
3 3565 3686 3566 
3 3685 3686 3565 
3 3564 3685 3565 
3 3684 3685 3564 
3 3563 3684 3564 
3 3683 3684 3563 
3 3562 3683 3563 
3 3682 3683 3562 
3 3561 3682 3562 
3 3681 3682 3561 
3 3560 3681 3561 
3 3680 3681 3560 
3 3559 3680 3560 
3 3679 3680 3559 
3 3558 3679 3559 
3 3678 3679 3558 
3 3557 3678 3558 
3 3677 3678 3557 
3 3556 3677 3557 
3 3676 3677 3556 
3 3555 3676 3556 
3 3675 3676 3555 
3 3554 3675 3555 
3 3674 3675 3554 
3 3553 3674 3554 
3 3673 3674 3553 
3 3552 3673 3553 
3 3550 3672 3551 
3 3671 3672 3550 
3 3549 3671 3550 
3 3670 3671 3549 
3 3548 3670 3549 
3 3545 3669 3546 
3 3668 3669 3545 
3 3544 3668 3545 
3 3667 3668 3544 
3 3543 3667 3544 
3 3539 3664 3540 
3 3663 3664 3539 
3 3538 3663 3539 
3 3662 3663 3538 
3 3537 3662 3538 
3 3661 3662 3537 
3 3536 3661 3537 
3 3660 3661 3536 
3 3535 3660 3536 
3 3659 3660 3535 
3 3534 3659 3535 
3 3658 3659 3534 
3 3533 3658 3534 
3 3657 3658 3533 
3 3532 3657 3533 
3 3656 3657 3532 
3 3531 3656 3532 
3 3655 3656 3531 
3 3530 3655 3531 
3 3654 3655 3530 
3 3529 3654 3530 
3 3653 3654 3529 
3 3528 3653 3529 
3 3652 3653 3528 
3 3527 3652 3528 
3 3651 3652 3527 
3 3526 3651 3527 
3 3650 3651 3526 
3 3525 3650 3526 
3 3649 3650 3525 
3 3524 3649 3525 
3 3648 3649 3524 
3 3523 3648 3524 
3 3647 3648 3523 
3 3522 3647 3523 
3 3646 3647 3522 
3 3521 3646 3522 
3 3645 3646 3521 
3 3520 3645 3521 
3 3644 3645 3520 
3 3519 3644 3520 
3 3643 3644 3519 
3 3518 3643 3519 
3 3642 3643 3518 
3 3517 3642 3518 
3 3515 3641 3516 
3 3640 3641 3515 
3 3514 3640 3515 
3 3639 3640 3514 
3 3513 3639 3514 
3 3638 3639 3513 
3 3512 3638 3513 
3 3637 3638 3512 
3 3511 3637 3512 
3 3636 3637 3511 
3 3510 3636 3511 
3 3635 3636 3510 
3 3509 3635 3510 
3 3634 3635 3509 
3 3508 3634 3509 
3 3633 3634 3508 
3 3507 3633 3508 
3 3632 3633 3507 
3 3630 3631 3506 
3 3505 3630 3506 
3 3629 3630 3505 
3 3504 3629 3505 
3 3628 3629 3504 
3 3503 3628 3504 
3 3627 3628 3503 
3 3502 3627 3503 
3 3626 3627 3502 
3 3501 3626 3502 
3 3625 3626 3501 
3 3500 3625 3501 
3 3624 3625 3500 
3 3499 3624 3500 
3 3620 3621 3496 
3 3495 3620 3496 
3 3619 3620 3495 
3 3494 3619 3495 
3 3618 3619 3494 
3 3493 3618 3494 
3 3617 3618 3493 
3 3492 3617 3493 
3 3616 3617 3492 
3 3491 3616 3492 
3 3615 3616 3491 
3 3732 3858 3733 
3 3857 3858 3732 
3 3731 3857 3732 
3 3856 3857 3731 
3 3730 3856 3731 
3 3855 3856 3730 
3 3729 3855 3730 
3 3854 3855 3729 
3 3728 3854 3729 
3 3853 3854 3728 
3 3727 3853 3728 
3 3852 3853 3727 
3 3726 3852 3727 
3 3851 3852 3726 
3 3849 3850 3725 
3 3724 3849 3725 
3 3848 3849 3724 
3 3723 3848 3724 
3 3847 3848 3723 
3 3722 3847 3723 
3 3846 3847 3722 
3 3721 3846 3722 
3 3845 3846 3721 
3 3720 3845 3721 
3 3844 3845 3720 
3 3719 3844 3720 
3 3843 3844 3719 
3 3718 3843 3719 
3 3842 3843 3718 
3 3717 3842 3718 
3 3841 3842 3717 
3 3716 3841 3717 
3 3840 3841 3716 
3 3715 3840 3716 
3 3839 3840 3715 
3 3714 3839 3715 
3 3838 3839 3714 
3 3713 3838 3714 
3 3837 3838 3713 
3 3712 3837 3713 
3 3836 3837 3712 
3 3711 3836 3712 
3 3835 3836 3711 
3 3710 3835 3711 
3 3834 3835 3710 
3 3709 3834 3710 
3 3833 3834 3709 
3 3708 3833 3709 
3 3832 3833 3708 
3 3707 3832 3708 
3 3831 3832 3707 
3 3706 3831 3707 
3 3830 3831 3706 
3 3705 3830 3706 
3 3829 3830 3705 
3 3704 3829 3705 
3 3828 3829 3704 
3 3703 3828 3704 
3 3827 3828 3703 
3 3702 3827 3703 
3 3826 3827 3702 
3 3701 3826 3702 
3 3825 3826 3701 
3 3700 3825 3701 
3 3824 3825 3700 
3 3699 3824 3700 
3 3823 3824 3699 
3 3698 3823 3699 
3 3822 3823 3698 
3 3697 3822 3698 
3 3821 3822 3697 
3 3696 3821 3697 
3 3820 3821 3696 
3 3695 3820 3696 
3 3819 3820 3695 
3 3694 3819 3695 
3 3818 3819 3694 
3 3693 3818 3694 
3 3817 3818 3693 
3 3692 3817 3693 
3 3816 3817 3692 
3 3691 3816 3692 
3 3815 3816 3691 
3 3690 3815 3691 
3 3814 3815 3690 
3 3689 3814 3690 
3 3813 3814 3689 
3 3688 3813 3689 
3 3812 3813 3688 
3 3687 3812 3688 
3 3811 3812 3687 
3 3686 3811 3687 
3 3810 3811 3686 
3 3685 3810 3686 
3 3809 3810 3685 
3 3684 3809 3685 
3 3808 3809 3684 
3 3683 3808 3684 
3 3807 3808 3683 
3 3682 3807 3683 
3 3806 3807 3682 
3 3681 3806 3682 
3 3805 3806 3681 
3 3680 3805 3681 
3 3804 3805 3680 
3 3679 3804 3680 
3 3803 3804 3679 
3 3678 3803 3679 
3 3802 3803 3678 
3 3677 3802 3678 
3 3801 3802 3677 
3 3676 3801 3677 
3 3800 3801 3676 
3 3675 3800 3676 
3 3799 3800 3675 
3 3674 3799 3675 
3 3798 3799 3674 
3 3673 3798 3674 
3 3797 3798 3673 
3 3671 3796 3672 
3 3795 3796 3671 
3 3670 3795 3671 
3 3794 3795 3670 
3 3791 3792 3669 
3 3668 3791 3669 
3 3790 3791 3668 
3 3667 3790 3668 
3 3789 3790 3667 
3 3787 3788 3666 
3 3665 3787 3666 
3 3786 3787 3665 
3 3784 3785 3664 
3 3663 3784 3664 
3 3783 3784 3663 
3 3662 3783 3663 
3 3782 3783 3662 
3 3661 3782 3662 
3 3781 3782 3661 
3 3660 3781 3661 
3 3780 3781 3660 
3 3659 3780 3660 
3 3779 3780 3659 
3 3658 3779 3659 
3 3778 3779 3658 
3 3657 3778 3658 
3 3777 3778 3657 
3 3656 3777 3657 
3 3776 3777 3656 
3 3655 3776 3656 
3 3775 3776 3655 
3 3654 3775 3655 
3 3774 3775 3654 
3 3653 3774 3654 
3 3773 3774 3653 
3 3652 3773 3653 
3 3772 3773 3652 
3 3651 3772 3652 
3 3649 3771 3650 
3 3770 3771 3649 
3 3648 3770 3649 
3 3769 3770 3648 
3 3647 3769 3648 
3 3768 3769 3647 
3 3646 3768 3647 
3 3767 3768 3646 
3 3645 3767 3646 
3 3766 3767 3645 
3 3644 3766 3645 
3 3765 3766 3644 
3 3643 3765 3644 
3 3764 3765 3643 
3 3642 3764 3643 
3 3763 3764 3642 
3 3761 3762 3641 
3 3640 3761 3641 
3 3760 3761 3640 
3 3639 3760 3640 
3 3759 3760 3639 
3 3638 3759 3639 
3 3636 3758 3637 
3 3757 3758 3636 
3 3635 3757 3636 
3 3756 3757 3635 
3 3634 3756 3635 
3 3755 3756 3634 
3 3633 3755 3634 
3 3754 3755 3633 
3 3632 3754 3633 
3 3753 3754 3632 
3 3631 3753 3632 
3 3752 3753 3631 
3 3630 3752 3631 
3 3751 3752 3630 
3 3629 3751 3630 
3 3750 3751 3629 
3 3628 3750 3629 
3 3749 3750 3628 
3 3627 3749 3628 
3 3748 3749 3627 
3 3626 3748 3627 
3 3747 3748 3626 
3 3625 3747 3626 
3 3746 3747 3625 
3 3624 3746 3625 
3 3745 3746 3624 
3 3743 3744 3623 
3 3741 3742 3622 
3 3621 3741 3622 
3 3740 3741 3621 
3 3620 3740 3621 
3 3739 3740 3620 
3 3619 3739 3620 
3 3738 3739 3619 
3 3618 3738 3619 
3 3737 3738 3618 
3 3617 3737 3618 
3 3736 3737 3617 
3 3616 3736 3617 
3 3735 3736 3616 
3 3615 3735 3616 
3 3734 3735 3615 
3 3489 3614 3490 
3 3613 3614 3489 
3 3488 3613 3489 
3 3612 3613 3488 
3 3487 3612 3488 
3 3611 3612 3487 
3 3486 3611 3487 
3 3610 3611 3486 
3 3485 3610 3486 
3 3609 3610 3485 
3 3484 3609 3485 
3 3608 3609 3484 
3 3483 3608 3484 
3 3607 3608 3483 
3 3482 3607 3483 
3 3606 3607 3482 
3 3481 3606 3482 
3 3605 3606 3481 
3 3480 3605 3481 
3 3604 3605 3480 
3 3479 3604 3480 
3 3603 3604 3479 
3 3478 3603 3479 
3 3602 3603 3478 
3 3477 3602 3478 
3 3601 3602 3477 
3 3476 3601 3477 
3 3600 3601 3476 
3 3475 3600 3476 
3 3599 3600 3475 
3 3474 3599 3475 
3 3598 3599 3474 
3 3473 3598 3474 
3 3597 3598 3473 
3 3472 3597 3473 
3 3596 3597 3472 
3 3471 3596 3472 
3 3595 3596 3471 
3 3470 3595 3471 
3 3594 3595 3470 
3 3469 3594 3470 
3 3593 3594 3469 
3 3468 3593 3469 
3 3592 3593 3468 
3 3467 3592 3468 
3 3591 3592 3467 
3 3466 3591 3467 
3 3590 3591 3466 
3 3465 3590 3466 
3 3589 3590 3465 
3 3464 3589 3465 
3 3588 3589 3464 
3 3463 3588 3464 
3 3587 3588 3463 
3 3462 3587 3463 
3 3586 3587 3462 
3 3461 3586 3462 
3 3585 3586 3461 
3 3460 3585 3461 
3 3584 3585 3460 
3 3459 3584 3460 
3 3583 3584 3459 
3 3458 3583 3459 
3 3582 3583 3458 
3 3457 3582 3458 
3 3581 3582 3457 
3 3456 3581 3457 
3 3580 3581 3456 
3 3455 3580 3456 
3 3579 3580 3455 
3 3454 3579 3455 
3 3578 3579 3454 
3 3453 3578 3454 
3 3577 3578 3453 
3 3452 3577 3453 
3 3576 3577 3452 
3 3451 3576 3452 
3 3575 3576 3451 
3 3450 3575 3451 
3 3574 3575 3450 
3 3449 3574 3450 
3 3573 3574 3449 
3 3448 3573 3449 
3 3572 3573 3448 
3 3447 3572 3448 
3 3571 3572 3447 
3 3446 3571 3447 
3 3570 3571 3446 
3 3445 3570 3446 
3 3569 3570 3445 
3 3444 3569 3445 
3 3568 3569 3444 
3 3443 3568 3444 
3 3567 3568 3443 
3 3442 3567 3443 
3 3566 3567 3442 
3 3441 3566 3442 
3 3565 3566 3441 
3 3440 3565 3441 
3 3564 3565 3440 
3 3439 3564 3440 
3 3563 3564 3439 
3 3438 3563 3439 
3 3562 3563 3438 
3 3437 3562 3438 
3 3561 3562 3437 
3 3436 3561 3437 
3 3560 3561 3436 
3 3435 3560 3436 
3 3559 3560 3435 
3 3434 3559 3435 
3 3558 3559 3434 
3 3433 3558 3434 
3 3557 3558 3433 
3 3432 3557 3433 
3 3556 3557 3432 
3 3431 3556 3432 
3 3555 3556 3431 
3 3430 3555 3431 
3 3554 3555 3430 
3 3429 3554 3430 
3 3553 3554 3429 
3 3428 3553 3429 
3 3552 3553 3428 
3 3427 3552 3428 
3 3551 3552 3427 
3 3426 3551 3427 
3 3550 3551 3426 
3 3425 3550 3426 
3 3549 3550 3425 
3 3424 3549 3425 
3 3548 3549 3424 
3 3423 3548 3424 
3 3547 3548 3423 
3 3422 3547 3423 
3 3546 3547 3422 
3 3421 3546 3422 
3 3545 3546 3421 
3 3420 3545 3421 
3 3544 3545 3420 
3 3419 3544 3420 
3 3543 3544 3419 
3 3418 3543 3419 
3 3542 3543 3418 
3 3417 3542 3418 
3 3415 3541 3416 
3 3540 3541 3415 
3 3414 3540 3415 
3 3539 3540 3414 
3 3413 3539 3414 
3 3538 3539 3413 
3 3412 3538 3413 
3 3537 3538 3412 
3 3411 3537 3412 
3 3536 3537 3411 
3 3410 3536 3411 
3 3535 3536 3410 
3 3409 3535 3410 
3 3534 3535 3409 
3 3408 3534 3409 
3 3533 3534 3408 
3 3407 3533 3408 
3 3532 3533 3407 
3 3406 3532 3407 
3 3531 3532 3406 
3 3405 3531 3406 
3 3530 3531 3405 
3 3404 3530 3405 
3 3529 3530 3404 
3 3403 3529 3404 
3 3528 3529 3403 
3 3402 3528 3403 
3 3527 3528 3402 
3 3401 3527 3402 
3 3526 3527 3401 
3 3524 3525 3400 
3 3399 3524 3400 
3 3523 3524 3399 
3 3398 3523 3399 
3 3522 3523 3398 
3 3397 3522 3398 
3 3521 3522 3397 
3 3396 3521 3397 
3 3520 3521 3396 
3 3395 3520 3396 
3 3519 3520 3395 
3 3394 3519 3395 
3 3518 3519 3394 
3 3393 3518 3394 
3 3517 3518 3393 
3 3392 3517 3393 
3 3516 3517 3392 
3 3391 3516 3392 
3 3515 3516 3391 
3 3390 3515 3391 
3 3514 3515 3390 
3 3389 3514 3390 
3 3513 3514 3389 
3 3388 3513 3389 
3 3512 3513 3388 
3 3387 3512 3388 
3 3511 3512 3387 
3 3386 3511 3387 
3 3510 3511 3386 
3 3385 3510 3386 
3 3509 3510 3385 
3 3384 3509 3385 
3 3508 3509 3384 
3 3383 3508 3384 
3 3507 3508 3383 
3 3382 3507 3383 
3 3380 3506 3381 
3 3505 3506 3380 
3 3379 3505 3380 
3 3504 3505 3379 
3 3378 3504 3379 
3 3503 3504 3378 
3 3377 3503 3378 
3 3502 3503 3377 
3 3376 3502 3377 
3 3501 3502 3376 
3 3375 3501 3376 
3 3500 3501 3375 
3 3374 3500 3375 
3 3499 3500 3374 
3 3373 3499 3374 
3 3371 3498 3372 
3 3497 3498 3371 
3 3370 3497 3371 
3 3368 3496 3369 
3 3495 3496 3368 
3 3367 3495 3368 
3 3494 3495 3367 
3 3366 3494 3367 
3 3493 3494 3366 
3 3365 3493 3366 
3 3492 3493 3365 
3 3364 3492 3365 
3 3491 3492 3364 
3 3114 3238 3115 
3 3237 3238 3114 
3 3113 3237 3114 
3 3236 3237 3113 
3 3112 3236 3113 
3 3235 3236 3112 
3 3111 3235 3112 
3 3234 3235 3111 
3 3110 3234 3111 
3 3233 3234 3110 
3 3109 3233 3110 
3 3232 3233 3109 
3 3108 3232 3109 
3 3231 3232 3108 
3 3107 3231 3108 
3 3230 3231 3107 
3 3106 3230 3107 
3 3229 3230 3106 
3 3105 3229 3106 
3 3228 3229 3105 
3 3104 3228 3105 
3 3227 3228 3104 
3 3103 3227 3104 
3 3226 3227 3103 
3 3102 3226 3103 
3 3225 3226 3102 
3 3101 3225 3102 
3 3224 3225 3101 
3 3100 3224 3101 
3 3223 3224 3100 
3 3099 3223 3100 
3 3222 3223 3099 
3 3098 3222 3099 
3 3221 3222 3098 
3 3097 3221 3098 
3 3220 3221 3097 
3 3096 3220 3097 
3 3219 3220 3096 
3 3095 3219 3096 
3 3218 3219 3095 
3 3094 3218 3095 
3 3217 3218 3094 
3 3093 3217 3094 
3 3216 3217 3093 
3 3092 3216 3093 
3 3215 3216 3092 
3 3091 3215 3092 
3 3214 3215 3091 
3 3090 3214 3091 
3 3213 3214 3090 
3 3089 3213 3090 
3 3212 3213 3089 
3 3088 3212 3089 
3 3211 3212 3088 
3 3087 3211 3088 
3 3210 3211 3087 
3 3086 3210 3087 
3 3209 3210 3086 
3 3085 3209 3086 
3 3208 3209 3085 
3 3084 3208 3085 
3 3207 3208 3084 
3 3083 3207 3084 
3 3081 3206 3082 
3 3205 3206 3081 
3 3080 3205 3081 
3 3204 3205 3080 
3 3079 3204 3080 
3 3203 3204 3079 
3 3078 3203 3079 
3 3202 3203 3078 
3 3077 3202 3078 
3 3201 3202 3077 
3 3076 3201 3077 
3 3200 3201 3076 
3 3075 3200 3076 
3 3199 3200 3075 
3 3074 3199 3075 
3 3198 3199 3074 
3 3073 3198 3074 
3 3197 3198 3073 
3 3072 3197 3073 
3 3196 3197 3072 
3 3071 3196 3072 
3 3195 3196 3071 
3 3070 3195 3071 
3 3194 3195 3070 
3 3069 3194 3070 
3 3193 3194 3069 
3 3068 3193 3069 
3 3192 3193 3068 
3 3067 3192 3068 
3 3191 3192 3067 
3 3066 3191 3067 
3 3190 3191 3066 
3 3065 3190 3066 
3 3189 3190 3065 
3 3064 3189 3065 
3 3188 3189 3064 
3 3063 3188 3064 
3 3187 3188 3063 
3 3062 3187 3063 
3 3186 3187 3062 
3 3061 3186 3062 
3 3185 3186 3061 
3 3060 3185 3061 
3 3184 3185 3060 
3 3059 3184 3060 
3 3183 3184 3059 
3 3058 3183 3059 
3 3182 3183 3058 
3 3057 3182 3058 
3 3181 3182 3057 
3 3056 3181 3057 
3 3180 3181 3056 
3 3055 3180 3056 
3 3179 3180 3055 
3 3054 3179 3055 
3 3178 3179 3054 
3 3053 3178 3054 
3 3177 3178 3053 
3 3052 3177 3053 
3 3176 3177 3052 
3 3051 3176 3052 
3 3175 3176 3051 
3 3050 3175 3051 
3 3174 3175 3050 
3 3049 3174 3050 
3 3173 3174 3049 
3 3048 3173 3049 
3 3172 3173 3048 
3 3170 3171 3047 
3 3167 3168 3046 
3 3045 3167 3046 
3 3043 3166 3044 
3 3165 3166 3043 
3 3042 3165 3043 
3 3164 3165 3042 
3 3162 3163 3041 
3 3040 3162 3041 
3 3161 3162 3040 
3 3159 3160 3039 
3 3038 3159 3039 
3 3158 3159 3038 
3 3037 3158 3038 
3 3157 3158 3037 
3 3036 3157 3037 
3 3156 3157 3036 
3 3035 3156 3036 
3 3155 3156 3035 
3 3034 3155 3035 
3 3154 3155 3034 
3 3033 3154 3034 
3 3153 3154 3033 
3 3151 3152 3032 
3 3031 3151 3032 
3 3150 3151 3031 
3 3030 3150 3031 
3 3149 3150 3030 
3 3147 3148 3029 
3 3028 3147 3029 
3 3146 3147 3028 
3 3143 3144 3027 
3 3026 3143 3027 
3 3142 3143 3026 
3 3025 3142 3026 
3 3141 3142 3025 
3 3024 3141 3025 
3 3140 3141 3024 
3 3023 3140 3024 
3 3139 3140 3023 
3 3022 3139 3023 
3 3138 3139 3022 
3 3021 3138 3022 
3 3137 3138 3021 
3 3020 3137 3021 
3 3136 3137 3020 
3 3019 3136 3020 
3 3135 3136 3019 
3 3018 3135 3019 
3 3134 3135 3018 
3 3017 3134 3018 
3 3133 3134 3017 
3 3016 3133 3017 
3 3132 3133 3016 
3 3015 3132 3016 
3 3013 3131 3014 
3 3130 3131 3013 
3 3012 3130 3013 
3 3129 3130 3012 
3 3011 3129 3012 
3 3128 3129 3011 
3 3010 3128 3011 
3 3127 3128 3010 
3 3009 3127 3010 
3 3126 3127 3009 
3 3008 3126 3009 
3 3125 3126 3008 
3 3007 3125 3008 
3 3124 3125 3007 
3 3006 3124 3007 
3 3123 3124 3006 
3 3005 3123 3006 
3 3122 3123 3005 
3 3120 3121 3004 
3 3003 3120 3004 
3 3000 3119 3001 
3 3118 3119 3000 
3 2999 3118 3000 
3 3117 3118 2999 
3 2998 3117 2999 
3 3116 3117 2998 
3 3237 3363 3238 
3 3362 3363 3237 
3 3236 3362 3237 
3 3361 3362 3236 
3 3235 3361 3236 
3 3360 3361 3235 
3 3234 3360 3235 
3 3359 3360 3234 
3 3233 3359 3234 
3 3358 3359 3233 
3 3232 3358 3233 
3 3357 3358 3232 
3 3231 3357 3232 
3 3356 3357 3231 
3 3230 3356 3231 
3 3355 3356 3230 
3 3229 3355 3230 
3 3354 3355 3229 
3 3228 3354 3229 
3 3353 3354 3228 
3 3227 3353 3228 
3 3352 3353 3227 
3 3226 3352 3227 
3 3351 3352 3226 
3 3225 3351 3226 
3 3350 3351 3225 
3 3224 3350 3225 
3 3349 3350 3224 
3 3223 3349 3224 
3 3348 3349 3223 
3 3222 3348 3223 
3 3347 3348 3222 
3 3221 3347 3222 
3 3346 3347 3221 
3 3220 3346 3221 
3 3345 3346 3220 
3 3219 3345 3220 
3 3344 3345 3219 
3 3218 3344 3219 
3 3343 3344 3218 
3 3217 3343 3218 
3 3342 3343 3217 
3 3216 3342 3217 
3 3341 3342 3216 
3 3215 3341 3216 
3 3340 3341 3215 
3 3214 3340 3215 
3 3339 3340 3214 
3 3213 3339 3214 
3 3338 3339 3213 
3 3212 3338 3213 
3 3337 3338 3212 
3 3211 3337 3212 
3 3336 3337 3211 
3 3210 3336 3211 
3 3335 3336 3210 
3 3209 3335 3210 
3 3334 3335 3209 
3 3208 3334 3209 
3 3333 3334 3208 
3 3207 3333 3208 
3 3332 3333 3207 
3 3330 3331 3206 
3 3205 3330 3206 
3 3329 3330 3205 
3 3204 3329 3205 
3 3328 3329 3204 
3 3203 3328 3204 
3 3327 3328 3203 
3 3202 3327 3203 
3 3326 3327 3202 
3 3201 3326 3202 
3 3325 3326 3201 
3 3200 3325 3201 
3 3324 3325 3200 
3 3199 3324 3200 
3 3323 3324 3199 
3 3198 3323 3199 
3 3322 3323 3198 
3 3197 3322 3198 
3 3321 3322 3197 
3 3196 3321 3197 
3 3320 3321 3196 
3 3195 3320 3196 
3 3319 3320 3195 
3 3194 3319 3195 
3 3318 3319 3194 
3 3193 3318 3194 
3 3317 3318 3193 
3 3192 3317 3193 
3 3316 3317 3192 
3 3191 3316 3192 
3 3315 3316 3191 
3 3190 3315 3191 
3 3314 3315 3190 
3 3189 3314 3190 
3 3313 3314 3189 
3 3188 3313 3189 
3 3312 3313 3188 
3 3187 3312 3188 
3 3311 3312 3187 
3 3186 3311 3187 
3 3310 3311 3186 
3 3185 3310 3186 
3 3309 3310 3185 
3 3184 3309 3185 
3 3308 3309 3184 
3 3183 3308 3184 
3 3307 3308 3183 
3 3182 3307 3183 
3 3306 3307 3182 
3 3181 3306 3182 
3 3305 3306 3181 
3 3180 3305 3181 
3 3304 3305 3180 
3 3179 3304 3180 
3 3303 3304 3179 
3 3178 3303 3179 
3 3302 3303 3178 
3 3177 3302 3178 
3 3301 3302 3177 
3 3176 3301 3177 
3 3300 3301 3176 
3 3175 3300 3176 
3 3299 3300 3175 
3 3174 3299 3175 
3 3298 3299 3174 
3 3173 3298 3174 
3 3297 3298 3173 
3 3172 3297 3173 
3 3170 3296 3171 
3 3295 3296 3170 
3 3169 3295 3170 
3 3294 3295 3169 
3 3168 3294 3169 
3 3293 3294 3168 
3 3167 3293 3168 
3 3292 3293 3167 
3 3165 3291 3166 
3 3290 3291 3165 
3 3164 3290 3165 
3 3289 3290 3164 
3 3163 3289 3164 
3 3288 3289 3163 
3 3162 3288 3163 
3 3287 3288 3162 
3 3161 3287 3162 
3 3286 3287 3161 
3 3160 3286 3161 
3 3285 3286 3160 
3 3159 3285 3160 
3 3284 3285 3159 
3 3158 3284 3159 
3 3283 3284 3158 
3 3157 3283 3158 
3 3282 3283 3157 
3 3156 3282 3157 
3 3281 3282 3156 
3 3155 3281 3156 
3 3280 3281 3155 
3 3154 3280 3155 
3 3279 3280 3154 
3 3153 3279 3154 
3 3278 3279 3153 
3 3152 3278 3153 
3 3277 3278 3152 
3 3151 3277 3152 
3 3276 3277 3151 
3 3150 3276 3151 
3 3275 3276 3150 
3 3149 3275 3150 
3 3274 3275 3149 
3 3148 3274 3149 
3 3273 3274 3148 
3 3147 3273 3148 
3 3272 3273 3147 
3 3146 3272 3147 
3 3271 3272 3146 
3 3145 3271 3146 
3 3270 3271 3145 
3 3144 3270 3145 
3 3269 3270 3144 
3 3143 3269 3144 
3 3268 3269 3143 
3 3142 3268 3143 
3 3267 3268 3142 
3 3141 3267 3142 
3 3266 3267 3141 
3 3140 3266 3141 
3 3265 3266 3140 
3 3139 3265 3140 
3 3264 3265 3139 
3 3138 3264 3139 
3 3263 3264 3138 
3 3137 3263 3138 
3 3262 3263 3137 
3 3136 3262 3137 
3 3261 3262 3136 
3 3135 3261 3136 
3 3133 3260 3134 
3 3259 3260 3133 
3 3132 3259 3133 
3 3258 3259 3132 
3 3256 3257 3131 
3 3130 3256 3131 
3 3255 3256 3130 
3 3129 3255 3130 
3 3254 3255 3129 
3 3128 3254 3129 
3 3253 3254 3128 
3 3127 3253 3128 
3 3252 3253 3127 
3 3126 3252 3127 
3 3251 3252 3126 
3 3125 3251 3126 
3 3250 3251 3125 
3 3124 3250 3125 
3 3249 3250 3124 
3 3123 3249 3124 
3 3248 3249 3123 
3 3122 3248 3123 
3 3247 3248 3122 
3 3121 3247 3122 
3 3246 3247 3121 
3 3120 3246 3121 
3 3245 3246 3120 
3 3242 3243 3119 
3 3118 3242 3119 
3 3241 3242 3118 
3 3117 3241 3118 
3 3240 3241 3117 
3 3116 3240 3117 
3 3239 3240 3116 
3 2996 3115 2997 
3 3114 3115 2996 
3 2995 3114 2996 
3 3113 3114 2995 
3 2994 3113 2995 
3 3112 3113 2994 
3 2993 3112 2994 
3 3111 3112 2993 
3 2992 3111 2993 
3 3110 3111 2992 
3 2991 3110 2992 
3 3109 3110 2991 
3 2990 3109 2991 
3 3108 3109 2990 
3 2989 3108 2990 
3 3107 3108 2989 
3 2988 3107 2989 
3 3106 3107 2988 
3 2987 3106 2988 
3 3105 3106 2987 
3 2986 3105 2987 
3 3104 3105 2986 
3 2985 3104 2986 
3 3103 3104 2985 
3 2984 3103 2985 
3 3102 3103 2984 
3 2983 3102 2984 
3 3101 3102 2983 
3 2982 3101 2983 
3 3100 3101 2982 
3 2981 3100 2982 
3 3099 3100 2981 
3 2980 3099 2981 
3 3098 3099 2980 
3 2979 3098 2980 
3 3097 3098 2979 
3 2978 3097 2979 
3 3096 3097 2978 
3 2977 3096 2978 
3 3095 3096 2977 
3 2976 3095 2977 
3 3094 3095 2976 
3 2975 3094 2976 
3 3093 3094 2975 
3 2974 3093 2975 
3 3092 3093 2974 
3 2973 3092 2974 
3 3091 3092 2973 
3 2972 3091 2973 
3 3090 3091 2972 
3 2971 3090 2972 
3 3089 3090 2971 
3 2970 3089 2971 
3 3088 3089 2970 
3 2969 3088 2970 
3 3087 3088 2969 
3 2968 3087 2969 
3 3086 3087 2968 
3 2967 3086 2968 
3 3085 3086 2967 
3 2966 3085 2967 
3 3084 3085 2966 
3 2965 3084 2966 
3 3083 3084 2965 
3 2964 3083 2965 
3 3082 3083 2964 
3 2963 3082 2964 
3 3081 3082 2963 
3 2962 3081 2963 
3 3080 3081 2962 
3 2961 3080 2962 
3 3079 3080 2961 
3 2960 3079 2961 
3 3078 3079 2960 
3 2959 3078 2960 
3 3077 3078 2959 
3 2958 3077 2959 
3 3076 3077 2958 
3 2957 3076 2958 
3 3075 3076 2957 
3 2956 3075 2957 
3 3074 3075 2956 
3 2955 3074 2956 
3 3073 3074 2955 
3 2954 3073 2955 
3 3072 3073 2954 
3 2953 3072 2954 
3 3071 3072 2953 
3 2952 3071 2953 
3 3070 3071 2952 
3 2951 3070 2952 
3 3069 3070 2951 
3 2950 3069 2951 
3 3068 3069 2950 
3 2949 3068 2950 
3 3067 3068 2949 
3 2948 3067 2949 
3 3066 3067 2948 
3 2947 3066 2948 
3 3065 3066 2947 
3 2946 3065 2947 
3 3064 3065 2946 
3 2945 3064 2946 
3 3063 3064 2945 
3 2944 3063 2945 
3 3062 3063 2944 
3 2943 3062 2944 
3 3061 3062 2943 
3 2942 3061 2943 
3 3060 3061 2942 
3 2941 3060 2942 
3 3059 3060 2941 
3 2940 3059 2941 
3 3058 3059 2940 
3 2939 3058 2940 
3 3057 3058 2939 
3 2938 3057 2939 
3 3056 3057 2938 
3 2937 3056 2938 
3 3055 3056 2937 
3 2936 3055 2937 
3 3054 3055 2936 
3 2935 3054 2936 
3 3053 3054 2935 
3 2934 3053 2935 
3 3052 3053 2934 
3 2933 3052 2934 
3 3051 3052 2933 
3 3049 3050 2932 
3 2931 3049 2932 
3 3048 3049 2931 
3 2930 3048 2931 
3 2928 3047 2929 
3 3044 3045 2925 
3 2924 3044 2925 
3 3043 3044 2924 
3 2923 3043 2924 
3 3042 3043 2923 
3 2922 3042 2923 
3 2920 3041 2921 
3 3040 3041 2920 
3 2919 3040 2920 
3 2917 3039 2918 
3 3038 3039 2917 
3 2916 3038 2917 
3 3037 3038 2916 
3 2915 3037 2916 
3 3036 3037 2915 
3 2914 3036 2915 
3 3035 3036 2914 
3 2913 3035 2914 
3 3034 3035 2913 
3 2912 3034 2913 
3 3033 3034 2912 
3 2911 3033 2912 
3 3030 3031 2909 
3 2908 3030 2909 
3 2903 3027 2904 
3 3026 3027 2903 
3 2902 3026 2903 
3 3025 3026 2902 
3 2901 3025 2902 
3 3024 3025 2901 
3 2900 3024 2901 
3 3023 3024 2900 
3 2899 3023 2900 
3 3022 3023 2899 
3 2898 3022 2899 
3 3021 3022 2898 
3 2897 3021 2898 
3 3020 3021 2897 
3 2896 3020 2897 
3 3019 3020 2896 
3 2895 3019 2896 
3 3018 3019 2895 
3 2894 3018 2895 
3 3017 3018 2894 
3 2893 3017 2894 
3 3016 3017 2893 
3 2892 3016 2893 
3 3015 3016 2892 
3 2891 3015 2892 
3 3014 3015 2891 
3 2890 3014 2891 
3 3013 3014 2890 
3 2889 3013 2890 
3 3012 3013 2889 
3 2888 3012 2889 
3 3011 3012 2888 
3 2887 3011 2888 
3 3010 3011 2887 
3 2886 3010 2887 
3 3009 3010 2886 
3 2885 3009 2886 
3 3008 3009 2885 
3 2884 3008 2885 
3 3007 3008 2884 
3 2883 3007 2884 
3 3006 3007 2883 
3 2882 3006 2883 
3 3005 3006 2882 
3 2881 3005 2882 
3 2879 3004 2880 
3 3003 3004 2879 
3 2878 3003 2879 
3 3002 3003 2878 
3 2877 3002 2878 
3 3001 3002 2877 
3 2876 3001 2877 
3 3000 3001 2876 
3 2875 3000 2876 
3 2999 3000 2875 
3 2874 2999 2875 
3 2998 2999 2874 
3 2401 2519 2402 
3 2518 2519 2401 
3 2400 2518 2401 
3 2517 2518 2400 
3 2399 2517 2400 
3 2516 2517 2399 
3 2398 2516 2399 
3 2515 2516 2398 
3 2397 2515 2398 
3 2514 2515 2397 
3 2395 2513 2396 
3 2512 2513 2395 
3 2394 2512 2395 
3 2511 2512 2394 
3 2393 2511 2394 
3 2510 2511 2393 
3 2392 2510 2393 
3 2509 2510 2392 
3 2391 2509 2392 
3 2508 2509 2391 
3 2390 2508 2391 
3 2507 2508 2390 
3 2389 2507 2390 
3 2506 2507 2389 
3 2388 2506 2389 
3 2505 2506 2388 
3 2503 2504 2387 
3 2386 2503 2387 
3 2502 2503 2386 
3 2385 2502 2386 
3 2501 2502 2385 
3 2384 2501 2385 
3 2500 2501 2384 
3 2383 2500 2384 
3 2499 2500 2383 
3 2382 2499 2383 
3 2498 2499 2382 
3 2381 2498 2382 
3 2497 2498 2381 
3 2380 2497 2381 
3 2496 2497 2380 
3 2379 2496 2380 
3 2495 2496 2379 
3 2378 2495 2379 
3 2376 2494 2377 
3 2493 2494 2376 
3 2375 2493 2376 
3 2492 2493 2375 
3 2374 2492 2375 
3 2491 2492 2374 
3 2373 2491 2374 
3 2490 2491 2373 
3 2372 2490 2373 
3 2489 2490 2372 
3 2371 2489 2372 
3 2488 2489 2371 
3 2370 2488 2371 
3 2487 2488 2370 
3 2369 2487 2370 
3 2486 2487 2369 
3 2368 2486 2369 
3 2485 2486 2368 
3 2367 2485 2368 
3 2484 2485 2367 
3 2366 2484 2367 
3 2483 2484 2366 
3 2365 2483 2366 
3 2482 2483 2365 
3 2364 2482 2365 
3 2481 2482 2364 
3 2363 2481 2364 
3 2480 2481 2363 
3 2362 2480 2363 
3 2479 2480 2362 
3 2361 2479 2362 
3 2478 2479 2361 
3 2360 2478 2361 
3 2477 2478 2360 
3 2359 2477 2360 
3 2476 2477 2359 
3 2358 2476 2359 
3 2475 2476 2358 
3 2357 2475 2358 
3 2474 2475 2357 
3 2356 2474 2357 
3 2473 2474 2356 
3 2355 2473 2356 
3 2472 2473 2355 
3 2354 2472 2355 
3 2471 2472 2354 
3 2353 2471 2354 
3 2470 2471 2353 
3 2352 2470 2353 
3 2469 2470 2352 
3 2351 2469 2352 
3 2468 2469 2351 
3 2350 2468 2351 
3 2467 2468 2350 
3 2349 2467 2350 
3 2466 2467 2349 
3 2348 2466 2349 
3 2465 2466 2348 
3 2347 2465 2348 
3 2345 2464 2346 
3 2463 2464 2345 
3 2344 2463 2345 
3 2462 2463 2344 
3 2343 2462 2344 
3 2341 2461 2342 
3 2460 2461 2341 
3 2340 2460 2341 
3 2459 2460 2340 
3 2339 2459 2340 
3 2458 2459 2339 
3 2338 2458 2339 
3 2457 2458 2338 
3 2337 2457 2338 
3 2456 2457 2337 
3 2336 2456 2337 
3 2455 2456 2336 
3 2335 2455 2336 
3 2454 2455 2335 
3 2334 2454 2335 
3 2453 2454 2334 
3 2333 2453 2334 
3 2452 2453 2333 
3 2332 2452 2333 
3 2451 2452 2332 
3 2331 2451 2332 
3 2450 2451 2331 
3 2447 2448 2330 
3 2329 2447 2330 
3 2327 2446 2328 
3 2445 2446 2327 
3 2326 2445 2327 
3 2444 2445 2326 
3 2325 2444 2326 
3 2443 2444 2325 
3 2324 2443 2325 
3 2442 2443 2324 
3 2321 2440 2322 
3 2439 2440 2321 
3 2437 2438 2320 
3 2317 2436 2318 
3 2435 2436 2317 
3 2316 2435 2317 
3 2434 2435 2316 
3 2315 2434 2316 
3 2433 2434 2315 
3 2314 2433 2315 
3 2432 2433 2314 
3 2313 2432 2314 
3 2431 2432 2313 
3 2312 2431 2313 
3 2430 2431 2312 
3 2311 2430 2312 
3 2429 2430 2311 
3 2310 2429 2311 
3 2428 2429 2310 
3 2309 2428 2310 
3 2427 2428 2309 
3 2307 2426 2308 
3 2425 2426 2307 
3 2306 2425 2307 
3 2424 2425 2306 
3 2305 2424 2306 
3 2423 2424 2305 
3 2304 2423 2305 
3 2422 2423 2304 
3 2303 2422 2304 
3 2421 2422 2303 
3 2302 2421 2303 
3 2420 2421 2302 
3 2301 2420 2302 
3 2419 2420 2301 
3 2300 2419 2301 
3 2418 2419 2300 
3 2299 2418 2300 
3 2417 2418 2299 
3 2298 2417 2299 
3 2416 2417 2298 
3 2296 2415 2297 
3 2414 2415 2296 
3 2295 2414 2296 
3 2413 2414 2295 
3 2294 2413 2295 
3 2412 2413 2294 
3 2409 2410 2293 
3 2292 2409 2293 
3 2408 2409 2292 
3 2289 2406 2290 
3 2405 2406 2289 
3 2288 2405 2289 
3 2404 2405 2288 
3 2287 2404 2288 
3 2403 2404 2287 
3 2635 2754 2636 
3 2753 2754 2635 
3 2634 2753 2635 
3 2632 2752 2633 
3 2751 2752 2632 
3 2631 2751 2632 
3 2750 2751 2631 
3 2630 2750 2631 
3 2749 2750 2630 
3 2629 2749 2630 
3 2748 2749 2629 
3 2628 2748 2629 
3 2747 2748 2628 
3 2627 2747 2628 
3 2746 2747 2627 
3 2626 2746 2627 
3 2745 2746 2626 
3 2625 2745 2626 
3 2744 2745 2625 
3 2624 2744 2625 
3 2743 2744 2624 
3 2623 2743 2624 
3 2742 2743 2623 
3 2622 2742 2623 
3 2741 2742 2622 
3 2621 2741 2622 
3 2740 2741 2621 
3 2620 2740 2621 
3 2739 2740 2620 
3 2618 2738 2619 
3 2737 2738 2618 
3 2617 2737 2618 
3 2736 2737 2617 
3 2616 2736 2617 
3 2735 2736 2616 
3 2615 2735 2616 
3 2734 2735 2615 
3 2614 2734 2615 
3 2733 2734 2614 
3 2613 2733 2614 
3 2732 2733 2613 
3 2612 2732 2613 
3 2731 2732 2612 
3 2729 2730 2611 
3 2610 2729 2611 
3 2728 2729 2610 
3 2609 2728 2610 
3 2727 2728 2609 
3 2608 2727 2609 
3 2726 2727 2608 
3 2607 2726 2608 
3 2725 2726 2607 
3 2606 2725 2607 
3 2724 2725 2606 
3 2605 2724 2606 
3 2723 2724 2605 
3 2604 2723 2605 
3 2722 2723 2604 
3 2603 2722 2604 
3 2601 2721 2602 
3 2720 2721 2601 
3 2600 2720 2601 
3 2719 2720 2600 
3 2599 2719 2600 
3 2718 2719 2599 
3 2598 2718 2599 
3 2717 2718 2598 
3 2597 2717 2598 
3 2716 2717 2597 
3 2596 2716 2597 
3 2715 2716 2596 
3 2595 2715 2596 
3 2714 2715 2595 
3 2594 2714 2595 
3 2713 2714 2594 
3 2593 2713 2594 
3 2712 2713 2593 
3 2592 2712 2593 
3 2711 2712 2592 
3 2591 2711 2592 
3 2710 2711 2591 
3 2590 2710 2591 
3 2709 2710 2590 
3 2589 2709 2590 
3 2708 2709 2589 
3 2588 2708 2589 
3 2707 2708 2588 
3 2587 2707 2588 
3 2706 2707 2587 
3 2586 2706 2587 
3 2705 2706 2586 
3 2585 2705 2586 
3 2704 2705 2585 
3 2584 2704 2585 
3 2703 2704 2584 
3 2583 2703 2584 
3 2702 2703 2583 
3 2700 2701 2582 
3 2581 2700 2582 
3 2699 2700 2581 
3 2580 2699 2581 
3 2698 2699 2580 
3 2579 2698 2580 
3 2576 2697 2577 
3 2696 2697 2576 
3 2575 2696 2576 
3 2695 2696 2575 
3 2574 2695 2575 
3 2694 2695 2574 
3 2573 2694 2574 
3 2693 2694 2573 
3 2572 2693 2573 
3 2692 2693 2572 
3 2571 2692 2572 
3 2691 2692 2571 
3 2570 2691 2571 
3 2690 2691 2570 
3 2688 2689 2569 
3 2568 2688 2569 
3 2687 2688 2568 
3 2567 2687 2568 
3 2686 2687 2567 
3 2565 2685 2566 
3 2684 2685 2565 
3 2564 2684 2565 
3 2683 2684 2564 
3 2563 2683 2564 
3 2561 2682 2562 
3 2681 2682 2561 
3 2560 2681 2561 
3 2680 2681 2560 
3 2559 2680 2560 
3 2679 2680 2559 
3 2558 2679 2559 
3 2678 2679 2558 
3 2557 2678 2558 
3 2677 2678 2557 
3 2556 2677 2557 
3 2676 2677 2556 
3 2555 2676 2556 
3 2675 2676 2555 
3 2554 2675 2555 
3 2674 2675 2554 
3 2553 2674 2554 
3 2673 2674 2553 
3 2671 2672 2552 
3 2551 2671 2552 
3 2670 2671 2551 
3 2668 2669 2550 
3 2666 2667 2549 
3 2548 2666 2549 
3 2665 2666 2548 
3 2547 2665 2548 
3 2664 2665 2547 
3 2546 2664 2547 
3 2663 2664 2546 
3 2545 2663 2546 
3 2662 2663 2545 
3 2544 2662 2545 
3 2661 2662 2544 
3 2543 2661 2544 
3 2660 2661 2543 
3 2542 2660 2543 
3 2659 2660 2542 
3 2541 2659 2542 
3 2658 2659 2541 
3 2540 2658 2541 
3 2657 2658 2540 
3 2539 2657 2540 
3 2656 2657 2539 
3 2538 2656 2539 
3 2536 2655 2537 
3 2654 2655 2536 
3 2535 2654 2536 
3 2653 2654 2535 
3 2534 2653 2535 
3 2652 2653 2534 
3 2533 2652 2534 
3 2651 2652 2533 
3 2532 2651 2533 
3 2650 2651 2532 
3 2531 2650 2532 
3 2649 2650 2531 
3 2530 2649 2531 
3 2648 2649 2530 
3 2528 2647 2529 
3 2526 2646 2527 
3 2645 2646 2526 
3 2525 2645 2526 
3 2644 2645 2525 
3 2524 2644 2525 
3 2643 2644 2524 
3 2641 2642 2523 
3 2639 2640 2522 
3 2521 2639 2522 
3 2638 2639 2521 
3 2520 2638 2521 
3 2637 2638 2520 
3 2753 2873 2754 
3 2872 2873 2753 
3 2870 2871 2752 
3 2751 2870 2752 
3 2869 2870 2751 
3 2750 2869 2751 
3 2868 2869 2750 
3 2749 2868 2750 
3 2867 2868 2749 
3 2748 2867 2749 
3 2866 2867 2748 
3 2747 2866 2748 
3 2865 2866 2747 
3 2746 2865 2747 
3 2864 2865 2746 
3 2745 2864 2746 
3 2863 2864 2745 
3 2744 2863 2745 
3 2862 2863 2744 
3 2743 2862 2744 
3 2861 2862 2743 
3 2742 2861 2743 
3 2860 2861 2742 
3 2741 2860 2742 
3 2859 2860 2741 
3 2740 2859 2741 
3 2856 2857 2738 
3 2737 2856 2738 
3 2855 2856 2737 
3 2736 2855 2737 
3 2854 2855 2736 
3 2735 2854 2736 
3 2853 2854 2735 
3 2734 2853 2735 
3 2852 2853 2734 
3 2733 2852 2734 
3 2851 2852 2733 
3 2732 2851 2733 
3 2850 2851 2732 
3 2731 2850 2732 
3 2729 2849 2730 
3 2848 2849 2729 
3 2728 2848 2729 
3 2847 2848 2728 
3 2727 2847 2728 
3 2846 2847 2727 
3 2726 2846 2727 
3 2845 2846 2726 
3 2725 2845 2726 
3 2844 2845 2725 
3 2724 2844 2725 
3 2843 2844 2724 
3 2723 2843 2724 
3 2842 2843 2723 
3 2722 2842 2723 
3 2841 2842 2722 
3 2839 2840 2721 
3 2720 2839 2721 
3 2838 2839 2720 
3 2719 2838 2720 
3 2837 2838 2719 
3 2718 2837 2719 
3 2836 2837 2718 
3 2717 2836 2718 
3 2835 2836 2717 
3 2716 2835 2717 
3 2834 2835 2716 
3 2715 2834 2716 
3 2833 2834 2715 
3 2714 2833 2715 
3 2832 2833 2714 
3 2713 2832 2714 
3 2831 2832 2713 
3 2712 2831 2713 
3 2830 2831 2712 
3 2711 2830 2712 
3 2829 2830 2711 
3 2710 2829 2711 
3 2828 2829 2710 
3 2709 2828 2710 
3 2827 2828 2709 
3 2708 2827 2709 
3 2826 2827 2708 
3 2707 2826 2708 
3 2825 2826 2707 
3 2706 2825 2707 
3 2824 2825 2706 
3 2705 2824 2706 
3 2823 2824 2705 
3 2704 2823 2705 
3 2822 2823 2704 
3 2703 2822 2704 
3 2821 2822 2703 
3 2702 2821 2703 
3 2820 2821 2702 
3 2701 2820 2702 
3 2819 2820 2701 
3 2700 2819 2701 
3 2818 2819 2700 
3 2699 2818 2700 
3 2817 2818 2699 
3 2698 2817 2699 
3 2816 2817 2698 
3 2813 2814 2697 
3 2696 2813 2697 
3 2812 2813 2696 
3 2695 2812 2696 
3 2811 2812 2695 
3 2694 2811 2695 
3 2810 2811 2694 
3 2693 2810 2694 
3 2691 2809 2692 
3 2808 2809 2691 
3 2690 2808 2691 
3 2807 2808 2690 
3 2689 2807 2690 
3 2806 2807 2689 
3 2688 2806 2689 
3 2805 2806 2688 
3 2687 2805 2688 
3 2804 2805 2687 
3 2686 2804 2687 
3 2802 2803 2685 
3 2684 2802 2685 
3 2801 2802 2684 
3 2683 2801 2684 
3 2800 2801 2683 
3 2798 2799 2682 
3 2681 2798 2682 
3 2679 2797 2680 
3 2796 2797 2679 
3 2678 2796 2679 
3 2676 2795 2677 
3 2794 2795 2676 
3 2675 2794 2676 
3 2793 2794 2675 
3 2674 2793 2675 
3 2792 2793 2674 
3 2673 2792 2674 
3 2791 2792 2673 
3 2672 2791 2673 
3 2790 2791 2672 
3 2671 2790 2672 
3 2789 2790 2671 
3 2670 2789 2671 
3 2788 2789 2670 
3 2669 2788 2670 
3 2787 2788 2669 
3 2668 2787 2669 
3 2786 2787 2668 
3 2667 2786 2668 
3 2785 2786 2667 
3 2666 2785 2667 
3 2784 2785 2666 
3 2665 2784 2666 
3 2783 2784 2665 
3 2664 2783 2665 
3 2782 2783 2664 
3 2663 2782 2664 
3 2781 2782 2663 
3 2662 2781 2663 
3 2780 2781 2662 
3 2661 2780 2662 
3 2779 2780 2661 
3 2660 2779 2661 
3 2778 2779 2660 
3 2659 2778 2660 
3 2777 2778 2659 
3 2658 2777 2659 
3 2776 2777 2658 
3 2657 2776 2658 
3 2775 2776 2657 
3 2656 2775 2657 
3 2774 2775 2656 
3 2772 2773 2655 
3 2654 2772 2655 
3 2652 2771 2653 
3 2770 2771 2652 
3 2651 2770 2652 
3 2769 2770 2651 
3 2650 2769 2651 
3 2768 2769 2650 
3 2649 2768 2650 
3 2767 2768 2649 
3 2648 2767 2649 
3 2765 2766 2647 
3 2763 2764 2646 
3 2645 2763 2646 
3 2762 2763 2645 
3 2644 2762 2645 
3 2761 2762 2644 
3 2643 2761 2644 
3 2641 2760 2642 
3 2759 2760 2641 
3 2640 2759 2641 
3 2758 2759 2640 
3 2639 2758 2640 
3 2757 2758 2639 
3 2638 2757 2639 
3 2756 2757 2638 
3 2637 2756 2638 
3 2755 2756 2637 
3 2518 2636 2519 
3 2635 2636 2518 
3 2517 2635 2518 
3 2634 2635 2517 
3 2516 2634 2517 
3 2633 2634 2516 
3 2515 2633 2516 
3 2632 2633 2515 
3 2514 2632 2515 
3 2631 2632 2514 
3 2629 2630 2513 
3 2512 2629 2513 
3 2628 2629 2512 
3 2511 2628 2512 
3 2627 2628 2511 
3 2510 2627 2511 
3 2626 2627 2510 
3 2509 2626 2510 
3 2625 2626 2509 
3 2508 2625 2509 
3 2624 2625 2508 
3 2507 2624 2508 
3 2623 2624 2507 
3 2506 2623 2507 
3 2622 2623 2506 
3 2505 2622 2506 
3 2621 2622 2505 
3 2504 2621 2505 
3 2620 2621 2504 
3 2503 2620 2504 
3 2501 2619 2502 
3 2618 2619 2501 
3 2500 2618 2501 
3 2617 2618 2500 
3 2499 2617 2500 
3 2616 2617 2499 
3 2498 2616 2499 
3 2615 2616 2498 
3 2497 2615 2498 
3 2614 2615 2497 
3 2496 2614 2497 
3 2613 2614 2496 
3 2495 2613 2496 
3 2612 2613 2495 
3 2493 2611 2494 
3 2610 2611 2493 
3 2492 2610 2493 
3 2609 2610 2492 
3 2491 2609 2492 
3 2608 2609 2491 
3 2490 2608 2491 
3 2607 2608 2490 
3 2489 2607 2490 
3 2606 2607 2489 
3 2488 2606 2489 
3 2605 2606 2488 
3 2487 2605 2488 
3 2604 2605 2487 
3 2486 2604 2487 
3 2603 2604 2486 
3 2485 2603 2486 
3 2602 2603 2485 
3 2484 2602 2485 
3 2601 2602 2484 
3 2483 2601 2484 
3 2600 2601 2483 
3 2482 2600 2483 
3 2599 2600 2482 
3 2481 2599 2482 
3 2598 2599 2481 
3 2480 2598 2481 
3 2597 2598 2480 
3 2479 2597 2480 
3 2596 2597 2479 
3 2478 2596 2479 
3 2595 2596 2478 
3 2477 2595 2478 
3 2594 2595 2477 
3 2476 2594 2477 
3 2593 2594 2476 
3 2475 2593 2476 
3 2592 2593 2475 
3 2474 2592 2475 
3 2591 2592 2474 
3 2473 2591 2474 
3 2590 2591 2473 
3 2472 2590 2473 
3 2589 2590 2472 
3 2471 2589 2472 
3 2588 2589 2471 
3 2470 2588 2471 
3 2587 2588 2470 
3 2469 2587 2470 
3 2586 2587 2469 
3 2468 2586 2469 
3 2585 2586 2468 
3 2467 2585 2468 
3 2584 2585 2467 
3 2466 2584 2467 
3 2583 2584 2466 
3 2465 2583 2466 
3 2581 2582 2464 
3 2463 2581 2464 
3 2580 2581 2463 
3 2462 2580 2463 
3 2579 2580 2462 
3 2577 2578 2461 
3 2460 2577 2461 
3 2576 2577 2460 
3 2459 2576 2460 
3 2575 2576 2459 
3 2458 2575 2459 
3 2574 2575 2458 
3 2457 2574 2458 
3 2573 2574 2457 
3 2456 2573 2457 
3 2572 2573 2456 
3 2455 2572 2456 
3 2571 2572 2455 
3 2454 2571 2455 
3 2570 2571 2454 
3 2453 2570 2454 
3 2451 2569 2452 
3 2568 2569 2451 
3 2450 2568 2451 
3 2567 2568 2450 
3 2449 2567 2450 
3 2447 2566 2448 
3 2565 2566 2447 
3 2563 2564 2446 
3 2445 2563 2446 
3 2562 2563 2445 
3 2444 2562 2445 
3 2561 2562 2444 
3 2443 2561 2444 
3 2560 2561 2443 
3 2442 2560 2443 
3 2559 2560 2442 
3 2441 2559 2442 
3 2558 2559 2441 
3 2556 2557 2440 
3 2439 2556 2440 
3 2555 2556 2439 
3 2438 2555 2439 
3 2554 2555 2438 
3 2437 2554 2438 
3 2553 2554 2437 
3 2551 2552 2436 
3 2435 2551 2436 
3 2433 2550 2434 
3 2431 2549 2432 
3 2548 2549 2431 
3 2430 2548 2431 
3 2547 2548 2430 
3 2429 2547 2430 
3 2546 2547 2429 
3 2428 2546 2429 
3 2545 2546 2428 
3 2427 2545 2428 
3 2544 2545 2427 
3 2542 2543 2426 
3 2425 2542 2426 
3 2541 2542 2425 
3 2424 2541 2425 
3 2540 2541 2424 
3 2423 2540 2424 
3 2539 2540 2423 
3 2422 2539 2423 
3 2538 2539 2422 
3 2421 2538 2422 
3 2537 2538 2421 
3 2420 2537 2421 
3 2536 2537 2420 
3 2419 2536 2420 
3 2535 2536 2419 
3 2418 2535 2419 
3 2534 2535 2418 
3 2417 2534 2418 
3 2533 2534 2417 
3 2416 2533 2417 
3 2532 2533 2416 
3 2530 2531 2415 
3 2414 2530 2415 
3 2412 2529 2413 
3 2528 2529 2412 
3 2411 2528 2412 
3 2527 2528 2411 
3 2410 2527 2411 
3 2526 2527 2410 
3 2409 2526 2410 
3 2525 2526 2409 
3 2408 2525 2409 
3 2524 2525 2408 
3 2407 2524 2408 
3 2404 2522 2405 
3 2521 2522 2404 
3 2403 2521 2404 
3 2520 2521 2403 
3 2163 2286 2164 
3 2285 2286 2163 
3 2162 2285 2163 
3 2284 2285 2162 
3 2161 2284 2162 
3 2283 2284 2161 
3 2160 2283 2161 
3 2282 2283 2160 
3 2159 2282 2160 
3 2281 2282 2159 
3 2158 2281 2159 
3 2156 2280 2157 
3 2279 2280 2156 
3 2155 2279 2156 
3 2278 2279 2155 
3 2154 2278 2155 
3 2277 2278 2154 
3 2153 2277 2154 
3 2276 2277 2153 
3 2152 2276 2153 
3 2275 2276 2152 
3 2151 2275 2152 
3 2274 2275 2151 
3 2150 2274 2151 
3 2273 2274 2150 
3 2149 2273 2150 
3 2272 2273 2149 
3 2148 2272 2149 
3 2271 2272 2148 
3 2147 2271 2148 
3 2270 2271 2147 
3 2146 2270 2147 
3 2269 2270 2146 
3 2145 2269 2146 
3 2268 2269 2145 
3 2144 2268 2145 
3 2267 2268 2144 
3 2143 2267 2144 
3 2266 2267 2143 
3 2142 2266 2143 
3 2265 2266 2142 
3 2141 2265 2142 
3 2264 2265 2141 
3 2140 2264 2141 
3 2263 2264 2140 
3 2139 2263 2140 
3 2262 2263 2139 
3 2138 2262 2139 
3 2261 2262 2138 
3 2137 2261 2138 
3 2260 2261 2137 
3 2136 2260 2137 
3 2259 2260 2136 
3 2135 2259 2136 
3 2258 2259 2135 
3 2134 2258 2135 
3 2257 2258 2134 
3 2133 2257 2134 
3 2256 2257 2133 
3 2132 2256 2133 
3 2255 2256 2132 
3 2131 2255 2132 
3 2254 2255 2131 
3 2130 2254 2131 
3 2253 2254 2130 
3 2129 2253 2130 
3 2252 2253 2129 
3 2128 2252 2129 
3 2251 2252 2128 
3 2127 2251 2128 
3 2250 2251 2127 
3 2126 2250 2127 
3 2249 2250 2126 
3 2125 2249 2126 
3 2248 2249 2125 
3 2124 2248 2125 
3 2247 2248 2124 
3 2123 2247 2124 
3 2246 2247 2123 
3 2122 2246 2123 
3 2245 2246 2122 
3 2121 2245 2122 
3 2244 2245 2121 
3 2120 2244 2121 
3 2243 2244 2120 
3 2119 2243 2120 
3 2242 2243 2119 
3 2118 2242 2119 
3 2241 2242 2118 
3 2117 2241 2118 
3 2240 2241 2117 
3 2116 2240 2117 
3 2239 2240 2116 
3 2115 2239 2116 
3 2238 2239 2115 
3 2114 2238 2115 
3 2237 2238 2114 
3 2113 2237 2114 
3 2236 2237 2113 
3 2112 2236 2113 
3 2235 2236 2112 
3 2111 2235 2112 
3 2109 2234 2110 
3 2233 2234 2109 
3 2108 2233 2109 
3 2232 2233 2108 
3 2107 2232 2108 
3 2105 2231 2106 
3 2230 2231 2105 
3 2104 2230 2105 
3 2229 2230 2104 
3 2103 2229 2104 
3 2228 2229 2103 
3 2102 2228 2103 
3 2227 2228 2102 
3 2101 2227 2102 
3 2226 2227 2101 
3 2100 2226 2101 
3 2225 2226 2100 
3 2099 2225 2100 
3 2224 2225 2099 
3 2098 2224 2099 
3 2223 2224 2098 
3 2096 2222 2097 
3 2221 2222 2096 
3 2095 2221 2096 
3 2220 2221 2095 
3 2094 2220 2095 
3 2219 2220 2094 
3 2093 2219 2094 
3 2218 2219 2093 
3 2092 2218 2093 
3 2217 2218 2092 
3 2091 2217 2092 
3 2216 2217 2091 
3 2090 2216 2091 
3 2215 2216 2090 
3 2089 2215 2090 
3 2214 2215 2089 
3 2088 2214 2089 
3 2213 2214 2088 
3 2087 2213 2088 
3 2212 2213 2087 
3 2086 2212 2087 
3 2211 2212 2086 
3 2085 2211 2086 
3 2210 2211 2085 
3 2084 2210 2085 
3 2209 2210 2084 
3 2083 2209 2084 
3 2208 2209 2083 
3 2082 2208 2083 
3 2207 2208 2082 
3 2081 2207 2082 
3 2206 2207 2081 
3 2080 2206 2081 
3 2205 2206 2080 
3 2079 2205 2080 
3 2204 2205 2079 
3 2078 2204 2079 
3 2203 2204 2078 
3 2077 2203 2078 
3 2202 2203 2077 
3 2076 2202 2077 
3 2074 2201 2075 
3 2200 2201 2074 
3 2073 2200 2074 
3 2199 2200 2073 
3 2072 2199 2073 
3 2198 2199 2072 
3 2071 2198 2072 
3 2197 2198 2071 
3 2070 2197 2071 
3 2196 2197 2070 
3 2069 2196 2070 
3 2195 2196 2069 
3 2068 2195 2069 
3 2194 2195 2068 
3 2067 2194 2068 
3 2193 2194 2067 
3 2066 2193 2067 
3 2192 2193 2066 
3 2065 2192 2066 
3 2191 2192 2065 
3 2064 2191 2065 
3 2190 2191 2064 
3 2063 2190 2064 
3 2189 2190 2063 
3 2062 2189 2063 
3 2188 2189 2062 
3 2061 2188 2062 
3 2187 2188 2061 
3 2060 2187 2061 
3 2186 2187 2060 
3 2059 2186 2060 
3 2185 2186 2059 
3 2058 2185 2059 
3 2184 2185 2058 
3 2057 2184 2058 
3 2183 2184 2057 
3 2056 2183 2057 
3 2182 2183 2056 
3 2055 2182 2056 
3 2181 2182 2055 
3 2054 2181 2055 
3 2180 2181 2054 
3 2053 2180 2054 
3 2179 2180 2053 
3 2052 2179 2053 
3 2178 2179 2052 
3 2051 2178 2052 
3 2177 2178 2051 
3 2050 2177 2051 
3 2176 2177 2050 
3 2049 2176 2050 
3 2175 2176 2049 
3 2048 2175 2049 
3 2174 2175 2048 
3 2047 2174 2048 
3 2173 2174 2047 
3 2046 2173 2047 
3 2044 2172 2045 
3 2171 2172 2044 
3 2043 2171 2044 
3 2170 2171 2043 
3 2042 2170 2043 
3 2169 2170 2042 
3 2041 2169 2042 
3 2168 2169 2041 
3 2040 2168 2041 
3 2167 2168 2040 
3 2165 2166 2039 
3 2285 2402 2286 
3 2401 2402 2285 
3 2284 2401 2285 
3 2400 2401 2284 
3 2283 2400 2284 
3 2399 2400 2283 
3 2282 2399 2283 
3 2398 2399 2282 
3 2281 2398 2282 
3 2397 2398 2281 
3 2279 2396 2280 
3 2395 2396 2279 
3 2278 2395 2279 
3 2394 2395 2278 
3 2277 2394 2278 
3 2393 2394 2277 
3 2276 2393 2277 
3 2392 2393 2276 
3 2275 2392 2276 
3 2391 2392 2275 
3 2274 2391 2275 
3 2390 2391 2274 
3 2273 2390 2274 
3 2389 2390 2273 
3 2272 2389 2273 
3 2388 2389 2272 
3 2271 2388 2272 
3 2269 2387 2270 
3 2386 2387 2269 
3 2268 2386 2269 
3 2385 2386 2268 
3 2267 2385 2268 
3 2384 2385 2267 
3 2266 2384 2267 
3 2383 2384 2266 
3 2265 2383 2266 
3 2382 2383 2265 
3 2264 2382 2265 
3 2381 2382 2264 
3 2263 2381 2264 
3 2380 2381 2263 
3 2262 2380 2263 
3 2379 2380 2262 
3 2261 2379 2262 
3 2378 2379 2261 
3 2260 2378 2261 
3 2377 2378 2260 
3 2259 2377 2260 
3 2376 2377 2259 
3 2258 2376 2259 
3 2375 2376 2258 
3 2257 2375 2258 
3 2374 2375 2257 
3 2256 2374 2257 
3 2373 2374 2256 
3 2255 2373 2256 
3 2372 2373 2255 
3 2254 2372 2255 
3 2371 2372 2254 
3 2253 2371 2254 
3 2370 2371 2253 
3 2252 2370 2253 
3 2369 2370 2252 
3 2251 2369 2252 
3 2368 2369 2251 
3 2250 2368 2251 
3 2367 2368 2250 
3 2249 2367 2250 
3 2366 2367 2249 
3 2248 2366 2249 
3 2365 2366 2248 
3 2247 2365 2248 
3 2364 2365 2247 
3 2246 2364 2247 
3 2363 2364 2246 
3 2245 2363 2246 
3 2362 2363 2245 
3 2244 2362 2245 
3 2361 2362 2244 
3 2243 2361 2244 
3 2360 2361 2243 
3 2242 2360 2243 
3 2359 2360 2242 
3 2241 2359 2242 
3 2358 2359 2241 
3 2240 2358 2241 
3 2357 2358 2240 
3 2239 2357 2240 
3 2356 2357 2239 
3 2238 2356 2239 
3 2355 2356 2238 
3 2237 2355 2238 
3 2354 2355 2237 
3 2236 2354 2237 
3 2353 2354 2236 
3 2235 2353 2236 
3 2352 2353 2235 
3 2350 2351 2234 
3 2233 2350 2234 
3 2349 2350 2233 
3 2232 2349 2233 
3 2348 2349 2232 
3 2346 2347 2231 
3 2230 2346 2231 
3 2345 2346 2230 
3 2229 2345 2230 
3 2344 2345 2229 
3 2228 2344 2229 
3 2343 2344 2228 
3 2227 2343 2228 
3 2342 2343 2227 
3 2226 2342 2227 
3 2341 2342 2226 
3 2225 2341 2226 
3 2340 2341 2225 
3 2224 2340 2225 
3 2339 2340 2224 
3 2223 2339 2224 
3 2338 2339 2223 
3 2336 2337 2222 
3 2221 2336 2222 
3 2335 2336 2221 
3 2220 2335 2221 
3 2334 2335 2220 
3 2219 2334 2220 
3 2333 2334 2219 
3 2218 2333 2219 
3 2332 2333 2218 
3 2217 2332 2218 
3 2331 2332 2217 
3 2216 2331 2217 
3 2213 2330 2214 
3 2329 2330 2213 
3 2212 2329 2213 
3 2328 2329 2212 
3 2211 2328 2212 
3 2327 2328 2211 
3 2210 2327 2211 
3 2326 2327 2210 
3 2209 2326 2210 
3 2325 2326 2209 
3 2208 2325 2209 
3 2324 2325 2208 
3 2207 2324 2208 
3 2205 2323 2206 
3 2322 2323 2205 
3 2204 2322 2205 
3 2321 2322 2204 
3 2203 2321 2204 
3 2200 2319 2201 
3 2318 2319 2200 
3 2199 2318 2200 
3 2317 2318 2199 
3 2198 2317 2199 
3 2316 2317 2198 
3 2197 2316 2198 
3 2315 2316 2197 
3 2196 2315 2197 
3 2314 2315 2196 
3 2195 2314 2196 
3 2313 2314 2195 
3 2194 2313 2195 
3 2312 2313 2194 
3 2193 2312 2194 
3 2311 2312 2193 
3 2192 2311 2193 
3 2310 2311 2192 
3 2191 2310 2192 
3 2309 2310 2191 
3 2190 2309 2191 
3 2188 2308 2189 
3 2307 2308 2188 
3 2187 2307 2188 
3 2306 2307 2187 
3 2186 2306 2187 
3 2305 2306 2186 
3 2185 2305 2186 
3 2304 2305 2185 
3 2184 2304 2185 
3 2303 2304 2184 
3 2183 2303 2184 
3 2302 2303 2183 
3 2182 2302 2183 
3 2301 2302 2182 
3 2181 2301 2182 
3 2300 2301 2181 
3 2180 2300 2181 
3 2299 2300 2180 
3 2179 2299 2180 
3 2298 2299 2179 
3 2178 2298 2179 
3 2176 2297 2177 
3 2296 2297 2176 
3 2175 2296 2176 
3 2295 2296 2175 
3 2174 2295 2175 
3 2294 2295 2174 
3 2173 2294 2174 
3 2171 2293 2172 
3 2292 2293 2171 
3 2170 2292 2171 
3 2168 2291 2169 
3 2290 2291 2168 
3 2167 2290 2168 
3 2289 2290 2167 
3 2166 2289 2167 
3 2288 2289 2166 
3 2165 2288 2166 
3 2287 2288 2165 
3 2037 2164 2038 
3 2163 2164 2037 
3 2036 2163 2037 
3 2162 2163 2036 
3 2035 2162 2036 
3 2161 2162 2035 
3 2034 2161 2035 
3 2160 2161 2034 
3 2033 2160 2034 
3 2159 2160 2033 
3 2032 2159 2033 
3 2158 2159 2032 
3 2031 2158 2032 
3 2157 2158 2031 
3 2030 2157 2031 
3 2156 2157 2030 
3 2029 2156 2030 
3 2155 2156 2029 
3 2028 2155 2029 
3 2154 2155 2028 
3 2027 2154 2028 
3 2153 2154 2027 
3 2026 2153 2027 
3 2152 2153 2026 
3 2025 2152 2026 
3 2151 2152 2025 
3 2024 2151 2025 
3 2150 2151 2024 
3 2023 2150 2024 
3 2149 2150 2023 
3 2022 2149 2023 
3 2148 2149 2022 
3 2021 2148 2022 
3 2147 2148 2021 
3 2020 2147 2021 
3 2146 2147 2020 
3 2019 2146 2020 
3 2145 2146 2019 
3 2018 2145 2019 
3 2144 2145 2018 
3 2017 2144 2018 
3 2143 2144 2017 
3 2016 2143 2017 
3 2142 2143 2016 
3 2015 2142 2016 
3 2141 2142 2015 
3 2014 2141 2015 
3 2140 2141 2014 
3 2013 2140 2014 
3 2139 2140 2013 
3 2012 2139 2013 
3 2138 2139 2012 
3 2011 2138 2012 
3 2137 2138 2011 
3 2010 2137 2011 
3 2136 2137 2010 
3 2009 2136 2010 
3 2135 2136 2009 
3 2008 2135 2009 
3 2134 2135 2008 
3 2007 2134 2008 
3 2133 2134 2007 
3 2006 2133 2007 
3 2132 2133 2006 
3 2130 2131 2005 
3 2004 2130 2005 
3 2129 2130 2004 
3 2003 2129 2004 
3 2128 2129 2003 
3 2002 2128 2003 
3 2127 2128 2002 
3 2001 2127 2002 
3 2126 2127 2001 
3 2000 2126 2001 
3 2125 2126 2000 
3 1999 2125 2000 
3 2124 2125 1999 
3 1998 2124 1999 
3 2123 2124 1998 
3 1997 2123 1998 
3 2122 2123 1997 
3 1996 2122 1997 
3 2121 2122 1996 
3 1995 2121 1996 
3 2120 2121 1995 
3 1994 2120 1995 
3 2119 2120 1994 
3 1993 2119 1994 
3 2118 2119 1993 
3 1992 2118 1993 
3 2117 2118 1992 
3 1991 2117 1992 
3 2116 2117 1991 
3 1990 2116 1991 
3 2115 2116 1990 
3 1989 2115 1990 
3 2114 2115 1989 
3 1988 2114 1989 
3 2113 2114 1988 
3 1987 2113 1988 
3 2112 2113 1987 
3 1986 2112 1987 
3 2111 2112 1986 
3 1985 2111 1986 
3 2110 2111 1985 
3 1984 2110 1985 
3 2109 2110 1984 
3 1983 2109 1984 
3 2108 2109 1983 
3 1982 2108 1983 
3 2107 2108 1982 
3 1981 2107 1982 
3 2106 2107 1981 
3 1980 2106 1981 
3 2105 2106 1980 
3 1979 2105 1980 
3 2104 2105 1979 
3 1978 2104 1979 
3 2103 2104 1978 
3 1977 2103 1978 
3 2102 2103 1977 
3 1976 2102 1977 
3 2101 2102 1976 
3 1975 2101 1976 
3 2100 2101 1975 
3 1974 2100 1975 
3 2099 2100 1974 
3 1973 2099 1974 
3 2098 2099 1973 
3 1971 2097 1972 
3 2096 2097 1971 
3 1970 2096 1971 
3 2095 2096 1970 
3 1969 2095 1970 
3 2094 2095 1969 
3 1968 2094 1969 
3 2093 2094 1968 
3 1967 2093 1968 
3 2092 2093 1967 
3 1966 2092 1967 
3 2091 2092 1966 
3 1965 2091 1966 
3 2090 2091 1965 
3 1964 2090 1965 
3 2089 2090 1964 
3 1963 2089 1964 
3 2088 2089 1963 
3 1962 2088 1963 
3 2087 2088 1962 
3 2085 2086 1961 
3 1960 2085 1961 
3 2084 2085 1960 
3 1959 2084 1960 
3 2083 2084 1959 
3 1958 2083 1959 
3 2082 2083 1958 
3 1957 2082 1958 
3 2081 2082 1957 
3 1956 2081 1957 
3 2080 2081 1956 
3 1955 2080 1956 
3 2079 2080 1955 
3 1954 2079 1955 
3 2078 2079 1954 
3 1953 2078 1954 
3 2077 2078 1953 
3 1952 2077 1953 
3 2076 2077 1952 
3 1951 2076 1952 
3 2075 2076 1951 
3 1950 2075 1951 
3 2074 2075 1950 
3 1949 2074 1950 
3 2073 2074 1949 
3 1948 2073 1949 
3 2072 2073 1948 
3 1947 2072 1948 
3 2071 2072 1947 
3 1946 2071 1947 
3 2070 2071 1946 
3 1945 2070 1946 
3 2069 2070 1945 
3 1944 2069 1945 
3 2068 2069 1944 
3 2066 2067 1943 
3 1942 2066 1943 
3 2065 2066 1942 
3 1941 2065 1942 
3 2064 2065 1941 
3 1940 2064 1941 
3 2063 2064 1940 
3 1939 2063 1940 
3 2062 2063 1939 
3 1938 2062 1939 
3 2061 2062 1938 
3 1937 2061 1938 
3 2060 2061 1937 
3 1936 2060 1937 
3 2059 2060 1936 
3 1935 2059 1936 
3 2058 2059 1935 
3 1934 2058 1935 
3 2057 2058 1934 
3 1933 2057 1934 
3 2056 2057 1933 
3 1932 2056 1933 
3 2055 2056 1932 
3 1931 2055 1932 
3 2054 2055 1931 
3 1930 2054 1931 
3 2053 2054 1930 
3 1929 2053 1930 
3 2052 2053 1929 
3 1928 2052 1929 
3 2051 2052 1928 
3 1927 2051 1928 
3 2050 2051 1927 
3 1926 2050 1927 
3 2049 2050 1926 
3 1925 2049 1926 
3 2048 2049 1925 
3 1924 2048 1925 
3 2047 2048 1924 
3 1923 2047 1924 
3 2046 2047 1923 
3 1922 2046 1923 
3 2045 2046 1922 
3 1921 2045 1922 
3 2044 2045 1921 
3 1920 2044 1921 
3 2043 2044 1920 
3 1919 2043 1920 
3 2042 2043 1919 
3 1918 2042 1919 
3 2041 2042 1918 
3 1917 2041 1918 
3 2040 2041 1917 
3 950 1071 951 
3 1070 1071 950 
3 949 1070 950 
3 1069 1070 949 
3 948 1069 949 
3 1068 1069 948 
3 947 1068 948 
3 1067 1068 947 
3 946 1067 947 
3 1066 1067 946 
3 945 1066 946 
3 1065 1066 945 
3 944 1065 945 
3 1064 1065 944 
3 943 1064 944 
3 1063 1064 943 
3 942 1063 943 
3 1062 1063 942 
3 941 1062 942 
3 1061 1062 941 
3 940 1061 941 
3 1060 1061 940 
3 939 1060 940 
3 1059 1060 939 
3 938 1059 939 
3 1058 1059 938 
3 937 1058 938 
3 1057 1058 937 
3 936 1057 937 
3 1056 1057 936 
3 935 1056 936 
3 1055 1056 935 
3 934 1055 935 
3 1054 1055 934 
3 933 1054 934 
3 1053 1054 933 
3 932 1053 933 
3 1052 1053 932 
3 931 1052 932 
3 1051 1052 931 
3 930 1051 931 
3 1050 1051 930 
3 929 1050 930 
3 1049 1050 929 
3 928 1049 929 
3 1048 1049 928 
3 927 1048 928 
3 1047 1048 927 
3 926 1047 927 
3 1046 1047 926 
3 925 1046 926 
3 1045 1046 925 
3 924 1045 925 
3 1044 1045 924 
3 923 1044 924 
3 1043 1044 923 
3 922 1043 923 
3 1042 1043 922 
3 921 1042 922 
3 1041 1042 921 
3 920 1041 921 
3 1040 1041 920 
3 919 1040 920 
3 1039 1040 919 
3 918 1039 919 
3 1038 1039 918 
3 1036 1037 917 
3 916 1036 917 
3 1035 1036 916 
3 915 1035 916 
3 1034 1035 915 
3 914 1034 915 
3 1033 1034 914 
3 913 1033 914 
3 1032 1033 913 
3 912 1032 913 
3 1031 1032 912 
3 911 1031 912 
3 1030 1031 911 
3 910 1030 911 
3 1029 1030 910 
3 909 1029 910 
3 1028 1029 909 
3 908 1028 909 
3 1027 1028 908 
3 907 1027 908 
3 1026 1027 907 
3 906 1026 907 
3 1025 1026 906 
3 905 1025 906 
3 1024 1025 905 
3 904 1024 905 
3 1023 1024 904 
3 903 1023 904 
3 901 1022 902 
3 1021 1022 901 
3 900 1021 901 
3 1020 1021 900 
3 899 1020 900 
3 1019 1020 899 
3 1017 1018 898 
3 897 1017 898 
3 1016 1017 897 
3 896 1016 897 
3 1015 1016 896 
3 895 1015 896 
3 1014 1015 895 
3 894 1014 895 
3 1013 1014 894 
3 893 1013 894 
3 1012 1013 893 
3 892 1012 893 
3 1011 1012 892 
3 891 1011 892 
3 1010 1011 891 
3 890 1010 891 
3 1009 1010 890 
3 889 1009 890 
3 1008 1009 889 
3 888 1008 889 
3 1007 1008 888 
3 887 1007 888 
3 1006 1007 887 
3 1004 1005 886 
3 885 1004 886 
3 1003 1004 885 
3 884 1003 885 
3 1002 1003 884 
3 883 1002 884 
3 1001 1002 883 
3 882 1001 883 
3 1000 1001 882 
3 881 1000 882 
3 999 1000 881 
3 880 999 881 
3 998 999 880 
3 879 998 880 
3 877 997 878 
3 996 997 877 
3 876 996 877 
3 995 996 876 
3 873 994 874 
3 993 994 873 
3 872 993 873 
3 992 993 872 
3 871 992 872 
3 991 992 871 
3 870 991 871 
3 868 990 869 
3 989 990 868 
3 867 989 868 
3 988 989 867 
3 866 988 867 
3 987 988 866 
3 865 987 866 
3 984 985 863 
3 862 984 863 
3 983 984 862 
3 861 983 862 
3 982 983 861 
3 860 982 861 
3 858 981 859 
3 980 981 858 
3 857 980 858 
3 979 980 857 
3 856 979 857 
3 978 979 856 
3 855 978 856 
3 977 978 855 
3 854 977 855 
3 976 977 854 
3 853 976 854 
3 975 976 853 
3 852 975 853 
3 974 975 852 
3 851 974 852 
3 973 974 851 
3 850 973 851 
3 972 973 850 
3 849 972 850 
3 971 972 849 
3 848 971 849 
3 970 971 848 
3 847 970 848 
3 969 970 847 
3 846 969 847 
3 968 969 846 
3 845 968 846 
3 967 968 845 
3 844 967 845 
3 966 967 844 
3 843 966 844 
3 965 966 843 
3 842 965 843 
3 964 965 842 
3 841 964 842 
3 963 964 841 
3 961 962 840 
3 839 961 840 
3 959 960 838 
3 837 959 838 
3 958 959 837 
3 956 957 836 
3 954 955 835 
3 834 954 835 
3 953 954 834 
3 833 953 834 
3 952 953 833 
3 1422 1542 1423 
3 1541 1542 1422 
3 1421 1541 1422 
3 1540 1541 1421 
3 1420 1540 1421 
3 1539 1540 1420 
3 1419 1539 1420 
3 1538 1539 1419 
3 1418 1538 1419 
3 1537 1538 1418 
3 1417 1537 1418 
3 1415 1536 1416 
3 1535 1536 1415 
3 1414 1535 1415 
3 1534 1535 1414 
3 1413 1534 1414 
3 1533 1534 1413 
3 1412 1533 1413 
3 1532 1533 1412 
3 1411 1532 1412 
3 1409 1531 1410 
3 1530 1531 1409 
3 1528 1529 1408 
3 1407 1528 1408 
3 1527 1528 1407 
3 1406 1527 1407 
3 1526 1527 1406 
3 1405 1526 1406 
3 1525 1526 1405 
3 1404 1525 1405 
3 1524 1525 1404 
3 1403 1524 1404 
3 1523 1524 1403 
3 1402 1523 1403 
3 1522 1523 1402 
3 1401 1522 1402 
3 1521 1522 1401 
3 1400 1521 1401 
3 1520 1521 1400 
3 1399 1520 1400 
3 1519 1520 1399 
3 1398 1519 1399 
3 1518 1519 1398 
3 1397 1518 1398 
3 1517 1518 1397 
3 1396 1517 1397 
3 1516 1517 1396 
3 1395 1516 1396 
3 1515 1516 1395 
3 1394 1515 1395 
3 1514 1515 1394 
3 1393 1514 1394 
3 1391 1513 1392 
3 1512 1513 1391 
3 1389 1509 1390 
3 1508 1509 1389 
3 1388 1508 1389 
3 1507 1508 1388 
3 1387 1507 1388 
3 1506 1507 1387 
3 1386 1506 1387 
3 1505 1506 1386 
3 1385 1505 1386 
3 1504 1505 1385 
3 1384 1504 1385 
3 1503 1504 1384 
3 1383 1503 1384 
3 1502 1503 1383 
3 1382 1502 1383 
3 1501 1502 1382 
3 1381 1501 1382 
3 1379 1500 1380 
3 1499 1500 1379 
3 1497 1498 1378 
3 1377 1497 1378 
3 1496 1497 1377 
3 1376 1496 1377 
3 1495 1496 1376 
3 1375 1495 1376 
3 1494 1495 1375 
3 1374 1494 1375 
3 1493 1494 1374 
3 1373 1493 1374 
3 1492 1493 1373 
3 1372 1492 1373 
3 1491 1492 1372 
3 1371 1491 1372 
3 1490 1491 1371 
3 1370 1490 1371 
3 1489 1490 1370 
3 1369 1489 1370 
3 1488 1489 1369 
3 1368 1488 1369 
3 1366 1487 1367 
3 1486 1487 1366 
3 1365 1486 1366 
3 1485 1486 1365 
3 1364 1485 1365 
3 1484 1485 1364 
3 1363 1484 1364 
3 1483 1484 1363 
3 1362 1483 1363 
3 1482 1483 1362 
3 1361 1482 1362 
3 1481 1482 1361 
3 1360 1481 1361 
3 1480 1481 1360 
3 1359 1480 1360 
3 1479 1480 1359 
3 1358 1479 1359 
3 1478 1479 1358 
3 1357 1478 1358 
3 1477 1478 1357 
3 1356 1477 1357 
3 1476 1477 1356 
3 1355 1476 1356 
3 1475 1476 1355 
3 1354 1475 1355 
3 1474 1475 1354 
3 1353 1474 1354 
3 1473 1474 1353 
3 1352 1473 1353 
3 1472 1473 1352 
3 1351 1472 1352 
3 1471 1472 1351 
3 1350 1471 1351 
3 1470 1471 1350 
3 1349 1470 1350 
3 1469 1470 1349 
3 1348 1469 1349 
3 1468 1469 1348 
3 1347 1468 1348 
3 1467 1468 1347 
3 1346 1467 1347 
3 1466 1467 1346 
3 1345 1466 1346 
3 1465 1466 1345 
3 1344 1465 1345 
3 1464 1465 1344 
3 1343 1464 1344 
3 1463 1464 1343 
3 1342 1463 1343 
3 1462 1463 1342 
3 1341 1462 1342 
3 1461 1462 1341 
3 1340 1461 1341 
3 1460 1461 1340 
3 1339 1460 1340 
3 1337 1459 1338 
3 1458 1459 1337 
3 1336 1458 1337 
3 1457 1458 1336 
3 1335 1457 1336 
3 1456 1457 1335 
3 1452 1453 1334 
3 1333 1452 1334 
3 1451 1452 1333 
3 1448 1449 1332 
3 1331 1448 1332 
3 1447 1448 1331 
3 1330 1447 1331 
3 1446 1447 1330 
3 1329 1446 1330 
3 1445 1446 1329 
3 1443 1444 1328 
3 1327 1443 1328 
3 1442 1443 1327 
3 1326 1442 1327 
3 1441 1442 1326 
3 1325 1441 1326 
3 1440 1441 1325 
3 1324 1440 1325 
3 1439 1440 1324 
3 1323 1439 1324 
3 1438 1439 1323 
3 1322 1438 1323 
3 1437 1438 1322 
3 1321 1437 1322 
3 1436 1437 1321 
3 1320 1436 1321 
3 1435 1436 1320 
3 1319 1435 1320 
3 1434 1435 1319 
3 1318 1434 1319 
3 1433 1434 1318 
3 1317 1433 1318 
3 1432 1433 1317 
3 1316 1432 1317 
3 1314 1431 1315 
3 1430 1431 1314 
3 1313 1430 1314 
3 1429 1430 1313 
3 1312 1429 1313 
3 1428 1429 1312 
3 1311 1428 1312 
3 1427 1428 1311 
3 1310 1427 1311 
3 1426 1427 1310 
3 1309 1426 1310 
3 1425 1426 1309 
3 1308 1425 1309 
3 1424 1425 1308 
3 1665 1792 1666 
3 1791 1792 1665 
3 1664 1791 1665 
3 1790 1791 1664 
3 1788 1789 1663 
3 1662 1788 1663 
3 1787 1788 1662 
3 1785 1786 1661 
3 1660 1785 1661 
3 1784 1785 1660 
3 1659 1784 1660 
3 1783 1784 1659 
3 1658 1783 1659 
3 1782 1783 1658 
3 1657 1782 1658 
3 1781 1782 1657 
3 1656 1781 1657 
3 1654 1780 1655 
3 1779 1780 1654 
3 1653 1779 1654 
3 1778 1779 1653 
3 1652 1778 1653 
3 1777 1778 1652 
3 1651 1777 1652 
3 1776 1777 1651 
3 1650 1776 1651 
3 1775 1776 1650 
3 1649 1775 1650 
3 1774 1775 1649 
3 1648 1774 1649 
3 1773 1774 1648 
3 1647 1773 1648 
3 1772 1773 1647 
3 1646 1772 1647 
3 1771 1772 1646 
3 1645 1771 1646 
3 1770 1771 1645 
3 1644 1770 1645 
3 1769 1770 1644 
3 1643 1769 1644 
3 1768 1769 1643 
3 1642 1768 1643 
3 1767 1768 1642 
3 1641 1767 1642 
3 1766 1767 1641 
3 1640 1766 1641 
3 1765 1766 1640 
3 1639 1765 1640 
3 1764 1765 1639 
3 1638 1764 1639 
3 1763 1764 1638 
3 1637 1763 1638 
3 1762 1763 1637 
3 1636 1762 1637 
3 1761 1762 1636 
3 1635 1761 1636 
3 1760 1761 1635 
3 1634 1760 1635 
3 1759 1760 1634 
3 1633 1759 1634 
3 1758 1759 1633 
3 1632 1758 1633 
3 1757 1758 1632 
3 1755 1756 1631 
3 1630 1755 1631 
3 1754 1755 1630 
3 1629 1754 1630 
3 1753 1754 1629 
3 1628 1753 1629 
3 1752 1753 1628 
3 1627 1752 1628 
3 1751 1752 1627 
3 1626 1751 1627 
3 1750 1751 1626 
3 1625 1750 1626 
3 1749 1750 1625 
3 1624 1749 1625 
3 1748 1749 1624 
3 1623 1748 1624 
3 1747 1748 1623 
3 1622 1747 1623 
3 1746 1747 1622 
3 1621 1746 1622 
3 1745 1746 1621 
3 1620 1745 1621 
3 1744 1745 1620 
3 1619 1744 1620 
3 1743 1744 1619 
3 1618 1743 1619 
3 1742 1743 1618 
3 1617 1742 1618 
3 1741 1742 1617 
3 1616 1741 1617 
3 1740 1741 1616 
3 1615 1740 1616 
3 1739 1740 1615 
3 1614 1739 1615 
3 1738 1739 1614 
3 1613 1738 1614 
3 1737 1738 1613 
3 1612 1737 1613 
3 1736 1737 1612 
3 1611 1736 1612 
3 1735 1736 1611 
3 1610 1735 1611 
3 1734 1735 1610 
3 1609 1734 1610 
3 1733 1734 1609 
3 1608 1733 1609 
3 1732 1733 1608 
3 1607 1732 1608 
3 1731 1732 1607 
3 1606 1731 1607 
3 1730 1731 1606 
3 1605 1730 1606 
3 1729 1730 1605 
3 1604 1729 1605 
3 1728 1729 1604 
3 1603 1728 1604 
3 1727 1728 1603 
3 1602 1727 1603 
3 1726 1727 1602 
3 1601 1726 1602 
3 1725 1726 1601 
3 1600 1725 1601 
3 1724 1725 1600 
3 1599 1724 1600 
3 1723 1724 1599 
3 1598 1723 1599 
3 1722 1723 1598 
3 1597 1722 1598 
3 1721 1722 1597 
3 1596 1721 1597 
3 1720 1721 1596 
3 1595 1720 1596 
3 1719 1720 1595 
3 1594 1719 1595 
3 1718 1719 1594 
3 1593 1718 1594 
3 1717 1718 1593 
3 1592 1717 1593 
3 1716 1717 1592 
3 1591 1716 1592 
3 1715 1716 1591 
3 1590 1715 1591 
3 1714 1715 1590 
3 1589 1714 1590 
3 1713 1714 1589 
3 1588 1713 1589 
3 1712 1713 1588 
3 1587 1712 1588 
3 1711 1712 1587 
3 1586 1711 1587 
3 1710 1711 1586 
3 1585 1710 1586 
3 1709 1710 1585 
3 1584 1709 1585 
3 1708 1709 1584 
3 1583 1708 1584 
3 1581 1707 1582 
3 1706 1707 1581 
3 1580 1706 1581 
3 1705 1706 1580 
3 1579 1705 1580 
3 1704 1705 1579 
3 1578 1704 1579 
3 1703 1704 1578 
3 1577 1703 1578 
3 1702 1703 1577 
3 1576 1702 1577 
3 1701 1702 1576 
3 1575 1701 1576 
3 1700 1701 1575 
3 1574 1700 1575 
3 1699 1700 1574 
3 1573 1699 1574 
3 1698 1699 1573 
3 1572 1698 1573 
3 1697 1698 1572 
3 1571 1697 1572 
3 1696 1697 1571 
3 1570 1696 1571 
3 1695 1696 1570 
3 1569 1695 1570 
3 1694 1695 1569 
3 1568 1694 1569 
3 1693 1694 1568 
3 1567 1693 1568 
3 1692 1693 1567 
3 1566 1692 1567 
3 1691 1692 1566 
3 1565 1691 1566 
3 1690 1691 1565 
3 1564 1690 1565 
3 1689 1690 1564 
3 1563 1689 1564 
3 1688 1689 1563 
3 1562 1688 1563 
3 1687 1688 1562 
3 1561 1687 1562 
3 1686 1687 1561 
3 1560 1686 1561 
3 1685 1686 1560 
3 1559 1685 1560 
3 1684 1685 1559 
3 1558 1684 1559 
3 1683 1684 1558 
3 1557 1683 1558 
3 1682 1683 1557 
3 1556 1682 1557 
3 1681 1682 1556 
3 1555 1681 1556 
3 1680 1681 1555 
3 1554 1680 1555 
3 1679 1680 1554 
3 1553 1679 1554 
3 1678 1679 1553 
3 1552 1678 1553 
3 1677 1678 1552 
3 1551 1677 1552 
3 1676 1677 1551 
3 1674 1675 1550 
3 1549 1674 1550 
3 1673 1674 1549 
3 1548 1673 1549 
3 1672 1673 1548 
3 1547 1672 1548 
3 1671 1672 1547 
3 1546 1671 1547 
3 1670 1671 1546 
3 1545 1670 1546 
3 1669 1670 1545 
3 1544 1669 1545 
3 1668 1669 1544 
3 1543 1668 1544 
3 1667 1668 1543 
3 1791 1915 1792 
3 1914 1915 1791 
3 1790 1914 1791 
3 1913 1914 1790 
3 1789 1913 1790 
3 1912 1913 1789 
3 1788 1912 1789 
3 1911 1912 1788 
3 1787 1911 1788 
3 1910 1911 1787 
3 1786 1910 1787 
3 1909 1910 1786 
3 1785 1909 1786 
3 1908 1909 1785 
3 1784 1908 1785 
3 1907 1908 1784 
3 1783 1907 1784 
3 1906 1907 1783 
3 1782 1906 1783 
3 1905 1906 1782 
3 1781 1905 1782 
3 1904 1905 1781 
3 1779 1903 1780 
3 1902 1903 1779 
3 1778 1902 1779 
3 1901 1902 1778 
3 1777 1901 1778 
3 1775 1900 1776 
3 1899 1900 1775 
3 1774 1899 1775 
3 1898 1899 1774 
3 1773 1898 1774 
3 1897 1898 1773 
3 1772 1897 1773 
3 1896 1897 1772 
3 1771 1896 1772 
3 1895 1896 1771 
3 1770 1895 1771 
3 1894 1895 1770 
3 1769 1894 1770 
3 1893 1894 1769 
3 1768 1893 1769 
3 1892 1893 1768 
3 1767 1892 1768 
3 1891 1892 1767 
3 1766 1891 1767 
3 1890 1891 1766 
3 1765 1890 1766 
3 1889 1890 1765 
3 1764 1889 1765 
3 1888 1889 1764 
3 1763 1888 1764 
3 1887 1888 1763 
3 1762 1887 1763 
3 1886 1887 1762 
3 1761 1886 1762 
3 1885 1886 1761 
3 1760 1885 1761 
3 1758 1884 1759 
3 1883 1884 1758 
3 1757 1883 1758 
3 1882 1883 1757 
3 1756 1882 1757 
3 1881 1882 1756 
3 1755 1881 1756 
3 1880 1881 1755 
3 1754 1880 1755 
3 1879 1880 1754 
3 1753 1879 1754 
3 1878 1879 1753 
3 1752 1878 1753 
3 1877 1878 1752 
3 1751 1877 1752 
3 1876 1877 1751 
3 1750 1876 1751 
3 1875 1876 1750 
3 1749 1875 1750 
3 1874 1875 1749 
3 1748 1874 1749 
3 1873 1874 1748 
3 1747 1873 1748 
3 1872 1873 1747 
3 1746 1872 1747 
3 1871 1872 1746 
3 1745 1871 1746 
3 1870 1871 1745 
3 1744 1870 1745 
3 1869 1870 1744 
3 1743 1869 1744 
3 1868 1869 1743 
3 1742 1868 1743 
3 1867 1868 1742 
3 1741 1867 1742 
3 1866 1867 1741 
3 1740 1866 1741 
3 1865 1866 1740 
3 1739 1865 1740 
3 1864 1865 1739 
3 1738 1864 1739 
3 1863 1864 1738 
3 1737 1863 1738 
3 1862 1863 1737 
3 1736 1862 1737 
3 1861 1862 1736 
3 1735 1861 1736 
3 1860 1861 1735 
3 1734 1860 1735 
3 1859 1860 1734 
3 1733 1859 1734 
3 1858 1859 1733 
3 1732 1858 1733 
3 1857 1858 1732 
3 1731 1857 1732 
3 1856 1857 1731 
3 1730 1856 1731 
3 1855 1856 1730 
3 1729 1855 1730 
3 1854 1855 1729 
3 1728 1854 1729 
3 1853 1854 1728 
3 1727 1853 1728 
3 1852 1853 1727 
3 1726 1852 1727 
3 1851 1852 1726 
3 1725 1851 1726 
3 1850 1851 1725 
3 1724 1850 1725 
3 1849 1850 1724 
3 1723 1849 1724 
3 1848 1849 1723 
3 1722 1848 1723 
3 1847 1848 1722 
3 1721 1847 1722 
3 1846 1847 1721 
3 1720 1846 1721 
3 1845 1846 1720 
3 1719 1845 1720 
3 1844 1845 1719 
3 1718 1844 1719 
3 1843 1844 1718 
3 1717 1843 1718 
3 1842 1843 1717 
3 1716 1842 1717 
3 1841 1842 1716 
3 1715 1841 1716 
3 1840 1841 1715 
3 1714 1840 1715 
3 1712 1839 1713 
3 1838 1839 1712 
3 1711 1838 1712 
3 1837 1838 1711 
3 1710 1837 1711 
3 1836 1837 1710 
3 1709 1836 1710 
3 1835 1836 1709 
3 1708 1835 1709 
3 1834 1835 1708 
3 1832 1833 1707 
3 1706 1832 1707 
3 1831 1832 1706 
3 1705 1831 1706 
3 1830 1831 1705 
3 1704 1830 1705 
3 1829 1830 1704 
3 1703 1829 1704 
3 1828 1829 1703 
3 1702 1828 1703 
3 1827 1828 1702 
3 1701 1827 1702 
3 1826 1827 1701 
3 1700 1826 1701 
3 1825 1826 1700 
3 1699 1825 1700 
3 1824 1825 1699 
3 1698 1824 1699 
3 1823 1824 1698 
3 1697 1823 1698 
3 1822 1823 1697 
3 1696 1822 1697 
3 1821 1822 1696 
3 1695 1821 1696 
3 1820 1821 1695 
3 1694 1820 1695 
3 1819 1820 1694 
3 1693 1819 1694 
3 1691 1818 1692 
3 1817 1818 1691 
3 1690 1817 1691 
3 1816 1817 1690 
3 1689 1816 1690 
3 1815 1816 1689 
3 1688 1815 1689 
3 1814 1815 1688 
3 1687 1814 1688 
3 1813 1814 1687 
3 1686 1813 1687 
3 1812 1813 1686 
3 1685 1812 1686 
3 1811 1812 1685 
3 1684 1811 1685 
3 1810 1811 1684 
3 1683 1810 1684 
3 1809 1810 1683 
3 1682 1809 1683 
3 1808 1809 1682 
3 1681 1808 1682 
3 1807 1808 1681 
3 1680 1807 1681 
3 1806 1807 1680 
3 1679 1806 1680 
3 1805 1806 1679 
3 1678 1805 1679 
3 1804 1805 1678 
3 1677 1804 1678 
3 1803 1804 1677 
3 1676 1803 1677 
3 1802 1803 1676 
3 1675 1802 1676 
3 1801 1802 1675 
3 1674 1801 1675 
3 1800 1801 1674 
3 1673 1800 1674 
3 1799 1800 1673 
3 1672 1799 1673 
3 1798 1799 1672 
3 1671 1798 1672 
3 1797 1798 1671 
3 1670 1797 1671 
3 1796 1797 1670 
3 1669 1796 1670 
3 1795 1796 1669 
3 1668 1795 1669 
3 1794 1795 1668 
3 1667 1794 1668 
3 1793 1794 1667 
3 1541 1666 1542 
3 1665 1666 1541 
3 1540 1665 1541 
3 1664 1665 1540 
3 1539 1664 1540 
3 1537 1663 1538 
3 1662 1663 1537 
3 1535 1661 1536 
3 1660 1661 1535 
3 1534 1660 1535 
3 1659 1660 1534 
3 1533 1659 1534 
3 1658 1659 1533 
3 1532 1658 1533 
3 1657 1658 1532 
3 1654 1655 1531 
3 1530 1654 1531 
3 1653 1654 1530 
3 1529 1653 1530 
3 1652 1653 1529 
3 1528 1652 1529 
3 1651 1652 1528 
3 1527 1651 1528 
3 1650 1651 1527 
3 1526 1650 1527 
3 1649 1650 1526 
3 1525 1649 1526 
3 1648 1649 1525 
3 1524 1648 1525 
3 1647 1648 1524 
3 1523 1647 1524 
3 1646 1647 1523 
3 1522 1646 1523 
3 1645 1646 1522 
3 1521 1645 1522 
3 1644 1645 1521 
3 1520 1644 1521 
3 1643 1644 1520 
3 1519 1643 1520 
3 1642 1643 1519 
3 1518 1642 1519 
3 1641 1642 1518 
3 1517 1641 1518 
3 1640 1641 1517 
3 1516 1640 1517 
3 1639 1640 1516 
3 1515 1639 1516 
3 1638 1639 1515 
3 1514 1638 1515 
3 1637 1638 1514 
3 1635 1636 1513 
3 1512 1635 1513 
3 1634 1635 1512 
3 1511 1634 1512 
3 1633 1634 1511 
3 1510 1633 1511 
3 1632 1633 1510 
3 1508 1631 1509 
3 1630 1631 1508 
3 1507 1630 1508 
3 1629 1630 1507 
3 1506 1629 1507 
3 1628 1629 1506 
3 1505 1628 1506 
3 1627 1628 1505 
3 1504 1627 1505 
3 1626 1627 1504 
3 1503 1626 1504 
3 1625 1626 1503 
3 1502 1625 1503 
3 1624 1625 1502 
3 1501 1624 1502 
3 1623 1624 1501 
3 1621 1622 1500 
3 1499 1621 1500 
3 1620 1621 1499 
3 1498 1620 1499 
3 1619 1620 1498 
3 1497 1619 1498 
3 1618 1619 1497 
3 1496 1618 1497 
3 1617 1618 1496 
3 1495 1617 1496 
3 1616 1617 1495 
3 1494 1616 1495 
3 1615 1616 1494 
3 1493 1615 1494 
3 1614 1615 1493 
3 1492 1614 1493 
3 1613 1614 1492 
3 1491 1613 1492 
3 1612 1613 1491 
3 1490 1612 1491 
3 1611 1612 1490 
3 1489 1611 1490 
3 1610 1611 1489 
3 1488 1610 1489 
3 1609 1610 1488 
3 1607 1608 1487 
3 1486 1607 1487 
3 1606 1607 1486 
3 1485 1606 1486 
3 1605 1606 1485 
3 1484 1605 1485 
3 1604 1605 1484 
3 1483 1604 1484 
3 1603 1604 1483 
3 1482 1603 1483 
3 1602 1603 1482 
3 1481 1602 1482 
3 1601 1602 1481 
3 1480 1601 1481 
3 1600 1601 1480 
3 1479 1600 1480 
3 1599 1600 1479 
3 1478 1599 1479 
3 1598 1599 1478 
3 1477 1598 1478 
3 1597 1598 1477 
3 1476 1597 1477 
3 1596 1597 1476 
3 1475 1596 1476 
3 1595 1596 1475 
3 1474 1595 1475 
3 1594 1595 1474 
3 1473 1594 1474 
3 1593 1594 1473 
3 1472 1593 1473 
3 1592 1593 1472 
3 1471 1592 1472 
3 1591 1592 1471 
3 1470 1591 1471 
3 1590 1591 1470 
3 1469 1590 1470 
3 1589 1590 1469 
3 1468 1589 1469 
3 1588 1589 1468 
3 1467 1588 1468 
3 1587 1588 1467 
3 1466 1587 1467 
3 1586 1587 1466 
3 1465 1586 1466 
3 1585 1586 1465 
3 1464 1585 1465 
3 1584 1585 1464 
3 1463 1584 1464 
3 1583 1584 1463 
3 1462 1583 1463 
3 1582 1583 1462 
3 1461 1582 1462 
3 1581 1582 1461 
3 1460 1581 1461 
3 1580 1581 1460 
3 1578 1579 1459 
3 1458 1578 1459 
3 1577 1578 1458 
3 1457 1577 1458 
3 1576 1577 1457 
3 1456 1576 1457 
3 1575 1576 1456 
3 1455 1575 1456 
3 1574 1575 1455 
3 1454 1574 1455 
3 1573 1574 1454 
3 1453 1573 1454 
3 1572 1573 1453 
3 1452 1572 1453 
3 1571 1572 1452 
3 1451 1571 1452 
3 1570 1571 1451 
3 1450 1570 1451 
3 1569 1570 1450 
3 1449 1569 1450 
3 1568 1569 1449 
3 1448 1568 1449 
3 1567 1568 1448 
3 1447 1567 1448 
3 1566 1567 1447 
3 1446 1566 1447 
3 1565 1566 1446 
3 1445 1565 1446 
3 1564 1565 1445 
3 1444 1564 1445 
3 1563 1564 1444 
3 1443 1563 1444 
3 1562 1563 1443 
3 1442 1562 1443 
3 1561 1562 1442 
3 1441 1561 1442 
3 1560 1561 1441 
3 1440 1560 1441 
3 1559 1560 1440 
3 1439 1559 1440 
3 1558 1559 1439 
3 1438 1558 1439 
3 1557 1558 1438 
3 1437 1557 1438 
3 1556 1557 1437 
3 1436 1556 1437 
3 1555 1556 1436 
3 1435 1555 1436 
3 1554 1555 1435 
3 1434 1554 1435 
3 1553 1554 1434 
3 1433 1553 1434 
3 1552 1553 1433 
3 1432 1552 1433 
3 1551 1552 1432 
3 1430 1550 1431 
3 1549 1550 1430 
3 1429 1549 1430 
3 1548 1549 1429 
3 1428 1548 1429 
3 1547 1548 1428 
3 1427 1547 1428 
3 1546 1547 1427 
3 1426 1546 1427 
3 1545 1546 1426 
3 1425 1545 1426 
3 1544 1545 1425 
3 1424 1544 1425 
3 1543 1544 1424 
3 1188 1307 1189 
3 1306 1307 1188 
3 1187 1306 1188 
3 1305 1306 1187 
3 1186 1305 1187 
3 1304 1305 1186 
3 1185 1304 1186 
3 1303 1304 1185 
3 1184 1303 1185 
3 1302 1303 1184 
3 1183 1302 1184 
3 1301 1302 1183 
3 1182 1301 1183 
3 1300 1301 1182 
3 1181 1300 1182 
3 1299 1300 1181 
3 1180 1299 1181 
3 1298 1299 1180 
3 1179 1298 1180 
3 1297 1298 1179 
3 1178 1297 1179 
3 1296 1297 1178 
3 1177 1296 1178 
3 1295 1296 1177 
3 1176 1295 1177 
3 1294 1295 1176 
3 1175 1294 1176 
3 1293 1294 1175 
3 1174 1293 1175 
3 1292 1293 1174 
3 1173 1292 1174 
3 1291 1292 1173 
3 1172 1291 1173 
3 1290 1291 1172 
3 1171 1290 1172 
3 1289 1290 1171 
3 1170 1289 1171 
3 1288 1289 1170 
3 1168 1287 1169 
3 1286 1287 1168 
3 1167 1286 1168 
3 1285 1286 1167 
3 1166 1285 1167 
3 1284 1285 1166 
3 1165 1284 1166 
3 1283 1284 1165 
3 1164 1283 1165 
3 1282 1283 1164 
3 1163 1282 1164 
3 1281 1282 1163 
3 1162 1281 1163 
3 1280 1281 1162 
3 1161 1280 1162 
3 1279 1280 1161 
3 1160 1279 1161 
3 1278 1279 1160 
3 1159 1278 1160 
3 1277 1278 1159 
3 1158 1277 1159 
3 1276 1277 1158 
3 1274 1275 1157 
3 1156 1274 1157 
3 1273 1274 1156 
3 1155 1273 1156 
3 1272 1273 1155 
3 1154 1272 1155 
3 1271 1272 1154 
3 1153 1271 1154 
3 1270 1271 1153 
3 1152 1270 1153 
3 1269 1270 1152 
3 1151 1269 1152 
3 1149 1268 1150 
3 1267 1268 1149 
3 1148 1267 1149 
3 1146 1266 1147 
3 1265 1266 1146 
3 1145 1265 1146 
3 1264 1265 1145 
3 1144 1264 1145 
3 1263 1264 1144 
3 1143 1263 1144 
3 1262 1263 1143 
3 1260 1261 1142 
3 1141 1260 1142 
3 1259 1260 1141 
3 1140 1259 1141 
3 1258 1259 1140 
3 1139 1258 1140 
3 1257 1258 1139 
3 1138 1257 1139 
3 1256 1257 1138 
3 1137 1256 1138 
3 1255 1256 1137 
3 1136 1255 1137 
3 1254 1255 1136 
3 1135 1254 1136 
3 1253 1254 1135 
3 1134 1253 1135 
3 1252 1253 1134 
3 1250 1251 1133 
3 1132 1250 1133 
3 1249 1250 1132 
3 1131 1249 1132 
3 1248 1249 1131 
3 1130 1248 1131 
3 1247 1248 1130 
3 1129 1247 1130 
3 1246 1247 1129 
3 1244 1245 1128 
3 1127 1244 1128 
3 1243 1244 1127 
3 1126 1243 1127 
3 1242 1243 1126 
3 1125 1242 1126 
3 1241 1242 1125 
3 1124 1241 1125 
3 1240 1241 1124 
3 1123 1240 1124 
3 1239 1240 1123 
3 1122 1239 1123 
3 1238 1239 1122 
3 1121 1238 1122 
3 1237 1238 1121 
3 1120 1237 1121 
3 1236 1237 1120 
3 1119 1236 1120 
3 1235 1236 1119 
3 1118 1235 1119 
3 1234 1235 1118 
3 1117 1234 1118 
3 1233 1234 1117 
3 1116 1233 1117 
3 1232 1233 1116 
3 1115 1232 1116 
3 1231 1232 1115 
3 1229 1230 1114 
3 1113 1229 1114 
3 1228 1229 1113 
3 1111 1227 1112 
3 1226 1227 1111 
3 1110 1226 1111 
3 1225 1226 1110 
3 1223 1224 1109 
3 1108 1223 1109 
3 1222 1223 1108 
3 1107 1222 1108 
3 1104 1221 1105 
3 1220 1221 1104 
3 1103 1220 1104 
3 1219 1220 1103 
3 1102 1219 1103 
3 1218 1219 1102 
3 1216 1217 1101 
3 1100 1216 1101 
3 1215 1216 1100 
3 1099 1215 1100 
3 1214 1215 1099 
3 1098 1214 1099 
3 1096 1213 1097 
3 1212 1213 1096 
3 1095 1212 1096 
3 1211 1212 1095 
3 1094 1211 1095 
3 1092 1210 1093 
3 1209 1210 1092 
3 1091 1209 1092 
3 1088 1208 1089 
3 1207 1208 1088 
3 1087 1207 1088 
3 1206 1207 1087 
3 1086 1206 1087 
3 1205 1206 1086 
3 1085 1205 1086 
3 1204 1205 1085 
3 1084 1204 1085 
3 1203 1204 1084 
3 1083 1203 1084 
3 1202 1203 1083 
3 1082 1202 1083 
3 1201 1202 1082 
3 1199 1200 1081 
3 1080 1199 1081 
3 1198 1199 1080 
3 1079 1198 1080 
3 1197 1198 1079 
3 1078 1197 1079 
3 1196 1197 1078 
3 1077 1196 1078 
3 1195 1196 1077 
3 1076 1195 1077 
3 1194 1195 1076 
3 1075 1194 1076 
3 1193 1194 1075 
3 1074 1193 1075 
3 1192 1193 1074 
3 1073 1192 1074 
3 1191 1192 1073 
3 1072 1191 1073 
3 1190 1191 1072 
3 1306 1423 1307 
3 1422 1423 1306 
3 1305 1422 1306 
3 1421 1422 1305 
3 1304 1421 1305 
3 1420 1421 1304 
3 1303 1420 1304 
3 1419 1420 1303 
3 1302 1419 1303 
3 1418 1419 1302 
3 1301 1418 1302 
3 1417 1418 1301 
3 1300 1417 1301 
3 1416 1417 1300 
3 1299 1416 1300 
3 1415 1416 1299 
3 1298 1415 1299 
3 1414 1415 1298 
3 1297 1414 1298 
3 1413 1414 1297 
3 1296 1413 1297 
3 1412 1413 1296 
3 1295 1412 1296 
3 1411 1412 1295 
3 1294 1411 1295 
3 1292 1410 1293 
3 1409 1410 1292 
3 1291 1409 1292 
3 1289 1408 1290 
3 1407 1408 1289 
3 1288 1407 1289 
3 1406 1407 1288 
3 1404 1405 1287 
3 1286 1404 1287 
3 1403 1404 1286 
3 1285 1403 1286 
3 1402 1403 1285 
3 1284 1402 1285 
3 1401 1402 1284 
3 1283 1401 1284 
3 1400 1401 1283 
3 1282 1400 1283 
3 1399 1400 1282 
3 1281 1399 1282 
3 1398 1399 1281 
3 1280 1398 1281 
3 1397 1398 1280 
3 1279 1397 1280 
3 1396 1397 1279 
3 1278 1396 1279 
3 1395 1396 1278 
3 1277 1395 1278 
3 1394 1395 1277 
3 1276 1394 1277 
3 1393 1394 1276 
3 1275 1393 1276 
3 1392 1393 1275 
3 1274 1392 1275 
3 1391 1392 1274 
3 1273 1391 1274 
3 1269 1390 1270 
3 1389 1390 1269 
3 1387 1388 1268 
3 1267 1387 1268 
3 1386 1387 1267 
3 1384 1385 1266 
3 1265 1384 1266 
3 1383 1384 1265 
3 1264 1383 1265 
3 1382 1383 1264 
3 1263 1382 1264 
3 1381 1382 1263 
3 1262 1381 1263 
3 1380 1381 1262 
3 1261 1380 1262 
3 1379 1380 1261 
3 1260 1379 1261 
3 1258 1378 1259 
3 1377 1378 1258 
3 1257 1377 1258 
3 1376 1377 1257 
3 1256 1376 1257 
3 1375 1376 1256 
3 1255 1375 1256 
3 1374 1375 1255 
3 1254 1374 1255 
3 1373 1374 1254 
3 1253 1373 1254 
3 1372 1373 1253 
3 1252 1372 1253 
3 1371 1372 1252 
3 1251 1371 1252 
3 1370 1371 1251 
3 1250 1370 1251 
3 1369 1370 1250 
3 1249 1369 1250 
3 1368 1369 1249 
3 1248 1368 1249 
3 1367 1368 1248 
3 1247 1367 1248 
3 1366 1367 1247 
3 1246 1366 1247 
3 1365 1366 1246 
3 1245 1365 1246 
3 1364 1365 1245 
3 1244 1364 1245 
3 1363 1364 1244 
3 1243 1363 1244 
3 1362 1363 1243 
3 1242 1362 1243 
3 1361 1362 1242 
3 1241 1361 1242 
3 1360 1361 1241 
3 1240 1360 1241 
3 1359 1360 1240 
3 1239 1359 1240 
3 1358 1359 1239 
3 1238 1358 1239 
3 1357 1358 1238 
3 1237 1357 1238 
3 1356 1357 1237 
3 1236 1356 1237 
3 1355 1356 1236 
3 1235 1355 1236 
3 1354 1355 1235 
3 1234 1354 1235 
3 1353 1354 1234 
3 1233 1353 1234 
3 1352 1353 1233 
3 1232 1352 1233 
3 1351 1352 1232 
3 1231 1351 1232 
3 1350 1351 1231 
3 1230 1350 1231 
3 1349 1350 1230 
3 1229 1349 1230 
3 1348 1349 1229 
3 1228 1348 1229 
3 1347 1348 1228 
3 1345 1346 1227 
3 1226 1345 1227 
3 1344 1345 1226 
3 1225 1344 1226 
3 1343 1344 1225 
3 1224 1343 1225 
3 1342 1343 1224 
3 1223 1342 1224 
3 1341 1342 1223 
3 1222 1341 1223 
3 1340 1341 1222 
3 1337 1338 1221 
3 1220 1337 1221 
3 1336 1337 1220 
3 1219 1336 1220 
3 1335 1336 1219 
3 1218 1335 1219 
3 1214 1334 1215 
3 1333 1334 1214 
3 1211 1332 1212 
3 1331 1332 1211 
3 1329 1330 1210 
3 1209 1329 1210 
3 1326 1327 1208 
3 1207 1326 1208 
3 1325 1326 1207 
3 1206 1325 1207 
3 1324 1325 1206 
3 1205 1324 1206 
3 1323 1324 1205 
3 1204 1323 1205 
3 1322 1323 1204 
3 1203 1322 1204 
3 1321 1322 1203 
3 1202 1321 1203 
3 1320 1321 1202 
3 1201 1320 1202 
3 1319 1320 1201 
3 1200 1319 1201 
3 1318 1319 1200 
3 1199 1318 1200 
3 1317 1318 1199 
3 1198 1317 1199 
3 1316 1317 1198 
3 1197 1316 1198 
3 1315 1316 1197 
3 1196 1315 1197 
3 1314 1315 1196 
3 1195 1314 1196 
3 1313 1314 1195 
3 1194 1313 1195 
3 1312 1313 1194 
3 1193 1312 1194 
3 1311 1312 1193 
3 1192 1311 1193 
3 1310 1311 1192 
3 1191 1310 1192 
3 1309 1310 1191 
3 1190 1309 1191 
3 1308 1309 1190 
3 1070 1189 1071 
3 1188 1189 1070 
3 1069 1188 1070 
3 1187 1188 1069 
3 1068 1187 1069 
3 1186 1187 1068 
3 1067 1186 1068 
3 1185 1186 1067 
3 1066 1185 1067 
3 1184 1185 1066 
3 1065 1184 1066 
3 1183 1184 1065 
3 1064 1183 1065 
3 1182 1183 1064 
3 1063 1182 1064 
3 1181 1182 1063 
3 1062 1181 1063 
3 1180 1181 1062 
3 1061 1180 1062 
3 1179 1180 1061 
3 1060 1179 1061 
3 1178 1179 1060 
3 1059 1178 1060 
3 1177 1178 1059 
3 1058 1177 1059 
3 1176 1177 1058 
3 1057 1176 1058 
3 1175 1176 1057 
3 1056 1175 1057 
3 1174 1175 1056 
3 1055 1174 1056 
3 1173 1174 1055 
3 1054 1173 1055 
3 1172 1173 1054 
3 1053 1172 1054 
3 1171 1172 1053 
3 1052 1171 1053 
3 1170 1171 1052 
3 1051 1170 1052 
3 1049 1169 1050 
3 1168 1169 1049 
3 1048 1168 1049 
3 1167 1168 1048 
3 1047 1167 1048 
3 1166 1167 1047 
3 1046 1166 1047 
3 1165 1166 1046 
3 1045 1165 1046 
3 1164 1165 1045 
3 1044 1164 1045 
3 1163 1164 1044 
3 1043 1163 1044 
3 1162 1163 1043 
3 1042 1162 1043 
3 1161 1162 1042 
3 1041 1161 1042 
3 1160 1161 1041 
3 1040 1160 1041 
3 1159 1160 1040 
3 1039 1159 1040 
3 1158 1159 1039 
3 1038 1158 1039 
3 1036 1157 1037 
3 1156 1157 1036 
3 1035 1156 1036 
3 1155 1156 1035 
3 1034 1155 1035 
3 1154 1155 1034 
3 1033 1154 1034 
3 1153 1154 1033 
3 1032 1153 1033 
3 1152 1153 1032 
3 1031 1152 1032 
3 1151 1152 1031 
3 1030 1151 1031 
3 1150 1151 1030 
3 1029 1150 1030 
3 1149 1150 1029 
3 1028 1149 1029 
3 1148 1149 1028 
3 1027 1148 1028 
3 1147 1148 1027 
3 1026 1147 1027 
3 1146 1147 1026 
3 1025 1146 1026 
3 1145 1146 1025 
3 1024 1145 1025 
3 1144 1145 1024 
3 1023 1144 1024 
3 1143 1144 1023 
3 1021 1142 1022 
3 1141 1142 1021 
3 1020 1141 1021 
3 1140 1141 1020 
3 1019 1140 1020 
3 1139 1140 1019 
3 1018 1139 1019 
3 1138 1139 1018 
3 1017 1138 1018 
3 1137 1138 1017 
3 1016 1137 1017 
3 1136 1137 1016 
3 1015 1136 1016 
3 1135 1136 1015 
3 1014 1135 1015 
3 1134 1135 1014 
3 1013 1134 1014 
3 1011 1133 1012 
3 1132 1133 1011 
3 1010 1132 1011 
3 1131 1132 1010 
3 1009 1131 1010 
3 1130 1131 1009 
3 1008 1130 1009 
3 1129 1130 1008 
3 1007 1129 1008 
3 1005 1128 1006 
3 1127 1128 1005 
3 1004 1127 1005 
3 1126 1127 1004 
3 1003 1126 1004 
3 1125 1126 1003 
3 1002 1125 1003 
3 1124 1125 1002 
3 1001 1124 1002 
3 1123 1124 1001 
3 1000 1123 1001 
3 1122 1123 1000 
3 999 1122 1000 
3 1121 1122 999 
3 998 1121 999 
3 1120 1121 998 
3 1118 1119 997 
3 996 1118 997 
3 1117 1118 996 
3 995 1117 996 
3 1116 1117 995 
3 993 1114 994 
3 1113 1114 993 
3 992 1113 993 
3 1110 1111 990 
3 989 1110 990 
3 987 1109 988 
3 1108 1109 987 
3 1106 1107 986 
3 985 1106 986 
3 1105 1106 985 
3 984 1105 985 
3 1104 1105 984 
3 983 1104 984 
3 1103 1104 983 
3 982 1103 983 
3 1102 1103 982 
3 980 1101 981 
3 1100 1101 980 
3 979 1100 980 
3 1099 1100 979 
3 978 1099 979 
3 1098 1099 978 
3 977 1098 978 
3 1097 1098 977 
3 976 1097 977 
3 1096 1097 976 
3 975 1096 976 
3 1095 1096 975 
3 974 1095 975 
3 1094 1095 974 
3 973 1094 974 
3 1093 1094 973 
3 972 1093 973 
3 1092 1093 972 
3 971 1092 972 
3 1091 1092 971 
3 970 1091 971 
3 1090 1091 970 
3 969 1090 970 
3 1089 1090 969 
3 968 1089 969 
3 1088 1089 968 
3 967 1088 968 
3 1087 1088 967 
3 966 1087 967 
3 1086 1087 966 
3 965 1086 966 
3 1085 1086 965 
3 964 1085 965 
3 1084 1085 964 
3 963 1084 964 
3 1083 1084 963 
3 962 1083 963 
3 1082 1083 962 
3 961 1082 962 
3 1080 1081 960 
3 959 1080 960 
3 1079 1080 959 
3 958 1079 959 
3 1078 1079 958 
3 957 1078 958 
3 1077 1078 957 
3 956 1077 957 
3 1076 1077 956 
3 955 1076 956 
3 1075 1076 955 
3 954 1075 955 
3 1074 1075 954 
3 953 1074 954 
3 1073 1074 953 
3 952 1073 953 
3 1072 1073 952 
3 471 589 472 
3 588 589 471 
3 470 588 471 
3 587 588 470 
3 469 587 470 
3 586 587 469 
3 468 586 469 
3 585 586 468 
3 467 585 468 
3 584 585 467 
3 466 584 467 
3 583 584 466 
3 465 583 466 
3 582 583 465 
3 464 582 465 
3 581 582 464 
3 463 581 464 
3 580 581 463 
3 462 580 463 
3 579 580 462 
3 461 579 462 
3 578 579 461 
3 460 578 461 
3 577 578 460 
3 459 577 460 
3 576 577 459 
3 458 576 459 
3 575 576 458 
3 457 575 458 
3 574 575 457 
3 456 574 457 
3 573 574 456 
3 455 573 456 
3 572 573 455 
3 454 572 455 
3 571 572 454 
3 453 571 454 
3 570 571 453 
3 452 570 453 
3 569 570 452 
3 451 569 452 
3 568 569 451 
3 450 568 451 
3 567 568 450 
3 449 567 450 
3 566 567 449 
3 448 566 449 
3 446 565 447 
3 564 565 446 
3 445 564 446 
3 563 564 445 
3 444 563 445 
3 562 563 444 
3 443 562 444 
3 561 562 443 
3 442 561 443 
3 560 561 442 
3 441 560 442 
3 559 560 441 
3 440 559 441 
3 558 559 440 
3 439 558 440 
3 557 558 439 
3 438 557 439 
3 556 557 438 
3 437 556 438 
3 555 556 437 
3 436 555 437 
3 554 555 436 
3 435 554 436 
3 553 554 435 
3 434 553 435 
3 552 553 434 
3 433 552 434 
3 551 552 433 
3 549 550 432 
3 431 549 432 
3 548 549 431 
3 430 548 431 
3 545 546 428 
3 427 545 428 
3 425 544 426 
3 543 544 425 
3 424 543 425 
3 542 543 424 
3 423 542 424 
3 541 542 423 
3 422 541 423 
3 540 541 422 
3 421 540 422 
3 539 540 421 
3 420 539 421 
3 538 539 420 
3 419 538 420 
3 537 538 419 
3 418 537 419 
3 536 537 418 
3 417 536 418 
3 415 535 416 
3 534 535 415 
3 414 534 415 
3 533 534 414 
3 413 533 414 
3 532 533 413 
3 412 532 413 
3 531 532 412 
3 411 531 412 
3 530 531 411 
3 410 530 411 
3 408 529 409 
3 528 529 408 
3 407 528 408 
3 527 528 407 
3 406 527 407 
3 526 527 406 
3 405 526 406 
3 525 526 405 
3 523 524 404 
3 403 523 404 
3 522 523 403 
3 520 521 402 
3 401 520 402 
3 519 520 401 
3 517 518 400 
3 399 517 400 
3 397 516 398 
3 515 516 397 
3 396 515 397 
3 514 515 396 
3 395 514 396 
3 513 514 395 
3 394 513 395 
3 512 513 394 
3 393 512 394 
3 511 512 393 
3 392 511 393 
3 510 511 392 
3 391 510 392 
3 509 510 391 
3 390 509 391 
3 508 509 390 
3 389 508 390 
3 507 508 389 
3 388 507 389 
3 506 507 388 
3 387 506 388 
3 505 506 387 
3 386 505 387 
3 504 505 386 
3 385 504 386 
3 503 504 385 
3 384 503 385 
3 502 503 384 
3 383 502 384 
3 501 502 383 
3 382 501 383 
3 500 501 382 
3 381 500 382 
3 499 500 381 
3 380 499 381 
3 498 499 380 
3 379 498 380 
3 497 498 379 
3 378 497 379 
3 376 496 377 
3 495 496 376 
3 375 495 376 
3 494 495 375 
3 374 494 375 
3 493 494 374 
3 373 493 374 
3 492 493 373 
3 372 492 373 
3 491 492 372 
3 371 491 372 
3 490 491 371 
3 370 490 371 
3 489 490 370 
3 369 489 370 
3 488 489 369 
3 368 488 369 
3 487 488 368 
3 367 487 368 
3 486 487 367 
3 366 486 367 
3 485 486 366 
3 365 485 366 
3 484 485 365 
3 364 484 365 
3 362 483 363 
3 482 483 362 
3 480 481 361 
3 360 480 361 
3 479 480 360 
3 359 479 360 
3 357 478 358 
3 477 478 357 
3 356 477 357 
3 476 477 356 
3 355 476 356 
3 353 475 354 
3 474 475 353 
3 352 474 353 
3 473 474 352 
3 705 832 706 
3 831 832 705 
3 704 831 705 
3 830 831 704 
3 703 830 704 
3 829 830 703 
3 702 829 703 
3 828 829 702 
3 701 828 702 
3 827 828 701 
3 700 827 701 
3 826 827 700 
3 699 826 700 
3 825 826 699 
3 698 825 699 
3 824 825 698 
3 697 824 698 
3 823 824 697 
3 696 823 697 
3 822 823 696 
3 695 822 696 
3 821 822 695 
3 694 821 695 
3 820 821 694 
3 693 820 694 
3 819 820 693 
3 692 819 693 
3 818 819 692 
3 691 818 692 
3 817 818 691 
3 690 817 691 
3 816 817 690 
3 689 816 690 
3 815 816 689 
3 688 815 689 
3 814 815 688 
3 687 814 688 
3 813 814 687 
3 686 813 687 
3 812 813 686 
3 685 812 686 
3 811 812 685 
3 684 811 685 
3 810 811 684 
3 683 810 684 
3 809 810 683 
3 682 809 683 
3 808 809 682 
3 681 808 682 
3 807 808 681 
3 680 807 681 
3 806 807 680 
3 679 806 680 
3 805 806 679 
3 678 805 679 
3 804 805 678 
3 677 804 678 
3 803 804 677 
3 676 803 677 
3 802 803 676 
3 675 802 676 
3 673 801 674 
3 800 801 673 
3 672 800 673 
3 799 800 672 
3 671 799 672 
3 798 799 671 
3 670 798 671 
3 797 798 670 
3 669 797 670 
3 796 797 669 
3 668 796 669 
3 795 796 668 
3 667 795 668 
3 794 795 667 
3 666 794 667 
3 793 794 666 
3 665 793 666 
3 792 793 665 
3 664 792 665 
3 791 792 664 
3 663 791 664 
3 790 791 663 
3 662 790 663 
3 789 790 662 
3 661 789 662 
3 788 789 661 
3 660 788 661 
3 787 788 660 
3 659 787 660 
3 786 787 659 
3 658 786 659 
3 785 786 658 
3 657 785 658 
3 784 785 657 
3 656 784 657 
3 783 784 656 
3 655 783 656 
3 782 783 655 
3 780 781 654 
3 653 780 654 
3 779 780 653 
3 652 779 653 
3 778 779 652 
3 651 778 652 
3 777 778 651 
3 650 777 651 
3 776 777 650 
3 649 776 650 
3 775 776 649 
3 648 775 649 
3 774 775 648 
3 647 774 648 
3 773 774 647 
3 646 773 647 
3 772 773 646 
3 645 772 646 
3 771 772 645 
3 644 771 645 
3 770 771 644 
3 643 770 644 
3 769 770 643 
3 642 769 643 
3 768 769 642 
3 766 767 641 
3 640 766 641 
3 765 766 640 
3 639 765 640 
3 764 765 639 
3 761 762 638 
3 637 761 638 
3 760 761 637 
3 636 760 637 
3 759 760 636 
3 635 759 636 
3 758 759 635 
3 634 758 635 
3 757 758 634 
3 633 757 634 
3 756 757 633 
3 754 755 632 
3 631 754 632 
3 753 754 631 
3 630 753 631 
3 752 753 630 
3 629 752 630 
3 751 752 629 
3 628 751 629 
3 750 751 628 
3 627 750 628 
3 749 750 627 
3 626 749 627 
3 748 749 626 
3 625 748 626 
3 747 748 625 
3 624 747 625 
3 746 747 624 
3 623 746 624 
3 745 746 623 
3 743 744 622 
3 621 743 622 
3 742 743 621 
3 620 742 621 
3 741 742 620 
3 619 741 620 
3 740 741 619 
3 738 739 618 
3 617 738 618 
3 737 738 617 
3 616 737 617 
3 736 737 616 
3 615 736 616 
3 735 736 615 
3 614 735 615 
3 734 735 614 
3 613 734 614 
3 733 734 613 
3 612 733 613 
3 732 733 612 
3 611 732 612 
3 731 732 611 
3 610 731 611 
3 730 731 610 
3 609 730 610 
3 729 730 609 
3 608 729 609 
3 728 729 608 
3 607 728 608 
3 727 728 607 
3 606 727 607 
3 726 727 606 
3 605 726 606 
3 725 726 605 
3 604 725 605 
3 724 725 604 
3 603 724 604 
3 723 724 603 
3 602 723 603 
3 722 723 602 
3 601 722 602 
3 721 722 601 
3 718 719 600 
3 597 716 598 
3 715 716 597 
3 596 715 597 
3 714 715 596 
3 595 714 596 
3 713 714 595 
3 594 713 595 
3 712 713 594 
3 593 712 594 
3 711 712 593 
3 592 711 593 
3 710 711 592 
3 708 709 591 
3 590 708 591 
3 707 708 590 
3 831 951 832 
3 950 951 831 
3 830 950 831 
3 949 950 830 
3 829 949 830 
3 948 949 829 
3 828 948 829 
3 947 948 828 
3 827 947 828 
3 946 947 827 
3 826 946 827 
3 945 946 826 
3 825 945 826 
3 944 945 825 
3 824 944 825 
3 943 944 824 
3 823 943 824 
3 942 943 823 
3 822 942 823 
3 941 942 822 
3 821 941 822 
3 940 941 821 
3 820 940 821 
3 939 940 820 
3 819 939 820 
3 938 939 819 
3 818 938 819 
3 937 938 818 
3 817 937 818 
3 936 937 817 
3 816 936 817 
3 935 936 816 
3 815 935 816 
3 934 935 815 
3 814 934 815 
3 933 934 814 
3 813 933 814 
3 932 933 813 
3 812 932 813 
3 931 932 812 
3 811 931 812 
3 930 931 811 
3 810 930 811 
3 929 930 810 
3 809 929 810 
3 928 929 809 
3 808 928 809 
3 927 928 808 
3 807 927 808 
3 926 927 807 
3 806 926 807 
3 925 926 806 
3 805 925 806 
3 924 925 805 
3 804 924 805 
3 923 924 804 
3 803 923 804 
3 922 923 803 
3 802 922 803 
3 921 922 802 
3 919 920 801 
3 800 919 801 
3 918 919 800 
3 799 918 800 
3 797 917 798 
3 916 917 797 
3 796 916 797 
3 915 916 796 
3 795 915 796 
3 914 915 795 
3 794 914 795 
3 913 914 794 
3 793 913 794 
3 912 913 793 
3 792 912 793 
3 911 912 792 
3 791 911 792 
3 910 911 791 
3 790 910 791 
3 909 910 790 
3 789 909 790 
3 908 909 789 
3 788 908 789 
3 907 908 788 
3 787 907 788 
3 906 907 787 
3 786 906 787 
3 905 906 786 
3 785 905 786 
3 904 905 785 
3 784 904 785 
3 903 904 784 
3 783 903 784 
3 902 903 783 
3 782 902 783 
3 901 902 782 
3 781 901 782 
3 900 901 781 
3 780 900 781 
3 899 900 780 
3 779 899 780 
3 777 898 778 
3 897 898 777 
3 776 897 777 
3 896 897 776 
3 775 896 776 
3 895 896 775 
3 774 895 775 
3 894 895 774 
3 773 894 774 
3 893 894 773 
3 772 893 773 
3 892 893 772 
3 771 892 772 
3 891 892 771 
3 770 891 771 
3 890 891 770 
3 769 890 770 
3 889 890 769 
3 768 889 769 
3 888 889 768 
3 767 888 768 
3 887 888 767 
3 766 887 767 
3 764 886 765 
3 885 886 764 
3 763 885 764 
3 884 885 763 
3 762 884 763 
3 883 884 762 
3 761 883 762 
3 882 883 761 
3 760 882 761 
3 881 882 760 
3 759 881 760 
3 880 881 759 
3 758 880 759 
3 879 880 758 
3 757 879 758 
3 878 879 757 
3 756 878 757 
3 877 878 756 
3 755 877 756 
3 876 877 755 
3 754 876 755 
3 752 875 753 
3 874 875 752 
3 751 874 752 
3 873 874 751 
3 750 873 751 
3 872 873 750 
3 749 872 750 
3 871 872 749 
3 748 871 749 
3 870 871 748 
3 747 870 748 
3 869 870 747 
3 746 869 747 
3 868 869 746 
3 745 868 746 
3 867 868 745 
3 744 867 745 
3 866 867 744 
3 743 866 744 
3 865 866 743 
3 742 865 743 
3 864 865 742 
3 741 864 742 
3 739 863 740 
3 862 863 739 
3 738 862 739 
3 861 862 738 
3 737 861 738 
3 860 861 737 
3 736 860 737 
3 859 860 736 
3 735 859 736 
3 858 859 735 
3 734 858 735 
3 857 858 734 
3 733 857 734 
3 856 857 733 
3 732 856 733 
3 855 856 732 
3 731 855 732 
3 854 855 731 
3 730 854 731 
3 853 854 730 
3 729 853 730 
3 852 853 729 
3 728 852 729 
3 851 852 728 
3 727 851 728 
3 850 851 727 
3 726 850 727 
3 849 850 726 
3 725 849 726 
3 848 849 725 
3 724 848 725 
3 847 848 724 
3 723 847 724 
3 846 847 723 
3 722 846 723 
3 845 846 722 
3 721 845 722 
3 844 845 721 
3 720 844 721 
3 843 844 720 
3 719 843 720 
3 842 843 719 
3 718 842 719 
3 841 842 718 
3 717 841 718 
3 839 840 716 
3 715 839 716 
3 713 838 714 
3 837 838 713 
3 712 837 713 
3 710 836 711 
3 708 835 709 
3 834 835 708 
3 707 834 708 
3 833 834 707 
3 588 706 589 
3 705 706 588 
3 587 705 588 
3 704 705 587 
3 586 704 587 
3 703 704 586 
3 585 703 586 
3 702 703 585 
3 584 702 585 
3 701 702 584 
3 583 701 584 
3 700 701 583 
3 582 700 583 
3 699 700 582 
3 581 699 582 
3 698 699 581 
3 580 698 581 
3 697 698 580 
3 579 697 580 
3 696 697 579 
3 578 696 579 
3 695 696 578 
3 577 695 578 
3 694 695 577 
3 576 694 577 
3 693 694 576 
3 575 693 576 
3 692 693 575 
3 574 692 575 
3 691 692 574 
3 573 691 574 
3 690 691 573 
3 572 690 573 
3 689 690 572 
3 571 689 572 
3 688 689 571 
3 570 688 571 
3 687 688 570 
3 569 687 570 
3 686 687 569 
3 568 686 569 
3 685 686 568 
3 567 685 568 
3 684 685 567 
3 566 684 567 
3 683 684 566 
3 681 682 565 
3 564 681 565 
3 680 681 564 
3 563 680 564 
3 679 680 563 
3 562 679 563 
3 678 679 562 
3 561 678 562 
3 677 678 561 
3 560 677 561 
3 676 677 560 
3 559 676 560 
3 675 676 559 
3 558 675 559 
3 674 675 558 
3 557 674 558 
3 673 674 557 
3 556 673 557 
3 672 673 556 
3 555 672 556 
3 671 672 555 
3 554 671 555 
3 670 671 554 
3 553 670 554 
3 669 670 553 
3 552 669 553 
3 668 669 552 
3 551 668 552 
3 667 668 551 
3 550 667 551 
3 666 667 550 
3 549 666 550 
3 665 666 549 
3 548 665 549 
3 664 665 548 
3 662 663 547 
3 546 662 547 
3 661 662 546 
3 545 661 546 
3 660 661 545 
3 657 658 544 
3 543 657 544 
3 656 657 543 
3 542 656 543 
3 655 656 542 
3 541 655 542 
3 539 654 540 
3 653 654 539 
3 538 653 539 
3 652 653 538 
3 537 652 538 
3 651 652 537 
3 536 651 537 
3 650 651 536 
3 648 649 535 
3 534 648 535 
3 647 648 534 
3 533 647 534 
3 646 647 533 
3 532 646 533 
3 645 646 532 
3 531 645 532 
3 644 645 531 
3 530 644 531 
3 643 644 530 
3 527 641 528 
3 640 641 527 
3 526 640 527 
3 639 640 526 
3 525 639 526 
3 522 638 523 
3 637 638 522 
3 521 637 522 
3 636 637 521 
3 520 636 521 
3 635 636 520 
3 519 635 520 
3 634 635 519 
3 518 634 519 
3 633 634 518 
3 517 633 518 
3 631 632 516 
3 515 631 516 
3 630 631 515 
3 514 630 515 
3 629 630 514 
3 513 629 514 
3 628 629 513 
3 512 628 513 
3 627 628 512 
3 511 627 512 
3 626 627 511 
3 510 626 511 
3 625 626 510 
3 509 625 510 
3 624 625 509 
3 508 624 509 
3 623 624 508 
3 507 623 508 
3 505 622 506 
3 621 622 505 
3 504 621 505 
3 620 621 504 
3 503 620 504 
3 619 620 503 
3 502 619 503 
3 500 618 501 
3 617 618 500 
3 499 617 500 
3 616 617 499 
3 498 616 499 
3 615 616 498 
3 497 615 498 
3 614 615 497 
3 612 613 496 
3 495 612 496 
3 611 612 495 
3 494 611 495 
3 610 611 494 
3 493 610 494 
3 609 610 493 
3 492 609 493 
3 608 609 492 
3 491 608 492 
3 607 608 491 
3 490 607 491 
3 606 607 490 
3 489 606 490 
3 605 606 489 
3 488 605 489 
3 604 605 488 
3 487 604 488 
3 603 604 487 
3 486 603 487 
3 602 603 486 
3 485 602 486 
3 601 602 485 
3 484 601 485 
3 482 600 483 
3 480 599 481 
3 598 599 480 
3 479 598 480 
3 597 598 479 
3 595 596 478 
3 477 595 478 
3 594 595 477 
3 476 594 477 
3 593 594 476 
3 473 591 474 
3 590 591 473 
3 350 351 234 
3 348 349 233 
3 232 348 233 
3 347 348 232 
3 231 347 232 
3 346 347 231 
3 230 346 231 
3 345 346 230 
3 229 345 230 
3 344 345 229 
3 228 344 229 
3 343 344 228 
3 227 343 228 
3 342 343 227 
3 226 342 227 
3 341 342 226 
3 225 341 226 
3 340 341 225 
3 224 340 225 
3 339 340 224 
3 223 339 224 
3 338 339 223 
3 222 338 223 
3 337 338 222 
3 221 337 222 
3 336 337 221 
3 220 336 221 
3 335 336 220 
3 219 335 220 
3 334 335 219 
3 218 334 219 
3 333 334 218 
3 217 333 218 
3 332 333 217 
3 216 332 217 
3 331 332 216 
3 215 331 216 
3 330 331 215 
3 214 330 215 
3 329 330 214 
3 213 329 214 
3 328 329 213 
3 212 328 213 
3 327 328 212 
3 211 327 212 
3 326 327 211 
3 210 326 211 
3 325 326 210 
3 209 325 210 
3 324 325 209 
3 208 324 209 
3 206 323 207 
3 322 323 206 
3 205 322 206 
3 321 322 205 
3 204 321 205 
3 320 321 204 
3 203 320 204 
3 319 320 203 
3 202 319 203 
3 318 319 202 
3 201 318 202 
3 317 318 201 
3 200 317 201 
3 316 317 200 
3 199 316 200 
3 315 316 199 
3 198 315 199 
3 314 315 198 
3 197 314 198 
3 311 312 194 
3 193 311 194 
3 310 311 193 
3 192 310 193 
3 309 310 192 
3 191 309 192 
3 308 309 191 
3 190 308 191 
3 307 308 190 
3 189 307 190 
3 187 306 188 
3 305 306 187 
3 186 305 187 
3 304 305 186 
3 185 304 186 
3 303 304 185 
3 301 302 184 
3 183 301 184 
3 300 301 183 
3 182 300 183 
3 299 300 182 
3 181 299 182 
3 298 299 181 
3 180 298 181 
3 297 298 180 
3 179 297 180 
3 296 297 179 
3 178 296 179 
3 295 296 178 
3 177 295 178 
3 294 295 177 
3 176 294 177 
3 293 294 176 
3 175 293 176 
3 292 293 175 
3 174 292 175 
3 291 292 174 
3 173 291 174 
3 290 291 173 
3 172 290 173 
3 289 290 172 
3 171 289 172 
3 288 289 171 
3 170 288 171 
3 287 288 170 
3 169 287 170 
3 167 286 168 
3 285 286 167 
3 283 284 166 
3 165 283 166 
3 282 283 165 
3 164 282 165 
3 281 282 164 
3 279 280 163 
3 162 279 163 
3 160 278 161 
3 277 278 160 
3 159 277 160 
3 276 277 159 
3 158 276 159 
3 275 276 158 
3 157 275 158 
3 274 275 157 
3 156 274 157 
3 273 274 156 
3 155 273 156 
3 272 273 155 
3 154 272 155 
3 271 272 154 
3 153 271 154 
3 270 271 153 
3 152 270 153 
3 269 270 152 
3 151 269 152 
3 268 269 151 
3 150 268 151 
3 267 268 150 
3 149 267 150 
3 266 267 149 
3 148 266 149 
3 265 266 148 
3 147 265 148 
3 145 264 146 
3 263 264 145 
3 143 262 144 
3 261 262 143 
3 142 261 143 
3 260 261 142 
3 141 260 142 
3 259 260 141 
3 140 259 141 
3 258 259 140 
3 139 258 140 
3 257 258 139 
3 138 257 139 
3 256 257 138 
3 137 256 138 
3 255 256 137 
3 136 255 137 
3 254 255 136 
3 135 254 136 
3 253 254 135 
3 251 252 134 
3 133 251 134 
3 250 251 133 
3 132 250 133 
3 249 250 132 
3 131 249 132 
3 248 249 131 
3 130 248 131 
3 247 248 130 
3 129 247 130 
3 246 247 129 
3 128 246 129 
3 245 246 128 
3 124 242 125 
3 241 242 124 
3 123 241 124 
3 240 241 123 
3 122 240 123 
3 239 240 122 
3 121 239 122 
3 238 239 121 
3 120 238 121 
3 237 238 120 
3 118 236 119 
3 235 236 118 
3 350 472 351 
3 471 472 350 
3 349 471 350 
3 470 471 349 
3 348 470 349 
3 469 470 348 
3 347 469 348 
3 468 469 347 
3 346 468 347 
3 467 468 346 
3 345 467 346 
3 466 467 345 
3 344 466 345 
3 465 466 344 
3 343 465 344 
3 464 465 343 
3 342 464 343 
3 463 464 342 
3 341 463 342 
3 462 463 341 
3 340 462 341 
3 461 462 340 
3 339 461 340 
3 460 461 339 
3 338 460 339 
3 459 460 338 
3 337 459 338 
3 458 459 337 
3 336 458 337 
3 457 458 336 
3 335 457 336 
3 456 457 335 
3 334 456 335 
3 455 456 334 
3 333 455 334 
3 454 455 333 
3 332 454 333 
3 453 454 332 
3 331 453 332 
3 452 453 331 
3 330 452 331 
3 451 452 330 
3 329 451 330 
3 450 451 329 
3 328 450 329 
3 449 450 328 
3 327 449 328 
3 448 449 327 
3 326 448 327 
3 447 448 326 
3 325 447 326 
3 446 447 325 
3 324 446 325 
3 445 446 324 
3 443 444 323 
3 322 443 323 
3 442 443 322 
3 321 442 322 
3 441 442 321 
3 320 441 321 
3 440 441 320 
3 319 440 320 
3 439 440 319 
3 318 439 319 
3 438 439 318 
3 317 438 318 
3 437 438 317 
3 316 437 317 
3 436 437 316 
3 315 436 316 
3 435 436 315 
3 314 435 315 
3 434 435 314 
3 312 432 313 
3 431 432 312 
3 311 431 312 
3 430 431 311 
3 310 430 311 
3 429 430 310 
3 309 429 310 
3 307 428 308 
3 427 428 307 
3 305 426 306 
3 425 426 305 
3 304 425 305 
3 424 425 304 
3 303 424 304 
3 423 424 303 
3 302 423 303 
3 422 423 302 
3 301 422 302 
3 421 422 301 
3 300 421 301 
3 420 421 300 
3 299 420 300 
3 419 420 299 
3 298 419 299 
3 418 419 298 
3 297 418 298 
3 417 418 297 
3 296 417 297 
3 416 417 296 
3 295 416 296 
3 415 416 295 
3 294 415 295 
3 414 415 294 
3 293 414 294 
3 413 414 293 
3 292 413 293 
3 412 413 292 
3 291 412 292 
3 411 412 291 
3 290 411 291 
3 410 411 290 
3 289 410 290 
3 409 410 289 
3 288 409 289 
3 408 409 288 
3 287 408 288 
3 407 408 287 
3 405 406 286 
3 285 405 286 
3 283 404 284 
3 403 404 283 
3 282 403 283 
3 280 402 281 
3 401 402 280 
3 279 401 280 
3 399 400 278 
3 277 399 278 
3 398 399 277 
3 276 398 277 
3 397 398 276 
3 275 397 276 
3 396 397 275 
3 274 396 275 
3 395 396 274 
3 273 395 274 
3 394 395 273 
3 272 394 273 
3 393 394 272 
3 271 393 272 
3 392 393 271 
3 270 392 271 
3 391 392 270 
3 269 391 270 
3 390 391 269 
3 268 390 269 
3 389 390 268 
3 267 389 268 
3 388 389 267 
3 266 388 267 
3 387 388 266 
3 265 387 266 
3 386 387 265 
3 384 385 264 
3 263 384 264 
3 383 384 263 
3 381 382 262 
3 261 381 262 
3 380 381 261 
3 260 380 261 
3 379 380 260 
3 259 379 260 
3 378 379 259 
3 258 378 259 
3 377 378 258 
3 257 377 258 
3 376 377 257 
3 256 376 257 
3 375 376 256 
3 255 375 256 
3 374 375 255 
3 254 374 255 
3 373 374 254 
3 253 373 254 
3 372 373 253 
3 252 372 253 
3 371 372 252 
3 251 371 252 
3 370 371 251 
3 250 370 251 
3 369 370 250 
3 249 369 250 
3 368 369 249 
3 248 368 249 
3 367 368 248 
3 247 367 248 
3 366 367 247 
3 246 366 247 
3 365 366 246 
3 245 365 246 
3 364 365 245 
3 244 364 245 
3 363 364 244 
3 243 363 244 
3 362 363 243 
3 360 361 242 
3 241 360 242 
3 359 360 241 
3 240 359 241 
3 358 359 240 
3 239 358 240 
3 357 358 239 
3 238 357 239 
3 356 357 238 
3 237 356 238 
3 355 356 237 
3 353 354 236 
3 235 353 236 
3 352 353 235 
3 115 234 116 
3 113 233 114 
3 232 233 113 
3 112 232 113 
3 231 232 112 
3 111 231 112 
3 230 231 111 
3 110 230 111 
3 229 230 110 
3 109 229 110 
3 228 229 109 
3 108 228 109 
3 227 228 108 
3 107 227 108 
3 226 227 107 
3 106 226 107 
3 225 226 106 
3 223 224 105 
3 104 223 105 
3 222 223 104 
3 103 222 104 
3 221 222 103 
3 102 221 103 
3 220 221 102 
3 217 218 101 
3 100 217 101 
3 216 217 100 
3 99 216 100 
3 215 216 99 
3 98 215 99 
3 214 215 98 
3 97 214 98 
3 213 214 97 
3 96 213 97 
3 212 213 96 
3 95 212 96 
3 211 212 95 
3 94 211 95 
3 210 211 94 
3 93 210 94 
3 209 210 93 
3 92 209 93 
3 208 209 92 
3 91 208 92 
3 207 208 91 
3 90 207 91 
3 206 207 90 
3 89 206 90 
3 205 206 89 
3 88 205 89 
3 204 205 88 
3 87 204 88 
3 203 204 87 
3 86 203 87 
3 202 203 86 
3 85 202 86 
3 201 202 85 
3 84 201 85 
3 200 201 84 
3 83 200 84 
3 199 200 83 
3 82 199 83 
3 198 199 82 
3 81 198 82 
3 197 198 81 
3 80 197 81 
3 196 197 80 
3 79 196 80 
3 195 196 79 
3 78 195 79 
3 76 194 77 
3 193 194 76 
3 75 193 76 
3 192 193 75 
3 74 192 75 
3 191 192 74 
3 73 191 74 
3 190 191 73 
3 72 190 73 
3 189 190 72 
3 71 189 72 
3 188 189 71 
3 70 188 71 
3 187 188 70 
3 69 187 70 
3 186 187 69 
3 68 186 69 
3 185 186 68 
3 67 185 68 
3 65 184 66 
3 183 184 65 
3 64 183 65 
3 182 183 64 
3 63 182 64 
3 181 182 63 
3 62 181 63 
3 180 181 62 
3 61 180 62 
3 179 180 61 
3 60 179 61 
3 178 179 60 
3 59 178 60 
3 177 178 59 
3 58 177 59 
3 176 177 58 
3 57 176 58 
3 175 176 57 
3 56 175 57 
3 174 175 56 
3 55 174 56 
3 173 174 55 
3 54 173 55 
3 172 173 54 
3 170 171 53 
3 52 170 53 
3 169 170 52 
3 51 169 52 
3 168 169 51 
3 48 166 49 
3 165 166 48 
3 47 165 48 
3 164 165 47 
3 46 164 47 
3 44 163 45 
3 162 163 44 
3 43 162 44 
3 161 162 43 
3 42 161 43 
3 160 161 42 
3 41 160 42 
3 159 160 41 
3 40 159 41 
3 158 159 40 
3 39 158 40 
3 157 158 39 
3 38 157 39 
3 156 157 38 
3 37 156 38 
3 155 156 37 
3 36 155 37 
3 154 155 36 
3 152 153 35 
3 34 152 35 
3 151 152 34 
3 33 151 34 
3 150 151 33 
3 32 150 33 
3 149 150 32 
3 31 149 32 
3 148 149 31 
3 30 148 31 
3 147 148 30 
3 29 147 30 
3 146 147 29 
3 28 146 29 
3 145 146 28 
3 26 144 27 
3 143 144 26 
3 25 143 26 
3 142 143 25 
3 24 142 25 
3 141 142 24 
3 23 141 24 
3 140 141 23 
3 22 140 23 
3 139 140 22 
3 21 139 22 
3 138 139 21 
3 20 138 21 
3 137 138 20 
3 19 137 20 
3 136 137 19 
3 18 136 19 
3 135 136 18 
3 16 134 17 
3 133 134 16 
3 15 133 16 
3 132 133 15 
3 14 132 15 
3 131 132 14 
3 13 131 14 
3 130 131 13 
3 12 130 13 
3 129 130 12 
3 11 129 12 
3 128 129 11 
3 10 128 11 
3 125 126 7 
3 6 125 7 
3 124 125 6 
3 5 124 6 
3 123 124 5 
3 121 122 4 
3 3 121 4 
3 120 121 3 
3 2 120 3 
3 0 119 1 
3 118 119 0 
