OFF
3384 6653 0
0 0 162 
0 8 153 
0 13 168 
0 17 87 
0 18 103 
0 28 112 
0 32 131 
0 73 131 
0 80 104 
0 83 153 
0 100 155 
0 102 211 
0 104 220 
0 105 191 
0 106 107 
0 110 126 
0 123 125 
0 124 114 
0 126 136 
0 127 171 
1 101 192 
1 106 107 
1 126 136 
1 127 171 
2 17 87 
2 24 101 
2 101 156 
2 102 202 
2 127 49 
3 8 155 
3 106 201 
3 107 115 
3 114 126 
3 124 127 
4 9 171 
4 21 109 
4 78 115 
4 106 219 
4 107 179 
4 125 48 
5 14 147 
5 78 138 
5 79 115 
5 82 108 
5 84 147 
5 116 115 
6 27 108 
6 49 126 
6 77 126 
6 103 142 
6 104 197 
6 107 219 
6 108 191 
6 109 101 
7 49 139 
7 61 129 
7 120 132 
7 121 73 
7 122 41 
7 127 47 
8 0 156 
8 27 117 
8 42 134 
8 88 161 
8 101 154 
8 109 210 
8 122 56 
9 7 167 
9 13 159 
9 17 85 
9 18 101 
9 43 122 
9 50 121 
9 105 148 
9 106 204 
9 107 218 
9 111 99 
9 114 121 
9 120 42 
10 24 100 
10 57 123 
10 64 133 
10 109 224 
10 110 209 
10 117 133 
11 10 164 
11 54 120 
11 59 116 
11 85 138 
11 111 193 
11 112 98 
11 118 43 
12 8 148 
12 17 82 
12 50 133 
12 51 157 
12 57 168 
12 59 192 
12 60 196 
12 62 124 
12 64 115 
12 110 224 
13 6 143 
13 13 163 
13 47 126 
13 49 156 
13 53 174 
13 56 184 
13 58 185 
13 59 159 
13 62 188 
13 63 193 
13 82 108 
13 108 196 
13 111 227 
13 112 206 
13 113 116 
13 114 120 
13 122 55 
14 3 169 
14 41 126 
14 44 133 
14 47 150 
14 53 146 
14 56 149 
14 62 169 
14 65 202 
14 67 111 
14 71 128 
14 107 137 
14 108 153 
14 109 211 
15 4 152 
15 15 130 
15 16 88 
15 20 105 
15 24 98 
15 41 174 
15 43 147 
15 46 120 
15 49 136 
15 52 151 
15 55 175 
15 56 169 
15 60 168 
15 61 192 
15 68 112 
15 109 194 
15 113 214 
15 114 35 
16 6 91 
16 7 127 
16 9 166 
16 39 124 
16 43 122 
16 63 183 
16 68 203 
16 70 110 
16 99 142 
16 109 144 
16 127 55 
17 13 161 
17 39 151 
17 40 95 
17 55 143 
17 70 194 
17 85 148 
17 89 143 
17 111 218 
17 112 155 
17 113 37 
17 124 42 
18 5 76 
18 15 121 
18 39 110 
18 50 143 
18 51 119 
18 53 146 
18 60 190 
18 71 203 
18 72 114 
18 73 93 
18 83 112 
18 112 40 
18 125 74 
18 127 29 
19 0 172 
19 2 152 
19 7 128 
19 38 170 
19 41 105 
19 70 185 
19 73 208 
19 74 113 
19 76 108 
19 94 143 
19 110 127 
19 115 54 
19 126 34 
19 127 111 
20 13 163 
20 17 66 
20 31 124 
20 37 128 
20 38 122 
20 48 121 
20 52 119 
20 55 159 
20 58 175 
20 65 195 
20 67 181 
20 70 217 
20 73 227 
20 74 227 
20 75 83 
20 109 142 
20 110 45 
20 124 81 
20 127 151 
21 3 78 
21 19 99 
21 38 110 
21 45 123 
21 50 148 
21 65 175 
21 67 206 
21 72 207 
21 75 202 
21 76 87 
21 93 71 
21 106 147 
21 124 66 
22 0 146 
22 5 82 
22 10 172 
22 15 124 
22 44 124 
22 61 192 
22 63 173 
22 64 209 
22 75 222 
22 91 124 
22 92 69 
22 104 140 
22 107 155 
22 112 47 
22 125 140 
23 4 93 
23 8 152 
23 17 71 
23 35 127 
23 44 99 
23 59 181 
23 61 143 
23 76 219 
23 77 88 
23 86 160 
23 89 154 
23 98 149 
23 107 141 
23 108 42 
23 120 49 
23 123 87 
23 127 141 
24 1 80 
24 26 99 
24 46 139 
24 47 120 
24 57 154 
24 58 182 
24 59 145 
24 61 200 
24 82 86 
24 84 135 
24 91 126 
24 94 41 
24 96 127 
24 106 156 
24 107 75 
24 108 38 
24 112 62 
24 114 44 
24 121 54 
24 123 127 
25 0 87 
25 6 93 
25 10 167 
25 12 170 
25 33 120 
25 34 144 
25 35 108 
25 52 136 
25 58 129 
25 59 196 
25 68 196 
25 78 225 
25 80 62 
25 85 154 
25 93 42 
25 115 56 
25 121 71 
25 127 165 
26 7 127 
26 29 117 
26 42 123 
26 45 119 
26 47 149 
26 49 141 
26 57 156 
26 72 209 
26 80 114 
26 81 63 
26 97 122 
26 105 147 
26 106 45 
26 116 41 
26 122 149 
26 124 134 
27 13 163 
27 18 88 
27 33 170 
27 34 98 
27 48 116 
27 55 120 
27 56 173 
27 61 197 
27 76 200 
27 80 224 
27 81 89 
27 82 71 
27 90 146 
27 96 48 
27 99 136 
27 102 141 
27 105 75 
27 117 61 
27 121 147 
28 17 71 
28 31 111 
28 32 143 
28 40 122 
28 45 147 
28 50 146 
28 53 106 
28 55 180 
28 57 195 
28 81 198 
28 88 156 
28 93 50 
28 97 45 
28 98 86 
28 99 195 
28 100 218 
28 103 171 
28 105 43 
28 113 49 
28 118 38 
28 122 134 
29 32 217 
29 33 117 
29 49 141 
29 50 110 
29 52 112 
29 53 174 
29 54 165 
29 55 199 
29 57 174 
29 58 189 
29 60 170 
29 81 223 
29 82 53 
29 84 129 
29 97 69 
29 98 212 
29 100 183 
29 102 215 
29 104 80 
29 107 41 
29 108 62 
29 119 138 
30 15 121 
30 16 78 
30 31 107 
30 33 132 
30 34 96 
30 43 133 
30 46 106 
30 47 137 
30 51 112 
30 52 174 
30 58 154 
30 66 197 
30 77 206 
30 82 160 
30 83 87 
30 95 35 
30 97 220 
30 98 185 
30 100 221 
30 103 234 
30 104 211 
30 105 46 
31 6 90 
31 18 69 
31 21 100 
31 29 114 
31 32 195 
31 39 126 
31 40 104 
31 42 135 
31 45 127 
31 46 136 
31 49 111 
31 51 175 
31 55 152 
31 58 187 
31 82 223 
31 83 76 
31 89 160 
31 91 118 
31 93 34 
31 94 37 
31 95 187 
31 96 216 
31 97 152 
31 98 210 
31 118 154 
31 121 160 
32 8 145 
32 10 169 
32 13 163 
32 16 83 
32 30 105 
32 31 213 
32 43 111 
32 48 110 
32 49 145 
32 51 173 
32 53 153 
32 54 182 
32 55 158 
32 56 183 
32 83 195 
32 84 118 
32 85 144 
32 92 52 
32 93 62 
32 94 208 
32 96 163 
32 97 215 
32 99 214 
32 100 201 
32 104 227 
32 105 42 
32 107 55 
32 116 53 
33 14 155 
33 31 218 
33 33 103 
33 46 130 
33 47 92 
33 48 154 
33 50 181 
33 51 143 
33 53 172 
33 58 186 
33 62 190 
33 73 204 
33 75 173 
33 76 201 
33 82 205 
33 84 214 
33 85 133 
33 90 132 
33 91 89 
33 92 165 
33 93 213 
33 94 175 
33 96 214 
34 20 103 
34 32 144 
34 34 94 
34 41 121 
34 43 129 
34 46 101 
34 47 144 
34 49 164 
34 50 139 
34 51 164 
34 52 128 
34 62 149 
34 73 181 
34 85 190 
34 86 154 
34 91 216 
34 92 198 
34 95 211 
34 103 220 
34 104 222 
34 105 46 
34 111 42 
34 113 57 
34 114 30 
34 115 59 
34 116 150 
35 13 170 
35 17 77 
35 29 110 
35 30 99 
35 31 208 
35 37 96 
35 40 101 
35 43 108 
35 45 116 
35 50 170 
35 51 126 
35 52 165 
35 53 150 
35 55 183 
35 57 160 
35 59 192 
35 61 157 
35 62 179 
35 71 199 
35 72 165 
35 85 209 
35 86 150 
35 88 141 
35 89 199 
35 90 203 
35 92 178 
35 96 199 
35 104 199 
35 115 126 
36 6 101 
36 43 129 
36 44 106 
36 45 148 
36 50 137 
36 51 164 
36 52 151 
36 53 171 
36 54 146 
36 65 170 
36 69 189 
36 70 158 
36 85 189 
36 88 209 
36 89 174 
36 90 187 
36 92 209 
36 105 48 
36 114 89 
36 115 149 
37 9 167 
37 24 98 
37 30 196 
37 31 201 
37 42 135 
37 43 105 
37 44 148 
37 52 175 
37 53 149 
37 57 183 
37 58 154 
37 60 177 
37 71 189 
37 86 199 
37 90 212 
37 98 204 
37 99 189 
37 100 201 
37 104 38 
37 108 47 
38 10 173 
38 13 170 
38 29 91 
38 32 155 
38 34 116 
38 40 133 
38 42 110 
38 43 148 
38 52 143 
38 55 172 
38 57 149 
38 58 179 
38 64 179 
38 74 192 
38 78 163 
38 80 181 
38 83 156 
38 84 202 
38 103 216 
38 104 46 
38 106 42 
38 108 72 
38 111 50 
38 112 37 
39 6 105 
39 16 84 
39 19 97 
39 34 157 
39 37 97 
39 41 102 
39 42 142 
39 45 141 
39 46 112 
39 54 165 
39 55 150 
39 57 174 
39 61 157 
39 69 170 
39 76 168 
39 78 182 
39 81 157 
39 82 196 
39 84 185 
39 90 197 
39 97 207 
39 99 155 
39 100 190 
39 101 170 
39 102 204 
39 103 162 
39 108 45 
39 109 42 
39 113 145 
39 119 161 
40 8 153 
40 29 87 
40 30 222 
40 33 181 
40 40 95 
40 41 144 
40 44 133 
40 45 110 
40 48 154 
40 54 141 
40 55 172 
40 61 173 
40 62 153 
40 63 184 
40 64 160 
40 79 156 
40 81 201 
40 82 176 
40 85 206 
40 94 199 
40 98 154 
40 99 185 
40 100 123 
40 103 36 
40 106 64 
40 112 124 
41 15 135 
41 27 106 
41 31 188 
41 39 93 
41 40 142 
41 43 126 
41 44 96 
41 57 151 
41 72 174 
41 78 152 
41 79 199 
41 80 165 
41 82 198 
41 84 198 
41 86 190 
41 96 211 
41 97 152 
41 98 182 
41 99 133 
41 100 167 
41 101 172 
41 102 219 
41 110 52 
41 112 149 
41 117 167 
41 118 153 
42 0 95 
42 10 174 
42 17 71 
42 29 82 
42 30 211 
42 32 190 
42 39 138 
42 40 118 
42 42 140 
42 43 106 
42 45 136 
42 49 115 
42 50 148 
42 53 157 
42 55 159 
42 57 168 
42 59 146 
42 63 154 
42 66 158 
42 71 172 
42 77 183 
42 84 183 
42 95 215 
42 96 147 
42 97 178 
42 99 162 
42 100 126 
42 107 52 
43 13 168 
43 14 157 
43 33 148 
43 34 152 
43 36 142 
43 37 103 
43 41 135 
43 42 104 
43 44 151 
43 47 144 
43 48 126 
43 51 124 
43 54 148 
43 55 92 
43 56 110 
43 57 89 
43 59 152 
43 62 105 
43 63 162 
43 65 166 
43 72 171 
43 75 153 
43 76 197 
43 87 201 
43 96 168 
43 97 152 
43 98 81 
43 99 93 
43 101 221 
43 102 38 
43 111 153 
43 113 146 
43 127 153 
44 29 79 
44 37 119 
44 41 113 
44 46 123 
44 51 149 
44 53 144 
44 54 119 
44 55 141 
44 57 119 
44 59 77 
44 60 152 
44 61 168 
44 63 130 
44 66 121 
44 67 151 
44 71 111 
44 72 50 
44 75 180 
44 76 162 
44 79 201 
44 94 204 
44 96 86 
44 97 86 
44 100 211 
44 101 174 
44 109 57 
45 6 105 
45 17 69 
45 27 99 
45 30 219 
45 33 170 
45 42 142 
45 55 104 
45 57 88 
45 58 108 
45 63 77 
45 65 57 
45 66 128 
45 67 66 
45 69 54 
45 71 46 
45 72 35 
45 73 173 
45 74 151 
45 76 194 
45 92 203 
45 94 92 
45 98 136 
45 100 217 
45 101 44 
45 110 147 
46 9 168 
46 15 137 
46 29 81 
46 30 195 
46 34 129 
46 35 108 
46 36 134 
46 37 115 
46 40 113 
46 44 135 
46 51 142 
46 52 110 
46 55 127 
46 56 107 
46 57 128 
46 60 79 
46 61 114 
46 62 106 
46 64 85 
46 70 31 
46 71 45 
46 72 193 
46 73 145 
46 82 195 
46 90 202 
46 91 97 
46 93 86 
46 94 97 
46 96 99 
46 98 199 
46 99 195 
46 105 53 
47 16 91 
47 17 76 
47 31 185 
47 33 184 
47 35 152 
47 36 156 
47 37 150 
47 41 142 
47 51 99 
47 53 125 
47 55 95 
47 56 76 
47 58 54 
47 62 100 
47 63 76 
47 71 185 
47 72 110 
47 73 190 
47 88 201 
47 89 141 
47 90 90 
47 93 91 
47 95 152 
47 96 164 
47 98 211 
47 99 36 
47 107 54 
47 108 67 
47 109 144 
47 112 164 
48 5 102 
48 10 170 
48 13 172 
48 20 97 
48 30 77 
48 34 150 
48 35 118 
48 36 136 
48 38 90 
48 46 134 
48 47 116 
48 48 135 
48 52 125 
48 54 51 
48 55 111 
48 57 53 
48 59 57 
48 60 116 
48 61 101 
48 62 42 
48 63 66 
48 64 57 
48 65 122 
48 66 38 
48 67 73 
48 68 46 
48 70 160 
48 71 134 
48 72 197 
48 86 198 
48 87 132 
48 88 107 
48 91 113 
48 93 160 
48 97 206 
48 98 45 
48 106 74 
48 110 138 
49 0 111 
49 8 151 
49 15 136 
49 17 70 
49 31 219 
49 32 185 
49 35 174 
49 36 167 
49 37 100 
49 40 137 
49 41 118 
49 46 110 
49 48 90 
49 49 137 
49 50 141 
49 52 63 
49 55 51 
49 56 53 
49 58 57 
49 59 116 
49 61 43 
49 63 103 
49 64 89 
49 65 38 
49 67 137 
49 68 129 
49 70 138 
49 84 199 
49 85 159 
49 86 46 
49 89 104 
49 90 153 
49 92 166 
49 96 209 
49 102 60 
49 106 39 
49 107 50 
49 108 141 
50 28 108 
50 30 95 
50 31 119 
50 36 127 
50 37 96 
50 38 130 
50 44 112 
50 47 138 
50 50 78 
50 53 82 
50 55 49 
50 56 73 
50 57 38 
50 59 114 
50 65 125 
50 66 32 
50 67 159 
50 68 122 
50 69 142 
50 70 198 
50 74 180 
50 84 88 
50 85 46 
50 86 114 
50 87 95 
50 95 191 
50 96 44 
50 104 42 
50 108 146 
51 16 87 
51 17 75 
51 32 221 
51 35 180 
51 36 146 
51 37 130 
51 40 107 
51 42 131 
51 45 136 
51 47 105 
51 49 87 
51 51 66 
51 54 41 
51 55 113 
51 56 33 
51 57 42 
51 58 98 
51 59 46 
51 62 47 
51 63 116 
51 64 34 
51 66 101 
51 67 116 
51 81 184 
51 83 187 
51 84 102 
51 86 76 
51 88 138 
51 90 123 
51 93 194 
51 109 126 
51 110 166 
52 15 133 
52 32 92 
52 33 205 
52 36 103 
52 40 129 
52 48 62 
52 51 96 
52 52 54 
52 54 46 
52 55 108 
52 56 35 
52 57 92 
52 58 53 
52 59 54 
52 61 84 
52 64 96 
52 65 121 
52 66 128 
52 68 186 
52 72 183 
52 74 183 
52 87 107 
52 88 91 
52 89 134 
52 91 163 
52 92 193 
52 93 59 
52 94 48 
52 98 58 
52 106 73 
52 107 134 
53 6 92 
53 36 141 
53 39 111 
53 42 107 
53 44 126 
53 45 92 
53 46 133 
53 53 44 
53 55 64 
53 57 43 
53 61 48 
53 62 36 
53 64 75 
53 65 81 
53 66 116 
53 72 167 
53 78 178 
53 83 197 
53 84 181 
53 86 65 
53 87 59 
53 90 138 
53 92 117 
53 93 39 
53 102 40 
53 121 161 
54 7 124 
54 10 176 
54 13 175 
54 15 140 
54 17 69 
54 19 92 
54 25 94 
54 35 195 
54 36 109 
54 37 128 
54 42 136 
54 46 78 
54 49 44 
54 51 80 
54 54 74 
54 56 127 
54 57 40 
54 59 52 
54 62 53 
54 63 137 
54 64 84 
54 65 123 
54 68 181 
54 75 156 
54 78 196 
54 88 108 
54 89 86 
54 91 151 
54 96 45 
54 101 68 
54 104 45 
54 106 134 
54 108 125 
54 109 161 
55 31 108 
55 32 94 
55 33 223 
55 34 214 
55 44 120 
55 45 45 
55 46 60 
55 51 91 
55 55 35 
55 57 107 
55 58 93 
55 59 34 
55 61 33 
55 62 154 
55 63 83 
55 64 179 
55 66 186 
55 73 183 
55 75 171 
55 87 43 
55 88 37 
55 90 150 
55 100 43 
55 102 46 
55 107 127 
55 111 167 
56 17 67 
56 28 112 
56 35 113 
56 38 106 
56 41 129 
56 42 87 
56 44 64 
56 45 52 
56 48 40 
56 51 49 
56 52 75 
56 55 42 
56 56 44 
56 57 94 
56 58 36 
56 60 30 
56 61 163 
56 62 102 
56 63 182 
56 65 140 
56 66 167 
56 71 160 
56 72 176 
56 73 143 
56 89 69 
56 91 178 
56 92 77 
56 93 49 
56 99 64 
56 104 54 
56 108 161 
56 111 146 
57 15 138 
57 33 112 
57 34 223 
57 42 105 
57 46 104 
57 47 41 
57 48 64 
57 50 44 
57 51 65 
57 52 46 
57 54 63 
57 55 119 
57 59 29 
57 60 145 
57 61 123 
57 62 182 
57 73 164 
57 85 185 
57 87 60 
57 88 34 
57 90 49 
57 91 158 
57 92 115 
57 105 139 
57 106 130 
57 117 158 
58 0 107 
58 6 95 
58 13 175 
58 34 197 
58 39 138 
58 40 130 
58 42 56 
58 45 35 
58 48 42 
58 49 66 
58 52 72 
58 53 37 
58 54 105 
58 55 67 
58 56 54 
58 57 154 
58 58 31 
58 59 120 
58 60 120 
58 61 161 
58 63 184 
58 65 147 
58 68 188 
58 69 165 
58 84 214 
58 89 42 
58 90 96 
58 93 46 
58 100 45 
58 103 44 
58 116 144 
58 120 157 
59 20 104 
59 34 128 
59 35 112 
59 36 109 
59 37 138 
59 40 96 
59 41 45 
59 46 37 
59 47 96 
59 54 42 
59 56 31 
59 57 44 
59 58 95 
59 67 191 
59 76 192 
59 85 204 
59 88 51 
59 91 161 
59 102 42 
59 104 136 
59 105 138 
59 107 161 
59 120 142 
60 9 165 
60 15 137 
60 32 124 
60 35 138 
60 42 38 
60 43 85 
60 49 37 
60 50 60 
60 51 39 
60 52 38 
60 53 92 
60 54 58 
60 55 117 
60 57 43 
60 58 117 
60 60 161 
60 66 184 
60 67 166 
60 90 53 
60 92 145 
60 103 104 
60 113 167 
60 127 151 
61 17 70 
61 31 117 
61 32 168 
61 33 159 
61 34 62 
61 35 89 
61 36 134 
61 38 112 
61 39 113 
61 40 50 
61 41 119 
61 44 36 
61 46 77 
61 47 50 
61 52 36 
61 53 100 
61 54 35 
61 56 33 
61 57 157 
61 58 100 
61 59 185 
61 62 150 
61 63 184 
61 65 191 
61 67 82 
61 69 142 
61 71 170 
61 85 200 
61 91 93 
61 93 67 
61 96 61 
61 97 83 
61 102 52 
61 104 138 
61 105 132 
61 117 155 
62 8 146 
62 24 103 
62 32 173 
62 33 54 
62 34 38 
62 36 185 
62 39 54 
62 40 97 
62 41 43 
62 42 41 
62 43 120 
62 45 35 
62 47 59 
62 48 56 
62 51 66 
62 53 45 
62 55 38 
62 56 117 
62 57 91 
62 58 185 
62 60 191 
62 64 193 
62 65 120 
62 66 137 
62 67 140 
62 69 91 
62 70 67 
62 73 176 
62 83 204 
62 84 188 
62 86 103 
62 87 62 
62 88 43 
62 91 50 
62 92 170 
62 93 49 
62 98 48 
62 103 136 
62 106 169 
62 127 131 
63 5 99 
63 6 87 
63 10 176 
63 13 178 
63 32 137 
63 33 49 
63 34 62 
63 35 81 
63 37 76 
63 39 63 
63 40 94 
63 42 114 
63 43 41 
63 44 42 
63 46 62 
63 48 93 
63 51 41 
63 52 83 
63 55 49 
63 56 149 
63 58 167 
63 61 153 
63 63 198 
63 64 110 
63 65 130 
63 66 147 
63 67 117 
63 68 163 
63 69 127 
63 72 78 
63 73 96 
63 78 190 
63 83 97 
63 84 96 
63 86 137 
63 87 112 
64 15 142 
64 17 73 
64 28 112 
64 29 135 
64 30 149 
64 33 182 
64 34 167 
64 35 102 
64 36 92 
64 37 59 
64 38 50 
64 39 101 
64 40 43 
64 41 86 
64 43 34 
64 44 109 
64 45 45 
64 47 36 
64 48 94 
64 49 51 
64 52 42 
64 54 29 
64 55 162 
64 56 124 
64 59 200 
64 62 202 
64 63 85 
64 64 100 
64 65 74 
64 67 54 
64 69 46 
64 70 84 
64 75 156 
64 76 157 
64 81 169 
64 83 119 
64 85 56 
64 87 68 
64 91 45 
64 92 177 
64 94 47 
64 96 66 
64 97 47 
64 104 131 
64 111 152 
64 126 147 
65 21 105 
65 28 200 
65 32 156 
65 34 79 
65 35 40 
65 36 35 
65 37 116 
65 39 92 
65 41 73 
65 42 85 
65 44 40 
65 48 32 
65 49 120 
65 50 64 
65 52 52 
65 55 103 
65 56 194 
65 57 176 
65 61 197 
65 62 64 
65 64 49 
65 67 46 
65 68 63 
65 69 50 
65 70 39 
65 71 54 
65 72 136 
65 82 60 
65 83 55 
65 85 51 
65 89 48 
65 93 102 
65 94 74 
65 101 44 
65 102 144 
65 105 161 
65 122 152 
66 0 94 
66 6 75 
66 10 175 
66 26 85 
66 27 198 
66 28 182 
66 29 137 
66 35 46 
66 36 128 
66 37 39 
66 38 117 
66 39 31 
66 40 105 
66 43 44 
66 47 49 
66 51 89 
66 53 33 
66 54 155 
66 55 176 
66 58 202 
66 60 195 
66 61 80 
66 66 39 
66 67 87 
66 68 174 
66 69 176 
66 70 69 
66 79 212 
66 80 80 
66 82 44 
66 83 147 
66 84 163 
66 86 42 
66 91 42 
66 92 183 
66 102 144 
67 8 139 
67 13 179 
67 14 164 
67 17 71 
67 18 87 
67 26 51 
67 28 107 
67 30 147 
67 32 115 
67 33 39 
67 34 35 
67 35 120 
67 36 41 
67 37 86 
67 39 49 
67 40 127 
67 45 40 
67 46 120 
67 50 37 
67 52 36 
67 53 105 
67 54 107 
67 56 153 
67 59 199 
67 60 98 
67 63 43 
67 64 93 
67 65 67 
67 67 72 
67 69 210 
67 70 182 
67 71 70 
67 72 92 
67 78 216 
67 83 74 
67 85 116 
67 93 78 
67 96 47 
67 103 139 
67 104 158 
67 127 141 
68 3 100 
68 24 108 
68 25 62 
68 26 57 
68 27 141 
68 28 168 
68 29 222 
68 30 207 
68 31 75 
68 33 38 
68 34 100 
68 37 85 
68 39 91 
68 40 104 
68 41 109 
68 42 54 
68 47 39 
68 52 60 
68 53 98 
68 54 194 
68 55 172 
68 57 200 
68 58 196 
68 59 106 
68 62 136 
68 63 82 
68 65 124 
68 66 100 
68 68 201 
68 69 206 
68 70 151 
68 71 147 
68 73 121 
68 76 147 
68 79 125 
68 82 79 
68 83 156 
68 84 172 
68 86 54 
68 89 52 
68 92 168 
68 100 49 
68 101 136 
68 112 157 
68 117 153 
68 124 127 
69 8 142 
69 10 178 
69 22 108 
69 23 37 
69 24 55 
69 25 127 
69 26 144 
69 27 153 
69 28 153 
69 29 76 
69 30 41 
69 31 72 
69 33 133 
69 34 71 
69 35 36 
69 37 45 
69 40 149 
69 42 115 
69 44 45 
69 45 41 
69 51 34 
69 52 156 
69 54 165 
69 57 193 
69 63 141 
69 65 107 
69 68 147 
69 69 159 
69 71 173 
69 79 173 
69 81 144 
69 91 45 
69 92 156 
69 93 126 
69 108 150 
69 125 177 
69 127 188 
70 6 69 
70 13 187 
70 21 115 
70 24 138 
70 26 145 
70 27 65 
70 28 80 
70 31 37 
70 32 151 
70 33 78 
70 34 107 
70 38 105 
70 39 52 
70 40 97 
70 42 135 
70 52 98 
70 53 184 
70 56 197 
70 57 80 
70 66 123 
70 68 119 
70 69 144 
70 71 144 
70 78 227 
70 81 136 
70 83 127 
70 84 81 
70 90 79 
70 95 45 
70 100 122 
70 121 136 
70 123 180 
70 125 190 
71 0 104 
71 6 54 
71 17 85 
71 22 111 
71 24 167 
71 26 71 
71 27 66 
71 28 89 
71 29 40 
71 32 79 
71 33 106 
71 36 35 
71 37 75 
71 38 54 
71 39 118 
71 42 59 
71 50 35 
71 51 159 
71 52 122 
71 55 203 
71 56 60 
71 57 101 
71 60 151 
71 69 170 
71 71 167 
71 72 130 
71 76 141 
71 86 105 
71 87 61 
71 90 56 
71 91 48 
71 92 161 
71 93 135 
71 94 64 
71 99 43 
71 101 134 
71 119 127 
71 121 177 
72 4 84 
72 15 143 
72 21 108 
72 22 109 
72 24 115 
72 25 111 
72 26 147 
72 27 119 
72 28 56 
72 30 108 
72 32 117 
72 33 65 
72 34 109 
72 35 36 
72 36 49 
72 37 98 
72 39 71 
72 40 129 
72 41 92 
72 42 171 
72 43 51 
72 49 48 
72 50 111 
72 51 108 
72 52 190 
72 54 195 
72 55 76 
72 65 170 
72 80 180 
72 91 34 
72 93 166 
72 100 139 
72 103 162 
72 122 201 
73 8 139 
73 21 148 
73 22 157 
73 24 144 
73 25 60 
73 27 56 
73 29 69 
73 31 119 
73 33 120 
73 34 46 
73 39 117 
73 40 124 
73 42 49 
73 43 130 
73 45 51 
73 49 37 
73 50 147 
73 51 118 
73 52 180 
73 53 194 
73 54 168 
73 55 53 
73 69 177 
73 78 217 
73 86 116 
73 88 51 
73 92 156 
73 94 46 
73 99 104 
73 100 135 
73 120 192 
74 0 80 
74 6 61 
74 10 176 
74 13 183 
74 17 73 
74 19 99 
74 21 114 
74 24 105 
74 28 61 
74 29 110 
74 30 74 
74 32 78 
74 34 62 
74 35 49 
74 38 42 
74 39 95 
74 41 38 
74 43 140 
74 49 120 
74 50 108 
74 51 204 
74 53 209 
74 54 39 
74 65 179 
74 72 153 
74 76 129 
74 87 60 
74 90 86 
74 91 42 
74 93 129 
74 98 43 
74 102 160 
74 117 129 
74 118 171 
74 125 192 
75 22 117 
75 23 63 
75 24 104 
75 25 94 
75 26 128 
75 27 70 
75 28 118 
75 29 46 
75 31 130 
75 33 58 
75 34 42 
75 40 64 
75 43 108 
75 44 147 
75 45 36 
75 48 36 
75 49 138 
75 50 116 
75 51 186 
75 52 197 
75 53 50 
75 56 108 
75 78 215 
75 86 116 
75 89 51 
75 92 138 
75 95 40 
75 96 64 
75 119 196 
75 127 205 
76 6 53 
76 7 88 
76 8 140 
76 15 144 
76 17 68 
76 21 103 
76 22 135 
76 23 140 
76 24 46 
76 26 81 
76 27 136 
76 28 53 
76 31 140 
76 32 132 
76 35 72 
76 40 45 
76 41 44 
76 44 136 
76 45 151 
76 46 45 
76 49 100 
76 50 194 
76 52 167 
76 77 150 
76 79 218 
76 90 93 
76 91 36 
76 93 155 
76 94 141 
76 99 142 
76 100 135 
76 116 133 
76 117 176 
76 122 194 
77 13 173 
77 20 144 
77 21 129 
77 23 42 
77 25 131 
77 26 120 
77 27 56 
77 31 99 
77 33 56 
77 37 33 
77 38 53 
77 39 108 
77 40 76 
77 42 128 
77 43 180 
77 44 40 
77 45 135 
77 47 29 
77 48 157 
77 49 113 
77 51 206 
77 52 33 
77 53 37 
77 54 86 
77 55 60 
77 56 105 
77 75 120 
77 78 192 
77 80 157 
77 87 41 
77 91 40 
77 92 85 
77 94 134 
77 95 28 
77 96 56 
77 97 38 
77 118 197 
78 21 111 
78 22 130 
78 24 117 
78 25 76 
78 29 119 
78 30 91 
78 31 112 
78 34 41 
78 35 47 
78 40 59 
78 41 126 
78 42 86 
78 43 162 
78 44 53 
78 45 56 
78 46 31 
78 47 68 
78 48 113 
78 50 203 
78 51 38 
78 58 127 
78 72 128 
78 77 149 
78 79 230 
78 90 76 
78 93 169 
78 96 39 
78 98 139 
78 100 158 
78 110 144 
78 116 182 
78 122 208 
79 10 175 
79 17 68 
79 23 70 
79 25 126 
79 26 63 
79 27 70 
79 29 51 
79 33 132 
79 36 63 
79 37 30 
79 39 55 
79 40 79 
79 41 157 
79 46 76 
79 48 107 
79 53 34 
79 54 109 
79 55 74 
79 69 155 
79 72 115 
79 81 145 
79 84 133 
79 85 114 
79 91 34 
79 92 48 
79 94 158 
79 95 40 
79 97 80 
80 0 88 
80 6 43 
80 8 131 
80 14 175 
80 16 113 
80 17 108 
80 18 127 
80 19 94 
80 21 119 
80 26 71 
80 28 143 
80 29 51 
80 30 107 
80 31 65 
80 32 161 
80 33 62 
80 36 49 
80 40 40 
80 41 63 
80 42 112 
80 43 36 
80 45 27 
80 46 157 
80 47 174 
80 48 177 
80 49 189 
80 50 78 
80 54 104 
80 66 156 
80 73 135 
80 76 119 
80 79 205 
80 86 41 
80 92 39 
80 93 165 
80 96 37 
80 98 146 
80 114 132 
81 5 67 
81 17 75 
81 22 60 
81 25 119 
81 27 58 
81 29 110 
81 31 99 
81 32 159 
81 33 52 
81 35 39 
81 36 89 
81 38 36 
81 41 164 
81 42 45 
81 43 43 
81 45 47 
81 46 169 
81 48 190 
81 49 52 
81 51 37 
81 55 78 
81 74 59 
81 75 93 
81 76 89 
81 78 149 
81 85 45 
81 94 124 
81 96 63 
81 115 188 
82 23 62 
82 26 43 
82 27 116 
82 30 68 
82 34 126 
82 36 38 
82 37 167 
82 39 38 
82 40 111 
82 41 43 
82 45 109 
82 48 98 
82 51 69 
82 52 44 
82 53 59 
82 54 112 
82 73 122 
82 74 130 
82 75 134 
82 79 180 
82 83 134 
82 84 105 
82 90 82 
82 92 39 
82 93 142 
82 96 39 
82 97 143 
83 6 86 
83 8 154 
83 21 120 
83 23 50 
83 25 63 
83 26 142 
83 27 44 
83 28 80 
83 29 62 
83 30 112 
83 32 83 
83 33 146 
83 35 46 
83 36 46 
83 37 138 
83 38 71 
83 40 47 
83 44 185 
83 46 124 
83 47 211 
83 48 46 
83 54 119 
83 55 81 
83 56 109 
83 70 156 
83 73 143 
83 74 138 
83 76 154 
83 78 195 
83 84 53 
83 87 43 
84 17 78 
84 21 142 
84 24 65 
84 25 126 
84 26 55 
84 32 115 
84 34 153 
84 40 51 
84 41 171 
84 43 175 
84 44 83 
84 45 89 
84 46 195 
84 47 43 
84 50 45 
84 53 42 
84 75 197 
84 80 151 
84 83 117 
84 92 38 
84 93 66 
84 94 163 
84 95 86 
84 96 106 
85 10 171 
85 13 178 
85 15 149 
85 19 87 
85 20 146 
85 21 119 
85 22 59 
85 23 68 
85 24 123 
85 25 39 
85 28 72 
85 29 92 
85 32 58 
85 33 116 
85 34 110 
85 35 136 
85 36 157 
85 37 55 
85 39 68 
85 41 143 
85 43 177 
85 46 57 
85 51 74 
85 52 44 
85 54 99 
85 55 122 
85 74 164 
85 75 211 
85 82 136 
85 83 47 
85 89 71 
85 114 182 
86 4 67 
86 18 82 
86 19 146 
86 20 99 
86 22 59 
86 29 78 
86 32 84 
86 33 45 
86 34 129 
86 36 91 
86 37 37 
86 39 163 
86 40 135 
86 42 196 
86 43 108 
86 44 106 
86 45 154 
86 46 43 
86 47 63 
86 49 43 
86 53 43 
86 56 90 
86 58 129 
86 66 144 
86 72 147 
86 74 164 
86 77 190 
86 79 181 
86 82 123 
86 91 71 
86 92 36 
86 93 42 
86 94 173 
86 95 125 
86 113 134 
87 6 78 
87 8 153 
87 17 71 
87 19 91 
87 21 145 
87 23 49 
87 24 106 
87 25 53 
87 29 126 
87 32 69 
87 33 121 
87 34 60 
87 35 100 
87 36 96 
87 37 89 
87 39 155 
87 40 211 
87 41 200 
87 42 95 
87 43 89 
87 44 188 
87 54 94 
87 69 132 
87 75 121 
87 76 145 
87 77 127 
87 79 99 
87 80 118 
87 81 145 
87 82 51 
87 85 45 
87 87 81 
87 98 157 
87 114 186 
88 13 181 
88 17 84 
88 18 116 
88 22 46 
88 24 40 
88 25 75 
88 28 56 
88 32 106 
88 33 81 
88 34 143 
88 35 55 
88 36 45 
88 39 190 
88 41 131 
88 42 86 
88 43 147 
88 44 50 
88 51 53 
88 52 80 
88 53 43 
88 65 147 
88 69 94 
88 72 113 
88 73 105 
88 75 115 
88 76 131 
88 80 146 
88 81 134 
88 91 54 
88 93 42 
88 94 153 
88 116 213 
88 127 212 
89 5 67 
89 14 172 
89 17 129 
89 18 75 
89 19 92 
89 20 140 
89 21 113 
89 22 68 
89 23 84 
89 24 66 
89 25 52 
89 28 47 
89 29 180 
89 30 73 
89 32 108 
89 33 77 
89 34 60 
89 35 115 
89 36 111 
89 37 146 
89 38 133 
89 39 121 
89 40 185 
89 41 106 
89 43 158 
89 47 38 
89 48 54 
89 56 76 
89 69 125 
89 72 136 
89 73 170 
89 75 185 
89 76 203 
89 81 45 
89 85 40 
89 87 50 
89 88 101 
89 90 56 
89 112 129 
89 114 200 
90 10 171 
90 15 180 
90 17 62 
90 18 79 
90 19 141 
90 23 149 
90 24 51 
90 26 106 
90 28 96 
90 30 131 
90 31 74 
90 32 64 
90 33 130 
90 34 116 
90 36 139 
90 38 119 
90 39 214 
90 40 94 
90 42 150 
90 43 45 
90 55 78 
90 58 109 
90 67 140 
90 76 143 
90 78 147 
90 82 45 
90 86 68 
90 87 46 
90 88 108 
90 110 144 
90 118 208 
91 5 72 
91 13 183 
91 15 148 
91 22 53 
91 23 139 
91 25 34 
91 26 93 
91 27 48 
91 28 84 
91 29 133 
91 30 88 
91 33 65 
91 34 133 
91 35 107 
91 37 146 
91 39 204 
91 40 160 
91 41 215 
91 46 62 
91 53 58 
91 55 58 
91 64 135 
91 69 129 
91 72 118 
91 76 128 
91 79 129 
91 80 66 
91 89 64 
91 90 82 
91 93 47 
91 94 137 
91 120 216 
92 0 45 
92 4 45 
92 5 110 
92 8 137 
92 18 96 
92 20 94 
92 23 66 
92 24 49 
92 28 108 
92 31 138 
92 33 113 
92 34 84 
92 36 74 
92 38 106 
92 40 186 
92 41 53 
92 48 56 
92 57 71 
92 79 45 
92 84 53 
92 87 45 
92 88 91 
92 112 123 
92 113 156 
92 114 212 
92 115 219 
93 6 103 
93 17 71 
93 19 121 
93 24 40 
93 25 63 
93 26 42 
93 28 70 
93 29 109 
93 30 101 
93 32 106 
93 34 88 
93 35 132 
93 37 104 
93 39 218 
93 40 82 
93 53 72 
93 54 47 
93 56 73 
93 73 167 
93 78 140 
93 81 44 
93 89 73 
93 93 59 
93 94 131 
93 95 166 
94 4 51 
94 5 100 
94 10 176 
94 21 82 
94 31 122 
94 32 133 
94 35 116 
94 36 96 
94 38 90 
94 39 195 
94 40 53 
94 57 46 
94 61 96 
94 70 168 
94 77 154 
94 78 64 
94 82 53 
94 83 70 
94 88 106 
94 93 46 
94 96 139 
94 127 205 
95 15 151 
95 18 81 
95 19 121 
95 20 53 
95 21 54 
95 22 128 
95 23 41 
95 24 67 
95 26 51 
95 27 45 
95 29 122 
95 30 49 
95 31 63 
95 34 134 
95 36 138 
95 38 86 
95 39 55 
95 44 47 
95 46 47 
95 54 66 
95 58 66 
95 60 43 
95 64 122 
95 66 134 
95 87 63 
95 94 136 
95 95 161 
95 97 151 
95 114 224 
95 125 199 
95 127 178 
96 7 122 
96 14 173 
96 17 53 
96 18 101 
96 22 76 
96 25 84 
96 28 48 
96 30 64 
96 32 86 
96 35 113 
96 37 163 
96 38 122 
96 39 129 
96 40 49 
96 52 42 
96 61 43 
96 64 64 
96 66 112 
96 67 121 
96 77 134 
96 78 42 
96 88 102 
96 93 59 
96 112 119 
96 113 201 
96 122 206 
96 124 185 
96 125 144 
96 126 64 
96 127 48 
97 4 39 
97 16 92 
97 17 121 
97 18 159 
97 19 70 
97 21 39 
97 24 55 
97 25 59 
97 29 133 
97 30 137 
97 33 139 
97 34 66 
97 35 128 
97 38 70 
97 39 148 
97 41 47 
97 50 55 
97 58 54 
97 59 81 
97 64 125 
97 67 134 
97 70 155 
97 74 172 
97 78 64 
97 80 65 
97 85 44 
97 94 148 
97 97 111 
97 105 150 
97 124 61 
97 125 43 
97 127 50 
98 0 55 
98 5 61 
98 15 138 
98 17 153 
98 18 81 
98 19 81 
98 22 95 
98 23 57 
98 24 83 
98 27 47 
98 28 61 
98 29 121 
98 32 42 
98 33 80 
98 36 95 
98 37 151 
98 38 131 
98 39 58 
98 40 171 
98 41 150 
98 45 86 
98 46 53 
98 62 130 
98 73 148 
98 77 193 
98 79 196 
98 81 51 
98 87 63 
98 95 160 
98 96 114 
98 109 131 
98 122 148 
98 125 40 
98 127 79 
99 1 70 
99 10 175 
99 14 169 
99 15 181 
99 17 56 
99 18 55 
99 19 164 
99 20 36 
99 21 34 
99 22 90 
99 23 43 
99 25 57 
99 26 107 
99 28 55 
99 30 125 
99 32 123 
99 33 120 
99 34 166 
99 35 82 
99 36 119 
99 37 90 
99 39 94 
99 41 86 
99 42 129 
99 43 44 
99 81 202 
99 83 49 
99 88 118 
99 89 76 
99 104 103 
99 111 108 
99 123 38 
99 126 82 
100 0 128 
100 1 127 
100 4 61 
100 5 63 
100 7 65 
100 9 151 
100 14 188 
100 17 78 
100 18 183 
100 19 45 
100 22 42 
100 23 98 
100 24 32 
100 27 77 
100 28 107 
100 29 32 
100 30 131 
100 32 75 
100 33 80 
100 34 56 
100 35 96 
100 36 98 
100 37 123 
100 38 111 
100 40 171 
100 41 86 
100 43 51 
100 44 53 
100 45 91 
100 59 53 
100 83 208 
100 84 93 
100 85 36 
100 93 80 
100 94 175 
100 95 146 
100 96 142 
100 108 96 
100 109 110 
100 111 78 
100 113 206 
100 119 195 
100 120 156 
100 121 45 
100 123 65 
101 14 168 
101 16 111 
101 17 160 
101 18 158 
101 22 64 
101 23 88 
101 24 39 
101 25 35 
101 26 138 
101 29 46 
101 31 56 
101 32 108 
101 33 131 
101 35 62 
101 36 114 
101 37 98 
101 38 162 
101 39 131 
101 40 101 
101 41 150 
101 42 51 
101 43 162 
101 54 43 
101 57 83 
101 72 143 
101 84 213 
101 85 159 
101 86 45 
101 88 98 
101 107 93 
101 109 129 
101 118 194 
101 120 47 
102 5 90 
102 6 53 
102 7 54 
102 8 118 
102 10 167 
102 15 144 
102 16 194 
102 17 70 
102 22 38 
102 24 95 
102 25 126 
102 26 75 
102 27 61 
102 29 102 
102 30 62 
102 33 68 
102 34 58 
102 35 98 
102 37 127 
102 38 134 
102 41 55 
102 43 92 
102 44 66 
102 46 47 
102 52 61 
102 80 192 
102 86 184 
102 87 47 
102 90 59 
102 91 84 
102 93 54 
102 107 126 
102 111 86 
102 116 210 
102 119 57 
102 121 91 
103 0 129 
103 16 219 
103 17 145 
103 18 36 
103 19 38 
103 24 57 
103 25 66 
103 26 63 
103 29 46 
103 30 46 
103 31 86 
103 35 67 
103 37 92 
103 40 147 
103 41 53 
103 42 162 
103 44 184 
103 45 52 
103 59 46 
103 61 115 
103 63 115 
103 73 162 
103 86 216 
103 87 179 
103 88 55 
103 94 141 
103 103 139 
103 112 196 
103 113 211 
103 117 189 
103 119 52 
103 125 104 
104 4 160 
104 13 182 
104 16 166 
104 17 64 
104 22 69 
104 25 44 
104 30 92 
104 31 39 
104 32 110 
104 33 47 
104 34 74 
104 36 98 
104 38 151 
104 40 114 
104 42 79 
104 43 176 
104 44 113 
104 56 74 
104 58 108 
104 66 142 
104 91 52 
104 93 64 
104 111 133 
104 120 98 
104 121 88 
105 0 37 
105 2 127 
105 7 48 
105 9 159 
105 15 149 
105 16 214 
105 18 37 
105 21 45 
105 23 45 
105 26 104 
105 27 49 
105 28 63 
105 29 41 
105 30 96 
105 31 44 
105 32 105 
105 33 81 
105 34 49 
105 35 95 
105 36 64 
105 37 98 
105 38 92 
105 41 159 
105 42 43 
105 43 80 
105 44 79 
105 45 40 
105 48 68 
105 51 44 
105 52 70 
105 55 45 
105 56 54 
105 57 118 
105 58 112 
105 70 138 
105 88 220 
105 89 49 
105 115 210 
105 118 71 
105 123 114 
106 1 47 
106 3 167 
106 5 153 
106 10 175 
106 16 106 
106 17 70 
106 21 75 
106 28 83 
106 30 47 
106 31 99 
106 33 45 
106 34 91 
106 36 117 
106 37 63 
106 39 147 
106 41 141 
106 42 78 
106 45 77 
106 46 38 
106 56 84 
106 59 51 
106 89 189 
106 90 42 
106 92 35 
106 93 137 
106 94 129 
106 95 150 
106 108 127 
106 112 212 
106 116 185 
106 117 97 
107 7 38 
107 8 111 
107 16 115 
107 17 177 
107 21 45 
107 25 39 
107 26 151 
107 27 37 
107 29 35 
107 31 57 
107 34 62 
107 41 166 
107 42 32 
107 43 45 
107 44 186 
107 45 46 
107 89 219 
107 90 39 
107 122 113 
107 123 90 
108 4 169 
108 5 156 
108 14 179 
108 16 158 
108 18 58 
108 25 56 
108 28 41 
108 30 60 
108 33 48 
108 35 104 
108 38 51 
108 39 153 
108 40 107 
108 42 121 
108 43 47 
108 46 40 
108 47 83 
108 53 55 
108 55 55 
108 58 121 
108 59 48 
108 60 94 
108 62 132 
108 90 157 
108 91 36 
108 92 31 
108 93 147 
108 107 123 
108 119 101 
109 2 74 
109 3 152 
109 15 157 
109 16 128 
109 17 48 
109 23 46 
109 24 43 
109 25 143 
109 26 118 
109 27 36 
109 30 38 
109 35 52 
109 36 108 
109 37 69 
109 40 146 
109 41 149 
109 44 155 
109 45 172 
109 48 59 
109 56 123 
109 90 216 
109 108 210 
109 114 205 
109 116 100 
109 118 82 
109 123 89 
109 124 106 
109 127 107 
110 1 28 
110 4 176 
110 9 159 
110 10 177 
110 17 67 
110 24 88 
110 25 42 
110 28 49 
110 29 83 
110 37 113 
110 38 129 
110 43 184 
110 44 87 
110 45 39 
110 46 50 
110 49 58 
110 86 207 
110 91 27 
110 92 32 
110 93 131 
110 95 152 
110 118 100 
110 120 116 
110 127 86 
111 0 29 
111 3 148 
111 6 117 
111 7 34 
111 13 175 
111 22 42 
111 23 71 
111 24 47 
111 26 89 
111 33 74 
111 36 34 
111 37 64 
111 38 143 
111 42 38 
111 43 88 
111 44 82 
111 45 140 
111 46 138 
111 48 103 
111 49 100 
111 53 47 
111 58 121 
111 59 49 
111 78 164 
111 99 137 
111 103 138 
111 104 123 
111 106 127 
111 107 162 
111 112 218 
111 113 208 
111 121 90 
112 2 46 
112 4 174 
112 5 170 
112 9 152 
112 10 173 
112 16 154 
112 17 52 
112 23 48 
112 25 57 
112 30 69 
112 31 39 
112 33 40 
112 34 91 
112 35 36 
112 36 85 
112 40 100 
112 41 126 
112 42 42 
112 43 120 
112 44 37 
112 45 32 
112 46 63 
112 47 54 
112 49 103 
112 50 68 
112 55 119 
112 61 133 
112 90 215 
112 91 203 
112 92 51 
112 108 208 
112 114 132 
112 118 87 
112 123 107 
113 3 136 
113 14 176 
113 20 38 
113 27 65 
113 29 49 
113 33 43 
113 35 97 
113 36 49 
113 37 106 
113 38 88 
113 39 142 
113 42 147 
113 43 88 
113 44 51 
113 52 48 
113 54 106 
113 91 213 
113 93 146 
113 107 137 
113 108 185 
113 109 192 
113 113 189 
113 119 102 
113 120 70 
114 2 39 
114 7 58 
114 8 91 
114 9 150 
114 15 152 
114 16 162 
114 21 90 
114 26 73 
114 29 72 
114 30 43 
114 32 46 
114 33 96 
114 34 48 
114 35 56 
114 37 43 
114 39 110 
114 41 62 
114 42 129 
114 44 169 
114 45 53 
114 48 47 
114 57 122 
114 58 55 
114 65 145 
114 92 108 
114 93 142 
114 96 132 
114 99 146 
114 109 147 
114 111 220 
114 119 86 
114 127 90 
115 3 128 
115 4 161 
115 6 133 
115 17 59 
115 19 41 
115 21 44 
115 24 43 
115 27 55 
115 36 118 
115 37 94 
115 39 35 
115 40 150 
115 41 53 
115 42 69 
115 43 128 
115 44 37 
115 57 108 
115 60 130 
115 92 189 
115 94 77 
115 112 203 
115 114 113 
115 121 104 
115 123 88 
116 4 174 
116 5 172 
116 7 63 
116 8 83 
116 9 141 
116 11 176 
116 14 175 
116 15 159 
116 20 58 
116 24 68 
116 26 48 
116 28 86 
116 29 47 
116 32 40 
116 34 66 
116 36 133 
116 37 83 
116 40 58 
116 42 83 
116 56 121 
116 57 50 
116 87 209 
116 91 216 
116 93 73 
116 103 134 
116 105 161 
116 108 131 
116 113 128 
116 116 81 
116 117 101 
116 118 72 
116 126 92 
116 127 58 
117 2 33 
117 6 146 
117 17 96 
117 18 96 
117 19 35 
117 34 32 
117 35 101 
117 37 142 
117 39 55 
117 40 109 
117 41 63 
117 42 46 
117 44 48 
117 50 47 
117 57 37 
117 71 131 
117 92 218 
117 93 77 
117 98 73 
117 106 148 
117 110 222 
117 111 208 
118 0 49 
118 4 166 
118 5 179 
118 6 161 
118 7 75 
118 8 88 
118 9 143 
118 15 161 
118 16 77 
118 20 40 
118 25 65 
118 26 44 
118 27 79 
118 29 56 
118 33 61 
118 37 134 
118 40 88 
118 41 110 
118 52 107 
118 56 43 
118 58 125 
118 101 52 
118 103 44 
118 105 111 
118 106 195 
118 107 188 
118 108 160 
118 114 58 
118 117 78 
118 119 113 
119 3 102 
119 8 84 
119 14 176 
119 21 72 
119 22 41 
119 28 74 
119 31 41 
119 33 43 
119 36 48 
119 37 77 
119 38 117 
119 39 134 
119 54 115 
119 55 52 
119 56 44 
119 61 139 
119 93 205 
119 97 111 
119 102 41 
119 104 35 
119 105 153 
119 109 210 
119 110 208 
119 111 156 
119 112 74 
119 113 50 
119 115 77 
119 118 112 
119 121 83 
120 0 84 
120 4 165 
120 6 174 
120 7 115 
120 9 140 
120 11 178 
120 16 97 
120 17 91 
120 18 45 
120 27 46 
120 29 55 
120 34 60 
120 36 57 
120 37 56 
120 38 62 
120 39 127 
120 40 128 
120 42 47 
120 48 45 
120 53 116 
120 54 42 
120 55 44 
120 56 101 
120 94 73 
120 102 70 
120 103 45 
120 104 57 
120 106 199 
120 108 186 
120 109 199 
120 110 163 
120 111 65 
120 112 52 
120 114 80 
120 115 64 
120 119 71 
120 123 112 
120 127 56 
121 8 95 
121 16 122 
121 22 58 
121 24 55 
121 28 83 
121 32 38 
121 33 87 
121 35 81 
121 37 108 
121 40 83 
121 41 103 
121 50 102 
121 52 101 
121 53 34 
121 55 101 
121 57 131 
121 94 106 
121 95 93 
121 107 211 
121 108 185 
121 110 74 
121 111 54 
121 114 66 
121 127 72 
122 2 113 
122 15 165 
122 17 96 
122 18 37 
122 23 46 
122 28 97 
122 29 55 
122 30 98 
122 31 62 
122 33 92 
122 34 45 
122 35 47 
122 36 62 
122 37 66 
122 38 85 
122 39 139 
122 40 78 
122 48 79 
122 51 38 
122 53 93 
122 90 212 
122 93 214 
122 94 178 
122 106 201 
122 107 193 
122 112 84 
122 115 107 
122 119 63 
123 0 44 
123 3 105 
123 4 148 
123 12 182 
123 16 68 
123 24 79 
123 25 39 
123 31 116 
123 32 59 
123 33 46 
123 36 117 
123 39 112 
123 40 148 
123 41 58 
123 42 55 
123 47 36 
123 49 54 
123 51 85 
123 54 128 
123 71 148 
123 94 208 
123 105 111 
123 106 148 
123 107 119 
123 112 74 
123 115 111 
123 120 103 
124 6 172 
124 10 162 
124 15 164 
124 22 74 
124 23 56 
124 25 37 
124 26 48 
124 29 39 
124 30 112 
124 31 124 
124 32 36 
124 33 50 
124 34 117 
124 35 31 
124 37 121 
124 38 75 
124 40 56 
124 41 97 
124 45 37 
124 47 69 
124 52 118 
124 75 139 
124 80 147 
124 95 78 
124 107 95 
124 118 61 
124 121 121 
125 3 67 
125 5 195 
125 8 103 
125 15 127 
125 16 49 
125 21 53 
125 23 55 
125 24 50 
125 25 85 
125 27 87 
125 30 105 
125 31 83 
125 36 34 
125 37 74 
125 38 42 
125 39 86 
125 40 120 
125 41 45 
125 50 118 
125 100 110 
125 113 97 
125 115 68 
125 119 112 
125 127 50 
126 7 186 
126 14 177 
126 15 148 
126 18 65 
126 25 84 
126 26 51 
126 27 139 
126 28 51 
126 29 49 
126 32 146 
126 33 41 
126 35 75 
126 36 62 
126 38 109 
126 41 95 
126 108 123 
126 124 51 
127 0 46 
127 3 55 
127 4 157 
127 5 197 
127 7 185 
127 8 100 
127 10 162 
127 11 176 
127 14 180 
127 15 115 
127 18 38 
127 21 77 
127 22 53 
127 23 78 
127 26 68 
127 27 137 
127 28 61 
127 29 62 
127 30 117 
127 31 75 
127 33 101 
127 34 58 
127 35 123 
127 36 38 
127 38 74 
127 39 44 
127 41 74 
127 42 130 
127 43 49 
127 47 105 
127 52 127 
127 57 127 
127 77 153 
127 86 172 
127 95 213 
127 96 75 
127 102 126 
127 105 119 
127 107 136 
127 111 85 
127 116 77 
127 118 126 
127 120 121 
127 122 59 
127 125 56 
127 127 100 
3 2318 2317 2368 
3 2214 2317 2318 
3 1931 2317 2112 
3 2214 2112 2317 
3 1798 1870 1833 
3 1870 1902 1833 
3 1870 1997 1902 
3 1997 2212 1902 
3 1901 1997 1870 
3 1968 1997 1901 
3 2772 2802 2773 
3 2802 2821 2773 
3 2821 2853 2773 
3 2853 2854 2773 
3 2822 2773 2854 
3 2774 2773 2822 
3 2775 2774 2822 
3 2742 2774 2775 
3 2822 2823 2775 
3 1035 1069 1036 
3 1069 1098 1036 
3 1070 1036 1098 
3 111 126 100 
3 126 127 100 
3 81 100 127 
3 107 106 124 
3 86 106 107 
3 123 142 106 
3 124 106 142 
3 142 143 124 
3 1025 1026 966 
3 936 966 1026 
3 967 936 1026 
3 1026 1025 1058 
3 1086 1058 1113 
3 1026 1058 1086 
3 1894 1962 1923 
3 1962 2017 1923 
3 2017 2018 1923 
3 2018 2017 2073 
3 1924 1923 2018 
3 3154 3245 3155 
3 3245 3270 3155 
3 3191 3155 3270 
3 1603 1602 1637 
3 1567 1602 1603 
3 1566 1602 1567 
3 1637 1636 1675 
3 1602 1636 1637 
3 2479 2478 2546 
3 2417 2478 2479 
3 2478 2586 2546 
3 2586 2690 2546 
3 2512 2586 2478 
3 355 455 335 
3 356 335 455 
3 426 356 455 
3 379 356 426 
3 427 426 504 
3 379 426 427 
3 504 627 427 
3 455 504 426 
3 553 627 504 
3 627 740 427 
3 588 587 612 
3 469 587 588 
3 491 587 468 
3 469 468 587 
3 588 589 469 
3 470 469 589 
3 1451 1490 1410 
3 1490 1530 1410 
3 1530 1531 1410 
3 1452 1410 1531 
3 1411 1410 1452 
3 47 55 7 
3 55 81 7 
3 48 7 81 
3 81 128 48 
3 6 47 7 
3 72 86 47 
3 80 47 86 
3 55 47 80 
3 832 906 866 
3 906 907 866 
3 907 906 938 
3 938 970 907 
3 2962 2963 2876 
3 2934 2876 2963 
3 2877 2876 2934 
3 2851 2877 2934 
3 1998 2029 1972 
3 1999 1972 2029 
3 2029 2030 1999 
3 1905 1998 1972 
3 2029 2028 2058 
3 1998 2028 2029 
3 967 1028 968 
3 996 968 1028 
3 1028 1059 996 
3 1059 1060 996 
3 1088 1116 1059 
3 1060 1059 1116 
3 224 239 225 
3 239 294 225 
3 209 224 225 
3 210 209 225 
3 2646 2645 2676 
3 2609 2645 2646 
3 2676 2675 2707 
3 2645 2675 2676 
3 3140 3176 3089 
3 3141 3089 3176 
3 3034 3089 3141 
3 3090 3034 3141 
3 3062 3089 3034 
3 3009 3034 3090 
3 2911 2910 2947 
3 2883 2910 2911 
3 2859 2883 2911 
3 2827 2883 2828 
3 2859 2828 2883 
3 2940 2941 2855 
3 2906 2855 2941 
3 2856 2855 2906 
3 2880 2856 2906 
3 2879 2905 2855 
3 2905 2940 2855 
3 505 575 506 
3 575 599 506 
3 599 575 654 
3 1355 1393 1312 
3 1393 1432 1312 
3 1394 1312 1432 
3 1313 1312 1394 
3 1239 1312 1313 
3 48 112 42 
3 43 42 112 
3 88 43 112 
3 44 43 88 
3 1305 1348 1306 
3 1348 1387 1306 
3 1349 1306 1387 
3 760 759 785 
3 700 759 760 
3 730 759 700 
3 663 700 760 
3 664 663 760 
3 665 664 760 
3 666 665 760 
3 760 815 666 
3 644 665 666 
3 701 666 815 
3 292 308 293 
3 308 345 293 
3 345 367 293 
3 325 293 367 
3 367 368 325 
3 367 390 368 
3 390 415 368 
3 465 466 415 
3 368 415 466 
3 391 368 466 
3 294 391 309 
3 391 467 309 
3 523 391 544 
3 467 391 523 
3 326 309 467 
3 392 326 467 
3 523 524 467 
3 491 467 524 
3 543 544 391 
3 544 545 523 
3 522 543 490 
3 466 490 543 
3 391 466 543 
3 316 317 283 
3 301 283 317 
3 246 283 301 
3 263 246 301 
3 2936 2964 2937 
3 2964 2995 2937 
3 2937 2995 2965 
3 2995 2996 2965 
3 2850 2901 2876 
3 2901 2962 2876 
3 2849 2901 2850 
3 2848 2875 2849 
3 2875 2901 2849 
3 1132 1160 1103 
3 1133 1103 1160 
3 1160 1161 1133 
3 978 979 913 
3 914 913 979 
3 944 914 979 
3 2009 1985 2044 
3 1986 1985 2009 
3 1954 1985 1986 
3 2043 2044 1985 
3 2044 2045 2009 
3 1953 1985 1954 
3 2509 2508 2542 
3 2475 2508 2509 
3 898 897 962 
3 859 897 898 
3 962 961 993 
3 897 961 962 
3 3126 3159 3101 
3 3102 3101 3159 
3 3158 3246 3126 
3 3216 3126 3246 
3 3192 3126 3216 
3 3159 3126 3192 
3 2052 2053 1992 
3 1993 1992 2053 
3 2053 2052 2138 
3 178 164 208 
3 143 164 178 
3 207 208 164 
3 144 143 178 
3 2090 2089 2154 
3 2060 2089 2090 
3 2186 2187 2154 
3 2090 2154 2187 
3 96 86 107 
3 80 86 96 
3 2519 2556 2520 
3 2556 2596 2520 
3 2596 2595 2633 
3 2556 2595 2596 
3 2557 2520 2596 
3 3004 3031 3005 
3 3031 3059 3005 
3 3086 3114 3059 
3 3032 3059 3114 
3 3032 3005 3059 
3 1980 1979 2004 
3 1947 1979 1980 
3 1912 1947 1980 
3 2833 2834 2781 
3 2683 2781 2834 
3 2682 2781 2683 
3 2684 2683 2834 
3 2715 2684 2834 
3 652 707 624 
3 676 624 707 
3 2991 3051 2992 
3 3051 3052 2992 
3 2993 2992 3052 
3 2218 2258 2219 
3 2258 2322 2219 
3 2288 2219 2322 
3 2220 2219 2288 
3 1579 1613 1580 
3 1613 1647 1580 
3 1647 1690 1580 
3 1581 1580 1690 
3 1690 1718 1581 
3 753 752 776 
3 725 752 753 
3 776 752 809 
3 2435 2617 2409 
3 2468 2409 2617 
3 2617 2618 2468 
3 2579 2468 2618 
3 2617 2467 2652 
3 2435 2467 2617 
3 803 833 746 
3 804 746 833 
3 773 746 804 
3 747 746 773 
3 833 834 804 
3 833 867 834 
3 867 868 834 
3 2179 2479 2283 
3 2479 2513 2283 
3 2339 2283 2513 
3 2444 2339 2513 
3 2339 2444 2418 
3 2444 2445 2418 
3 2340 2339 2418 
3 2341 2340 2418 
3 2455 2456 2393 
3 2394 2393 2456 
3 2425 2394 2456 
3 2392 2455 2393 
3 2455 2488 2456 
3 2488 2524 2456 
3 2524 2525 2456 
3 2796 2846 2729 
3 2797 2729 2846 
3 2846 2847 2797 
3 2817 2797 2847 
3 2847 2848 2817 
3 3371 3372 3235 
3 3263 3235 3372 
3 3293 3263 3372 
3 154 222 139 
3 205 139 222 
3 175 139 205 
3 140 139 175 
3 2201 2276 2202 
3 2242 2202 2276 
3 2135 2201 2202 
3 2169 2135 2202 
3 2696 2664 2722 
3 2551 2664 2696 
3 2550 2664 2551 
3 2628 2551 2696 
3 2552 2551 2628 
3 2721 2722 2664 
3 552 500 597 
3 501 500 552 
3 596 597 500 
3 3291 3370 3292 
3 3370 3371 3292 
3 1926 2020 1964 
3 2020 2021 1964 
3 2021 2020 2075 
3 1863 1963 1895 
3 1963 2020 1895 
3 1926 1895 2020 
3 2020 1963 2055 
3 254 295 255 
3 295 296 255 
3 272 255 296 
3 194 228 182 
3 228 255 182 
3 255 272 182 
3 2364 2365 2313 
3 2314 2313 2365 
3 2251 2313 2314 
3 2209 2251 2314 
3 2365 2364 2387 
3 2443 2442 2545 
3 2364 2442 2443 
3 2386 2442 2364 
3 2387 2364 2443 
3 993 1055 962 
3 1023 962 1055 
3 994 962 1023 
3 325 368 391 
3 237 253 238 
3 253 271 238 
3 239 238 271 
3 271 325 239 
3 294 239 325 
3 225 294 211 
3 226 211 294 
3 294 309 226 
3 240 226 309 
3 325 391 294 
3 3161 3218 3193 
3 3218 3273 3193 
3 3127 3161 3193 
3 3273 3218 3302 
3 3219 3193 3273 
3 3217 3247 3218 
3 3247 3301 3218 
3 3301 3324 3218 
3 3302 3218 3324 
3 219 233 172 
3 188 172 233 
3 233 248 188 
3 2431 2430 2463 
3 2404 2430 2431 
3 2463 2497 2431 
3 2497 2498 2431 
3 114 148 115 
3 116 115 148 
3 148 149 116 
3 117 116 149 
3 153 163 137 
3 154 137 163 
3 163 190 154 
3 120 153 137 
3 3079 3078 3109 
3 3054 3078 3079 
3 3078 3132 3109 
3 3132 3133 3109 
3 3077 3132 3078 
3 538 636 582 
3 636 692 582 
3 693 692 719 
3 582 692 693 
3 637 582 693 
3 691 692 636 
3 538 537 606 
3 485 537 538 
3 606 636 538 
3 486 485 538 
3 514 486 538 
3 829 861 830 
3 861 900 830 
3 862 830 900 
3 448 447 478 
3 422 447 448 
3 478 477 496 
3 447 477 478 
3 421 447 422 
3 1665 1731 1627 
3 1731 1765 1627 
3 1765 1731 1797 
3 1666 1627 1765 
3 1732 1666 1765 
3 1796 1797 1731 
3 1512 1627 1666 
3 1557 1512 1666 
3 1628 1557 1666 
3 159 215 196 
3 215 216 196 
3 215 159 230 
3 810 876 777 
3 876 877 777 
3 778 777 877 
3 877 878 778 
3 779 778 878 
3 878 879 779 
3 780 779 879 
3 1698 1622 1727 
3 1591 1622 1698 
3 2545 2583 2443 
3 229 167 241 
3 195 167 229 
3 241 242 229 
3 241 167 257 
3 166 256 167 
3 256 257 167 
3 65 76 53 
3 32 53 76 
3 76 77 32 
3 1931 2112 1969 
3 2025 1969 2112 
3 2112 2147 2025 
3 2171 2206 2172 
3 2206 2246 2172 
3 2246 2278 2172 
3 2173 2172 2278 
3 2135 2134 2201 
3 1959 2134 2135 
3 1891 2134 1959 
3 2134 2275 2201 
3 2275 2306 2201 
3 2722 2762 2696 
3 2885 2653 2916 
3 2686 2653 2885 
3 2916 3060 2885 
3 1098 1128 1070 
3 1128 1188 1070 
3 1188 1189 1070 
3 1129 1070 1189 
3 1893 1962 1894 
3 534 680 598 
3 680 767 598 
3 534 284 680 
3 402 284 534 
3 2176 2279 2248 
3 2279 2336 2248 
3 1537 1585 1538 
3 1585 1617 1538 
3 1653 1654 1617 
3 1539 1617 1654 
3 1539 1538 1617 
3 1540 1539 1654 
3 1499 1539 1540 
3 2543 2581 2476 
3 2581 2582 2476 
3 2863 2864 2790 
3 2791 2790 2864 
3 2864 2865 2791 
3 2369 2451 2421 
3 2451 2484 2421 
3 2368 2451 2369 
3 2343 2369 2421 
3 2368 2317 2483 
3 2451 2368 2483 
3 1390 1467 1429 
3 1467 1468 1429 
3 1468 1467 1551 
3 602 601 712 
3 578 601 602 
3 631 711 601 
3 711 712 601 
3 712 713 602 
3 2690 2586 2787 
3 2689 2787 2586 
3 2787 2917 2690 
3 2917 2918 2690 
3 2583 2658 2584 
3 2658 2689 2584 
3 2585 2584 2689 
3 2586 2585 2689 
3 3092 3065 3120 
3 3011 3065 3092 
3 3120 3145 3092 
3 3145 3146 3092 
3 3012 3011 3092 
3 2979 3011 3012 
3 3092 3093 3012 
3 3035 3012 3093 
3 2803 2775 2824 
3 2776 2775 2803 
3 2823 2824 2775 
3 2709 2775 2743 
3 2775 2776 2743 
3 297 371 347 
3 371 444 347 
3 418 347 444 
3 3087 3006 3139 
3 2755 3006 3087 
3 3139 3262 3087 
3 2715 2834 2755 
3 2834 3006 2755 
3 2916 2755 3087 
3 2685 2755 2916 
3 3331 3332 3282 
3 3283 3282 3332 
3 3309 3283 3332 
3 3332 3333 3309 
3 3281 3331 3282 
3 3331 3359 3332 
3 3359 3360 3332 
3 3090 3141 3115 
3 3141 3177 3115 
3 3177 3141 3316 
3 3142 3115 3177 
3 3293 3373 3316 
3 3373 3374 3316 
3 3208 3293 3316 
3 3141 3208 3316 
3 3372 3373 3293 
3 1157 1039 1190 
3 1040 1039 1157 
3 1101 1040 1157 
3 1041 1040 1101 
3 1157 1158 1101 
3 2401 2428 2402 
3 2428 2429 2402 
3 2428 2460 2429 
3 2460 2495 2429 
3 133 173 134 
3 173 201 134 
3 135 134 201 
3 201 220 135 
3 685 710 631 
3 710 711 631 
3 1398 1435 1316 
3 1276 1316 1435 
3 1317 1276 1435 
3 1435 1436 1317 
3 158 63 167 
3 64 63 158 
3 158 167 195 
3 88 167 63 
3 44 63 9 
3 10 9 63 
3 26 10 63 
3 63 64 26 
3 2210 2209 2314 
3 670 704 671 
3 704 734 671 
3 671 734 705 
3 734 735 705 
3 313 314 277 
3 278 277 314 
3 507 556 508 
3 556 557 508 
3 509 508 557 
3 1942 1974 1943 
3 1974 2001 1943 
3 1975 1943 2001 
3 942 975 910 
3 943 910 975 
3 975 976 943 
3 2007 2065 1982 
3 2042 1982 2065 
3 1983 1982 2042 
3 2008 1983 2042 
3 2065 2064 2100 
3 2007 2064 2065 
3 2100 2099 2125 
3 2064 2099 2100 
3 296 311 272 
3 2508 2507 2653 
3 2474 2507 2508 
3 2653 2507 2685 
3 2542 2508 2653 
3 25 46 5 
3 6 5 46 
3 46 61 6 
3 61 62 6 
3 62 61 153 
3 153 61 202 
3 120 62 153 
3 2714 2713 2753 
3 2618 2713 2714 
3 2753 2754 2714 
3 802 718 865 
3 745 718 802 
3 864 865 744 
3 718 744 865 
3 832 802 865 
3 865 905 832 
3 905 906 832 
3 3159 3160 3102 
3 3074 3102 3160 
3 3160 3161 3074 
3 3075 3074 3161 
3 323 291 343 
3 268 291 323 
3 308 268 323 
3 323 324 308 
3 207 291 268 
3 206 291 207 
3 208 207 268 
3 2815 2814 2843 
3 2794 2814 2815 
3 2697 2814 2725 
3 2794 2725 2814 
3 2765 2725 2794 
3 2400 2399 2427 
3 2349 2399 2400 
3 2626 2693 2662 
3 2693 2694 2662 
3 2694 2693 2759 
3 94 95 72 
3 86 72 95 
3 95 106 86 
3 54 72 47 
3 1317 1436 1399 
3 1436 1474 1399 
3 1474 1513 1399 
3 1513 1514 1399 
3 1437 1399 1514 
3 2652 2651 2748 
3 2467 2651 2652 
3 2748 2747 2779 
3 2681 2747 2748 
3 2651 2681 2748 
3 2748 2749 2652 
3 719 746 693 
3 745 746 719 
3 1939 2027 1971 
3 1998 1971 2027 
3 2027 2028 1998 
3 789 788 822 
3 764 788 789 
3 734 788 735 
3 764 735 788 
3 3058 3136 3113 
3 3136 3137 3113 
3 3112 3136 3058 
3 3086 3058 3113 
3 3137 3138 3113 
3 3085 3112 2973 
3 2974 2973 3112 
3 3058 2974 3112 
3 2636 2559 2668 
3 2599 2559 2636 
3 2524 2559 2599 
3 2560 2524 2599 
3 2525 2524 2560 
3 1078 1046 1105 
3 957 1046 1078 
3 1020 957 1078 
3 2376 2375 2405 
3 2355 2375 2376 
3 2404 2431 2405 
3 2431 2432 2405 
3 2375 2404 2405 
3 707 823 766 
3 823 850 766 
3 850 851 766 
3 851 852 766 
3 791 766 852 
3 1661 1660 1729 
3 1626 1660 1661 
3 1554 1660 1555 
3 1626 1555 1660 
3 1593 1555 1626 
3 707 766 676 
3 738 676 766 
3 677 676 738 
3 3176 3208 3141 
3 3037 3152 3038 
3 3152 3189 3038 
3 3070 3038 3189 
3 3189 3190 3070 
3 3013 3069 3037 
3 3069 3123 3037 
3 3123 3152 3037 
3 1172 1226 1173 
3 1226 1255 1173 
3 1205 1173 1255 
3 1255 1256 1205 
3 1376 1377 1337 
3 1295 1337 1377 
3 1338 1295 1377 
3 1512 1557 1398 
3 1435 1398 1557 
3 1557 1558 1435 
3 1474 1435 1558 
3 47 6 62 
3 2151 2150 2219 
3 2115 2150 2151 
3 2218 2219 2150 
3 2219 2220 2151 
3 2114 2150 2115 
3 168 159 196 
3 183 168 196 
3 196 216 183 
3 128 127 146 
3 81 127 128 
3 2970 3000 2971 
3 3000 3029 2971 
3 2971 3029 3001 
3 3029 3030 3001 
3 3224 3252 3225 
3 3252 3282 3225 
3 3282 3283 3225 
3 3226 3225 3283 
3 1531 1580 1452 
3 1491 1452 1580 
3 1580 1581 1491 
3 1531 1579 1580 
3 749 748 774 
3 722 748 749 
3 721 748 722 
3 774 773 805 
3 748 773 774 
3 805 806 774 
3 1263 1299 1264 
3 1299 1300 1264 
3 1299 1340 1300 
3 1340 1380 1300 
3 2566 2605 2567 
3 2605 2606 2567 
3 2531 2566 2567 
3 2532 2531 2567 
3 104 122 105 
3 122 140 105 
3 561 538 582 
3 539 538 561 
3 951 984 952 
3 984 985 952 
3 1040 1041 984 
3 985 984 1041 
3 794 858 795 
3 826 795 858 
3 2142 2143 2075 
3 2076 2075 2143 
3 2143 2144 2076 
3 2077 2076 2144 
3 2539 2575 2540 
3 2575 2615 2540 
3 2540 2615 2576 
3 2615 2616 2576 
3 1919 1958 1920 
3 1958 1989 1920 
3 1891 1920 1989 
3 459 434 483 
3 410 434 459 
3 483 513 459 
3 484 459 513 
3 565 610 586 
3 610 640 586 
3 522 565 586 
3 640 641 586 
3 641 642 586 
3 1213 1271 1214 
3 1271 1311 1214 
3 1310 1311 1271 
3 3002 3003 2946 
3 2947 2946 3003 
3 2948 2947 3003 
3 3085 3084 3171 
3 3003 3084 3085 
3 3030 3084 3002 
3 3003 3002 3084 
3 2945 3002 2946 
3 1010 1009 1037 
3 949 1009 1010 
3 947 1009 948 
3 949 948 1009 
3 1037 1009 1070 
3 1037 1070 1129 
3 2792 2763 2813 
3 2723 2763 2792 
3 1420 1380 1459 
3 1341 1380 1420 
3 1341 1300 1380 
3 724 751 696 
3 751 752 696 
3 725 696 752 
3 639 696 725 
3 2813 2896 2792 
3 2895 2896 2813 
3 2871 2792 2896 
3 2793 2792 2871 
3 2871 2872 2793 
3 2764 2793 2872 
3 2753 2831 2781 
3 2831 2832 2781 
3 2780 2831 2753 
3 2754 2753 2781 
3 3096 3154 3155 
3 3095 3154 3096 
3 3097 3096 3155 
3 525 470 546 
3 471 470 525 
3 470 590 546 
3 590 591 546 
3 589 590 470 
3 710 771 711 
3 771 796 711 
3 796 797 711 
3 712 711 797 
3 2801 2851 2820 
3 2851 2902 2820 
3 2902 2851 2935 
3 2852 2820 2902 
3 2902 2937 2852 
3 2937 2938 2852 
3 2903 2852 2938 
3 2821 2820 2852 
3 2802 2820 2821 
3 14 21 15 
3 21 31 15 
3 30 31 21 
3 31 53 15 
3 52 53 38 
3 31 38 53 
3 32 15 53 
3 1078 1137 1079 
3 1137 1163 1079 
3 1163 1164 1079 
3 1106 1079 1164 
3 1020 1078 1079 
3 21 12 30 
3 13 12 21 
3 37 27 50 
3 30 27 37 
3 12 27 30 
3 26 49 27 
3 49 50 27 
3 3116 3143 3117 
3 3143 3144 3117 
3 3063 3116 3117 
3 3064 3063 3117 
3 2380 2436 2412 
3 2436 2437 2412 
3 2470 2436 2505 
3 2437 2436 2470 
3 1350 1428 1388 
3 1428 1507 1388 
3 1507 1548 1388 
3 1548 1549 1388 
3 1389 1388 1549 
3 1549 1548 1658 
3 1657 1658 1548 
3 118 197 171 
3 197 261 171 
3 217 261 231 
3 261 262 231 
3 217 171 261 
3 91 149 118 
3 149 197 118 
3 84 117 91 
3 117 149 91 
3 90 117 77 
3 84 77 117 
3 2682 2683 2579 
3 2505 2579 2683 
3 2683 2684 2505 
3 2469 2579 2505 
3 2468 2579 2469 
3 2436 2469 2505 
3 1804 1904 1835 
3 1904 1938 1835 
3 1937 1938 1904 
3 1871 1835 1938 
3 1938 1939 1871 
3 1797 1869 1765 
3 1829 1765 1869 
3 1732 1765 1829 
3 1869 1898 1829 
3 237 208 252 
3 178 208 237 
3 237 238 178 
3 209 178 238 
3 145 178 155 
3 178 209 155 
3 144 178 145 
3 1898 1899 1829 
3 1899 1898 1967 
3 1967 2179 1899 
3 2024 2179 1967 
3 1900 1899 2179 
3 2179 2283 1900 
3 2146 1900 2283 
3 1968 1900 2146 
3 2111 1968 2146 
3 1997 1968 2111 
3 2252 2146 2283 
3 385 340 409 
3 304 340 385 
3 341 304 385 
3 304 290 340 
3 221 290 304 
3 321 384 340 
3 384 407 340 
3 290 321 340 
3 203 250 221 
3 250 290 221 
3 3296 3337 3189 
3 3214 3189 3337 
3 3320 3214 3337 
3 3337 3296 3381 
3 1166 1439 1320 
3 1439 1516 1320 
3 1440 1320 1516 
3 1336 1415 1376 
3 1415 1416 1376 
3 1416 1415 1454 
3 306 341 322 
3 341 387 322 
3 386 387 341 
3 305 341 306 
3 360 322 387 
3 456 505 506 
3 431 456 506 
3 599 600 506 
3 600 599 682 
3 2690 2788 2659 
3 2718 2659 2788 
3 2625 2659 2718 
3 128 194 112 
3 182 112 194 
3 194 193 214 
3 181 193 194 
3 128 181 194 
3 48 128 112 
3 1195 1194 1216 
3 1105 1194 1195 
3 1104 1194 1105 
3 1137 1105 1195 
3 1078 1105 1137 
3 1140 1222 1108 
3 1222 1244 1108 
3 1198 1108 1244 
3 2179 2145 2211 
3 2079 2145 2179 
3 2024 2079 2179 
3 3071 3070 3190 
3 3190 3189 3214 
3 1310 1309 1354 
3 1271 1309 1310 
3 1354 1353 1392 
3 1309 1353 1354 
3 911 943 912 
3 943 976 912 
3 871 911 912 
3 976 1005 912 
3 977 912 1005 
3 1308 1212 1351 
3 1190 1212 1308 
3 1351 1390 1308 
3 1352 1308 1390 
3 1390 1391 1352 
3 1390 1429 1391 
3 1429 1430 1391 
3 1840 1908 1875 
3 1908 1909 1875 
3 1908 1941 1909 
3 1941 1942 1909 
3 1811 1840 1875 
3 1442 1480 1443 
3 1480 1520 1443 
3 1443 1520 1481 
3 1520 1521 1481 
3 1287 1330 1288 
3 1330 1369 1288 
3 1331 1288 1369 
3 350 373 351 
3 373 374 351 
3 397 398 373 
3 374 373 398 
3 375 399 353 
3 376 353 399 
3 399 400 376 
3 669 670 618 
3 648 618 670 
3 670 671 648 
3 2920 2977 2921 
3 2955 2921 2977 
3 2977 2978 2955 
3 1502 1543 1461 
3 1503 1461 1543 
3 1644 1685 1645 
3 1685 1686 1645 
3 1714 1685 1749 
3 1686 1685 1714 
3 1749 1750 1714 
3 1684 1749 1685 
3 1215 1240 1193 
3 1240 1273 1193 
3 1273 1274 1193 
3 24 2 40 
3 3 2 24 
3 40 69 24 
3 68 69 40 
3 69 70 24 
3 35 24 70 
3 93 68 103 
3 69 68 93 
3 103 133 93 
3 133 134 93 
3 1740 1835 1805 
3 1835 1836 1805 
3 1804 1835 1740 
3 1741 1740 1805 
3 1739 1804 1740 
3 1986 2009 1987 
3 2009 2045 1987 
3 2045 2070 1987 
3 2010 1987 2070 
3 2070 2102 2010 
3 2102 2103 2010 
3 2071 2010 2103 
3 2011 2010 2071 
3 97 109 98 
3 109 144 98 
3 144 145 98 
3 125 98 145 
3 110 98 125 
3 108 144 109 
3 3050 3049 3106 
3 3022 3049 3050 
3 3105 3106 3049 
3 3106 3107 3050 
3 1629 1560 1668 
3 1438 1560 1629 
3 1561 1438 1629 
3 2839 2862 2788 
3 2789 2788 2862 
3 2718 2788 2789 
3 2862 2922 2789 
3 2789 2922 2863 
3 2922 2923 2863 
3 2862 2955 2922 
3 2955 2979 2922 
3 1392 1391 1431 
3 1353 1391 1392 
3 1431 1430 1470 
3 1391 1430 1431 
3 2473 2472 2506 
3 2381 2472 2473 
3 2361 2381 2473 
3 2382 2361 2473 
3 2440 2382 2473 
3 2362 2383 2335 
3 2363 2335 2383 
3 2383 2475 2363 
3 2441 2475 2383 
3 2384 2363 2475 
3 304 305 251 
3 266 251 305 
3 161 200 173 
3 200 235 173 
3 201 173 235 
3 235 249 201 
3 1549 1622 1508 
3 1591 1508 1622 
3 1550 1508 1591 
3 2957 2956 3067 
3 2864 2956 2957 
3 2890 2864 2957 
3 3036 3067 2956 
3 3067 3068 2957 
3 3013 2957 3068 
3 2981 2957 3013 
3 3068 3069 3013 
3 1493 1453 1532 
3 1413 1453 1493 
3 1414 1413 1493 
3 1415 1414 1493 
3 1532 1582 1493 
3 1648 1532 1691 
3 1582 1532 1648 
3 1794 1863 1825 
3 1863 1895 1825 
3 2177 2178 2055 
3 2110 2055 2178 
3 254 240 309 
3 2473 2507 2440 
3 2440 2507 2474 
3 691 718 745 
3 719 691 745 
3 692 691 719 
3 2663 2662 2694 
3 2627 2662 2663 
3 2694 2719 2663 
3 2719 2720 2663 
3 2443 2583 2477 
3 2583 2584 2477 
3 2511 2477 2584 
3 2584 2585 2511 
3 717 744 718 
3 801 863 744 
3 863 864 744 
3 716 801 744 
3 2545 2657 2583 
3 2657 2658 2583 
3 2656 2657 2545 
3 1256 1255 1291 
3 2549 2695 2516 
3 2695 2868 2516 
3 2760 2811 2695 
3 2811 2868 2695 
3 2895 2870 2927 
3 2813 2870 2895 
3 2812 2870 2813 
3 1243 1220 1319 
3 1197 1220 1243 
3 1047 1197 1243 
3 1220 1438 1319 
3 1401 1319 1438 
3 1279 1438 1220 
3 740 1047 1243 
3 1344 1384 1345 
3 1384 1385 1345 
3 1423 1384 1461 
3 1385 1384 1423 
3 2668 2700 2636 
3 2700 2668 2728 
3 1112 1113 1058 
3 1113 1114 1086 
3 202 203 153 
3 189 153 203 
3 162 153 189 
3 174 162 189 
3 79 136 61 
3 136 202 61 
3 202 136 265 
3 71 62 120 
3 1057 1111 1024 
3 1111 1112 1024 
3 1170 1171 1111 
3 1112 1111 1171 
3 1058 1024 1112 
3 1387 1427 1349 
3 1427 1428 1349 
3 1350 1349 1428 
3 2677 2647 2708 
3 2612 2647 2677 
3 2611 2647 2612 
3 2613 2612 2677 
3 2613 2677 2648 
3 2677 2678 2648 
3 724 723 750 
3 695 723 724 
3 696 695 724 
3 750 749 775 
3 723 749 750 
3 3264 3177 3316 
3 3178 3177 3264 
3 3179 3178 3264 
3 3316 3374 3264 
3 3374 3375 3264 
3 3238 3179 3264 
3 3180 3179 3238 
3 3144 3179 3180 
3 3264 3265 3238 
3 3312 3363 3313 
3 3335 3313 3363 
3 3363 3364 3335 
3 3311 3334 3312 
3 3334 3363 3312 
3 1810 1840 1811 
3 1777 1811 1875 
3 2592 2627 2593 
3 2627 2663 2593 
3 2594 2593 2663 
3 1048 1167 1049 
3 1167 1221 1049 
3 1168 1049 1221 
3 1221 1323 1168 
3 1322 1323 1221 
3 1222 1168 1323 
3 1323 1356 1222 
3 1244 1222 1356 
3 579 510 602 
3 511 510 579 
3 602 632 579 
3 632 602 657 
3 2240 2333 2198 
3 2304 2198 2333 
3 2199 2198 2304 
3 2200 2199 2304 
3 2274 2200 2304 
3 2168 2200 2274 
3 1614 1650 1615 
3 1650 1695 1615 
3 1695 1694 1723 
3 1650 1694 1695 
3 1651 1615 1695 
3 895 894 959 
3 824 894 895 
3 959 960 895 
3 520 519 564 
3 465 519 520 
3 466 465 521 
3 520 521 465 
3 2345 2371 2322 
3 2288 2322 2371 
3 2323 2288 2371 
3 3156 3155 3191 
3 1356 1357 1244 
3 1357 1356 1478 
3 206 175 223 
3 176 175 206 
3 177 176 206 
3 205 223 175 
3 3315 3289 3367 
3 3259 3289 3315 
3 3258 3289 3259 
3 3260 3259 3315 
3 547 526 567 
3 527 526 547 
3 668 731 617 
3 731 786 617 
3 786 731 816 
3 647 617 786 
3 761 647 786 
3 617 567 668 
3 547 567 617 
3 568 547 617 
3 548 547 568 
3 274 298 242 
3 275 242 298 
3 229 242 275 
3 355 501 455 
3 501 502 455 
3 502 503 455 
3 503 504 455 
3 500 501 355 
3 2022 2077 1995 
3 2077 2078 1995 
3 2023 1995 2078 
3 588 613 589 
3 613 643 589 
3 644 643 665 
3 614 643 644 
3 614 589 643 
3 2628 2696 2629 
3 2696 2723 2629 
3 2723 2696 2763 
3 2630 2629 2723 
3 1158 1213 1214 
3 1311 1312 1214 
3 408 482 409 
3 434 409 482 
3 482 483 434 
3 482 407 511 
3 408 407 482 
3 407 510 511 
3 693 694 637 
3 607 582 637 
3 184 217 198 
3 217 231 198 
3 231 246 198 
3 218 198 246 
3 900 935 862 
3 901 862 935 
3 2503 2578 2504 
3 2578 2651 2504 
3 2467 2504 2651 
3 147 168 114 
3 148 114 168 
3 168 169 148 
3 169 170 148 
3 147 159 168 
3 101 131 114 
3 131 147 114 
3 3270 3299 3191 
3 3271 3191 3299 
3 177 206 207 
3 344 343 364 
3 323 343 344 
3 291 223 307 
3 206 223 291 
3 311 329 272 
3 273 272 329 
3 297 273 329 
3 329 371 297 
3 509 557 480 
3 557 577 480 
3 577 578 480 
3 481 480 578 
3 3083 3084 3057 
3 3029 3057 3084 
3 3028 3057 3029 
3 3030 3029 3084 
3 3171 3170 3258 
3 3084 3170 3171 
3 3257 3288 3170 
3 3258 3170 3288 
3 3232 3171 3258 
3 3257 3314 3288 
3 3314 3366 3288 
3 3288 3289 3258 
3 1762 1729 1794 
3 1661 1729 1762 
3 1699 1661 1762 
3 1762 1763 1699 
3 2961 2989 2898 
3 2932 2898 2989 
3 3020 3021 2989 
3 2932 2989 3021 
3 2933 2932 3021 
3 3021 3020 3048 
3 774 806 775 
3 806 836 775 
3 807 775 836 
3 2138 2107 2171 
3 2052 2107 2138 
3 2170 2171 2107 
3 2171 2172 2138 
3 2072 2107 2052 
3 2138 2139 2053 
3 2951 3005 3032 
3 2914 3005 2915 
3 2951 2915 3005 
3 2860 2950 2914 
3 2950 3004 2914 
3 3004 3005 2914 
3 1109 1281 1245 
3 1281 1358 1245 
3 1054 1281 1109 
3 1223 1109 1245 
3 1082 1109 1223 
3 1141 1082 1223 
3 1053 1198 1054 
3 1198 1281 1054 
3 2480 2446 2514 
3 2447 2446 2480 
3 2514 2548 2480 
3 2515 2480 2548 
3 2548 2594 2515 
3 2549 2515 2594 
3 389 438 363 
3 438 439 363 
3 414 363 439 
3 364 363 414 
3 365 364 414 
3 1433 1511 1434 
3 1511 1512 1434 
3 1397 1434 1512 
3 1512 1511 1595 
3 1595 1627 1512 
3 3048 3020 3128 
3 3127 3128 3103 
3 3047 3103 3128 
3 3020 3047 3128 
3 3104 3048 3128 
3 1623 1624 1592 
3 1551 1592 1624 
3 1552 1551 1624 
3 1624 1625 1552 
3 1553 1552 1625 
3 1984 2008 1985 
3 2008 2043 1985 
3 1905 1972 1906 
3 1940 1906 1972 
3 969 996 1060 
3 2906 2907 2880 
3 2825 2856 2880 
3 2826 2825 2880 
3 871 872 807 
3 808 807 872 
3 837 808 872 
3 872 873 837 
3 1236 1235 1264 
3 1210 1235 1236 
3 1183 1210 1236 
3 1182 1210 1183 
3 1184 1183 1236 
3 3172 3204 3173 
3 3204 3205 3173 
3 3204 3234 3205 
3 3234 3261 3205 
3 2926 3016 2927 
3 3016 3017 2927 
3 3017 3016 3040 
3 218 246 263 
3 2444 2547 2445 
3 2547 2590 2445 
3 2418 2445 2590 
3 2590 2626 2418 
3 2591 2418 2626 
3 2626 2590 2661 
3 2446 2418 2591 
3 2342 2418 2446 
3 2316 2342 2446 
3 2661 2693 2626 
3 2439 2472 2381 
3 252 253 237 
3 208 268 252 
3 268 269 252 
3 2344 2391 2345 
3 2391 2392 2345 
3 2392 2393 2345 
3 2371 2345 2393 
3 2221 2220 2288 
3 2949 3003 2973 
3 3003 3085 2973 
3 2379 2410 2334 
3 2410 2411 2334 
3 2380 2334 2411 
3 2275 2334 2380 
3 3103 3075 3161 
3 3076 3075 3103 
3 3103 3161 3127 
3 2173 2278 2207 
3 2278 2310 2207 
3 2310 2311 2207 
3 2247 2207 2311 
3 2073 2053 2139 
3 2172 2173 2138 
3 2139 2138 2173 
3 1841 1877 1842 
3 1877 1910 1842 
3 1878 1842 1910 
3 122 139 140 
3 190 222 154 
3 222 190 236 
3 790 926 823 
3 926 957 823 
3 890 823 957 
3 927 890 957 
3 2951 3006 2834 
3 546 591 567 
3 591 616 567 
3 616 646 567 
3 646 668 567 
3 2660 2625 2718 
3 2625 2624 2659 
3 2587 2624 2625 
3 156 155 209 
3 126 155 156 
3 127 126 156 
3 146 127 156 
3 467 468 392 
3 468 469 392 
3 2563 2640 2564 
3 2604 2564 2640 
3 2640 2641 2604 
3 2641 2640 2672 
3 2730 2731 2671 
3 2640 2671 2731 
3 2731 2732 2640 
3 2672 2640 2732 
3 134 135 93 
3 1373 1372 1453 
3 1334 1372 1373 
3 1412 1491 1372 
3 1491 1492 1372 
3 1453 1372 1492 
3 1452 1491 1412 
3 1698 1728 1624 
3 1625 1624 1728 
3 1659 1625 1728 
3 1554 1625 1659 
3 1744 1777 1745 
3 1777 1778 1745 
3 1778 1777 1812 
3 1875 1876 1777 
3 1841 1777 1876 
3 1812 1777 1841 
3 852 891 791 
3 853 791 891 
3 738 791 739 
3 791 853 739 
3 1075 1134 1044 
3 1134 1135 1044 
3 1045 1044 1135 
3 1751 1816 1782 
3 1816 1847 1782 
3 1847 1848 1782 
3 1817 1782 1848 
3 1848 1849 1817 
3 83 89 76 
3 89 90 76 
3 1875 1909 1876 
3 1909 1943 1876 
3 1943 1944 1876 
3 1877 1876 1944 
3 362 361 388 
3 342 361 362 
3 388 389 362 
3 1156 1129 1189 
3 1130 1129 1156 
3 1189 1270 1156 
3 1268 1269 1238 
3 1188 1238 1269 
3 1211 1238 1188 
3 1189 1188 1269 
3 1269 1270 1189 
3 303 338 288 
3 320 288 338 
3 338 339 320 
3 1554 1553 1625 
3 1510 1553 1554 
3 979 1007 944 
3 944 1007 980 
3 1007 1008 980 
3 2232 2268 2233 
3 2268 2299 2233 
3 2269 2233 2299 
3 2277 2278 2246 
3 2277 2309 2278 
3 2309 2362 2278 
3 2335 2278 2362 
3 2310 2278 2335 
3 1085 1110 1055 
3 1056 1055 1110 
3 1133 1134 1075 
3 925 956 888 
3 889 888 956 
3 956 1019 889 
3 926 889 1019 
3 849 889 926 
3 2931 2961 2873 
3 2898 2873 2961 
3 2816 2873 2898 
3 2796 2816 2898 
3 2846 2796 2898 
3 2767 2727 2796 
3 2728 2727 2767 
3 2668 2727 2728 
3 2727 2816 2796 
3 2337 2336 2414 
3 2280 2336 2337 
3 2414 2385 2476 
3 2336 2385 2414 
3 317 357 301 
3 357 427 301 
3 427 740 301 
3 411 410 459 
3 459 460 411 
3 435 411 460 
3 1611 1646 1612 
3 1646 1687 1612 
3 1687 1688 1612 
3 1647 1612 1688 
3 639 585 696 
3 610 585 639 
3 661 696 609 
3 585 609 696 
3 2631 2724 2632 
3 2697 2632 2724 
3 2724 2764 2697 
3 50 51 37 
3 479 506 600 
3 2786 2838 2787 
3 2838 2889 2787 
3 2888 2889 2838 
3 2889 2917 2787 
3 2211 2315 2179 
3 2315 2367 2179 
3 2367 2388 2179 
3 2388 2417 2179 
3 2417 2479 2179 
3 160 118 171 
3 59 118 160 
3 63 44 88 
3 172 132 187 
3 150 132 172 
3 119 187 132 
3 923 987 924 
3 987 1015 924 
3 1015 1016 924 
3 988 924 1016 
3 475 495 476 
3 495 530 476 
3 476 530 496 
3 530 550 496 
3 477 476 496 
3 699 698 755 
3 611 698 699 
3 755 780 699 
3 756 699 780 
3 754 755 698 
3 3171 3232 3202 
3 3232 3259 3202 
3 3202 3259 3233 
3 3259 3260 3233 
3 1281 1442 1358 
3 1442 1443 1358 
3 1403 1358 1443 
3 1443 1444 1403 
3 1442 1402 1517 
3 1281 1402 1442 
3 1517 1402 1564 
3 797 798 712 
3 742 712 798 
3 798 799 742 
3 3124 3094 3153 
3 3072 3094 3124 
3 3153 3215 3124 
3 3154 3124 3215 
3 3215 3244 3154 
3 3244 3245 3154 
3 3246 3272 3216 
3 3246 3322 3272 
3 3300 3272 3322 
3 2180 2146 2252 
3 2252 2253 2180 
3 2253 2252 2340 
3 2339 2340 2252 
3 2340 2341 2253 
3 151 188 152 
3 188 234 152 
3 234 188 248 
3 200 152 234 
3 161 152 200 
3 1051 1052 991 
3 959 991 1052 
3 960 959 1052 
3 1052 1051 1108 
3 1108 1051 1140 
3 2175 2208 2176 
3 2208 2247 2176 
3 2247 2279 2176 
3 2177 2176 2248 
3 2108 2140 2109 
3 2140 2176 2109 
3 2109 2176 2177 
3 1632 1735 1670 
3 1735 1800 1670 
3 1800 1735 1931 
3 1736 1670 1800 
3 995 1024 1058 
3 1025 995 1058 
3 2628 2629 2553 
3 2554 2553 2629 
3 2629 2630 2554 
3 2484 2553 2554 
3 2421 2484 2554 
3 3060 2916 3292 
3 3060 3292 3235 
3 3292 3371 3235 
3 3291 3292 3087 
3 2916 3087 3292 
3 3244 3243 3297 
3 3215 3243 3244 
3 3243 3338 3297 
3 3338 3339 3297 
3 2510 2476 2582 
3 2582 2622 2510 
3 2544 2510 2622 
3 2622 2623 2544 
3 2358 2333 2435 
3 2304 2333 2358 
3 2127 2167 2128 
3 2167 2197 2128 
3 2129 2128 2197 
3 2197 2239 2129 
3 2130 2129 2239 
3 2239 2240 2130 
3 2131 2130 2240 
3 2198 2131 2240 
3 1727 1792 1698 
3 1792 1824 1698 
3 1824 1862 1698 
3 1728 1698 1793 
3 1793 1698 1862 
3 407 384 481 
3 481 510 407 
3 359 384 321 
3 1606 1679 1641 
3 1679 1680 1641 
3 1680 1679 1711 
3 794 930 858 
3 930 931 858 
3 769 930 794 
3 930 857 1054 
3 769 857 930 
3 825 857 768 
3 682 768 857 
3 600 682 857 
3 769 600 857 
3 655 600 769 
3 555 600 655 
3 866 907 867 
3 907 939 867 
3 940 939 971 
3 908 939 940 
3 908 867 939 
3 833 866 867 
3 707 651 737 
3 652 651 707 
3 790 823 737 
3 707 737 823 
3 675 737 651 
3 1136 1275 1194 
3 1275 1316 1194 
3 1194 1316 1276 
3 1216 1194 1276 
3 1627 1595 1665 
3 1664 1665 1595 
3 1663 1664 1594 
3 1595 1594 1664 
3 1230 1231 1176 
3 1177 1176 1231 
3 1207 1177 1231 
3 1231 1232 1207 
3 1861 1893 1894 
3 197 281 261 
3 281 299 261 
3 280 281 245 
3 197 245 281 
3 299 315 261 
3 315 335 261 
3 1807 1837 1808 
3 1837 1873 1808 
3 1808 1873 1838 
3 1873 1874 1838 
3 750 775 807 
3 751 750 807 
3 807 808 751 
3 752 751 808 
3 917 948 918 
3 948 949 918 
3 879 917 918 
3 880 879 918 
3 405 404 555 
3 265 404 405 
3 479 555 404 
3 507 405 555 
3 555 479 600 
3 555 576 507 
3 3052 3051 3107 
3 3107 3130 3052 
3 3108 3052 3130 
3 521 520 565 
3 2961 3019 2989 
3 3019 3020 2989 
3 3020 3019 3047 
3 3064 3065 2977 
3 3011 2977 3065 
3 2978 2977 3011 
3 3065 3064 3091 
3 3063 3064 2919 
3 2977 2919 3064 
3 3091 3119 3065 
3 3119 3120 3065 
3 2314 2315 2210 
3 2211 2210 2315 
3 285 284 402 
3 238 239 209 
3 224 209 239 
3 1659 1728 1660 
3 1728 1729 1660 
3 1729 1728 1761 
3 523 566 524 
3 566 587 524 
3 587 566 662 
3 491 524 587 
3 66 118 59 
3 816 844 817 
3 844 886 817 
3 817 886 845 
3 886 887 845 
3 2144 2211 2145 
3 1270 1306 1349 
3 1307 1270 1349 
3 2827 2828 2779 
3 2748 2779 2828 
3 2828 2859 2748 
3 2749 2748 2859 
3 2829 2749 2859 
3 2859 2884 2829 
3 2884 2913 2829 
3 2758 2789 2863 
3 2790 2758 2863 
3 3079 3109 3080 
3 3109 3134 3080 
3 3134 3135 3080 
3 3055 3079 3080 
3 3025 3055 3080 
3 3024 3055 3025 
3 3234 3233 3260 
3 3203 3233 3234 
3 3260 3290 3234 
3 3261 3234 3290 
3 3264 3375 3294 
3 3375 3376 3294 
3 3336 3294 3376 
3 3321 3298 3341 
3 3270 3298 3321 
3 3299 3270 3321 
3 191 156 210 
3 165 156 191 
3 211 210 225 
3 191 210 211 
3 209 210 156 
3 1758 1891 1959 
3 1791 1891 1654 
3 1758 1654 1891 
3 1859 1920 1891 
3 1989 2048 1891 
3 2048 2134 1891 
3 815 785 982 
3 760 785 815 
3 1011 1038 950 
3 982 950 1038 
3 785 950 982 
3 919 815 982 
3 883 815 919 
3 919 920 883 
3 982 983 919 
3 951 919 983 
3 3049 3048 3104 
3 1766 1900 1702 
3 1596 1702 1900 
3 1559 1596 1900 
3 1831 1559 1900 
3 1767 1559 1831 
3 1560 1559 1767 
3 1900 1968 1831 
3 1831 1968 1901 
3 1668 1560 1767 
3 3162 3249 3220 
3 3249 3276 3220 
3 3194 3249 3162 
3 3195 3162 3220 
3 3276 3306 3220 
3 3277 3220 3306 
3 2893 3094 2983 
3 3072 2983 3094 
3 94 105 95 
3 105 141 95 
3 140 141 105 
3 123 95 141 
3 106 95 123 
3 343 342 362 
3 291 342 343 
3 362 363 343 
3 628 767 681 
3 767 792 681 
3 628 598 767 
3 1491 1581 1492 
3 1532 1492 1581 
3 1581 1691 1532 
3 1581 1718 1691 
3 1718 1719 1691 
3 1843 1912 1844 
3 1912 1913 1844 
3 1913 1912 1980 
3 49 73 50 
3 73 74 50 
3 51 50 74 
3 1655 1726 1656 
3 1726 1759 1656 
3 1657 1656 1759 
3 3083 3170 3084 
3 45 56 16 
3 33 16 56 
3 56 57 33 
3 57 58 33 
3 39 33 58 
3 402 428 302 
3 428 429 302 
3 286 302 429 
3 318 286 429 
3 429 430 318 
3 285 402 302 
3 29 34 1 
3 2 1 34 
3 2762 2763 2696 
3 2763 2762 2812 
3 2812 2813 2763 
3 2310 2335 2311 
3 2335 2363 2311 
3 2279 2311 2363 
3 2759 2840 2719 
3 2810 2719 2840 
3 2720 2719 2810 
3 2618 2682 2579 
3 1978 1977 2002 
3 1946 1977 1978 
3 1878 1946 1978 
3 177 207 164 
3 261 335 300 
3 335 356 300 
3 300 356 336 
3 356 379 336 
3 282 261 300 
3 2845 2873 2816 
3 762 820 763 
3 788 763 820 
3 820 821 788 
3 2351 2372 2326 
3 2352 2326 2372 
3 2372 2373 2352 
3 2719 2694 2759 
3 2354 2375 2329 
3 2355 2329 2375 
3 1643 1609 1683 
3 1576 1609 1643 
3 1575 1609 1576 
3 1577 1576 1643 
3 1608 1642 1609 
3 1642 1682 1609 
3 1682 1683 1609 
3 2042 2067 2008 
3 2043 2008 2067 
3 2067 2068 2043 
3 1178 1207 1179 
3 1207 1233 1179 
3 1208 1179 1233 
3 1426 1465 1427 
3 1465 1506 1427 
3 1506 1507 1427 
3 1428 1427 1507 
3 2679 2711 2649 
3 2680 2649 2711 
3 2711 2712 2680 
3 1073 1074 1013 
3 1014 1013 1074 
3 1043 1014 1074 
3 316 300 336 
3 3211 3210 3266 
3 3182 3210 3211 
3 3211 3294 3267 
3 3294 3336 3267 
3 3239 3266 3210 
3 3266 3294 3211 
3 3209 3239 3210 
3 1928 1995 1929 
3 1966 1929 1995 
3 1995 1996 1966 
3 1269 1268 1305 
3 1304 1347 1305 
3 1347 1348 1305 
3 1268 1304 1305 
3 2162 2193 2163 
3 2193 2236 2163 
3 2163 2236 2194 
3 2236 2237 2194 
3 694 693 720 
3 638 637 694 
3 1675 1708 1676 
3 1708 1709 1676 
3 1708 1774 1709 
3 1774 1775 1709 
3 3323 3347 3301 
3 3347 3348 3301 
3 3324 3301 3348 
3 348 395 331 
3 372 331 395 
3 349 331 372 
3 1793 1863 1761 
3 1794 1761 1863 
3 1729 1761 1794 
3 619 618 648 
3 569 618 619 
3 648 649 619 
3 3377 3378 3317 
3 3318 3317 3378 
3 2332 2407 2273 
3 2303 2273 2407 
3 2407 2408 2303 
3 2333 2303 2408 
3 2378 2407 2332 
3 2302 2332 2272 
3 2273 2272 2332 
3 2357 2378 2332 
3 2378 2434 2407 
3 2434 2466 2407 
3 612 700 663 
3 700 612 729 
3 613 612 663 
3 729 730 700 
3 612 613 588 
3 1631 1769 1598 
3 1769 1799 1598 
3 7 36 8 
3 36 42 8 
3 42 43 8 
3 9 8 43 
3 272 273 182 
3 256 182 273 
3 166 182 256 
3 73 129 74 
3 113 74 129 
3 75 74 113 
3 82 75 113 
3 64 158 73 
3 129 73 158 
3 64 73 49 
3 56 84 78 
3 84 91 78 
3 77 84 45 
3 56 45 84 
3 3319 3380 3296 
3 3380 3381 3296 
3 3379 3380 3319 
3 697 639 725 
3 640 639 697 
3 641 640 697 
3 725 726 697 
3 2867 2958 2892 
3 2958 3014 2892 
3 2958 3038 3014 
3 3038 3070 3014 
3 264 284 285 
3 3090 3115 3010 
3 3063 3010 3115 
3 3115 3116 3063 
3 2917 3010 2918 
3 3010 3063 2918 
3 313 243 333 
3 277 243 313 
3 101 82 113 
3 113 131 101 
3 481 578 510 
3 578 602 510 
3 657 602 713 
3 1791 1757 1858 
3 1725 1757 1791 
3 1790 1857 1757 
3 1857 1858 1757 
3 1858 1859 1791 
3 2371 2395 2323 
3 2395 2396 2323 
3 2346 2323 2396 
3 2396 2397 2346 
3 1628 1667 1558 
3 1513 1558 1667 
3 1667 1702 1513 
3 1514 1513 1702 
3 1557 1628 1558 
3 1767 1768 1668 
3 1734 1668 1768 
3 1669 1668 1734 
3 745 803 746 
3 802 803 745 
3 1961 1960 1991 
3 1860 1960 1961 
3 1990 1991 1960 
3 1991 1992 1961 
3 315 355 335 
3 2147 2112 2214 
3 2147 2148 2025 
3 2026 2025 2148 
3 2080 2026 2148 
3 1910 1946 1878 
3 1947 1878 1978 
3 1911 1878 1947 
3 1879 1878 1911 
3 1978 1979 1947 
3 677 739 626 
3 678 626 739 
3 739 853 678 
3 679 678 853 
3 853 1047 679 
3 597 626 552 
3 553 552 626 
3 626 678 553 
3 627 553 678 
3 1984 1983 2008 
3 1951 1983 1984 
3 1952 1951 1984 
3 2147 2214 2148 
3 2214 2320 2148 
3 2285 2320 2214 
3 2254 2148 2320 
3 2319 2343 2285 
3 2320 2285 2343 
3 34 40 2 
3 518 583 563 
3 583 584 563 
3 542 583 518 
3 519 518 563 
3 2020 2110 2075 
3 2110 2141 2075 
3 2141 2142 2075 
3 1550 1592 1467 
3 1551 1467 1592 
3 202 303 288 
3 265 303 202 
3 250 202 288 
3 2274 2305 2241 
3 2305 2334 2241 
3 2275 2241 2334 
3 555 655 576 
3 629 576 655 
3 556 507 576 
3 2982 3013 3037 
3 576 630 556 
3 577 556 630 
3 557 556 577 
3 1948 1913 1980 
3 1980 2005 1948 
3 2005 2006 1948 
3 836 870 807 
3 870 871 807 
3 220 265 136 
3 135 220 136 
3 309 326 254 
3 295 254 326 
3 186 232 187 
3 219 187 232 
3 232 264 219 
3 2041 2040 2063 
3 2005 2040 2041 
3 2097 2098 2040 
3 2063 2040 2098 
3 1658 1657 1760 
3 1760 1759 1860 
3 1657 1759 1760 
3 702 647 761 
3 787 786 818 
3 761 786 787 
3 811 879 880 
3 811 780 879 
3 3283 3309 3253 
3 3284 3253 3309 
3 3309 3310 3284 
3 805 835 806 
3 835 869 806 
3 836 806 869 
3 2312 2364 2313 
3 1163 1137 1195 
3 1195 1217 1163 
3 1217 1218 1163 
3 1068 1097 1069 
3 1097 1127 1069 
3 1069 1127 1098 
3 1127 1128 1098 
3 1812 1841 1813 
3 1841 1842 1813 
3 2225 2262 2226 
3 2262 2294 2226 
3 2226 2294 2263 
3 2294 2295 2263 
3 3061 3088 3033 
3 3062 3033 3088 
3 3088 3089 3062 
3 802 832 803 
3 832 866 803 
3 833 803 866 
3 818 819 787 
3 1974 1973 2000 
3 1941 1973 1974 
3 2000 2032 1974 
3 2032 2033 1974 
3 1289 1290 1225 
3 1226 1225 1290 
3 1255 1226 1290 
3 1889 1888 1917 
3 1853 1888 1889 
3 1852 1888 1853 
3 1917 1956 1889 
3 1956 1957 1889 
3 1890 1889 1957 
3 969 968 996 
3 937 968 969 
3 904 937 969 
3 905 904 969 
3 2149 2215 2182 
3 2215 2255 2182 
3 2182 2255 2216 
3 2255 2256 2216 
3 2081 2181 2082 
3 2181 2215 2082 
3 2149 2082 2215 
3 2236 2271 2237 
3 2271 2302 2237 
3 2237 2302 2272 
3 2623 2622 2655 
3 2292 2348 2325 
3 2348 2349 2325 
3 2291 2348 2292 
3 2348 2399 2349 
3 2347 2348 2290 
3 2291 2290 2348 
3 3341 3342 3321 
3 2239 2197 2303 
3 2197 2273 2303 
3 2238 2273 2197 
3 3366 3367 3288 
3 3335 3365 3314 
3 3365 3366 3314 
3 772 831 801 
3 831 902 801 
3 902 936 801 
3 863 801 936 
3 903 863 936 
3 638 694 661 
3 694 695 661 
3 694 722 695 
3 722 723 695 
3 437 438 413 
3 389 413 438 
3 388 413 389 
3 141 176 177 
3 142 141 164 
3 123 141 142 
3 164 141 177 
3 2460 2531 2495 
3 2531 2532 2495 
3 2187 2186 2225 
3 2186 2261 2225 
3 2261 2262 2225 
3 2224 2261 2186 
3 2307 2381 2308 
3 2361 2308 2381 
3 2242 2307 2308 
3 2243 2242 2308 
3 2203 2202 2243 
3 2169 2202 2203 
3 2136 2169 2203 
3 2202 2242 2243 
3 987 986 1014 
3 922 986 987 
3 2631 2630 2723 
3 2723 2724 2631 
3 2724 2723 2793 
3 2792 2793 2723 
3 2764 2724 2793 
3 2739 2772 2773 
3 2130 2131 2069 
3 2045 2069 2131 
3 2070 2045 2131 
3 2109 2177 2054 
3 2055 2054 2177 
3 172 188 150 
3 151 150 188 
3 2750 2829 2751 
3 2829 2830 2751 
3 2652 2750 2751 
3 2617 2652 2751 
3 2713 2617 2751 
3 2618 2617 2713 
3 2884 2949 2913 
3 2949 2973 2913 
3 2912 2949 2884 
3 3256 3257 3201 
3 3170 3201 3257 
3 60 119 67 
3 102 67 119 
3 119 60 186 
3 186 187 119 
3 927 957 1020 
3 2321 2344 2345 
3 551 573 499 
3 454 499 573 
3 500 454 573 
3 573 596 500 
3 595 625 573 
3 596 573 625 
3 2446 2591 2514 
3 2591 2592 2514 
3 2514 2593 2548 
3 2593 2594 2548 
3 2592 2593 2514 
3 513 537 484 
3 485 484 537 
3 461 485 486 
3 560 605 537 
3 605 606 537 
3 2833 2915 2951 
3 2832 2915 2833 
3 2834 2833 2951 
3 562 582 607 
3 561 582 562 
3 583 562 607 
3 1266 1267 1186 
3 1187 1186 1267 
3 1237 1187 1267 
3 1127 1126 1187 
3 1097 1126 1127 
3 1126 1186 1187 
3 584 583 609 
3 608 638 609 
3 638 661 609 
3 583 608 609 
3 108 143 144 
3 2102 2131 2198 
3 3318 3378 3295 
3 3378 3379 3295 
3 3319 3295 3379 
3 3268 3295 3241 
3 3242 3241 3295 
3 3151 3241 3242 
3 3187 3241 3151 
3 3188 3151 3242 
3 3268 3318 3295 
3 1357 1402 1244 
3 1198 1244 1402 
3 1281 1198 1402 
3 978 1033 1006 
3 1033 1034 1006 
3 1005 1033 977 
3 978 977 1033 
3 1634 1600 1671 
3 1477 1600 1634 
3 1478 1477 1634 
3 1671 1739 1634 
3 2276 2201 2306 
3 1135 1193 1076 
3 1136 1076 1193 
3 1193 1274 1136 
3 1274 1275 1136 
3 2452 2422 2485 
3 2390 2422 2452 
3 318 337 249 
3 319 249 337 
3 287 318 235 
3 249 235 318 
3 337 318 380 
3 220 249 319 
3 1400 1318 1437 
3 1219 1318 1400 
3 1437 1596 1400 
3 1533 1583 1534 
3 1583 1615 1534 
3 1584 1534 1615 
3 1884 1951 1952 
3 1883 1951 1884 
3 1885 1884 1952 
3 1180 1181 1120 
3 1121 1120 1181 
3 1181 1182 1121 
3 1122 1121 1182 
3 1250 1285 1251 
3 1285 1328 1251 
3 1329 1328 1366 
3 1286 1328 1329 
3 1286 1251 1328 
3 1366 1367 1329 
3 611 586 642 
3 543 586 611 
3 642 698 611 
3 216 245 183 
3 197 183 245 
3 170 183 197 
3 169 183 170 
3 2431 2498 2464 
3 2498 2499 2464 
3 2106 2137 2107 
3 2137 2170 2107 
3 2194 2237 2195 
3 2237 2272 2195 
3 2195 2272 2238 
3 2272 2273 2238 
3 2058 2059 2029 
3 1730 1699 1763 
3 1873 1905 1906 
3 2799 2818 2768 
3 2800 2768 2818 
3 279 280 260 
3 245 260 280 
3 244 260 215 
3 216 215 260 
3 245 216 260 
3 1404 1484 1405 
3 1484 1485 1405 
3 1446 1405 1485 
3 1485 1486 1446 
3 2576 2616 2577 
3 2616 2650 2577 
3 2578 2577 2650 
3 2650 2651 2578 
3 1537 1536 1585 
3 1497 1536 1537 
3 1585 1536 1616 
3 2984 2927 3017 
3 2895 2927 2984 
3 2959 3016 2926 
3 1988 2011 1918 
3 2011 2012 1918 
3 1958 1918 2012 
3 2012 2013 1958 
3 1890 1988 1918 
3 593 651 652 
3 623 651 593 
3 2360 2409 2379 
3 2409 2468 2379 
3 2410 2379 2468 
3 2359 2409 2360 
3 1307 1388 1212 
3 1388 1389 1212 
3 1351 1212 1389 
3 1212 1156 1307 
3 1100 1156 1212 
3 1072 1100 1212 
3 1350 1388 1307 
3 1718 1785 1719 
3 1753 1719 1785 
3 1784 1819 1785 
3 1819 1851 1785 
3 1851 1852 1785 
3 1718 1784 1785 
3 1111 1202 1170 
3 1202 1251 1170 
3 1251 1252 1170 
3 1203 1170 1252 
3 1201 1202 1110 
3 1111 1110 1202 
3 2408 2407 2503 
3 2503 2504 2408 
3 2466 2541 2407 
3 2503 2407 2541 
3 2078 2145 2079 
3 1921 1758 1959 
3 1726 1758 1921 
3 544 543 611 
3 1265 1236 1300 
3 1185 1236 1265 
3 1300 1341 1265 
3 2894 2869 2925 
3 2841 2869 2894 
3 2842 2841 2894 
3 360 412 361 
3 388 361 412 
3 412 413 388 
3 413 412 437 
3 436 462 437 
3 462 463 437 
3 412 436 437 
3 3324 3349 3302 
3 3348 3349 3324 
3 3157 3191 3271 
3 3158 3157 3271 
3 3246 3158 3271 
3 1375 1415 1336 
3 2034 2035 2001 
3 1975 2001 2035 
3 1976 1975 2035 
3 2035 2034 2061 
3 2092 2091 2118 
3 2034 2091 2092 
3 2061 2034 2092 
3 2118 2117 2156 
3 2091 2117 2118 
3 2155 2156 2117 
3 2188 2155 2227 
3 2156 2155 2188 
3 2193 2161 2234 
3 2162 2161 2193 
3 2122 2161 2162 
3 2123 2122 2162 
3 3146 3147 3092 
3 3093 3092 3147 
3 3147 3148 3093 
3 3066 3093 3148 
3 337 403 319 
3 403 404 319 
3 404 403 479 
3 403 431 506 
3 479 403 506 
3 654 709 682 
3 709 768 682 
3 768 709 793 
3 1862 1923 1924 
3 1793 1862 1924 
3 2976 3009 2889 
3 2917 2889 3009 
3 3009 3010 2917 
3 1294 1293 1336 
3 1227 1293 1294 
3 1293 1375 1336 
3 1335 1375 1293 
3 1228 1227 1294 
3 1229 1228 1294 
3 2074 2073 2108 
3 2018 2073 2074 
3 1934 1903 2080 
3 1834 1903 1934 
3 2026 2080 1903 
3 2080 2081 1934 
3 254 255 228 
3 1717 1752 1718 
3 1752 1783 1718 
3 1783 1784 1718 
3 2285 2214 2318 
3 2890 2957 2891 
3 2957 2981 2891 
3 2981 2982 2891 
3 2924 2891 2982 
3 678 679 627 
3 502 501 552 
3 1072 1190 1039 
3 1072 1212 1190 
3 1390 1351 1466 
3 1466 1467 1390 
3 357 379 427 
3 336 379 357 
3 517 518 464 
3 439 464 518 
3 438 464 439 
3 440 439 518 
3 518 517 542 
3 3240 3211 3267 
3 3212 3211 3240 
3 3336 3377 3267 
3 3317 3267 3377 
3 78 118 66 
3 2414 2510 2442 
3 2510 2544 2442 
3 2544 2545 2442 
3 314 378 279 
3 280 279 378 
3 355 280 378 
3 299 355 315 
3 280 355 281 
3 299 281 355 
3 279 278 314 
3 3270 3245 3298 
3 3297 3298 3245 
3 1543 1544 1503 
3 1588 1543 1618 
3 1544 1543 1588 
3 51 52 38 
3 980 1008 981 
3 1008 1009 981 
3 1008 1036 1009 
3 1036 1070 1009 
3 2623 2688 2656 
3 2688 2757 2656 
3 2716 2656 2757 
3 2686 2756 2687 
3 2688 2687 2756 
3 2756 2757 2688 
3 2350 2351 2294 
3 2295 2294 2351 
3 2326 2295 2351 
3 596 653 597 
3 626 597 653 
3 2337 2338 2281 
3 2282 2281 2338 
3 2312 2282 2338 
3 3110 3080 3135 
3 2941 2942 2906 
3 2701 2797 2730 
3 2797 2798 2730 
3 2798 2799 2730 
3 2731 2730 2799 
3 2152 2153 2087 
3 2088 2087 2153 
3 2153 2154 2088 
3 2089 2088 2154 
3 705 735 706 
3 735 764 706 
3 706 764 736 
3 764 765 736 
3 528 529 473 
3 494 473 529 
3 733 763 734 
3 763 788 734 
3 2124 2164 2099 
3 2125 2099 2164 
3 2164 2165 2125 
3 1162 1215 1193 
3 1161 1215 1162 
3 247 264 285 
3 220 319 265 
3 319 404 265 
3 303 265 405 
3 338 303 405 
3 1166 1167 1022 
3 1048 1022 1167 
3 1022 892 1166 
3 854 892 1022 
3 2896 2895 2984 
3 713 742 686 
3 742 743 686 
3 799 800 742 
3 743 742 800 
3 714 686 743 
3 687 686 714 
3 772 743 800 
3 3128 3194 3104 
3 3162 3104 3194 
3 1525 1524 1574 
3 1483 1524 1525 
3 1574 1573 1607 
3 1524 1573 1574 
3 1618 1619 1588 
3 1619 1618 1697 
3 1619 1697 1655 
3 1697 1726 1655 
3 1038 1072 982 
3 1039 982 1072 
3 653 677 626 
3 965 995 966 
3 995 1025 966 
3 174 190 163 
3 2987 3046 2988 
3 3018 2988 3046 
3 3046 3074 3018 
3 1147 1146 1175 
3 1116 1146 1147 
3 1060 1116 1147 
3 202 250 203 
3 493 527 418 
3 473 418 527 
3 527 528 473 
3 444 493 418 
3 472 493 444 
3 1514 1702 1596 
3 2261 2292 2262 
3 2292 2293 2262 
3 68 67 85 
3 34 67 68 
3 40 34 68 
3 0 60 29 
3 60 67 29 
3 34 29 67 
3 1 0 29 
3 2865 2890 2891 
3 2840 2865 2891 
3 1114 1172 1173 
3 1083 1082 1141 
3 513 512 536 
3 483 512 513 
3 251 221 304 
3 236 221 251 
3 190 221 236 
3 204 221 190 
3 174 204 190 
3 189 204 174 
3 3171 3202 3085 
3 3112 3085 3202 
3 3202 3203 3112 
3 3172 3112 3203 
3 3203 3204 3172 
3 683 741 684 
3 741 770 684 
3 685 684 770 
3 710 685 770 
3 770 771 710 
3 795 826 770 
3 771 770 826 
3 827 897 859 
3 347 418 330 
3 418 419 330 
3 348 330 419 
3 419 420 348 
3 740 679 1047 
3 627 679 740 
3 1166 1320 1167 
3 1320 1321 1167 
3 1280 1167 1321 
3 1221 1167 1280 
3 2507 2506 2619 
3 2473 2506 2507 
3 2619 2685 2507 
3 1701 1733 1667 
3 1733 1766 1667 
3 1702 1667 1766 
3 1938 2027 1939 
3 2070 2131 2102 
3 2714 2754 2682 
3 2754 2781 2682 
3 441 465 415 
3 121 154 139 
3 138 154 121 
3 3135 3169 3110 
3 3111 3110 3169 
3 3169 3170 3111 
3 382 406 358 
3 383 358 406 
3 171 217 184 
3 1776 1811 1777 
3 2998 2997 3025 
3 2968 2997 2998 
3 2997 3024 3025 
3 2967 2997 2968 
3 2500 2538 2501 
3 2538 2574 2501 
3 2501 2574 2539 
3 2574 2575 2539 
3 3074 3075 3018 
3 3019 3018 3075 
3 3075 3076 3019 
3 826 827 771 
3 2035 2036 1976 
3 1977 1976 2036 
3 2002 1977 2036 
3 1056 1110 1111 
3 1057 1056 1111 
3 1142 1169 1110 
3 1169 1200 1110 
3 1200 1201 1110 
3 2780 2751 2830 
3 2626 2662 2591 
3 2627 2591 2662 
3 2187 2226 2155 
3 2226 2227 2155 
3 1253 1254 1203 
3 1204 1203 1254 
3 1225 1204 1254 
3 913 912 977 
3 873 912 913 
3 977 978 913 
3 872 912 873 
3 1988 1987 2010 
3 1957 1987 1988 
3 1956 1987 1957 
3 3300 3323 3301 
3 2597 2635 2598 
3 2635 2667 2598 
3 2667 2668 2598 
3 2559 2598 2668 
3 2661 2758 2693 
3 2758 2790 2693 
3 2790 2791 2693 
3 2759 2693 2791 
3 179 165 191 
3 1394 1395 1313 
3 1314 1313 1395 
3 1315 1314 1395 
3 1395 1396 1315 
3 3105 3104 3162 
3 3106 3105 3162 
3 3193 3194 3128 
3 568 617 550 
3 617 647 550 
3 2974 3058 3004 
3 3031 3004 3058 
3 2950 2974 3004 
3 175 176 140 
3 141 140 176 
3 2474 2508 2475 
3 2441 2474 2475 
3 340 408 409 
3 969 1060 997 
3 1060 1061 997 
3 1061 1060 1089 
3 2750 2749 2829 
3 16 15 32 
3 2470 2505 2684 
3 2471 2470 2684 
3 2684 2715 2471 
3 1748 1814 1749 
3 1814 1843 1749 
3 1843 1814 1879 
3 416 392 470 
3 369 392 416 
3 392 469 470 
3 310 295 327 
3 296 295 310 
3 327 326 392 
3 295 326 327 
3 327 392 369 
3 393 369 416 
3 3273 3274 3219 
3 1703 1669 1734 
3 1668 1669 1629 
3 893 854 1022 
3 2492 2458 2529 
3 2398 2458 2492 
3 2528 2529 2458 
3 1466 1389 1508 
3 1351 1389 1466 
3 1389 1549 1508 
3 2306 2413 2276 
3 2307 2276 2413 
3 2381 2307 2413 
3 2413 2439 2381 
3 478 531 449 
3 450 449 531 
3 531 569 450 
3 569 570 450 
3 570 571 450 
3 451 450 571 
3 497 451 571 
3 497 592 572 
3 592 593 572 
3 571 592 497 
3 532 497 572 
3 80 87 55 
3 3130 3196 3131 
3 3196 3197 3131 
3 3164 3131 3197 
3 111 155 126 
3 3262 3291 3087 
3 3032 3139 3006 
3 3262 3139 3369 
3 3369 3370 3262 
3 3291 3262 3370 
3 1127 1187 1128 
3 1187 1211 1128 
3 1188 1128 1211 
3 32 45 16 
3 157 180 128 
3 180 181 128 
3 2685 2916 2653 
3 2408 2467 2333 
3 2435 2333 2467 
3 275 276 229 
3 195 229 276 
3 258 195 276 
3 158 195 258 
3 1659 1660 1554 
3 166 112 182 
3 406 458 383 
3 384 383 458 
3 458 481 384 
3 1381 1421 1382 
3 1421 1422 1382 
3 1421 1500 1422 
3 1500 1501 1422 
3 1501 1502 1422 
3 1461 1422 1502 
3 1939 1971 1905 
3 1971 1998 1905 
3 2241 2168 2274 
3 1969 2025 1932 
3 2025 2026 1932 
3 1933 1932 2026 
3 2385 2509 2476 
3 2509 2543 2476 
3 2384 2509 2385 
3 1011 1071 1038 
3 1071 1072 1038 
3 1072 1071 1100 
3 841 950 785 
3 1022 1048 893 
3 1048 1049 893 
3 855 893 1049 
3 1049 1050 855 
3 856 855 1050 
3 856 1050 991 
3 1050 1051 991 
3 894 856 991 
3 2047 2105 2048 
3 2105 2133 2048 
3 2133 2134 2048 
3 46 35 79 
3 25 35 46 
3 2049 1959 2135 
3 298 348 331 
3 275 298 331 
3 276 275 331 
3 312 276 331 
3 636 635 690 
3 606 635 636 
3 690 717 636 
3 717 718 636 
3 691 636 718 
3 1640 1679 1606 
3 1572 1640 1606 
3 1571 1640 1572 
3 1291 1334 1256 
3 1292 1256 1334 
3 657 658 632 
3 686 657 713 
3 2938 2939 2903 
3 2309 2361 2382 
3 2362 2309 2382 
3 1393 1471 1432 
3 1471 1555 1432 
3 1471 1554 1555 
3 1931 1969 1800 
3 1932 1800 1969 
3 1651 1696 1652 
3 1696 1725 1652 
3 1653 1652 1725 
3 1725 1791 1653 
3 907 970 939 
3 970 998 939 
3 939 998 971 
3 998 999 971 
3 1274 1273 1315 
3 1315 1396 1274 
3 1396 1397 1274 
3 935 965 901 
3 800 862 901 
3 3269 3296 3189 
3 3188 3242 3152 
3 3242 3269 3152 
3 3189 3152 3269 
3 2930 2897 2960 
3 2843 2897 2930 
3 2960 2987 2930 
3 2987 2988 2930 
3 857 1053 1054 
3 960 1053 857 
3 3205 3261 3206 
3 3261 3369 3206 
3 3139 3206 3369 
3 3289 3288 3367 
3 2555 2631 2632 
3 49 26 64 
3 1697 1758 1726 
3 2983 3072 3015 
3 3039 3015 3072 
3 3072 3095 3039 
3 3095 3072 3124 
3 365 414 366 
3 414 441 366 
3 415 366 441 
3 390 366 415 
3 267 307 223 
3 1077 1104 1105 
3 1136 1194 1104 
3 2867 2868 2811 
3 2695 2663 2760 
3 2594 2663 2695 
3 2594 2695 2549 
3 2720 2760 2663 
3 3337 3382 3320 
3 3382 3383 3320 
3 2973 2974 2913 
3 2950 2913 2974 
3 3114 3139 3032 
3 2587 2546 2624 
3 2479 2546 2587 
3 2513 2479 2587 
3 2546 2690 2624 
3 2659 2624 2690 
3 1494 1493 1533 
3 1454 1493 1494 
3 1533 1493 1582 
3 2990 3022 2962 
3 2991 2962 3022 
3 3130 3107 3163 
3 3130 3131 3108 
3 3077 3052 3108 
3 662 611 699 
3 566 611 662 
3 662 729 612 
3 587 662 612 
3 3043 3100 3044 
3 3100 3158 3044 
3 3157 3158 3100 
3 3126 3044 3158 
3 2947 2948 2911 
3 2949 2948 3003 
3 1242 1400 1279 
3 1400 1560 1279 
3 1559 1560 1400 
3 1438 1279 1560 
3 1100 1099 1131 
3 1071 1099 1100 
3 1011 1099 1071 
3 1131 1156 1100 
3 2327 2326 2352 
3 2296 2326 2327 
3 2264 2326 2265 
3 2296 2265 2326 
3 2398 2492 2427 
3 2492 2493 2427 
3 2459 2427 2493 
3 2493 2494 2459 
3 2735 2770 2736 
3 2770 2771 2736 
3 2770 2801 2771 
3 2801 2820 2771 
3 59 58 66 
3 39 58 59 
3 28 39 59 
3 923 922 987 
3 2155 2090 2187 
3 2117 2090 2155 
3 3009 3090 3010 
3 248 233 285 
3 826 897 827 
3 1020 1021 927 
3 958 927 1021 
3 928 927 958 
3 1844 1845 1749 
3 1815 1749 1845 
3 1781 1749 1815 
3 1750 1749 1781 
3 1843 1844 1749 
3 2545 2623 2656 
3 2544 2623 2545 
3 1768 1798 1734 
3 3022 3050 2991 
3 3050 3051 2991 
3 2963 2962 2991 
3 2962 2933 2990 
3 2901 2933 2962 
3 1218 1219 1164 
3 1138 1164 1219 
3 1139 1138 1219 
3 1163 1218 1164 
3 2400 2401 2350 
3 2351 2350 2401 
3 2372 2351 2401 
3 2401 2402 2372 
3 1818 1850 1819 
3 1850 1886 1819 
3 1819 1886 1851 
3 1886 1887 1851 
3 964 1057 1024 
3 332 352 333 
3 352 375 333 
3 374 375 352 
3 3339 3340 3297 
3 3298 3297 3340 
3 3340 3341 3298 
3 1706 1707 1673 
3 1674 1673 1707 
3 1635 1673 1674 
3 1636 1635 1674 
3 1834 1934 1803 
3 1934 1935 1803 
3 1904 1803 1935 
3 1804 1803 1904 
3 1862 1894 1923 
3 2705 2706 2643 
3 2644 2643 2706 
3 2675 2644 2706 
3 1710 1745 1679 
3 1711 1679 1745 
3 2706 2739 2675 
3 2675 2739 2707 
3 2739 2740 2707 
3 1487 1576 1527 
3 1576 1577 1527 
3 1486 1576 1487 
3 1643 1644 1577 
3 3279 3308 3280 
3 3308 3330 3280 
3 3330 3331 3280 
3 3281 3280 3331 
3 818 817 845 
3 786 817 818 
3 887 886 924 
3 3123 3122 3151 
3 3069 3122 3123 
3 3068 3122 3069 
3 898 962 933 
3 962 963 933 
3 2461 2429 2495 
3 2495 2496 2461 
3 2136 2204 2137 
3 2170 2137 2204 
3 2204 2205 2170 
3 150 151 102 
3 92 102 151 
3 151 152 92 
3 2680 2712 2681 
3 2712 2747 2681 
3 1925 1963 1863 
3 1863 1793 1925 
3 1924 1925 1793 
3 43 44 9 
3 2472 2471 2619 
3 2439 2471 2472 
3 2619 2471 2715 
3 2715 2755 2619 
3 564 585 565 
3 585 610 565 
3 2922 2979 3012 
3 2513 2547 2444 
3 590 589 615 
3 614 615 589 
3 407 408 340 
3 728 729 662 
3 276 312 258 
3 312 332 258 
3 2589 2590 2547 
3 2590 2589 2660 
3 2660 2691 2590 
3 2691 2692 2590 
3 129 130 113 
3 3107 3106 3129 
3 3108 3131 3077 
3 3131 3164 3077 
3 3132 3077 3164 
3 2408 2504 2467 
3 2033 2091 2034 
3 346 327 369 
3 2996 3053 3023 
3 3053 3054 3023 
3 2995 3053 2996 
3 3053 3078 3054 
3 88 112 166 
3 166 167 88 
3 1801 1800 1932 
3 1932 1933 1801 
3 1802 1801 1933 
3 262 261 282 
3 110 125 111 
3 125 155 111 
3 793 824 768 
3 824 825 768 
3 855 856 792 
3 708 792 856 
3 793 708 856 
3 709 708 793 
3 681 792 708 
3 1143 1172 1114 
3 822 849 789 
3 790 789 849 
3 849 926 790 
3 257 274 241 
3 3344 3345 3271 
3 3246 3271 3345 
3 3322 3246 3345 
3 3345 3346 3322 
3 2930 2988 2931 
3 2988 3018 2931 
3 3018 3019 2931 
3 2961 2931 3019 
3 729 728 758 
3 757 783 728 
3 783 784 728 
3 758 728 784 
3 983 982 1039 
3 2980 2922 3012 
3 3012 3035 2980 
3 3036 3035 3066 
3 2980 3035 3036 
3 2956 2980 3036 
3 1112 1171 1143 
3 1171 1172 1143 
3 1172 1171 1204 
3 70 79 35 
3 61 46 79 
3 79 70 135 
3 93 135 70 
3 135 136 79 
3 87 80 96 
3 96 97 87 
3 2669 2636 2700 
3 460 461 435 
3 387 411 435 
3 386 411 387 
3 412 387 435 
3 1933 2026 1903 
3 1460 1499 1540 
3 1586 1540 1654 
3 1500 1460 1540 
3 1421 1460 1500 
3 1540 1541 1500 
3 2868 2867 2892 
3 2866 2958 2867 
3 2924 2958 2866 
3 282 283 262 
3 282 300 283 
3 300 316 283 
3 767 854 893 
3 792 767 893 
3 1269 1306 1270 
3 2839 2690 2918 
3 2918 2919 2839 
3 2788 2690 2839 
3 1961 1992 1993 
3 1893 1961 1993 
3 1962 1893 1993 
3 3287 3314 3257 
3 1214 1312 1239 
3 1272 1239 1313 
3 2178 2251 2110 
3 2250 2251 2178 
3 2209 2110 2251 
3 2141 2110 2209 
3 1903 1802 1933 
3 2986 3043 3044 
3 1924 1994 1925 
3 1963 1925 1994 
3 2614 2648 2615 
3 2648 2679 2615 
3 2615 2679 2649 
3 827 859 796 
3 828 796 859 
3 859 860 828 
3 1086 1087 1026 
3 1027 1026 1087 
3 1059 1027 1087 
3 1087 1088 1059 
3 821 820 848 
3 847 888 848 
3 888 889 848 
3 820 847 848 
3 875 876 810 
3 270 293 271 
3 293 325 271 
3 839 811 880 
3 880 881 839 
3 1158 1159 1101 
3 1102 1101 1159 
3 1132 1102 1159 
3 2257 2321 2258 
3 2321 2322 2258 
3 2322 2321 2345 
3 2655 2688 2623 
3 1232 1260 1233 
3 1260 1296 1233 
3 1233 1296 1261 
3 1296 1297 1261 
3 1910 1877 1945 
3 1944 1945 1877 
3 1945 1946 1910 
3 1294 1337 1258 
3 1295 1258 1337 
3 1730 1764 1700 
3 1731 1700 1764 
3 1796 1764 1828 
3 1731 1764 1796 
3 1199 1141 1223 
3 1169 1141 1199 
3 1223 1247 1199 
3 1247 1248 1199 
3 1733 1830 1766 
3 1830 1899 1766 
3 1899 1900 1766 
3 521 565 522 
3 543 522 586 
3 531 550 647 
3 1340 1419 1380 
3 1419 1458 1380 
3 1458 1459 1380 
3 1061 1089 1029 
3 1089 1118 1029 
3 1062 1029 1118 
3 1118 1150 1062 
3 1119 1062 1150 
3 1090 1062 1119 
3 1150 1151 1119 
3 2419 2316 2446 
3 2213 2316 2419 
3 2389 2213 2419 
3 2446 2447 2419 
3 2447 2448 2419 
3 1252 1253 1203 
3 3235 3236 3140 
3 3207 3140 3236 
3 3176 3140 3207 
3 3088 3235 3140 
3 3060 3235 3061 
3 3088 3061 3235 
3 3236 3235 3263 
3 1219 1218 1278 
3 1278 1318 1219 
3 266 305 306 
3 267 266 306 
3 262 283 246 
3 231 262 246 
3 716 715 772 
3 689 715 716 
3 772 801 716 
3 2692 2789 2758 
3 2426 2458 2398 
3 2399 2398 2427 
3 1823 1760 1860 
3 1860 1893 1823 
3 2990 2933 3021 
3 2899 2932 2900 
3 2932 2933 2900 
3 349 350 312 
3 332 312 350 
3 350 351 332 
3 1697 1654 1758 
3 1586 1654 1697 
3 3244 3297 3245 
3 108 107 124 
3 96 107 108 
3 124 143 108 
3 1564 1479 1601 
3 1402 1479 1564 
3 1158 1157 1213 
3 1360 1482 1404 
3 1482 1483 1404 
3 1482 1524 1483 
3 1445 1482 1360 
3 1648 1649 1582 
3 1559 1400 1596 
3 1479 1478 1634 
3 1601 1479 1634 
3 1323 1476 1356 
3 1476 1477 1356 
3 1356 1477 1478 
3 2198 2199 2102 
3 2132 2102 2199 
3 2103 2102 2132 
3 2199 2200 2132 
3 999 998 1029 
3 630 656 577 
3 631 577 656 
3 601 577 631 
3 656 685 631 
3 2667 2727 2668 
3 800 799 862 
3 830 862 799 
3 831 800 901 
3 2729 2728 2767 
3 2700 2728 2729 
3 2767 2796 2729 
3 2228 2227 2264 
3 2188 2227 2228 
3 1342 1341 1381 
3 1265 1341 1342 
3 1266 1265 1342 
3 1438 1561 1401 
3 1515 1401 1561 
3 1561 1597 1515 
3 1597 1598 1515 
3 378 454 500 
3 780 781 756 
3 780 811 781 
3 811 812 781 
3 1616 1617 1585 
3 1584 1616 1536 
3 274 330 298 
3 330 348 298 
3 2785 2838 2786 
3 2018 2019 1924 
3 1994 1924 2019 
3 2386 2337 2414 
3 2338 2337 2386 
3 2248 2336 2280 
3 931 1082 992 
3 1082 1083 992 
3 1083 1084 992 
3 993 992 1084 
3 2588 2625 2589 
3 2625 2660 2589 
3 503 533 504 
3 533 553 504 
3 1147 1229 1176 
3 1229 1230 1176 
3 3216 3247 3192 
3 3192 3247 3217 
3 852 929 891 
3 929 958 891 
3 851 929 852 
3 958 989 891 
3 989 990 891 
3 307 306 322 
3 267 306 307 
3 1688 1689 1647 
3 1613 1612 1647 
3 2457 2425 2490 
3 2396 2425 2457 
3 2395 2425 2396 
3 2397 2396 2457 
3 2397 2457 2426 
3 2457 2458 2426 
3 876 915 877 
3 915 945 877 
3 877 945 916 
3 945 946 916 
3 2707 2741 2676 
3 2676 2741 2708 
3 2741 2742 2708 
3 2440 2441 2382 
3 2383 2382 2441 
3 2149 2183 2113 
3 2150 2113 2183 
3 382 338 405 
3 405 432 382 
3 432 433 382 
3 406 382 433 
3 3219 3248 3194 
3 3248 3249 3194 
3 2393 2394 2371 
3 1396 1395 1433 
3 1433 1434 1396 
3 2568 2607 2569 
3 2607 2644 2569 
3 2569 2644 2608 
3 2644 2645 2608 
3 2329 2355 2299 
3 2330 2299 2355 
3 3148 3149 3066 
3 3121 3066 3149 
3 3036 3066 3121 
3 2023 2079 2024 
3 2133 2241 2134 
3 2241 2275 2134 
3 2133 2168 2241 
3 2104 2168 2105 
3 2133 2105 2168 
3 1792 1760 1823 
3 1727 1760 1792 
3 2708 2742 2709 
3 2742 2775 2709 
3 236 251 222 
3 251 266 222 
3 266 267 222 
3 205 222 267 
3 223 205 267 
3 783 814 784 
3 814 841 784 
3 785 784 841 
3 882 950 841 
3 1206 1257 1227 
3 1257 1293 1227 
3 3213 3185 3240 
3 3186 3185 3213 
3 3149 3185 3186 
3 3240 3267 3213 
3 3267 3268 3213 
3 3241 3213 3268 
3 3118 3180 3119 
3 3180 3181 3119 
3 3180 3209 3181 
3 3209 3210 3181 
3 1633 1736 1704 
3 1736 1801 1704 
3 1801 1802 1704 
3 2722 2721 2761 
3 45 32 77 
3 3067 3036 3121 
3 3121 3150 3067 
3 3122 3067 3150 
3 3068 3067 3122 
3 2308 2361 2309 
3 2244 2308 2309 
3 2245 2244 2309 
3 2277 2245 2309 
3 1902 2284 2213 
3 2284 2316 2213 
3 2111 2212 1997 
3 2212 2284 1902 
3 1277 1317 1399 
3 1318 1277 1399 
3 1278 1277 1318 
3 187 219 172 
3 233 219 247 
3 62 71 47 
3 54 47 71 
3 71 104 54 
3 72 54 104 
3 104 71 121 
3 121 139 104 
3 122 104 139 
3 3122 3187 3151 
3 3150 3187 3122 
3 2819 2851 2801 
3 3164 3165 3132 
3 624 594 652 
3 595 594 624 
3 573 594 595 
3 573 551 594 
3 2352 2353 2327 
3 2352 2373 2353 
3 2373 2403 2353 
3 2403 2373 2429 
3 2429 2461 2403 
3 2461 2462 2403 
3 2139 2174 2073 
3 2174 2175 2073 
3 2140 2073 2175 
3 2108 2073 2140 
3 2175 2176 2140 
3 784 785 758 
3 234 287 200 
3 235 200 287 
3 286 287 234 
3 248 286 234 
3 1361 1404 1405 
3 170 197 149 
3 566 544 611 
3 545 544 566 
3 1563 1562 1704 
3 1475 1562 1563 
3 1441 1475 1563 
3 2919 2920 2839 
3 2920 2921 2839 
3 2862 2839 2921 
3 3303 3351 3304 
3 3325 3304 3351 
3 3351 3352 3325 
3 1829 1830 1732 
3 1733 1732 1830 
3 258 332 333 
3 230 244 215 
3 230 158 243 
3 129 158 230 
3 159 129 230 
3 243 158 258 
3 243 258 333 
3 1397 1512 1398 
3 1050 1049 1168 
3 2415 2477 2416 
3 2477 2511 2416 
3 2511 2512 2416 
3 2478 2416 2512 
3 2417 2416 2478 
3 2388 2416 2417 
3 2814 2897 2843 
3 2873 2843 2930 
3 2844 2843 2873 
3 2930 2931 2873 
3 1545 1589 1546 
3 1589 1590 1546 
3 1620 1621 1589 
3 1590 1589 1621 
3 1655 1656 1620 
3 1621 1620 1656 
3 1759 1726 1892 
3 1892 1726 1921 
3 1684 1748 1749 
3 1683 1748 1684 
3 2830 2860 2780 
3 2831 2780 2860 
3 2860 2914 2831 
3 1359 1360 1245 
3 1324 1245 1360 
3 1282 1245 1324 
3 1360 1404 1324 
3 1358 1359 1245 
3 3021 3049 2990 
3 138 137 154 
3 120 137 138 
3 1579 1578 1613 
3 1530 1578 1579 
3 1529 1578 1530 
3 1578 1612 1613 
3 661 695 696 
3 584 609 585 
3 779 780 755 
3 2468 2469 2410 
3 2411 2410 2469 
3 2436 2411 2469 
3 1469 1509 1470 
3 1509 1553 1470 
3 1470 1553 1510 
3 324 345 308 
3 674 675 621 
3 622 621 675 
3 651 622 675 
3 2360 2379 2334 
3 1926 1927 1864 
3 1865 1864 1927 
3 1896 1865 1927 
3 1448 1488 1449 
3 1488 1489 1449 
3 1527 1528 1488 
3 1489 1488 1528 
3 1462 1503 1463 
3 1503 1544 1463 
3 1463 1544 1504 
3 1544 1545 1504 
3 1185 1265 1186 
3 1265 1266 1186 
3 1155 1185 1186 
3 1184 1236 1185 
3 2065 2100 2066 
3 2100 2127 2066 
3 2127 2128 2066 
3 2067 2066 2128 
3 2485 2486 2452 
3 2520 2521 2485 
3 2486 2485 2521 
3 1349 1350 1307 
3 171 184 160 
3 185 184 198 
3 160 184 185 
3 884 954 885 
3 922 885 954 
3 954 986 922 
3 883 921 884 
3 921 954 884 
3 220 201 249 
3 2391 2424 2392 
3 2424 2455 2392 
3 1340 1339 1379 
3 1298 1339 1340 
3 1297 1339 1298 
3 1379 1419 1340 
3 3156 3191 3125 
3 3157 3125 3191 
3 2183 2218 2150 
3 36 7 48 
3 405 507 432 
3 507 508 432 
3 457 432 508 
3 508 509 457 
3 654 682 599 
3 2935 2936 2902 
3 2924 2982 2958 
3 2982 3037 2958 
3 3037 3038 2958 
3 2929 2986 3044 
3 2928 2986 2929 
3 2960 2929 3044 
3 2897 2929 2960 
3 3044 3045 2960 
3 2987 2960 3045 
3 65 51 75 
3 52 51 65 
3 53 52 65 
3 75 82 65 
3 2558 2598 2559 
3 98 99 87 
3 55 87 99 
3 81 55 99 
3 99 100 81 
3 2556 2518 2595 
3 2519 2518 2556 
3 2595 2518 2632 
3 2595 2697 2633 
3 2697 2725 2633 
3 2698 2633 2725 
3 2665 2633 2698 
3 2632 2697 2595 
3 1019 1046 926 
3 957 926 1046 
3 1077 1019 1104 
3 1046 1019 1077 
3 1076 1136 1019 
3 1104 1019 1136 
3 3165 3164 3198 
3 625 676 596 
3 653 596 676 
3 676 677 653 
3 1615 1651 1584 
3 1616 1584 1651 
3 1517 1518 1442 
3 1480 1442 1518 
3 1518 1519 1480 
3 1564 1565 1517 
3 1565 1566 1517 
3 1752 1751 1782 
3 1716 1751 1752 
3 2860 2913 2950 
3 2829 2913 2830 
3 2860 2830 2913 
3 2914 2915 2831 
3 2832 2831 2915 
3 1213 1190 1308 
3 1271 1213 1308 
3 1308 1309 1271 
3 2517 2551 2552 
3 1033 1067 1034 
3 1067 1068 1034 
3 1115 1114 1173 
3 1144 1115 1173 
3 541 562 542 
3 562 583 542 
3 387 412 360 
3 409 434 385 
3 410 385 434 
3 1031 1065 1003 
3 1004 1003 1065 
3 1032 1004 1065 
3 16 33 17 
3 22 17 33 
3 2682 2618 2714 
3 1970 2056 2027 
3 2056 2083 2027 
3 1938 1970 2027 
3 2027 2084 2057 
3 2084 2085 2057 
3 2083 2084 2027 
3 936 967 903 
3 903 967 937 
3 967 968 937 
3 2006 2041 2007 
3 2041 2064 2007 
3 1516 1632 1670 
3 1599 1516 1670 
3 91 118 78 
3 1654 1653 1791 
3 1219 1242 1139 
3 1242 1219 1400 
3 1080 1138 1081 
3 1138 1139 1081 
3 1107 1081 1139 
3 1785 1786 1753 
3 2888 2976 2889 
3 3008 3034 2976 
3 3009 2976 3034 
3 2422 2518 2519 
3 2370 2518 2422 
3 2485 2422 2519 
3 3306 3328 3277 
3 3328 3329 3277 
3 2075 2076 2021 
3 2022 2021 2076 
3 2076 2077 2022 
3 545 566 523 
3 2230 2267 2231 
3 2267 2298 2231 
3 2268 2231 2298 
3 1707 1742 1708 
3 1742 1773 1708 
3 1773 1774 1708 
3 1779 1842 1780 
3 1814 1780 1842 
3 1842 1878 1814 
3 1878 1879 1814 
3 1096 1126 1097 
3 374 398 375 
3 398 399 375 
3 3053 3052 3077 
3 2993 3052 2994 
3 3052 3053 2994 
3 2995 2994 3053 
3 1233 1261 1208 
3 1208 1261 1234 
3 1261 1262 1234 
3 3117 3144 3118 
3 3144 3180 3118 
3 946 981 947 
3 981 1009 947 
3 2605 2674 2606 
3 2643 2606 2674 
3 2674 2704 2643 
3 2704 2705 2643 
3 2642 2674 2605 
3 2068 2101 2069 
3 2101 2130 2069 
3 3181 3210 3182 
3 1004 1005 976 
3 1005 1004 1032 
3 489 517 464 
3 928 929 850 
3 851 850 929 
3 1781 1816 1751 
3 2983 3015 2959 
3 3015 3016 2959 
3 1950 1951 1882 
3 1883 1882 1951 
3 38 37 51 
3 1084 1085 993 
3 1055 993 1085 
3 1346 1385 1347 
3 1385 1424 1347 
3 1347 1424 1386 
3 1424 1425 1386 
3 428 402 534 
3 2055 2110 2020 
3 2951 3032 3006 
3 697 727 642 
3 698 642 727 
3 641 697 642 
3 1214 1239 1191 
3 1192 1191 1239 
3 419 418 473 
3 473 474 419 
3 119 132 102 
3 398 451 399 
3 451 452 399 
3 2306 2275 2380 
3 2380 2412 2306 
3 2923 2956 2863 
3 2864 2863 2956 
3 901 965 902 
3 965 966 902 
3 564 565 520 
3 1168 1222 1140 
3 1140 1050 1168 
3 1051 1050 1140 
3 2078 2079 2023 
3 1996 1995 2023 
3 2437 2470 2438 
3 2470 2471 2438 
3 1045 1135 1076 
3 816 731 842 
3 842 843 816 
3 843 844 816 
3 816 817 786 
3 842 731 883 
3 815 883 731 
3 883 884 842 
3 884 885 842 
3 731 701 815 
3 920 921 883 
3 467 491 468 
3 4 35 25 
3 4 24 35 
3 5 4 25 
3 1516 1599 1440 
3 233 247 285 
3 396 395 423 
3 372 395 396 
3 741 769 794 
3 2031 2060 2090 
3 2030 2060 2031 
3 2032 2031 2090 
3 2409 2358 2435 
3 1587 1697 1618 
3 1859 1891 1791 
3 767 680 854 
3 680 892 854 
3 1738 1834 1803 
3 1108 1198 1053 
3 2411 2436 2380 
3 1413 1373 1453 
3 435 461 436 
3 461 486 436 
3 436 486 462 
3 486 487 462 
3 1838 1874 1839 
3 1874 1907 1839 
3 1907 1908 1839 
3 1840 1839 1908 
3 2365 2387 2366 
3 2387 2415 2366 
3 2415 2416 2366 
3 2367 2366 2416 
3 2067 2128 2101 
3 2128 2129 2101 
3 529 530 494 
3 549 550 529 
3 530 529 550 
3 1614 1582 1649 
3 1649 1650 1614 
3 1756 1790 1757 
3 1789 1822 1790 
3 1822 1856 1790 
3 1856 1857 1790 
3 3163 3222 3130 
3 3222 3223 3130 
3 3196 3130 3223 
3 3221 3222 3163 
3 3120 3119 3181 
3 997 1061 998 
3 1029 998 1061 
3 2482 2481 2516 
3 2449 2481 2482 
3 2448 2481 2449 
3 2516 2515 2549 
3 2481 2515 2516 
3 809 838 776 
3 810 776 838 
3 1587 1586 1697 
3 728 699 756 
3 756 757 728 
3 3215 3153 3243 
3 1014 1043 987 
3 1015 987 1043 
3 615 645 616 
3 645 667 616 
3 646 616 667 
3 615 616 590 
3 666 667 645 
3 2350 2349 2400 
3 2427 2459 2400 
3 2400 2459 2428 
3 2459 2460 2428 
3 870 911 871 
3 3200 3231 3201 
3 3231 3256 3201 
3 846 925 847 
3 888 847 925 
3 551 532 572 
3 2320 2370 2254 
3 2286 2254 2370 
3 429 554 505 
3 554 574 505 
3 428 554 429 
3 430 429 505 
3 1514 1596 1437 
3 2390 2423 2344 
3 2391 2344 2423 
3 2423 2424 2391 
3 846 955 925 
3 955 956 925 
3 887 955 846 
3 845 887 846 
3 930 1082 931 
3 961 931 992 
3 932 931 961 
3 1054 1109 930 
3 1082 930 1109 
3 2785 2786 2717 
3 2689 2717 2786 
3 2786 2787 2689 
3 2620 2653 2686 
3 2756 2686 2885 
3 3202 3233 3203 
3 1759 1892 1860 
3 1892 1960 1860 
3 1922 1960 1892 
3 1922 2049 2014 
3 2049 2050 2014 
3 1921 2049 1922 
3 1960 1922 2014 
3 3349 3350 3302 
3 3303 3302 3350 
3 2918 3063 2919 
3 2920 2919 2977 
3 1116 1088 1145 
3 1144 1145 1088 
3 1145 1146 1116 
3 1737 1704 1802 
3 1737 1802 1903 
3 1834 1737 1903 
3 378 500 355 
3 377 454 378 
3 453 454 401 
3 377 401 454 
3 3139 3114 3206 
3 656 684 685 
3 850 823 890 
3 247 219 264 
3 313 334 314 
3 334 354 314 
3 354 377 314 
3 377 378 314 
3 1079 1080 1021 
3 989 1021 1080 
3 1080 1081 989 
3 3268 3267 3317 
3 3317 3318 3268 
3 1799 1902 2213 
3 1769 1833 1799 
3 1833 1902 1799 
3 891 990 853 
3 990 1081 1107 
3 990 989 1081 
3 1196 1139 1242 
3 1107 1139 1196 
3 1165 1107 1196 
3 1107 1165 990 
3 1047 990 1165 
3 853 990 1047 
3 1165 1197 1047 
3 20 10 26 
3 146 157 128 
3 156 157 146 
3 534 554 428 
3 572 594 551 
3 307 342 291 
3 3170 3169 3201 
3 438 437 464 
3 463 489 464 
3 437 463 464 
3 1767 1832 1768 
3 1798 1768 1832 
3 1832 1870 1798 
3 959 894 991 
3 2279 2247 2311 
3 2729 2797 2701 
3 440 518 441 
3 518 519 441 
3 465 441 519 
3 2885 2952 2861 
3 2886 2861 2952 
3 2952 2953 2886 
3 2050 2136 2106 
3 2136 2137 2106 
3 819 846 820 
3 846 847 820 
3 787 819 820 
3 762 787 820 
3 2180 2253 2212 
3 2253 2342 2212 
3 2284 2212 2342 
3 2749 2750 2652 
3 3174 3205 3175 
3 3205 3206 3175 
3 3290 3368 3261 
3 3368 3369 3261 
3 353 333 375 
3 76 65 83 
3 82 83 65 
3 1687 1715 1688 
3 1715 1751 1688 
3 1688 1751 1716 
3 2017 1993 2053 
3 2062 2095 2037 
3 2095 2096 2037 
3 2038 2037 2096 
3 1000 1030 1001 
3 1030 1063 1001 
3 1001 1063 1031 
3 1063 1064 1031 
3 1119 1151 1120 
3 1151 1180 1120 
3 1392 1431 1393 
3 1431 1471 1393 
3 726 753 727 
3 753 777 727 
3 727 777 754 
3 777 778 754 
3 776 810 777 
3 753 776 777 
3 18 17 22 
3 2097 2122 2123 
3 2098 2097 2123 
3 1239 1272 1215 
3 1240 1215 1272 
3 953 985 954 
3 985 1012 954 
3 954 1012 986 
3 1012 1013 986 
3 3356 3357 3307 
3 3308 3307 3357 
3 3330 3308 3357 
3 3357 3358 3330 
3 2461 2496 2462 
3 2496 2534 2462 
3 2534 2535 2462 
3 2463 2462 2535 
3 2463 2535 2497 
3 2535 2536 2497 
3 2498 2537 2499 
3 2537 2573 2499 
3 2538 2499 2573 
3 1907 1940 1908 
3 1940 1973 1908 
3 1908 1973 1941 
3 570 569 619 
3 619 620 570 
3 571 570 620 
3 2098 2124 2063 
3 2063 2124 2099 
3 594 593 652 
3 2585 2586 2511 
3 2512 2511 2586 
3 2953 2954 2886 
3 2887 2886 2954 
3 2837 2838 2784 
3 2785 2784 2838 
3 1290 1333 1255 
3 1291 1255 1333 
3 825 895 857 
3 895 960 857 
3 2370 2422 2286 
3 2390 2286 2422 
3 2287 2286 2390 
3 2344 2287 2390 
3 2181 2286 2215 
3 2255 2215 2286 
3 2286 2287 2255 
3 880 918 881 
3 918 949 881 
3 882 881 949 
3 949 1010 882 
3 950 882 1010 
3 2861 2808 2885 
3 2835 2808 2861 
3 333 353 313 
3 354 353 376 
3 334 353 354 
3 334 313 353 
3 2554 2555 2421 
3 2518 2421 2555 
3 2370 2421 2518 
3 668 701 731 
3 625 624 676 
3 2303 2333 2239 
3 2240 2239 2333 
3 1321 1320 1440 
3 1563 1704 1737 
3 1600 1563 1737 
3 1737 1738 1600 
3 1599 1633 1562 
3 1633 1704 1562 
3 1555 1593 1472 
3 1556 1472 1593 
3 1593 1594 1556 
3 2135 2169 2049 
3 887 924 988 
3 955 887 988 
3 988 1018 955 
3 956 955 1018 
3 1018 1076 956 
3 1019 956 1076 
3 2819 2818 2851 
3 2800 2818 2819 
3 2876 2877 2818 
3 2851 2818 2877 
3 94 72 104 
3 104 105 94 
3 2180 2212 2111 
3 3260 3315 3290 
3 3315 3368 3290 
3 936 902 966 
3 2483 2517 2451 
3 2517 2552 2451 
3 41 36 48 
3 2685 2619 2755 
3 2484 2451 2552 
3 2552 2553 2484 
3 1727 1658 1760 
3 1622 1658 1727 
3 125 145 155 
3 3376 3377 3336 
3 2506 2472 2619 
3 452 451 497 
3 1200 1224 1201 
3 1224 1250 1201 
3 1202 1201 1250 
3 1250 1251 1202 
3 2513 2588 2547 
3 2588 2589 2547 
3 1396 1434 1397 
3 41 48 42 
3 2893 2983 2925 
3 2959 2925 2983 
3 496 550 531 
3 2840 2791 2865 
3 2759 2791 2840 
3 120 121 71 
3 121 120 138 
3 2476 2510 2414 
3 1528 1527 1577 
3 1577 1610 1528 
3 1610 1611 1528 
3 2248 2249 2177 
3 2178 2177 2249 
3 1270 1307 1156 
3 2184 2222 2152 
3 2185 2152 2222 
3 2222 2223 2185 
3 1827 1828 1764 
3 3166 3199 3167 
3 3199 3229 3167 
3 3229 3230 3167 
3 3168 3167 3230 
3 659 689 660 
3 689 716 660 
3 690 660 716 
3 2096 2097 2038 
3 2039 2038 2097 
3 2716 2717 2657 
3 2658 2657 2717 
3 1639 1678 1640 
3 1678 1710 1640 
3 1640 1710 1679 
3 1578 1528 1611 
3 1611 1612 1578 
3 766 791 738 
3 922 923 843 
3 844 843 923 
3 886 844 923 
3 842 885 843 
3 885 922 843 
3 362 389 363 
3 439 440 414 
3 1080 1079 1106 
3 1020 1079 1021 
3 1483 1484 1404 
3 2086 2116 2087 
3 2116 2152 2087 
3 2493 2530 2494 
3 2530 2565 2494 
3 2494 2565 2531 
3 2565 2566 2531 
3 525 546 526 
3 546 567 526 
3 2744 2777 2745 
3 2777 2805 2745 
3 2805 2806 2745 
3 2746 2745 2806 
3 2602 2603 2528 
3 2529 2528 2603 
3 2563 2529 2603 
3 1174 1206 1227 
3 1175 1174 1227 
3 1229 1294 1258 
3 33 39 22 
3 28 22 39 
3 1415 1493 1454 
3 3007 3033 3008 
3 3033 3062 3008 
3 3034 3008 3062 
3 1565 1635 1602 
3 1635 1636 1602 
3 1564 1635 1565 
3 3227 3253 3228 
3 3253 3284 3228 
3 3284 3285 3228 
3 3229 3228 3285 
3 248 302 286 
3 285 302 248 
3 554 534 598 
3 598 628 554 
3 2252 2283 2339 
3 717 690 744 
3 3114 3113 3138 
3 3086 3113 3114 
3 3138 3175 3114 
3 3175 3206 3114 
3 385 410 341 
3 386 341 410 
3 410 411 386 
3 1037 1099 1011 
3 3048 3049 3021 
3 3104 3105 3049 
3 1919 1920 1857 
3 1858 1857 1920 
3 1859 1858 1920 
3 420 421 348 
3 395 348 421 
3 2760 2720 2810 
3 2810 2811 2760 
3 2810 2840 2891 
3 320 321 288 
3 289 288 321 
3 290 289 321 
3 2700 2729 2669 
3 2669 2729 2701 
3 2708 2709 2677 
3 1138 1106 1164 
3 274 257 330 
3 330 257 347 
3 256 297 257 
3 297 347 257 
3 212 226 240 
3 227 212 240 
3 213 212 227 
3 2059 2089 2060 
3 1461 1462 1423 
3 1422 1461 1384 
3 2718 2789 2691 
3 2692 2691 2789 
3 2661 2692 2758 
3 320 359 321 
3 2081 2082 1934 
3 1970 1934 2082 
3 1935 1934 1970 
3 2056 1970 2082 
3 3381 3382 3337 
3 453 499 454 
3 317 316 357 
3 69 93 70 
3 1516 1439 1632 
3 419 445 420 
3 445 446 420 
3 1016 1017 988 
3 305 304 341 
3 380 318 430 
3 380 381 337 
3 2502 2540 2466 
3 2540 2541 2466 
3 605 635 606 
3 2359 2358 2409 
3 2196 2238 2197 
3 398 397 425 
3 425 450 398 
3 450 451 398 
3 1787 1821 1788 
3 1821 1854 1788 
3 1788 1854 1822 
3 1854 1855 1822 
3 1264 1300 1236 
3 1456 1496 1457 
3 1496 1536 1457 
3 1457 1536 1497 
3 1277 1278 1217 
3 1218 1217 1278 
3 1216 1241 1195 
3 1217 1195 1241 
3 1276 1317 1241 
3 1277 1241 1317 
3 613 663 643 
3 663 664 643 
3 1742 1706 1771 
3 1707 1706 1742 
3 1705 1741 1706 
3 1741 1770 1706 
3 1770 1771 1706 
3 2264 2265 2228 
3 1813 1842 1779 
3 1074 1103 1043 
3 1075 1043 1103 
3 1043 1075 1015 
3 1015 1075 1044 
3 2823 2879 2855 
3 2822 2879 2823 
3 2854 2879 2822 
3 1211 1187 1237 
3 1237 1238 1211 
3 1830 1829 1899 
3 3168 3230 3200 
3 3230 3231 3200 
3 1065 1094 1032 
3 1032 1094 1066 
3 1094 1095 1066 
3 1094 1093 1123 
3 1065 1093 1094 
3 1123 1124 1094 
3 1591 1592 1550 
3 1466 1550 1467 
3 1319 1401 1515 
3 493 526 527 
3 3367 3368 3315 
3 2251 2250 2282 
3 2282 2312 2251 
3 2312 2313 2251 
3 2887 2954 2888 
3 2954 2976 2888 
3 2412 2413 2306 
3 2764 2814 2697 
3 115 116 90 
3 116 117 90 
3 76 90 77 
3 2475 2509 2384 
3 2542 2543 2509 
3 1323 1322 1441 
3 1441 1476 1323 
3 74 75 51 
3 11 27 12 
3 99 98 110 
3 3207 3237 3208 
3 3237 3263 3208 
3 3263 3293 3208 
3 2074 2109 2054 
3 1994 2054 2055 
3 2019 2054 1994 
3 1963 1994 2055 
3 800 831 772 
3 2766 2795 2727 
3 2795 2816 2727 
3 1734 1833 1703 
3 1769 1703 1833 
3 1629 1669 1630 
3 1669 1703 1630 
3 1631 1703 1769 
3 1631 1630 1703 
3 511 579 558 
3 579 580 558 
3 579 603 580 
3 603 604 580 
3 483 482 512 
3 482 558 535 
3 558 559 535 
3 482 511 558 
3 512 482 535 
3 2940 2905 2969 
3 2968 2969 2905 
3 818 845 819 
3 845 846 819 
3 2342 2341 2418 
3 2284 2342 2316 
3 2661 2590 2692 
3 2256 2287 2344 
3 2321 2256 2344 
3 2255 2287 2256 
3 2257 2256 2321 
3 1562 1440 1599 
3 1475 1440 1562 
3 1957 1988 1890 
3 3045 3044 3126 
3 2083 2056 2113 
3 2082 2149 2056 
3 2113 2056 2149 
3 1113 1143 1114 
3 1220 1196 1279 
3 1165 1196 1220 
3 1197 1165 1220 
3 1052 1108 1053 
3 1458 1498 1459 
3 1498 1499 1459 
3 466 521 490 
3 521 522 490 
3 2869 2721 2893 
3 2761 2721 2869 
3 2841 2761 2869 
3 2762 2761 2841 
3 2521 2520 2557 
3 2596 2597 2557 
3 2141 2209 2142 
3 2209 2210 2142 
3 1175 1228 1147 
3 1228 1229 1147 
3 1148 1147 1176 
3 1227 1228 1175 
3 1042 1041 1101 
3 162 174 163 
3 2489 2490 2425 
3 2490 2491 2457 
3 2998 3026 2999 
3 3026 3027 2999 
3 2969 2998 2999 
3 2940 2969 2999 
3 2941 2940 2999 
3 2244 2243 2308 
3 1623 1591 1698 
3 1592 1591 1623 
3 2967 2968 2904 
3 2905 2904 2968 
3 667 666 701 
3 1062 1090 1030 
3 1063 1030 1090 
3 2021 2022 1964 
3 1965 1964 2022 
3 1995 1965 2022 
3 2298 2329 2268 
3 2268 2329 2299 
3 1418 1497 1419 
3 1458 1419 1497 
3 1497 1537 1458 
3 1537 1538 1458 
3 1417 1457 1418 
3 1457 1497 1418 
3 3309 3333 3310 
3 3333 3334 3310 
3 3361 3362 3333 
3 3334 3333 3362 
3 1468 1551 1509 
3 1551 1552 1509 
3 1561 1629 1630 
3 1597 1561 1630 
3 1630 1631 1597 
3 2541 2577 2503 
3 2577 2578 2503 
3 2965 2996 2966 
3 2996 3023 2966 
3 2966 3023 2997 
3 3023 3024 2997 
3 702 761 732 
3 761 762 732 
3 762 761 787 
3 1701 1666 1732 
3 1732 1733 1701 
3 1039 1040 983 
3 984 983 1040 
3 2800 2819 2769 
3 2801 2769 2819 
3 3083 3111 3170 
3 214 228 194 
3 655 683 629 
3 683 684 629 
3 630 629 684 
3 288 289 250 
3 289 290 250 
3 85 103 68 
3 574 681 575 
3 681 708 575 
3 654 575 708 
3 708 709 654 
3 241 274 242 
3 3128 3127 3193 
3 1563 1600 1476 
3 1477 1476 1600 
3 287 286 318 
3 3074 3046 3102 
3 3101 3102 3046 
3 1242 1279 1196 
3 1359 1445 1360 
3 10 20 11 
3 20 27 11 
3 1280 1475 1441 
3 1321 1440 1280 
3 1440 1475 1280 
3 1322 1280 1441 
3 3066 3035 3093 
3 2423 2390 2452 
3 2452 2453 2423 
3 165 179 157 
3 179 180 157 
3 191 211 179 
3 211 226 179 
3 212 179 226 
3 192 179 212 
3 180 179 192 
3 1377 1376 1416 
3 1416 1455 1377 
3 1455 1456 1377 
3 1010 1011 950 
3 2764 2872 2814 
3 2872 2897 2814 
3 1921 1959 2049 
3 1399 1437 1318 
3 1129 1130 1037 
3 1099 1037 1130 
3 96 108 97 
3 108 109 97 
3 430 456 380 
3 431 380 456 
3 765 790 737 
3 2334 2305 2360 
3 2305 2359 2360 
3 2304 2359 2305 
3 1671 1600 1738 
3 2841 2842 2762 
3 2812 2762 2842 
3 381 431 403 
3 550 549 568 
3 1397 1398 1274 
3 1316 1274 1398 
3 1275 1274 1316 
3 1935 1936 1904 
3 3232 3258 3259 
3 101 114 89 
3 114 115 89 
3 90 89 115 
3 1871 1939 1872 
3 1905 1872 1939 
3 3025 3080 3056 
3 3080 3081 3056 
3 901 902 831 
3 1855 1890 1918 
3 1854 1890 1855 
3 1856 1855 1918 
3 2330 2356 2300 
3 2331 2300 2356 
3 2356 2357 2331 
3 1542 1541 1587 
3 1501 1541 1542 
3 1500 1541 1501 
3 1541 1586 1587 
3 1454 1494 1416 
3 1416 1494 1455 
3 1494 1495 1455 
3 1896 1928 1866 
3 1928 1929 1866 
3 1867 1866 1929 
3 3089 3088 3140 
3 3226 3283 3253 
3 1929 1966 1897 
3 1930 1897 1966 
3 423 424 396 
3 1872 1905 1837 
3 1873 1837 1905 
3 2125 2126 2100 
3 1981 2007 1982 
3 896 858 931 
3 931 932 896 
3 1610 1577 1644 
3 1644 1645 1610 
3 1029 1062 999 
3 1030 999 1062 
3 1256 1257 1205 
3 1206 1205 1257 
3 1485 1526 1486 
3 1526 1576 1486 
3 1879 1911 1843 
3 1911 1912 1843 
3 714 743 715 
3 743 772 715 
3 1763 1795 1730 
3 1764 1730 1795 
3 2941 2999 2970 
3 2999 3000 2970 
3 1831 1901 1832 
3 1870 1832 1901 
3 337 381 403 
3 3136 3112 3172 
3 3172 3173 3136 
3 157 156 165 
3 2630 2631 2554 
3 2555 2554 2631 
3 56 78 57 
3 66 57 78 
3 572 593 594 
3 1624 1623 1698 
3 2808 2756 2885 
3 963 994 964 
3 994 1023 964 
3 1023 1057 964 
3 935 964 1024 
3 935 1024 995 
3 965 935 995 
3 690 716 744 
3 2866 2810 2891 
3 2891 2924 2866 
3 647 669 618 
3 531 647 618 
3 569 531 618 
3 647 702 669 
3 702 703 669 
3 1060 1147 1117 
3 1147 1148 1117 
3 1089 1060 1117 
3 741 655 769 
3 683 655 741 
3 3116 3115 3142 
3 85 92 152 
3 103 85 152 
3 152 161 103 
3 133 103 161 
3 1892 1921 1922 
3 92 67 102 
3 1634 1740 1672 
3 1705 1672 1740 
3 1740 1741 1705 
3 1601 1634 1672 
3 1738 1803 1671 
3 1671 1803 1739 
3 1803 1804 1739 
3 1739 1740 1634 
3 1633 1670 1736 
3 1599 1670 1633 
3 1738 1737 1834 
3 400 399 452 
3 452 453 400 
3 401 400 453 
3 2299 2330 2269 
3 2269 2330 2300 
3 1084 1083 1141 
3 1794 1825 1762 
3 1825 1826 1762 
3 1763 1762 1826 
3 331 349 312 
3 536 537 513 
3 1967 1966 1996 
3 1930 1966 1967 
3 1996 2024 1967 
3 1770 1741 1805 
3 1805 1806 1770 
3 1691 1692 1648 
3 2670 2701 2671 
3 2701 2730 2671 
3 3186 3213 3187 
3 3213 3241 3187 
3 1690 1717 1718 
3 1993 2017 1962 
3 83 82 101 
3 89 83 101 
3 336 357 316 
3 1122 1182 1152 
3 1182 1183 1152 
3 1381 1382 1342 
3 253 252 271 
3 252 270 271 
3 1662 1663 1593 
3 1594 1593 1663 
3 578 577 601 
3 2039 2097 2040 
3 736 737 674 
3 675 674 737 
3 2543 2542 2580 
3 3017 3041 2984 
3 3041 3042 2984 
3 2985 2984 3042 
3 2144 2145 2077 
3 2078 2077 2145 
3 727 754 698 
3 1352 1391 1353 
3 3272 3301 3247 
3 2608 2645 2609 
3 2002 2037 1978 
3 1978 2037 2003 
3 2037 2038 2003 
3 148 170 149 
3 1311 1355 1312 
3 2746 2806 2778 
3 2806 2807 2778 
3 502 552 533 
3 552 553 533 
3 377 354 401 
3 376 401 354 
3 1103 1133 1075 
3 1160 1192 1161 
3 1192 1215 1161 
3 1192 1239 1215 
3 269 270 252 
3 1026 1027 967 
3 1159 1191 1132 
3 1132 1191 1160 
3 1191 1192 1160 
3 381 380 431 
3 2518 2555 2632 
3 230 243 277 
3 2080 2254 2181 
3 2254 2286 2181 
3 2148 2254 2080 
3 2081 2080 2181 
3 2279 2363 2336 
3 2363 2384 2336 
3 2384 2385 2336 
3 3 24 4 
3 2050 2049 2136 
3 2051 2050 2106 
3 2136 2049 2169 
3 989 958 1021 
3 2952 2885 3060 
3 2975 2952 3060 
3 3060 3061 2975 
3 620 621 571 
3 621 622 571 
3 592 571 622 
3 3082 3111 3083 
3 3299 3344 3271 
3 3101 3045 3126 
3 3046 3045 3101 
3 1476 1441 1563 
3 2898 2899 2846 
3 1506 1547 1507 
3 1547 1548 1507 
3 1547 1590 1548 
3 1590 1621 1548 
3 1621 1657 1548 
3 2047 2048 1989 
3 2897 2872 2929 
3 2782 2756 2808 
3 3265 3264 3294 
3 581 605 560 
3 536 560 537 
3 2717 2716 2784 
3 2784 2785 2717 
3 2783 2784 2716 
3 2783 2809 2784 
3 2809 2836 2784 
3 2836 2837 2784 
3 2722 2761 2762 
3 1130 1131 1099 
3 102 132 150 
3 2984 2985 2896 
3 2928 2896 2985 
3 492 471 525 
3 1597 1631 1598 
3 161 173 133 
3 563 564 519 
3 273 297 256 
3 2203 2204 2136 
3 2248 2280 2249 
3 2280 2281 2249 
3 1709 1775 1743 
3 1775 1776 1743 
3 1266 1342 1301 
3 1342 1343 1301 
3 1498 1458 1538 
3 1538 1539 1498 
3 1607 1608 1574 
3 2094 2120 2095 
3 2120 2159 2095 
3 2095 2159 2121 
3 2159 2160 2121 
3 574 554 628 
3 628 681 574 
3 1367 1409 1368 
3 1409 1451 1368 
3 1368 1451 1410 
3 1622 1549 1658 
3 2374 2353 2403 
3 2368 2369 2318 
3 2319 2318 2369 
3 603 579 632 
3 632 633 603 
3 838 875 810 
3 1974 2033 2001 
3 2033 2034 2001 
3 1241 1216 1276 
3 1927 1965 1896 
3 1928 1896 1965 
3 2151 2220 2184 
3 2220 2221 2184 
3 3064 3117 3091 
3 3117 3118 3091 
3 1972 1999 1940 
3 1940 1999 1973 
3 1999 2000 1973 
3 2459 2494 2460 
3 2494 2531 2460 
3 2377 2406 2378 
3 2406 2434 2378 
3 1867 1929 1897 
3 808 809 752 
3 2346 2397 2347 
3 2397 2398 2347 
3 2398 2397 2426 
3 2348 2347 2398 
3 2304 2305 2274 
3 2358 2359 2304 
3 1498 1539 1499 
3 2223 2260 2224 
3 2260 2290 2224 
3 2224 2290 2261 
3 2290 2291 2261 
3 2936 2935 2964 
3 2964 2935 2993 
3 2934 2992 2935 
3 2992 2993 2935 
3 2752 2780 2753 
3 687 714 688 
3 714 715 688 
3 658 687 688 
3 633 658 688 
3 345 344 366 
3 324 344 345 
3 344 365 366 
3 323 344 324 
3 3343 3344 3299 
3 1402 1357 1479 
3 2934 2935 2851 
3 2580 2542 2653 
3 2620 2580 2653 
3 1018 1045 1076 
3 1052 1053 960 
3 2921 2955 2862 
3 667 701 668 
3 792 893 855 
3 1150 1149 1177 
3 1118 1149 1150 
3 203 204 189 
3 1936 1970 1937 
3 1938 1937 1970 
3 3152 3123 3188 
3 2028 2027 2057 
3 2057 2086 2028 
3 2086 2087 2028 
3 2587 2588 2513 
3 3269 3242 3295 
3 3295 3319 3269 
3 2205 2204 2245 
3 2244 2245 2204 
3 433 458 406 
3 458 457 480 
3 433 457 458 
3 2865 2864 2890 
3 456 430 505 
3 3045 3046 2987 
3 677 738 739 
3 1893 1860 1961 
3 2874 2846 2899 
3 2899 2900 2874 
3 1272 1314 1240 
3 1240 1314 1273 
3 1314 1315 1273 
3 3040 3073 3017 
3 3041 3017 3073 
3 970 969 997 
3 938 969 970 
3 1092 1122 1093 
3 1122 1152 1093 
3 1093 1152 1123 
3 1152 1153 1123 
3 2826 2880 2857 
3 2880 2881 2857 
3 2811 2810 2866 
3 1911 1947 1912 
3 1845 1846 1815 
3 1383 1422 1384 
3 1296 1295 1338 
3 1260 1295 1296 
3 1259 1295 1260 
3 1626 1662 1593 
3 322 360 342 
3 360 361 342 
3 307 322 342 
3 1159 1158 1214 
3 1191 1159 1214 
3 1365 1408 1366 
3 1408 1449 1366 
3 1366 1449 1409 
3 1449 1450 1409 
3 1154 1185 1155 
3 2944 2972 2945 
3 2972 3002 2945 
3 1334 1373 1292 
3 1292 1373 1335 
3 1373 1374 1335 
3 1225 1226 1172 
3 1826 1865 1795 
3 1827 1795 1865 
3 1677 1709 1678 
3 1709 1743 1678 
3 1678 1743 1710 
3 1743 1744 1710 
3 2249 2250 2178 
3 2367 2416 2388 
3 1885 1952 1916 
3 1952 1953 1916 
3 1432 1472 1394 
3 1472 1473 1394 
3 1395 1394 1473 
3 2741 2774 2742 
3 2456 2525 2489 
3 2525 2526 2489 
3 2483 2550 2517 
3 2550 2551 2517 
3 1470 1510 1431 
3 1471 1431 1510 
3 3129 3106 3162 
3 2331 2357 2332 
3 3001 3030 3002 
3 3022 2990 3049 
3 2797 2817 2798 
3 2817 2849 2798 
3 2849 2850 2798 
3 2799 2798 2850 
3 2013 2047 1989 
3 2646 2676 2647 
3 2676 2708 2647 
3 2320 2343 2421 
3 2370 2320 2421 
3 2012 2011 2071 
3 603 633 604 
3 633 659 604 
3 659 633 688 
3 634 604 659 
3 264 232 284 
3 370 371 329 
3 574 575 505 
3 1267 1266 1301 
3 497 498 452 
3 1582 1583 1533 
3 840 882 841 
3 580 604 581 
3 604 634 581 
3 605 581 634 
3 3350 3351 3303 
3 3273 3302 3303 
3 424 449 425 
3 449 450 425 
3 2017 2053 2073 
3 1280 1322 1221 
3 394 417 371 
3 417 443 371 
3 443 444 371 
3 421 422 395 
3 2599 2636 2600 
3 2636 2637 2600 
3 2637 2636 2669 
3 364 365 344 
3 2698 2726 2699 
3 2726 2766 2699 
3 2699 2766 2727 
3 3026 3056 3027 
3 3056 3082 3027 
3 3027 3082 3057 
3 3082 3083 3057 
3 1204 1225 1172 
3 2857 2858 2806 
3 2807 2806 2858 
3 2827 2807 2858 
3 3070 3071 3014 
3 770 741 794 
3 794 795 770 
3 1683 1684 1643 
3 1354 1392 1393 
3 2859 2911 2884 
3 2911 2912 2884 
3 3221 3220 3277 
3 3277 3278 3221 
3 3222 3221 3278 
3 3195 3221 3163 
3 2562 2602 2528 
3 2210 2211 2143 
3 2144 2143 2211 
3 1800 1801 1736 
3 2963 2992 2934 
3 1420 1460 1421 
3 1042 1101 1073 
3 1101 1102 1073 
3 1333 1372 1291 
3 1291 1372 1334 
3 1895 1926 1864 
3 1734 1798 1833 
3 2689 2658 2717 
3 498 499 452 
3 453 452 499 
3 2732 2733 2672 
3 1510 1554 1471 
3 1106 1138 1080 
3 2894 2926 2870 
3 2926 2927 2870 
3 1064 1092 1065 
3 1092 1093 1065 
3 1031 1064 1065 
3 1002 1031 1003 
3 2853 2852 2903 
3 2878 2853 2903 
3 2903 2904 2878 
3 2903 2939 2904 
3 2939 2967 2904 
3 1010 1037 1011 
3 848 889 849 
3 632 658 633 
3 3076 3103 3047 
3 2319 2369 2343 
3 3155 3156 3097 
3 3098 3097 3156 
3 3125 3098 3156 
3 2603 2640 2563 
3 2887 2888 2837 
3 2838 2837 2888 
3 886 923 924 
3 3209 3180 3238 
3 3238 3239 3209 
3 2657 2656 2716 
3 2757 2783 2716 
3 85 67 92 
3 99 111 100 
3 1651 1652 1616 
3 3296 3269 3319 
3 983 984 951 
3 856 894 793 
3 824 793 894 
3 1432 1555 1472 
3 1473 1472 1556 
3 634 635 605 
3 442 470 471 
3 3193 3219 3194 
3 2651 2650 2681 
3 2725 2726 2698 
3 1177 1178 1150 
3 3223 3251 3196 
3 3196 3251 3224 
3 3251 3252 3224 
3 1012 1042 1013 
3 1042 1073 1013 
3 1845 1844 1913 
3 1845 1913 1880 
3 1913 1914 1880 
3 3051 3050 3107 
3 1805 1836 1806 
3 1836 1872 1806 
3 1806 1872 1837 
3 3322 3323 3300 
3 825 824 895 
3 1823 1893 1861 
3 1377 1378 1338 
3 693 746 720 
3 746 747 720 
3 2456 2489 2425 
3 2923 2922 2980 
3 2956 2923 2980 
3 2372 2402 2373 
3 2402 2429 2373 
3 2403 2430 2374 
3 2374 2430 2404 
3 2553 2552 2628 
3 1090 1120 1063 
3 1063 1120 1091 
3 1120 1121 1091 
3 2565 2604 2566 
3 2604 2642 2566 
3 2566 2642 2605 
3 1369 1411 1331 
3 1370 1331 1411 
3 448 478 449 
3 1675 1676 1637 
3 2221 2288 2259 
3 2288 2289 2259 
3 630 684 656 
3 2419 2420 2389 
3 2419 2449 2420 
3 2449 2450 2420 
3 1991 2016 1992 
3 2016 2052 1992 
3 1267 1303 1237 
3 1237 1303 1268 
3 1303 1304 1268 
3 3274 3304 3248 
3 3275 3248 3304 
3 3304 3305 3275 
3 909 942 869 
3 910 869 942 
3 2993 2994 2964 
3 697 726 727 
3 2639 2671 2640 
3 896 897 826 
3 1930 1967 1898 
3 1205 1206 1144 
3 1145 1144 1206 
3 1174 1145 1206 
3 985 1041 1012 
3 1041 1042 1012 
3 445 419 474 
3 474 475 445 
3 1723 1724 1695 
3 2018 2074 2054 
3 2143 2142 2210 
3 2490 2527 2491 
3 2527 2562 2491 
3 2491 2562 2528 
3 2281 2280 2337 
3 1478 1479 1357 
3 2985 2986 2928 
3 2341 2342 2253 
3 147 129 159 
3 130 129 147 
3 2523 2559 2524 
3 905 969 938 
3 971 972 940 
3 2071 2104 2046 
3 2104 2105 2046 
3 2047 2046 2105 
3 1778 1813 1746 
3 1779 1746 1813 
3 2263 2295 2264 
3 2295 2326 2264 
3 2293 2325 2294 
3 2325 2350 2294 
3 2259 2289 2260 
3 2289 2324 2260 
3 2290 2260 2324 
3 1556 1595 1511 
3 2738 2772 2739 
3 3256 3287 3257 
3 1815 1846 1816 
3 1846 1881 1816 
3 1816 1881 1847 
3 1881 1882 1847 
3 1199 1248 1224 
3 1248 1249 1224 
3 2677 2709 2678 
3 2709 2743 2678 
3 2678 2743 2710 
3 2743 2744 2710 
3 1301 1302 1267 
3 2398 2399 2348 
3 1417 1377 1456 
3 1456 1457 1417 
3 1861 1894 1824 
3 1862 1824 1894 
3 620 650 621 
3 650 674 621 
3 3151 3188 3123 
3 3148 3185 3149 
3 3149 3186 3121 
3 3150 3121 3186 
3 3186 3187 3150 
3 1473 1511 1433 
3 1664 1700 1665 
3 1700 1731 1665 
3 771 827 796 
3 1087 1115 1088 
3 1115 1144 1088 
3 3143 3179 3144 
3 1241 1277 1217 
3 1763 1826 1795 
3 2318 2319 2285 
3 2276 2307 2242 
3 3033 2975 3061 
3 3007 2975 3033 
3 863 903 864 
3 903 937 864 
3 864 937 904 
3 2412 2437 2438 
3 2413 2412 2438 
3 2850 2876 2818 
3 3219 3274 3248 
3 1795 1827 1764 
3 2433 2465 2434 
3 2465 2501 2434 
3 2434 2501 2466 
3 2501 2502 2466 
3 1358 1403 1359 
3 1403 1445 1359 
3 1341 1420 1381 
3 1420 1421 1381 
3 142 164 143 
3 3254 3229 3285 
3 2090 2091 2032 
3 2033 2032 2091 
3 198 199 185 
3 3099 3100 3042 
3 3043 3042 3100 
3 3073 3098 3041 
3 3098 3099 3041 
3 3042 3041 3099 
3 1746 1779 1712 
3 1747 1712 1779 
3 1779 1780 1747 
3 3222 3278 3250 
3 3278 3279 3250 
3 2146 2180 2111 
3 890 928 850 
3 458 480 481 
3 259 230 277 
3 244 230 259 
3 2654 2620 2686 
3 2621 2620 2654 
3 2896 2928 2871 
3 2842 2870 2812 
3 667 668 646 
3 2805 2826 2806 
3 2826 2857 2806 
3 3247 3216 3272 
3 1444 1481 1445 
3 1481 1522 1445 
3 1445 1522 1482 
3 1522 1523 1482 
3 1721 1755 1722 
3 1755 1789 1722 
3 1722 1789 1756 
3 1789 1790 1756 
3 1724 1757 1725 
3 3162 3195 3129 
3 3129 3195 3163 
3 2366 2367 2315 
3 1254 1289 1225 
3 629 630 576 
3 1134 1162 1135 
3 1162 1193 1135 
3 1820 1853 1821 
3 1853 1889 1821 
3 1821 1889 1854 
3 1889 1890 1854 
3 1785 1852 1820 
3 1852 1853 1820 
3 3124 3154 3095 
3 2672 2733 2702 
3 2733 2734 2702 
3 2573 2612 2538 
3 2538 2612 2574 
3 2612 2613 2574 
3 1876 1877 1841 
3 2015 2051 2016 
3 2051 2072 2016 
3 2016 2072 2052 
3 2338 2364 2312 
3 2364 2338 2386 
3 1825 1895 1864 
3 2869 2893 2925 
3 3159 3192 3160 
3 3192 3217 3160 
3 3217 3218 3160 
3 3161 3160 3218 
3 2953 2975 2954 
3 2975 3007 2954 
3 2954 3007 2976 
3 3007 3008 2976 
3 2233 2234 2161 
3 2234 2235 2193 
3 3197 3225 3164 
3 3164 3225 3198 
3 3225 3226 3198 
3 2802 2771 2820 
3 934 964 935 
3 1948 2006 1981 
3 2006 2007 1981 
3 1823 1861 1792 
3 1792 1861 1824 
3 2843 2844 2815 
3 1073 1102 1074 
3 1102 1132 1074 
3 1074 1132 1103 
3 1747 1780 1748 
3 1780 1814 1748 
3 1173 1205 1144 
3 3236 3237 3207 
3 1771 1772 1742 
3 2012 2071 2046 
3 2835 2861 2836 
3 2861 2886 2836 
3 2886 2887 2836 
3 2837 2836 2887 
3 1473 1556 1511 
3 2036 2062 2002 
3 2002 2062 2037 
3 1918 1919 1856 
3 1857 1856 1919 
3 2324 2347 2290 
3 1662 1699 1663 
3 1699 1730 1663 
3 1663 1730 1700 
3 1327 1364 1285 
3 1328 1285 1364 
3 1364 1365 1328 
3 2874 2900 2875 
3 2900 2933 2875 
3 2901 2875 2933 
3 2151 2184 2116 
3 2152 2116 2184 
3 1601 1672 1635 
3 1672 1673 1635 
3 2108 2109 2074 
3 1682 1713 1683 
3 1713 1748 1683 
3 1542 1587 1543 
3 1587 1618 1543 
3 2382 2383 2362 
3 2415 2387 2443 
3 460 485 461 
3 371 370 394 
3 2633 2634 2596 
3 3019 3076 3047 
3 2858 2883 2827 
3 3285 3312 3254 
3 3254 3312 3286 
3 3312 3313 3286 
3 435 436 412 
3 1125 1155 1126 
3 1155 1186 1126 
3 277 278 259 
3 659 660 634 
3 688 689 659 
3 2457 2491 2458 
3 2491 2528 2458 
3 1761 1728 1793 
3 1248 1284 1249 
3 1284 1327 1249 
3 1249 1327 1285 
3 2925 2959 2894 
3 2926 2894 2959 
3 2529 2563 2492 
3 2492 2563 2530 
3 2563 2564 2530 
3 1459 1460 1420 
3 1513 1474 1558 
3 2443 2477 2415 
3 2084 2115 2085 
3 2115 2151 2085 
3 2085 2151 2116 
3 2403 2462 2430 
3 2462 2463 2430 
3 2519 2520 2485 
3 607 608 583 
3 328 346 329 
3 346 370 329 
3 1881 1915 1882 
3 1915 1950 1882 
3 1865 1896 1827 
3 1827 1896 1866 
3 1570 1605 1571 
3 1605 1640 1571 
3 1965 1995 1928 
3 2051 2106 2072 
3 2106 2107 2072 
3 1868 1897 1869 
3 1897 1930 1869 
3 1869 1930 1898 
3 1831 1832 1767 
3 1867 1868 1796 
3 1797 1796 1868 
3 1868 1869 1797 
3 1828 1867 1796 
3 3095 3096 3039 
3 3040 3039 3096 
3 3307 3277 3329 
3 1077 1105 1046 
3 2065 2066 2042 
3 2035 2061 2036 
3 2061 2093 2036 
3 2036 2093 2062 
3 2093 2094 2062 
3 338 382 358 
3 3058 3059 3031 
3 3042 3043 2985 
3 2986 2985 3043 
3 1958 2013 1989 
3 480 457 509 
3 858 896 826 
3 1027 1028 967 
3 2028 2087 2058 
3 2087 2088 2058 
3 2732 2768 2733 
3 2768 2800 2733 
3 2733 2800 2769 
3 496 531 478 
3 2113 2114 2083 
3 3129 3163 3107 
3 3040 3096 3073 
3 3096 3097 3073 
3 2794 2815 2795 
3 2815 2845 2795 
3 2795 2845 2816 
3 2928 2929 2871 
3 2872 2871 2929 
3 2799 2850 2818 
3 2824 2856 2803 
3 2803 2856 2825 
3 2004 2040 1980 
3 1980 2040 2005 
3 1960 2014 1990 
3 2014 2015 1990 
3 1141 1142 1084 
3 1085 1084 1142 
3 1085 1142 1110 
3 2297 2328 2298 
3 2328 2354 2298 
3 2298 2354 2329 
3 2132 2168 2104 
3 2103 2132 2071 
3 2071 2132 2104 
3 2160 2192 2161 
3 2192 2233 2161 
3 1055 1056 1023 
3 720 721 694 
3 1017 1045 1018 
3 1535 1584 1536 
3 1772 1808 1773 
3 1808 1838 1773 
3 1773 1838 1809 
3 1838 1839 1809 
3 1666 1701 1628 
3 1628 1701 1667 
3 3198 3227 3165 
3 3165 3227 3199 
3 3227 3228 3199 
3 2866 2867 2811 
3 2832 2833 2781 
3 339 359 320 
3 3275 3305 3276 
3 3305 3326 3276 
3 3276 3326 3306 
3 3326 3327 3306 
3 1711 1746 1680 
3 1680 1746 1712 
3 3321 3343 3299 
3 3142 3178 3116 
3 3116 3178 3143 
3 3178 3179 3143 
3 1459 1499 1460 
3 1190 1213 1157 
3 1245 1246 1223 
3 3099 3125 3100 
3 3125 3157 3100 
3 1371 1412 1372 
3 1324 1404 1361 
3 1601 1635 1564 
3 1508 1550 1466 
3 1695 1696 1651 
3 1745 1778 1711 
3 1711 1778 1746 
3 2751 2752 2713 
3 2660 2718 2691 
3 2666 2699 2667 
3 2699 2727 2667 
3 834 868 835 
3 868 909 835 
3 835 909 869 
3 869 910 836 
3 836 910 870 
3 910 911 870 
3 699 728 662 
3 673 706 674 
3 706 736 674 
3 622 623 592 
3 592 623 593 
3 2044 2069 2045 
3 2365 2366 2314 
3 2315 2314 2366 
3 2355 2376 2330 
3 2330 2376 2356 
3 2376 2377 2356 
3 2414 2442 2386 
3 2842 2894 2870 
3 896 932 897 
3 932 961 897 
3 736 765 737 
3 688 715 689 
3 634 660 635 
3 660 690 635 
3 416 470 442 
3 498 532 499 
3 532 551 499 
3 559 581 560 
3 227 240 228 
3 240 254 228 
3 268 308 292 
3 1411 1452 1370 
3 1370 1452 1412 
3 1395 1473 1433 
3 1492 1532 1453 
3 2981 3013 2982 
3 3120 3181 3145 
3 3181 3182 3145 
3 3184 3212 3185 
3 3212 3240 3185 
3 2778 2807 2779 
3 2807 2827 2779 
3 2731 2799 2768 
3 1886 1916 1887 
3 1916 1954 1887 
3 1887 1954 1917 
3 1954 1955 1917 
3 3329 3356 3307 
3 1714 1750 1715 
3 1750 1781 1715 
3 1715 1781 1751 
3 2168 2132 2200 
3 1354 1393 1355 
3 1386 1387 1348 
3 1347 1386 1348 
3 1345 1385 1346 
3 1343 1384 1344 
3 1383 1384 1343 
3 1342 1383 1343 
3 1382 1383 1342 
3 1338 1379 1339 
3 1378 1379 1338 
3 1336 1376 1337 
3 1374 1375 1335 
3 1371 1372 1333 
3 1332 1371 1333 
3 1370 1371 1332 
3 1331 1370 1332 
3 1368 1369 1330 
3 1329 1368 1330 
3 1367 1368 1329 
3 1365 1366 1328 
3 1363 1364 1327 
3 1326 1363 1327 
3 1362 1363 1326 
3 1325 1362 1326 
3 1361 1362 1325 
3 1324 1361 1325 
3 2448 2449 2419 
3 2438 2439 2413 
3 2433 2434 2406 
3 2405 2433 2406 
3 2432 2433 2405 
3 2400 2428 2401 
3 2394 2425 2395 
3 2948 2949 2912 
3 2911 2948 2912 
3 2946 2947 2910 
3 2909 2946 2910 
3 2945 2946 2909 
3 2908 2945 2909 
3 2944 2945 2908 
3 2907 2944 2908 
3 2943 2944 2907 
3 2906 2943 2907 
3 2942 2943 2906 
3 2936 2937 2902 
3 2898 2932 2899 
3 3147 3185 3148 
3 3184 3185 3147 
3 3146 3184 3147 
3 3183 3184 3146 
3 3145 3183 3146 
3 3182 3183 3145 
3 3177 3178 3142 
3 3137 3175 3138 
3 3174 3175 3137 
3 3136 3174 3137 
3 3173 3174 3136 
3 3168 3169 3135 
3 3134 3168 3135 
3 3167 3168 3134 
3 3133 3167 3134 
3 3166 3167 3133 
3 3132 3166 3133 
3 3165 3166 3132 
3 3265 3294 3266 
3 3255 3287 3256 
3 3286 3287 3255 
3 3254 3286 3255 
3 3281 3282 3252 
3 3251 3281 3252 
3 3280 3281 3251 
3 3250 3280 3251 
3 3279 3280 3250 
3 3275 3276 3249 
3 3248 3275 3249 
3 3313 3335 3314 
3 3310 3334 3311 
3 3327 3328 3306 
3 3325 3326 3305 
3 3304 3325 3305 
3 3382 3383 3320 
3 3364 3365 3335 
3 3362 3363 3334 
3 3332 3361 3333 
3 3360 3361 3332 
3 3358 3359 3331 
3 3330 3358 3331 
3 3355 3356 3329 
3 3328 3355 3329 
3 3354 3355 3328 
3 3327 3354 3328 
3 3353 3354 3327 
3 3326 3353 3327 
3 3352 3353 3326 
3 3325 3352 3326 
3 3322 3347 3323 
3 3346 3347 3322 
3 3342 3343 3321 
3 3286 3314 3287 
3 3313 3314 3286 
3 3311 3312 3285 
3 3284 3311 3285 
3 3310 3311 3284 
3 3278 3308 3279 
3 3307 3308 3278 
3 3277 3307 3278 
3 3303 3304 3274 
3 3273 3303 3274 
3 3300 3301 3272 
3 3203 3234 3204 
3 3228 3229 3199 
3 3226 3227 3198 
3 3224 3225 3197 
3 3196 3224 3197 
3 3220 3221 3195 
3 3238 3266 3239 
3 3265 3266 3238 
3 3236 3263 3237 
3 3255 3256 3231 
3 3230 3255 3231 
3 3254 3255 3230 
3 3229 3254 3230 
3 3226 3253 3227 
3 3250 3251 3223 
3 3222 3250 3223 
3 3183 3212 3184 
3 3211 3212 3183 
3 3182 3211 3183 
3 3207 3208 3176 
3 3173 3205 3174 
3 3200 3201 3169 
3 3168 3200 3169 
3 3165 3199 3166 
3 3027 3057 3028 
3 3025 3056 3026 
3 3023 3055 3024 
3 3054 3055 3023 
3 3039 3040 3016 
3 3015 3039 3016 
3 3118 3119 3091 
3 3081 3111 3082 
3 3110 3111 3081 
3 3080 3110 3081 
3 3097 3098 3073 
3 3133 3134 3109 
3 3098 3125 3099 
3 3058 3086 3059 
3 3081 3082 3056 
3 3054 3079 3055 
3 3077 3078 3053 
3 2978 3011 2979 
3 3001 3002 2972 
3 2971 3001 2972 
3 2968 2998 2969 
3 2966 2997 2967 
3 2994 2995 2964 
3 2991 2992 2963 
3 3028 3029 3000 
3 2999 3028 3000 
3 3027 3028 2999 
3 3025 3026 2998 
3 2978 2979 2955 
3 2952 2975 2953 
3 2943 2972 2944 
3 2971 2972 2943 
3 2942 2971 2943 
3 2970 2971 2942 
3 2941 2970 2942 
3 2966 2967 2939 
3 2938 2966 2939 
3 2965 2966 2938 
3 2937 2965 2938 
3 2710 2711 2679 
3 2678 2710 2679 
3 2703 2704 2674 
3 2673 2703 2674 
3 2702 2703 2673 
3 2672 2702 2673 
3 2669 2701 2670 
3 2665 2699 2666 
3 2698 2699 2665 
3 2835 2836 2809 
3 2808 2835 2809 
3 2804 2826 2805 
3 2825 2826 2804 
3 2803 2825 2804 
3 2882 2883 2858 
3 2857 2882 2858 
3 2881 2882 2857 
3 2878 2879 2854 
3 2853 2878 2854 
3 2847 2875 2848 
3 2874 2875 2847 
3 2846 2874 2847 
3 2844 2873 2845 
3 2882 2910 2883 
3 2909 2910 2882 
3 2881 2909 2882 
3 2908 2909 2881 
3 2880 2908 2881 
3 2907 2908 2880 
3 2878 2905 2879 
3 2904 2905 2878 
3 2855 2856 2824 
3 2823 2855 2824 
3 2852 2853 2821 
3 2848 2849 2817 
3 2844 2845 2815 
3 2782 2783 2757 
3 2756 2782 2757 
3 2751 2780 2752 
3 2778 2779 2747 
3 2746 2778 2747 
3 2743 2777 2744 
3 2776 2777 2743 
3 2740 2774 2741 
3 2773 2774 2740 
3 2739 2773 2740 
3 2737 2772 2738 
3 2771 2772 2737 
3 2736 2771 2737 
3 2734 2770 2735 
3 2769 2770 2734 
3 2733 2769 2734 
3 2731 2768 2732 
3 2765 2766 2726 
3 2725 2765 2726 
3 2782 2809 2783 
3 2808 2809 2782 
3 2804 2805 2777 
3 2776 2804 2777 
3 2803 2804 2776 
3 2771 2802 2772 
3 2769 2801 2770 
3 2765 2795 2766 
3 2794 2795 2765 
3 2752 2753 2713 
3 2746 2747 2712 
3 2711 2746 2712 
3 2745 2746 2711 
3 2710 2745 2711 
3 2744 2745 2710 
3 2740 2741 2707 
3 2738 2739 2706 
3 2705 2738 2706 
3 2737 2738 2705 
3 2704 2737 2705 
3 2736 2737 2704 
3 2703 2736 2704 
3 2735 2736 2703 
3 2702 2735 2703 
3 2734 2735 2702 
3 2580 2581 2543 
3 2576 2577 2541 
3 2540 2576 2541 
3 2572 2573 2537 
3 2536 2572 2537 
3 2571 2572 2536 
3 2535 2571 2536 
3 2570 2571 2535 
3 2534 2570 2535 
3 2569 2570 2534 
3 2533 2569 2534 
3 2568 2569 2533 
3 2532 2568 2533 
3 2567 2568 2532 
3 2564 2565 2530 
3 2561 2562 2527 
3 2526 2561 2527 
3 2560 2561 2526 
3 2525 2560 2526 
3 2522 2559 2523 
3 2558 2559 2522 
3 2521 2558 2522 
3 2557 2558 2521 
3 2654 2655 2622 
3 2621 2654 2622 
3 2649 2650 2616 
3 2615 2649 2616 
3 2613 2648 2614 
3 2610 2647 2611 
3 2646 2647 2610 
3 2609 2646 2610 
3 2643 2644 2607 
3 2606 2643 2607 
3 2641 2642 2604 
3 2639 2640 2603 
3 2602 2639 2603 
3 2638 2639 2602 
3 2601 2638 2602 
3 2637 2638 2601 
3 2600 2637 2601 
3 2596 2635 2597 
3 2634 2635 2596 
3 2687 2688 2655 
3 2654 2687 2655 
3 2686 2687 2654 
3 2680 2681 2650 
3 2649 2680 2650 
3 2678 2679 2648 
3 2644 2675 2645 
3 2673 2674 2642 
3 2641 2673 2642 
3 2672 2673 2641 
3 2638 2671 2639 
3 2670 2671 2638 
3 2637 2670 2638 
3 2669 2670 2637 
3 2666 2667 2635 
3 2634 2666 2635 
3 2665 2666 2634 
3 2633 2665 2634 
3 2591 2627 2592 
3 2587 2625 2588 
3 2621 2622 2582 
3 2581 2621 2582 
3 2620 2621 2581 
3 2580 2620 2581 
3 2614 2615 2575 
3 2574 2614 2575 
3 2613 2614 2574 
3 2611 2612 2573 
3 2572 2611 2573 
3 2610 2611 2572 
3 2571 2610 2572 
3 2609 2610 2571 
3 2570 2609 2571 
3 2608 2609 2570 
3 2569 2608 2570 
3 2567 2607 2568 
3 2606 2607 2567 
3 2564 2604 2565 
3 2601 2602 2562 
3 2561 2601 2562 
3 2600 2601 2561 
3 2560 2600 2561 
3 2599 2600 2560 
3 2557 2598 2558 
3 2597 2598 2557 
3 2480 2515 2481 
3 2500 2501 2465 
3 2464 2500 2465 
3 2499 2500 2464 
3 2454 2488 2455 
3 2487 2488 2454 
3 2453 2487 2454 
3 2486 2487 2453 
3 2452 2486 2453 
3 2539 2540 2502 
3 2501 2539 2502 
3 2499 2538 2500 
3 2497 2537 2498 
3 2536 2537 2497 
3 2533 2534 2496 
3 2495 2533 2496 
3 2532 2533 2495 
3 2492 2530 2493 
3 2489 2527 2490 
3 2526 2527 2489 
3 2523 2524 2488 
3 2487 2523 2488 
3 2522 2523 2487 
3 2486 2522 2487 
3 2521 2522 2486 
3 2449 2482 2450 
3 2447 2481 2448 
3 2480 2481 2447 
3 2440 2474 2441 
3 2438 2471 2439 
3 2432 2465 2433 
3 2464 2465 2432 
3 2431 2464 2432 
3 2454 2455 2424 
3 2423 2454 2424 
3 2453 2454 2423 
3 1964 1965 1927 
3 1926 1964 1927 
3 1918 1958 1919 
3 1955 1956 1917 
3 1953 1954 1916 
3 1949 1950 1915 
3 1914 1949 1915 
3 1948 1949 1914 
3 1913 1948 1914 
3 1942 1943 1909 
3 1906 1940 1907 
3 1936 1937 1904 
3 2174 2208 2175 
3 2207 2208 2174 
3 2173 2207 2174 
3 2170 2206 2171 
3 2205 2206 2170 
3 2166 2197 2167 
3 2196 2197 2166 
3 2165 2196 2166 
3 2195 2196 2165 
3 2164 2195 2165 
3 2194 2195 2164 
3 2163 2194 2164 
3 2159 2192 2160 
3 2191 2192 2159 
3 2158 2191 2159 
3 2190 2191 2158 
3 2157 2190 2158 
3 2189 2190 2157 
3 2156 2189 2157 
3 2188 2189 2156 
3 2153 2186 2154 
3 2185 2186 2153 
3 2152 2185 2153 
3 2182 2183 2149 
3 2301 2332 2302 
3 2331 2332 2301 
3 2300 2331 2301 
3 2296 2328 2297 
3 2327 2328 2296 
3 2292 2325 2293 
3 2323 2324 2289 
3 2288 2323 2289 
3 2356 2378 2357 
3 2377 2378 2356 
3 2374 2375 2354 
3 2353 2374 2354 
3 2376 2406 2377 
3 2405 2406 2376 
3 2374 2404 2375 
3 2394 2395 2371 
3 2353 2354 2328 
3 2327 2353 2328 
3 2349 2350 2325 
3 2346 2347 2324 
3 2323 2346 2324 
3 2249 2282 2250 
3 2281 2282 2249 
3 2245 2277 2246 
3 2235 2271 2236 
3 2270 2271 2235 
3 2234 2270 2235 
3 2269 2270 2234 
3 2233 2269 2234 
3 2231 2268 2232 
3 2229 2267 2230 
3 2266 2267 2229 
3 2228 2266 2229 
3 2265 2266 2228 
3 2263 2264 2227 
3 2226 2263 2227 
3 2222 2260 2223 
3 2259 2260 2222 
3 2221 2259 2222 
3 2217 2258 2218 
3 2257 2258 2217 
3 2216 2257 2217 
3 2256 2257 2216 
3 2301 2302 2271 
3 2270 2301 2271 
3 2300 2301 2270 
3 2269 2300 2270 
3 2297 2298 2267 
3 2266 2297 2267 
3 2296 2297 2266 
3 2265 2296 2266 
3 2293 2294 2262 
3 2291 2292 2261 
3 2207 2247 2208 
3 2205 2246 2206 
3 2245 2246 2205 
3 2203 2244 2204 
3 2243 2244 2203 
3 2195 2238 2196 
3 2235 2236 2193 
3 2232 2233 2192 
3 2191 2232 2192 
3 2231 2232 2191 
3 2190 2231 2191 
3 2230 2231 2190 
3 2189 2230 2190 
3 2229 2230 2189 
3 2188 2229 2189 
3 2228 2229 2188 
3 2225 2226 2187 
3 2185 2224 2186 
3 2223 2224 2185 
3 2221 2222 2184 
3 2217 2218 2183 
3 2182 2217 2183 
3 2216 2217 2182 
3 2043 2069 2044 
3 2068 2069 2043 
3 2066 2067 2042 
3 2063 2064 2041 
3 2029 2060 2030 
3 2059 2060 2029 
3 2129 2130 2101 
3 2126 2127 2100 
3 2123 2124 2098 
3 2096 2122 2097 
3 2121 2122 2096 
3 2095 2121 2096 
3 2093 2120 2094 
3 2119 2120 2093 
3 2092 2119 2093 
3 2118 2119 2092 
3 2090 2117 2091 
3 2085 2116 2086 
3 2083 2115 2084 
3 2114 2115 2083 
3 2173 2174 2139 
3 2126 2167 2127 
3 2166 2167 2126 
3 2125 2166 2126 
3 2165 2166 2125 
3 2163 2164 2124 
3 2123 2163 2124 
3 2162 2163 2123 
3 2121 2161 2122 
3 2160 2161 2121 
3 2158 2159 2120 
3 2119 2158 2120 
3 2157 2158 2119 
3 2118 2157 2119 
3 2156 2157 2118 
3 2113 2150 2114 
3 2067 2101 2068 
3 2063 2099 2064 
3 2094 2095 2062 
3 2092 2093 2061 
3 2058 2089 2059 
3 2088 2089 2058 
3 2085 2086 2057 
3 2023 2024 1996 
3 1990 2016 1991 
3 2015 2016 1990 
3 2010 2011 1988 
3 2003 2004 1979 
3 1978 2003 1979 
3 2018 2054 2019 
3 2014 2051 2015 
3 2050 2051 2014 
3 2046 2047 2013 
3 2012 2046 2013 
3 2005 2041 2006 
3 2039 2040 2004 
3 2003 2039 2004 
3 2038 2039 2003 
3 2031 2032 2000 
3 1999 2031 2000 
3 2030 2031 1999 
3 1955 1987 1956 
3 1986 1987 1955 
3 1954 1986 1955 
3 1952 1985 1953 
3 1984 1985 1952 
3 1950 1983 1951 
3 1982 1983 1950 
3 1949 1982 1950 
3 1981 1982 1949 
3 1948 1981 1949 
3 1945 1977 1946 
3 1976 1977 1945 
3 1944 1976 1945 
3 1975 1976 1944 
3 1943 1975 1944 
3 1941 1974 1942 
3 1935 1970 1936 
3 1663 1700 1664 
3 1661 1699 1662 
3 1649 1694 1650 
3 1693 1694 1649 
3 1648 1693 1649 
3 1692 1693 1648 
3 1689 1690 1647 
3 1686 1687 1646 
3 1645 1686 1646 
3 1643 1685 1644 
3 1684 1685 1643 
3 1681 1682 1642 
3 1641 1681 1642 
3 1680 1681 1641 
3 1638 1678 1639 
3 1677 1678 1638 
3 1637 1677 1638 
3 1676 1677 1637 
3 1674 1675 1636 
3 1788 1822 1789 
3 1786 1821 1787 
3 1820 1821 1786 
3 1785 1820 1786 
3 1818 1819 1784 
3 1783 1818 1784 
3 1817 1818 1783 
3 1782 1817 1783 
3 1815 1816 1781 
3 1812 1813 1778 
3 1775 1811 1776 
3 1810 1811 1775 
3 1774 1810 1775 
3 1809 1810 1774 
3 1773 1809 1774 
3 1771 1808 1772 
3 1807 1808 1771 
3 1770 1807 1771 
3 1806 1807 1770 
3 1867 1897 1868 
3 1851 1888 1852 
3 1887 1888 1851 
3 1885 1886 1850 
3 1849 1885 1850 
3 1884 1885 1849 
3 1848 1884 1849 
3 1883 1884 1848 
3 1847 1883 1848 
3 1882 1883 1847 
3 1880 1881 1846 
3 1845 1880 1846 
3 1871 1872 1836 
3 1835 1871 1836 
3 1887 1917 1888 
3 1885 1916 1886 
3 1880 1915 1881 
3 1914 1915 1880 
3 1906 1907 1874 
3 1873 1906 1874 
3 1866 1867 1828 
3 1827 1866 1828 
3 1864 1865 1826 
3 1825 1864 1826 
3 1855 1856 1822 
3 1817 1850 1818 
3 1849 1850 1817 
3 1809 1840 1810 
3 1839 1840 1809 
3 1806 1837 1807 
3 1723 1757 1724 
3 1756 1757 1723 
3 1722 1756 1723 
3 1720 1755 1721 
3 1754 1755 1720 
3 1719 1754 1720 
3 1753 1754 1719 
3 1716 1752 1717 
3 1747 1748 1713 
3 1712 1747 1713 
3 1744 1745 1710 
3 1788 1789 1755 
3 1754 1788 1755 
3 1787 1788 1754 
3 1753 1787 1754 
3 1786 1787 1753 
3 1782 1783 1752 
3 1743 1777 1744 
3 1776 1777 1743 
3 1772 1773 1742 
3 1695 1725 1696 
3 1724 1725 1695 
3 1722 1723 1694 
3 1693 1722 1694 
3 1721 1722 1693 
3 1692 1721 1693 
3 1720 1721 1692 
3 1691 1720 1692 
3 1719 1720 1691 
3 1689 1717 1690 
3 1716 1717 1689 
3 1688 1716 1689 
3 1686 1715 1687 
3 1714 1715 1686 
3 1681 1713 1682 
3 1712 1713 1681 
3 1680 1712 1681 
3 1676 1709 1677 
3 1674 1708 1675 
3 1707 1708 1674 
3 1672 1706 1673 
3 1705 1706 1672 
3 1552 1553 1509 
3 1505 1547 1506 
3 1546 1547 1505 
3 1504 1546 1505 
3 1545 1546 1504 
3 1542 1543 1502 
3 1501 1542 1502 
3 1535 1536 1496 
3 1495 1535 1496 
3 1534 1535 1495 
3 1494 1534 1495 
3 1533 1534 1494 
3 1529 1530 1490 
3 1489 1529 1490 
3 1528 1529 1489 
3 1487 1527 1488 
3 1484 1526 1485 
3 1525 1526 1484 
3 1483 1525 1484 
3 1523 1524 1482 
3 1521 1522 1481 
3 1519 1520 1480 
3 1588 1620 1589 
3 1619 1620 1588 
3 1614 1615 1583 
3 1582 1614 1583 
3 1574 1609 1575 
3 1608 1609 1574 
3 1606 1607 1573 
3 1572 1606 1573 
3 1569 1605 1570 
3 1604 1605 1569 
3 1568 1604 1569 
3 1603 1604 1568 
3 1567 1603 1568 
3 1565 1602 1566 
3 1661 1662 1626 
3 1656 1657 1621 
3 1619 1655 1620 
3 1616 1653 1617 
3 1652 1653 1616 
3 1610 1646 1611 
3 1645 1646 1610 
3 1607 1642 1608 
3 1641 1642 1607 
3 1606 1641 1607 
3 1639 1640 1605 
3 1604 1639 1605 
3 1638 1639 1604 
3 1603 1638 1604 
3 1637 1638 1603 
3 1594 1595 1556 
3 1546 1590 1547 
3 1544 1589 1545 
3 1588 1589 1544 
3 1540 1586 1541 
3 1534 1584 1535 
3 1530 1579 1531 
3 1528 1578 1529 
3 1575 1576 1526 
3 1525 1575 1526 
3 1574 1575 1525 
3 1523 1573 1524 
3 1572 1573 1523 
3 1522 1572 1523 
3 1571 1572 1522 
3 1521 1571 1522 
3 1570 1571 1521 
3 1520 1570 1521 
3 1569 1570 1520 
3 1519 1569 1520 
3 1568 1569 1519 
3 1518 1568 1519 
3 1567 1568 1518 
3 1517 1567 1518 
3 1566 1567 1517 
3 1435 1474 1436 
3 1469 1470 1430 
3 1429 1469 1430 
3 1468 1469 1429 
3 1425 1465 1426 
3 1464 1465 1425 
3 1424 1464 1425 
3 1463 1464 1424 
3 1423 1463 1424 
3 1462 1463 1423 
3 1450 1451 1409 
3 1448 1449 1408 
3 1407 1448 1408 
3 1447 1448 1407 
3 1406 1447 1407 
3 1446 1447 1406 
3 1405 1446 1406 
3 1444 1445 1403 
3 1468 1509 1469 
3 1505 1506 1465 
3 1464 1505 1465 
3 1504 1505 1464 
3 1463 1504 1464 
3 1461 1503 1462 
3 1455 1496 1456 
3 1495 1496 1455 
3 1450 1490 1451 
3 1489 1490 1450 
3 1449 1489 1450 
3 1447 1488 1448 
3 1487 1488 1447 
3 1446 1487 1447 
3 1486 1487 1446 
3 1443 1481 1444 
3 1426 1427 1387 
3 1386 1426 1387 
3 1425 1426 1386 
3 1423 1424 1385 
3 1382 1422 1383 
3 1418 1419 1379 
3 1378 1418 1379 
3 1417 1418 1378 
3 1377 1417 1378 
3 1414 1415 1375 
3 1374 1414 1375 
3 1413 1414 1374 
3 1373 1413 1374 
3 1370 1412 1371 
3 1410 1411 1369 
3 1368 1410 1369 
3 1366 1409 1367 
3 1364 1408 1365 
3 1407 1408 1364 
3 1363 1407 1364 
3 1406 1407 1363 
3 1362 1406 1363 
3 1405 1406 1362 
3 1361 1405 1362 
3 423 449 424 
3 448 449 423 
3 422 448 423 
3 420 447 421 
3 446 447 420 
3 442 443 417 
3 416 442 417 
3 440 441 414 
3 839 882 840 
3 881 882 839 
3 874 875 838 
3 837 874 838 
3 873 874 837 
3 828 861 829 
3 860 861 828 
3 1095 1126 1096 
3 1125 1126 1095 
3 1094 1125 1095 
3 1124 1125 1094 
3 1091 1122 1092 
3 1121 1122 1091 
3 1119 1120 1090 
3 1117 1118 1089 
3 1086 1115 1087 
3 1114 1115 1086 
3 1209 1235 1210 
3 1234 1235 1209 
3 1208 1234 1209 
3 1232 1233 1207 
3 1199 1224 1200 
3 1313 1314 1272 
3 1305 1306 1269 
3 1302 1303 1267 
3 1262 1299 1263 
3 1298 1299 1262 
3 1261 1298 1262 
3 1297 1298 1261 
3 1258 1295 1259 
3 1292 1293 1257 
3 1256 1292 1257 
3 1288 1289 1254 
3 1253 1288 1254 
3 1287 1288 1253 
3 1252 1287 1253 
3 1286 1287 1252 
3 1251 1286 1252 
3 1249 1285 1250 
3 1247 1284 1248 
3 1283 1284 1247 
3 1246 1283 1247 
3 1282 1283 1246 
3 1245 1282 1246 
3 1310 1355 1311 
3 1354 1355 1310 
3 1308 1353 1309 
3 1352 1353 1308 
3 1346 1347 1304 
3 1303 1346 1304 
3 1345 1346 1303 
3 1302 1345 1303 
3 1344 1345 1302 
3 1301 1344 1302 
3 1343 1344 1301 
3 1298 1340 1299 
3 1296 1339 1297 
3 1338 1339 1296 
3 1336 1337 1294 
3 1292 1335 1293 
3 1332 1333 1290 
3 1289 1332 1290 
3 1331 1332 1289 
3 1288 1331 1289 
3 1286 1330 1287 
3 1329 1330 1286 
3 1326 1327 1284 
3 1283 1326 1284 
3 1325 1326 1283 
3 1282 1325 1283 
3 1324 1325 1282 
3 1237 1268 1238 
3 1263 1264 1235 
3 1234 1263 1235 
3 1262 1263 1234 
3 1231 1260 1232 
3 1259 1260 1231 
3 1230 1259 1231 
3 1258 1259 1230 
3 1229 1258 1230 
3 1249 1250 1224 
3 1246 1247 1223 
3 1153 1185 1154 
3 1184 1185 1153 
3 1152 1184 1153 
3 1183 1184 1152 
3 1179 1180 1151 
3 1150 1179 1151 
3 1178 1179 1150 
3 1176 1177 1149 
3 1148 1176 1149 
3 1174 1175 1146 
3 1145 1174 1146 
3 1141 1169 1142 
3 1181 1210 1182 
3 1209 1210 1181 
3 1180 1209 1181 
3 1208 1209 1180 
3 1179 1208 1180 
3 1177 1207 1178 
3 1203 1204 1171 
3 1170 1203 1171 
3 1199 1200 1169 
3 1133 1162 1134 
3 1161 1162 1133 
3 1130 1156 1131 
3 1124 1155 1125 
3 1154 1155 1124 
3 1123 1154 1124 
3 1153 1154 1123 
3 1117 1149 1118 
3 1148 1149 1117 
3 1112 1143 1113 
3 1017 1018 988 
3 1013 1014 986 
3 1006 1007 979 
3 978 1006 979 
3 975 1004 976 
3 1003 1004 975 
3 974 1003 975 
3 1002 1003 974 
3 973 1002 974 
3 1001 1002 973 
3 972 1001 973 
3 1000 1001 972 
3 971 1000 972 
3 999 1000 971 
3 997 998 970 
3 962 994 963 
3 992 993 961 
3 1034 1069 1035 
3 1068 1069 1034 
3 1066 1067 1033 
3 1032 1066 1033 
3 1027 1059 1028 
3 1056 1057 1023 
3 1067 1097 1068 
3 1096 1097 1067 
3 1066 1096 1067 
3 1095 1096 1066 
3 1091 1092 1064 
3 1063 1091 1064 
3 1016 1045 1017 
3 1044 1045 1016 
3 1015 1044 1016 
3 1007 1036 1008 
3 1035 1036 1007 
3 1006 1035 1007 
3 1034 1035 1006 
3 1032 1033 1005 
3 1001 1031 1002 
3 999 1030 1000 
3 928 958 929 
3 953 954 921 
3 920 953 921 
3 952 953 920 
3 919 952 920 
3 951 952 919 
3 947 948 917 
3 916 947 917 
3 946 947 916 
3 944 945 915 
3 914 944 915 
3 910 943 911 
3 941 942 909 
3 908 941 909 
3 940 941 908 
3 905 938 906 
3 934 935 900 
3 899 934 900 
3 933 934 899 
3 898 933 899 
3 952 985 953 
3 945 981 946 
3 980 981 945 
3 944 980 945 
3 974 975 942 
3 941 974 942 
3 973 974 941 
3 940 973 941 
3 972 973 940 
3 933 964 934 
3 963 964 933 
3 927 928 890 
3 878 917 879 
3 916 917 878 
3 877 916 878 
3 875 915 876 
3 914 915 875 
3 874 914 875 
3 913 914 874 
3 873 913 874 
3 871 912 872 
3 908 909 868 
3 867 908 868 
3 904 905 865 
3 864 904 865 
3 899 900 861 
3 860 899 861 
3 898 899 860 
3 859 898 860 
3 622 651 623 
3 619 650 620 
3 649 650 619 
3 614 645 615 
3 644 645 614 
3 639 640 610 
3 607 638 608 
3 637 638 607 
3 732 763 733 
3 762 763 732 
3 729 759 730 
3 758 759 729 
3 725 753 726 
3 750 751 724 
3 722 749 723 
3 720 748 721 
3 747 748 720 
3 712 742 713 
3 821 822 788 
3 782 814 783 
3 813 814 782 
3 781 813 782 
3 812 813 781 
3 804 805 773 
3 821 849 822 
3 848 849 821 
3 813 841 814 
3 840 841 813 
3 812 840 813 
3 839 840 812 
3 811 839 812 
3 837 838 809 
3 808 837 809 
3 804 835 805 
3 834 835 804 
3 798 830 799 
3 829 830 798 
3 797 829 798 
3 828 829 797 
3 796 828 797 
3 764 790 765 
3 789 790 764 
3 758 785 759 
3 782 783 757 
3 756 782 757 
3 781 782 756 
3 754 779 755 
3 778 779 754 
3 774 775 749 
3 747 773 748 
3 672 706 673 
3 705 706 672 
3 671 705 672 
3 669 704 670 
3 703 704 669 
3 657 687 658 
3 686 687 657 
3 733 734 704 
3 703 733 704 
3 732 733 703 
3 702 732 703 
3 721 722 694 
3 673 674 650 
3 649 673 650 
3 672 673 649 
3 648 672 649 
3 671 672 648 
3 644 666 645 
3 664 665 643 
3 528 549 529 
3 548 549 528 
3 527 548 528 
3 547 548 527 
3 541 542 517 
3 516 541 517 
3 540 541 516 
3 515 540 516 
3 539 540 515 
3 514 539 515 
3 538 539 514 
3 535 536 512 
3 563 585 564 
3 584 585 563 
3 558 581 559 
3 580 581 558 
3 624 625 595 
3 590 616 591 
3 548 568 549 
3 540 562 541 
3 561 562 540 
3 539 561 540 
3 535 560 536 
3 559 560 535 
3 474 495 475 
3 494 495 474 
3 473 494 474 
3 492 493 472 
3 471 492 472 
3 488 489 463 
3 462 488 463 
3 487 488 462 
3 459 485 460 
3 484 485 459 
3 502 533 503 
3 497 532 498 
3 494 530 495 
3 492 526 493 
3 525 526 492 
3 516 517 489 
3 488 516 489 
3 515 516 488 
3 487 515 488 
3 514 515 487 
3 486 514 487 
3 446 477 447 
3 476 477 446 
3 445 476 446 
3 475 476 445 
3 443 472 444 
3 471 472 443 
3 442 471 443 
3 432 457 433 
3 259 279 260 
3 278 279 259 
3 351 352 332 
3 327 346 328 
3 400 401 376 
3 372 397 373 
3 396 397 372 
3 393 394 370 
3 369 393 370 
3 366 390 367 
3 383 384 359 
3 358 383 359 
3 396 425 397 
3 424 425 396 
3 422 423 395 
3 393 417 394 
3 416 417 393 
3 351 374 352 
3 349 373 350 
3 372 373 349 
3 369 370 346 
3 366 367 345 
3 363 364 343 
3 358 359 339 
3 338 358 339 
3 310 311 296 
3 328 329 311 
3 310 328 311 
3 327 328 310 
3 269 293 270 
3 292 293 269 
3 268 292 269 
3 198 218 199 
3 213 214 193 
3 192 213 193 
3 212 213 192 
3 259 260 244 
3 227 228 214 
3 213 227 214 
3 203 221 204 
3 168 183 169 
3 192 193 181 
3 180 192 181 
3 162 163 153 
3 57 66 58 
3 97 98 87 
3 130 131 113 
3 130 147 131 
3 110 111 99 
3 30 38 31 
3 37 38 30 
3 41 42 36 
3 22 28 23 
3 26 27 20 
3 18 23 19 
3 22 23 18 
3 13 21 14 
